NAME	GS<br> follow link to MSigDB	GS DETAILS	SIZE	ES	NES	NOM p-val	FDR q-val	FWER p-val	RANK AT MAX	LEADING EDGE	
SUPERPATHWAY OF CHOLESTEROL BIOSYNTHESIS%BIOCYC%PWY66-5	SUPERPATHWAY OF CHOLESTEROL BIOSYNTHESIS%BIOCYC%PWY66-5	Details ...	21	-0.9241231	-2.3987746	0.0	0.0	0.0	1046	tags=90%, list=7%, signal=97%	
ACTIVATION OF GENE EXPRESSION BY SREBF (SREBP)%REACTOME DATABASE ID RELEASE 95%2426168	ACTIVATION OF GENE EXPRESSION BY SREBF (SREBP)%REACTOME DATABASE ID RELEASE 95%2426168	Details ...	40	-0.8035083	-2.3858724	0.0	0.0	0.0	1445	tags=50%, list=10%, signal=55%	
CHONDRODYSPLASIA PUNCTATA II, X-LINKED DOMINANT (CDPX2)%SMPDB%SMP0000388	CHONDRODYSPLASIA PUNCTATA II, X-LINKED DOMINANT (CDPX2)%SMPDB%SMP0000388	Details ...	21	-0.9070026	-2.3844929	0.0	0.0	0.0	1046	tags=81%, list=7%, signal=87%	
SIMVASTATIN ACTION PATHWAY%PATHWHIZ%PW000127	SIMVASTATIN ACTION PATHWAY%PATHWHIZ%PW000127	Details ...	21	-0.9070026	-2.3747368	0.0	0.0	0.0	1046	tags=81%, list=7%, signal=87%	
ALENDRONATE ACTION PATHWAY%PATHWHIZ%PW000137	ALENDRONATE ACTION PATHWAY%PATHWHIZ%PW000137	Details ...	21	-0.9070026	-2.3747067	0.0	0.0	0.0	1046	tags=81%, list=7%, signal=87%	
SECONDARY ALCOHOL BIOSYNTHETIC PROCESS%GOBP%GO:1902653	SECONDARY ALCOHOL BIOSYNTHETIC PROCESS%GOBP%GO:1902653	Details ...	28	-0.86276245	-2.3708973	0.0	0.0	0.0	1574	tags=82%, list=10%, signal=92%	
CHOLESTEROL BIOSYNTHESIS%REACTOME DATABASE ID RELEASE 95%191273	CHOLESTEROL BIOSYNTHESIS%REACTOME DATABASE ID RELEASE 95%191273	Details ...	25	-0.8893017	-2.366448	0.0	0.0	0.0	1046	tags=80%, list=7%, signal=86%	
LOVASTATIN ACTION PATHWAY%SMPDB%SMP0000099	LOVASTATIN ACTION PATHWAY%SMPDB%SMP0000099	Details ...	21	-0.9070026	-2.365122	0.0	0.0	0.0	1046	tags=81%, list=7%, signal=87%	
ZOLEDRONATE ACTION PATHWAY%PATHWHIZ%PW000270	ZOLEDRONATE ACTION PATHWAY%PATHWHIZ%PW000270	Details ...	21	-0.9070026	-2.3649974	0.0	0.0	0.0	1046	tags=81%, list=7%, signal=87%	
STEROL BIOSYNTHETIC PROCESS%GOBP%GO:0016126	STEROL BIOSYNTHETIC PROCESS%GOBP%GO:0016126	Details ...	31	-0.8410041	-2.3628602	0.0	0.0	0.0	1574	tags=74%, list=10%, signal=83%	
ATORVASTATIN ACTION PATHWAY%SMPDB%SMP0000131	ATORVASTATIN ACTION PATHWAY%SMPDB%SMP0000131	Details ...	21	-0.9070026	-2.3574502	0.0	0.0	0.0	1046	tags=81%, list=7%, signal=87%	
RISEDRONATE ACTION PATHWAY%PATHWHIZ%PW000272	RISEDRONATE ACTION PATHWAY%PATHWHIZ%PW000272	Details ...	21	-0.9070026	-2.348921	0.0	0.0	0.0	1046	tags=81%, list=7%, signal=87%	
CHOLESTEROL BIOSYNTHETIC PROCESS%GOBP%GO:0006695	CHOLESTEROL BIOSYNTHETIC PROCESS%GOBP%GO:0006695	Details ...	28	-0.86276245	-2.3470926	0.0	0.0	0.0	1574	tags=82%, list=10%, signal=92%	
PRAVASTATIN ACTION PATHWAY%SMPDB%SMP0000089	PRAVASTATIN ACTION PATHWAY%SMPDB%SMP0000089	Details ...	21	-0.9070026	-2.3449926	0.0	0.0	0.0	1046	tags=81%, list=7%, signal=87%	
FLUVASTATIN ACTION PATHWAY%PATHWHIZ%PW000274	FLUVASTATIN ACTION PATHWAY%PATHWHIZ%PW000274	Details ...	21	-0.9070026	-2.342928	0.0	0.0	0.0	1046	tags=81%, list=7%, signal=87%	
SMITH-LEMLI-OPITZ SYNDROME (SLOS)%PATHWHIZ%PW000095	SMITH-LEMLI-OPITZ SYNDROME (SLOS)%PATHWHIZ%PW000095	Details ...	21	-0.9070026	-2.341459	0.0	0.0	0.0	1046	tags=81%, list=7%, signal=87%	
PAMIDRONATE ACTION PATHWAY%PATHWHIZ%PW000273	PAMIDRONATE ACTION PATHWAY%PATHWHIZ%PW000273	Details ...	21	-0.9070026	-2.3411026	0.0	0.0	0.0	1046	tags=81%, list=7%, signal=87%	
MEVALONIC ACIDURIA%SMPDB%SMP0000510	MEVALONIC ACIDURIA%SMPDB%SMP0000510	Details ...	21	-0.9070026	-2.3403695	0.0	0.0	0.0	1046	tags=81%, list=7%, signal=87%	
SECONDARY ALCOHOL METABOLIC PROCESS%GOBP%GO:1902652	SECONDARY ALCOHOL METABOLIC PROCESS%GOBP%GO:1902652	Details ...	70	-0.7078354	-2.3381507	0.0	0.0	0.0	1088	tags=43%, list=7%, signal=46%	
DESMOSTEROLOSIS%PATHWHIZ%PW000097	DESMOSTEROLOSIS%PATHWHIZ%PW000097	Details ...	21	-0.9070026	-2.3372316	0.0	0.0	0.0	1046	tags=81%, list=7%, signal=87%	
HYPER-IGD SYNDROME%SMPDB%SMP0000509	HYPER-IGD SYNDROME%SMPDB%SMP0000509		21	-0.9070026	-2.336497	0.0	0.0	0.0	1046	tags=81%, list=7%, signal=87%	
ROSUVASTATIN ACTION PATHWAY%SMPDB%SMP0000092	ROSUVASTATIN ACTION PATHWAY%SMPDB%SMP0000092		21	-0.9070026	-2.3352785	0.0	0.0	0.0	1046	tags=81%, list=7%, signal=87%	
CHILD SYNDROME%PATHWHIZ%PW000096	CHILD SYNDROME%PATHWHIZ%PW000096		21	-0.9070026	-2.3349257	0.0	0.0	0.0	1046	tags=81%, list=7%, signal=87%	
CERIVASTATIN ACTION PATHWAY%PATHWHIZ%PW000271	CERIVASTATIN ACTION PATHWAY%PATHWHIZ%PW000271		21	-0.9070026	-2.334823	0.0	0.0	0.0	1046	tags=81%, list=7%, signal=87%	
HYPERCHOLESTEROLEMIA%PATHWHIZ%PW000221	HYPERCHOLESTEROLEMIA%PATHWHIZ%PW000221		21	-0.9070026	-2.3312778	0.0	0.0	0.0	1046	tags=81%, list=7%, signal=87%	
CHOLESTEROL METABOLIC PROCESS%GOBP%GO:0008203	CHOLESTEROL METABOLIC PROCESS%GOBP%GO:0008203		63	-0.7205836	-2.3278735	0.0	0.0	0.0	2391	tags=60%, list=16%, signal=71%	
WOLMAN DISEASE%PATHWHIZ%PW000487	WOLMAN DISEASE%PATHWHIZ%PW000487		21	-0.9070026	-2.3275814	0.0	0.0	0.0	1046	tags=81%, list=7%, signal=87%	
LYSOSOMAL ACID LIPASE DEFICIENCY (WOLMAN DISEASE)%PATHWHIZ%PW000099	LYSOSOMAL ACID LIPASE DEFICIENCY (WOLMAN DISEASE)%PATHWHIZ%PW000099		21	-0.9070026	-2.3260517	0.0	0.0	0.0	1046	tags=81%, list=7%, signal=87%	
CHOLESTERYL ESTER STORAGE DISEASE%SMPDB%SMP0000508	CHOLESTERYL ESTER STORAGE DISEASE%SMPDB%SMP0000508		21	-0.9070026	-2.3188596	0.0	0.0	0.0	1046	tags=81%, list=7%, signal=87%	
STEROID BIOSYNTHETIC PROCESS%GOBP%GO:0006694	STEROID BIOSYNTHETIC PROCESS%GOBP%GO:0006694		52	-0.7483012	-2.3175848	0.0	0.0	0.0	1085	tags=46%, list=7%, signal=50%	
CHOLESTEROL METABOLISM WITH BLOCH AND KANDUTSCH RUSSELL PATHWAYS%WIKIPATHWAYS_20260211%WP4718%HOMO SAPIENS	CHOLESTEROL METABOLISM WITH BLOCH AND KANDUTSCH RUSSELL PATHWAYS%WIKIPATHWAYS_20260211%WP4718%HOMO SAPIENS		40	-0.77890325	-2.3132539	0.0	0.0	0.0	1085	tags=58%, list=7%, signal=62%	
STEROID BIOSYNTHESIS%PATHWHIZ%PW000050	STEROID BIOSYNTHESIS%PATHWHIZ%PW000050		21	-0.9070026	-2.3086014	0.0	0.0	0.0	1046	tags=81%, list=7%, signal=87%	
IBANDRONATE ACTION PATHWAY%SMPDB%SMP0000079	IBANDRONATE ACTION PATHWAY%SMPDB%SMP0000079		21	-0.9070026	-2.298352	0.0	0.0	0.0	1046	tags=81%, list=7%, signal=87%	
MITOCHONDRIAL TRANSLATION%REACTOME%R-HSA-5368287.5	MITOCHONDRIAL TRANSLATION%REACTOME%R-HSA-5368287.5		110	-0.6488453	-2.2794266	0.0	0.0	0.0	4331	tags=68%, list=29%, signal=95%	
MITOCHONDRIAL RIBOSOME-ASSOCIATED QUALITY CONTROL%REACTOME DATABASE ID RELEASE 95%9937383	MITOCHONDRIAL RIBOSOME-ASSOCIATED QUALITY CONTROL%REACTOME DATABASE ID RELEASE 95%9937383		88	-0.66094303	-2.2535074	0.0	0.0	0.0	4122	tags=68%, list=27%, signal=93%	
MITOCHONDRIAL TRANSLATION TERMINATION%REACTOME%R-HSA-5419276.6	MITOCHONDRIAL TRANSLATION TERMINATION%REACTOME%R-HSA-5419276.6		100	-0.6505473	-2.251997	0.0	0.0	0.0	4014	tags=63%, list=27%, signal=85%	
MITOCHONDRIAL TRANSLATION INITIATION%REACTOME%R-HSA-5368286.3	MITOCHONDRIAL TRANSLATION INITIATION%REACTOME%R-HSA-5368286.3		86	-0.66038185	-2.242614	0.0	0.0	0.0	4014	tags=65%, list=27%, signal=88%	
ALCOHOL BIOSYNTHETIC PROCESS%GOBP%GO:0046165	ALCOHOL BIOSYNTHETIC PROCESS%GOBP%GO:0046165		68	-0.68602234	-2.241722	0.0	0.0	0.0	1574	tags=46%, list=10%, signal=51%	
ENTEROCYTE CHOLESTEROL METABOLISM%WIKIPATHWAYS_20260211%WP5333%HOMO SAPIENS	ENTEROCYTE CHOLESTEROL METABOLISM%WIKIPATHWAYS_20260211%WP5333%HOMO SAPIENS		28	-0.8138237	-2.239003	0.0	0.0	0.0	1046	tags=61%, list=7%, signal=65%	
HALLMARK_OXIDATIVE_PHOSPHORYLATION%MSIGDBHALLMARK%HALLMARK_OXIDATIVE_PHOSPHORYLATION	HALLMARK_OXIDATIVE_PHOSPHORYLATION%MSIGDBHALLMARK%HALLMARK_OXIDATIVE_PHOSPHORYLATION		153	-0.6121118	-2.2387214	0.0	0.0	0.0	3668	tags=61%, list=24%, signal=80%	
MITOCHONDRIAL TRANSLATION ELONGATION%REACTOME DATABASE ID RELEASE 95%5389840	MITOCHONDRIAL TRANSLATION ELONGATION%REACTOME DATABASE ID RELEASE 95%5389840		85	-0.6522388	-2.238315	0.0	0.0	0.0	3172	tags=53%, list=21%, signal=67%	
STEROL METABOLIC PROCESS%GOBP%GO:0016125	STEROL METABOLIC PROCESS%GOBP%GO:0016125		72	-0.676299	-2.2336028	0.0	0.0	0.0	1087	tags=40%, list=7%, signal=43%	
CHOLESTEROL SYNTHESIS DISORDERS%WIKIPATHWAYS_20260211%WP5193%HOMO SAPIENS	CHOLESTEROL SYNTHESIS DISORDERS%WIKIPATHWAYS_20260211%WP5193%HOMO SAPIENS		16	-0.9233329	-2.2309923	0.0	0.0	0.0	828	tags=88%, list=6%, signal=93%	
CHOLESTEROL METABOLISM%WIKIPATHWAYS_20260211%WP5304%HOMO SAPIENS	CHOLESTEROL METABOLISM%WIKIPATHWAYS_20260211%WP5304%HOMO SAPIENS		48	-0.72149324	-2.2179043	0.0	0.0	0.0	1152	tags=44%, list=8%, signal=47%	
MITOCHONDRIAL TRANSLATION%GOBP%GO:0032543	MITOCHONDRIAL TRANSLATION%GOBP%GO:0032543		106	-0.62703073	-2.1922588	0.0	0.0	0.0	3328	tags=49%, list=22%, signal=63%	
OXIDATIVE PHOSPHORYLATION%GOBP%GO:0006119	OXIDATIVE PHOSPHORYLATION%GOBP%GO:0006119		93	-0.63329494	-2.1821628	0.0	0.0	0.0	4169	tags=70%, list=28%, signal=96%	
HALLMARK_CHOLESTEROL_HOMEOSTASIS%MSIGDBHALLMARK%HALLMARK_CHOLESTEROL_HOMEOSTASIS	HALLMARK_CHOLESTEROL_HOMEOSTASIS%MSIGDBHALLMARK%HALLMARK_CHOLESTEROL_HOMEOSTASIS		60	-0.6785569	-2.1693864	0.0	1.1849217E-5	5.0E-4	1362	tags=43%, list=9%, signal=47%	
AEROBIC RESPIRATION%GOBP%GO:0009060	AEROBIC RESPIRATION%GOBP%GO:0009060		156	-0.58435035	-2.1452982	0.0	4.5570683E-5	0.002	3639	tags=55%, list=24%, signal=72%	
RESPIRATORY ELECTRON TRANSPORT%REACTOME DATABASE ID RELEASE 95%611105	RESPIRATORY ELECTRON TRANSPORT%REACTOME DATABASE ID RELEASE 95%611105		149	-0.58609235	-2.1434834	0.0	4.464067E-5	0.002	3636	tags=54%, list=24%, signal=70%	
ATP SYNTHESIS COUPLED ELECTRON TRANSPORT%GOBP%GO:0042773	ATP SYNTHESIS COUPLED ELECTRON TRANSPORT%GOBP%GO:0042773		73	-0.6471874	-2.1302638	0.0	7.698855E-5	0.0035	3636	tags=66%, list=24%, signal=86%	
AEROBIC RESPIRATION I (CYTOCHROME C)%BIOCYC%PWY-3781	AEROBIC RESPIRATION I (CYTOCHROME C)%BIOCYC%PWY-3781		70	-0.649812	-2.1278934	0.0	7.547897E-5	0.0035	3636	tags=67%, list=24%, signal=88%	
RESPIRATORY ELECTRON TRANSPORT CHAIN%GOBP%GO:0022904	RESPIRATORY ELECTRON TRANSPORT CHAIN%GOBP%GO:0022904		79	-0.6318058	-2.1243618	0.0	8.454126E-5	0.004	3636	tags=65%, list=24%, signal=85%	
REGULATION OF CHOLESTEROL BIOSYNTHESIS BY SREBP (SREBF)%REACTOME%R-HSA-1655829.4	REGULATION OF CHOLESTEROL BIOSYNTHESIS BY SREBP (SREBF)%REACTOME%R-HSA-1655829.4		53	-0.68098426	-2.123975	0.0	8.2946135E-5	0.004	1574	tags=42%, list=10%, signal=46%	
MITOCHONDRIAL ATP SYNTHESIS COUPLED ELECTRON TRANSPORT%GOBP%GO:0042775	MITOCHONDRIAL ATP SYNTHESIS COUPLED ELECTRON TRANSPORT%GOBP%GO:0042775		73	-0.6471874	-2.122759	0.0	8.141009E-5	0.004	3636	tags=66%, list=24%, signal=86%	
SURFACTANT METABOLISM%REACTOME DATABASE ID RELEASE 95%5683826	SURFACTANT METABOLISM%REACTOME DATABASE ID RELEASE 95%5683826		24	-0.78889203	-2.1218255	0.0	7.992991E-5	0.004	1182	tags=46%, list=8%, signal=50%	
CELLULAR RESPIRATION%GOBP%GO:0045333	CELLULAR RESPIRATION%GOBP%GO:0045333		166	-0.5712381	-2.11397	0.0	9.8142205E-5	0.005	3639	tags=55%, list=24%, signal=72%	
CHOLESTEROL BIOSYNTHESIS PATHWAY IN HEPATOCYTES%WIKIPATHWAYS_20260211%WP5329%HOMO SAPIENS	CHOLESTEROL BIOSYNTHESIS PATHWAY IN HEPATOCYTES%WIKIPATHWAYS_20260211%WP5329%HOMO SAPIENS		35	-0.7393917	-2.1138978	0.0	1.06150146E-4	0.0055	1085	tags=51%, list=7%, signal=55%	
WARBURG EFFECT%PATHWHIZ%PW000630	WARBURG EFFECT%PATHWHIZ%PW000630		41	-0.7189713	-2.1101758	0.0	1.1409479E-4	0.006	1673	tags=37%, list=11%, signal=41%	
WARBURG EFFECT%SMPDB%SMP0087270	WARBURG EFFECT%SMPDB%SMP0087270		40	-0.70324457	-2.107737	0.0	1.1216098E-4	0.006	1673	tags=35%, list=11%, signal=39%	
AEROBIC ELECTRON TRANSPORT CHAIN%GOBP%GO:0019646	AEROBIC ELECTRON TRANSPORT CHAIN%GOBP%GO:0019646		73	-0.6384359	-2.1059442	0.0	1.19630575E-4	0.0065	3636	tags=64%, list=24%, signal=85%	
AEROBIC RESPIRATION AND RESPIRATORY ELECTRON TRANSPORT%REACTOME%R-HSA-1428517.8	AEROBIC RESPIRATION AND RESPIRATORY ELECTRON TRANSPORT%REACTOME%R-HSA-1428517.8		240	-0.54552335	-2.1024337	0.0	1.2676696E-4	0.007	3668	tags=50%, list=24%, signal=65%	
MITOCHONDRION ORGANIZATION%GOBP%GO:0007005	MITOCHONDRION ORGANIZATION%GOBP%GO:0007005		250	-0.53939193	-2.0993297	0.0	1.2472234E-4	0.007	3663	tags=45%, list=24%, signal=59%	
ACYL-COA METABOLIC PROCESS%GOBP%GO:0006637	ACYL-COA METABOLIC PROCESS%GOBP%GO:0006637		77	-0.62587947	-2.093234	0.0	1.5780762E-4	0.009	3263	tags=53%, list=22%, signal=68%	
MITOCHONDRIAL RESPIRATORY CHAIN COMPLEX ASSEMBLY%GOBP%GO:0033108	MITOCHONDRIAL RESPIRATORY CHAIN COMPLEX ASSEMBLY%GOBP%GO:0033108		92	-0.60645056	-2.0920796	0.0	1.638414E-4	0.0095	3636	tags=53%, list=24%, signal=70%	
ER-PHAGOSOME PATHWAY%REACTOME DATABASE ID RELEASE 95%1236974	ER-PHAGOSOME PATHWAY%REACTOME DATABASE ID RELEASE 95%1236974		80	-0.6203029	-2.0884676	0.0	1.7843184E-4	0.0105	4365	tags=69%, list=29%, signal=96%	
HALLMARK_FATTY_ACID_METABOLISM%MSIGDBHALLMARK%HALLMARK_FATTY_ACID_METABOLISM	HALLMARK_FATTY_ACID_METABOLISM%MSIGDBHALLMARK%HALLMARK_FATTY_ACID_METABOLISM		104	-0.6028821	-2.0836866	0.0	2.2601837E-4	0.0135	2260	tags=37%, list=15%, signal=43%	
ATP BIOSYNTHETIC PROCESS%GOBP%GO:0006754	ATP BIOSYNTHETIC PROCESS%GOBP%GO:0006754		73	-0.6226329	-2.0691137	0.0	3.5439138E-4	0.021	4333	tags=70%, list=29%, signal=98%	
SULFUR COMPOUND METABOLIC PROCESS%GOBP%GO:0006790	SULFUR COMPOUND METABOLIC PROCESS%GOBP%GO:0006790		205	-0.53971547	-2.065995	0.0	3.81348E-4	0.023	2239	tags=35%, list=15%, signal=40%	
SMALL MOLECULE CATABOLIC PROCESS%GOBP%GO:0044282	SMALL MOLECULE CATABOLIC PROCESS%GOBP%GO:0044282		235	-0.5369406	-2.065939	0.0	3.7582123E-4	0.023	2687	tags=34%, list=18%, signal=41%	
PROTON MOTIVE FORCE-DRIVEN ATP SYNTHESIS%GOBP%GO:0015986	PROTON MOTIVE FORCE-DRIVEN ATP SYNTHESIS%GOBP%GO:0015986		67	-0.63672405	-2.0593169	0.0	4.1716444E-4	0.0255	4333	tags=76%, list=29%, signal=107%	
ELECTRON TRANSPORT CHAIN%GOBP%GO:0022900	ELECTRON TRANSPORT CHAIN%GOBP%GO:0022900		85	-0.604555	-2.0492957	0.0	5.499201E-4	0.0335	3636	tags=62%, list=24%, signal=82%	
ORGANIC ACID CATABOLIC PROCESS%GOBP%GO:0016054	ORGANIC ACID CATABOLIC PROCESS%GOBP%GO:0016054		161	-0.552972	-2.0490491	0.0	5.4988766E-4	0.034	2778	tags=36%, list=18%, signal=44%	
ELECTRON TRANSPORT CHAIN OXPHOS SYSTEM IN MITOCHONDRIA%WIKIPATHWAYS_20260211%WP111%HOMO SAPIENS	ELECTRON TRANSPORT CHAIN OXPHOS SYSTEM IN MITOCHONDRIA%WIKIPATHWAYS_20260211%WP111%HOMO SAPIENS		73	-0.622313	-2.0465922	0.0	5.7247694E-4	0.036	3636	tags=64%, list=24%, signal=85%	
NEUTROPHIL DEGRANULATION%REACTOME%R-HSA-6798695.3	NEUTROPHIL DEGRANULATION%REACTOME%R-HSA-6798695.3		449	-0.4994222	-2.0462584	0.0	5.721782E-4	0.0365	2890	tags=36%, list=19%, signal=44%	
REGULATION OF MYELOID LEUKOCYTE MEDIATED IMMUNITY%GOBP%GO:0002886	REGULATION OF MYELOID LEUKOCYTE MEDIATED IMMUNITY%GOBP%GO:0002886		34	-0.71730745	-2.0449495	0.0	5.8629905E-4	0.038	1294	tags=44%, list=9%, signal=48%	
CARBOXYLIC ACID CATABOLIC PROCESS%GOBP%GO:0046395	CARBOXYLIC ACID CATABOLIC PROCESS%GOBP%GO:0046395		161	-0.552972	-2.034832	0.0	7.020291E-4	0.046	2778	tags=36%, list=18%, signal=44%	
PROTON MOTIVE FORCE-DRIVEN MITOCHONDRIAL ATP SYNTHESIS%GOBP%GO:0042776	PROTON MOTIVE FORCE-DRIVEN MITOCHONDRIAL ATP SYNTHESIS%GOBP%GO:0042776		61	-0.6318537	-2.0329747	0.0	7.140726E-4	0.0475	4333	tags=75%, list=29%, signal=106%	
PURINE NUCLEOSIDE TRIPHOSPHATE BIOSYNTHETIC PROCESS%GOBP%GO:0009145	PURINE NUCLEOSIDE TRIPHOSPHATE BIOSYNTHETIC PROCESS%GOBP%GO:0009145		77	-0.612739	-2.0328028	0.0	7.049178E-4	0.0475	4333	tags=68%, list=29%, signal=94%	
PURINE RIBONUCLEOSIDE TRIPHOSPHATE BIOSYNTHETIC PROCESS%GOBP%GO:0009206	PURINE RIBONUCLEOSIDE TRIPHOSPHATE BIOSYNTHETIC PROCESS%GOBP%GO:0009206		77	-0.612739	-2.0268254	0.0	7.9999655E-4	0.054	4333	tags=68%, list=29%, signal=94%	
MITOCHONDRIAL PROTEIN DEGRADATION%REACTOME%R-HSA-9837999.2	MITOCHONDRIAL PROTEIN DEGRADATION%REACTOME%R-HSA-9837999.2		94	-0.5894844	-2.0242054	0.0	8.86252E-4	0.0605	3456	tags=50%, list=23%, signal=65%	
POSITIVE REGULATION OF TUMOR NECROSIS FACTOR PRODUCTION%GOBP%GO:0032760	POSITIVE REGULATION OF TUMOR NECROSIS FACTOR PRODUCTION%GOBP%GO:0032760		91	-0.5870217	-2.023835	0.0	8.822305E-4	0.061	3148	tags=49%, list=21%, signal=62%	
PROTEASOME ASSEMBLY%REACTOME%R-HSA-9907900.1	PROTEASOME ASSEMBLY%REACTOME%R-HSA-9907900.1		50	-0.64964825	-2.0168698	0.0	0.0010052992	0.07	4365	tags=70%, list=29%, signal=98%	
POSITIVE REGULATION OF TUMOR NECROSIS FACTOR SUPERFAMILY CYTOKINE PRODUCTION%GOBP%GO:1903557	POSITIVE REGULATION OF TUMOR NECROSIS FACTOR SUPERFAMILY CYTOKINE PRODUCTION%GOBP%GO:1903557		94	-0.58301646	-2.0156436	0.0	9.931872E-4	0.07	3148	tags=48%, list=21%, signal=60%	
COMPLEX I BIOGENESIS%REACTOME DATABASE ID RELEASE 95%6799198	COMPLEX I BIOGENESIS%REACTOME DATABASE ID RELEASE 95%6799198		67	-0.6197681	-2.0094848	0.0010471204	0.0010993673	0.0785	3636	tags=60%, list=24%, signal=78%	
PHOSPHATIDYLCHOLINE BIOSYNTHETIC PROCESS%GOBP%GO:0006656	PHOSPHATIDYLCHOLINE BIOSYNTHETIC PROCESS%GOBP%GO:0006656		21	-0.76794547	-2.004671	0.0	0.001209287	0.088	1607	tags=43%, list=11%, signal=48%	
COMPLEX IV ASSEMBLY%REACTOME DATABASE ID RELEASE 95%9864848	COMPLEX IV ASSEMBLY%REACTOME DATABASE ID RELEASE 95%9864848		42	-0.67535347	-1.9958397	0.0	0.0014316547	0.106	3523	tags=62%, list=23%, signal=81%	
ATP BIOSYNTHESIS%BIOCYC%PWY-7980	ATP BIOSYNTHESIS%BIOCYC%PWY-7980		32	-0.69972354	-1.9949473	0.0	0.0014467143	0.1085	4080	tags=81%, list=27%, signal=111%	
ALCOHOL METABOLIC PROCESS%GOBP%GO:0006066	ALCOHOL METABOLIC PROCESS%GOBP%GO:0006066		183	-0.5314938	-1.9883844	0.0	0.0016053373	0.121	1324	tags=27%, list=9%, signal=29%	
TRANSLATION%REACTOME%R-HSA-72766.7	TRANSLATION%REACTOME%R-HSA-72766.7		356	-0.4943661	-1.9849526	0.0	0.0016927959	0.129	4726	tags=50%, list=31%, signal=71%	
GENERATION OF PRECURSOR METABOLITES AND ENERGY%GOBP%GO:0006091	GENERATION OF PRECURSOR METABOLITES AND ENERGY%GOBP%GO:0006091		250	-0.50265837	-1.9770181	0.0	0.0020279107	0.152	3639	tags=48%, list=24%, signal=62%	
RESPONSE TO TYPE I INTERFERON%GOBP%GO:0034340	RESPONSE TO TYPE I INTERFERON%GOBP%GO:0034340		71	-0.6034137	-1.9718546	0.0	0.0022413118	0.168	2957	tags=49%, list=20%, signal=61%	
STEROID METABOLIC PROCESS%GOBP%GO:0008202	STEROID METABOLIC PROCESS%GOBP%GO:0008202		141	-0.5444872	-1.9716579	0.0	0.0022230034	0.1685	2391	tags=37%, list=16%, signal=43%	
MITOCHONDRIAL GENE EXPRESSION%GOBP%GO:0140053	MITOCHONDRIAL GENE EXPRESSION%GOBP%GO:0140053		142	-0.5397606	-1.9712917	0.0	0.0022170315	0.1695	4122	tags=50%, list=27%, signal=68%	
RIBONUCLEOSIDE TRIPHOSPHATE BIOSYNTHETIC PROCESS%GOBP%GO:0009201	RIBONUCLEOSIDE TRIPHOSPHATE BIOSYNTHETIC PROCESS%GOBP%GO:0009201		81	-0.5889867	-1.9703648	0.0	0.0022341304	0.1725	4333	tags=65%, list=29%, signal=91%	
CELLULAR RESPONSE TO TYPE I INTERFERON%GOBP%GO:0071357	CELLULAR RESPONSE TO TYPE I INTERFERON%GOBP%GO:0071357		63	-0.609644	-1.9647084	0.0	0.00247143	0.191	4566	tags=70%, list=30%, signal=100%	
METABOLISM OF STEROIDS%REACTOME DATABASE ID RELEASE 95%8957322	METABOLISM OF STEROIDS%REACTOME DATABASE ID RELEASE 95%8957322		125	-0.54499537	-1.9635582	0.0	0.00251451	0.1965	1789	tags=32%, list=12%, signal=36%	
REGULATION OF CELLULAR RESPONSE TO INSULIN STIMULUS%GOBP%GO:1900076	REGULATION OF CELLULAR RESPONSE TO INSULIN STIMULUS%GOBP%GO:1900076		50	-0.62411386	-1.9559801	0.0	0.0028118405	0.2175	1362	tags=26%, list=9%, signal=28%	
ENERGY DERIVATION BY OXIDATION OF ORGANIC COMPOUNDS%GOBP%GO:0015980	ENERGY DERIVATION BY OXIDATION OF ORGANIC COMPOUNDS%GOBP%GO:0015980		205	-0.50961614	-1.9479243	0.0	0.0032142834	0.248	3639	tags=49%, list=24%, signal=64%	
ACETYL-COA METABOLIC PROCESS%GOBP%GO:0006084	ACETYL-COA METABOLIC PROCESS%GOBP%GO:0006084		22	-0.7510284	-1.9447738	0.0	0.0033866626	0.262	756	tags=41%, list=5%, signal=43%	
ISOPRENOID BIOSYNTHETIC PROCESS%GOBP%GO:0008299	ISOPRENOID BIOSYNTHETIC PROCESS%GOBP%GO:0008299		18	-0.7794343	-1.9433657	0.0	0.0034566	0.27	756	tags=44%, list=5%, signal=47%	
PYRUVATE KINASE DEFICIENCY%PATHWHIZ%PW000535	PYRUVATE KINASE DEFICIENCY%PATHWHIZ%PW000535		19	-0.755579	-1.9333624	0.0010351967	0.0040653707	0.3085	1260	tags=37%, list=8%, signal=40%	
ENDOSOME ORGANIZATION%GOBP%GO:0007032	ENDOSOME ORGANIZATION%GOBP%GO:0007032		84	-0.5695816	-1.932629	0.0	0.0040739807	0.312	2975	tags=37%, list=20%, signal=46%	
GLUCOSE 6-PHOSPHATE METABOLIC PROCESS%GOBP%GO:0051156	GLUCOSE 6-PHOSPHATE METABOLIC PROCESS%GOBP%GO:0051156		17	-0.80058944	-1.9315588	0.0	0.004135837	0.318	1469	tags=59%, list=10%, signal=65%	
PYRUVATE DEHYDROGENASE COMPLEX DEFICIENCY%PATHWHIZ%PW000117	PYRUVATE DEHYDROGENASE COMPLEX DEFICIENCY%PATHWHIZ%PW000117		19	-0.755579	-1.9293141	0.0	0.0042337235	0.3255	1260	tags=37%, list=8%, signal=40%	
POSITIVE REGULATION OF INTERLEUKIN-8 PRODUCTION%GOBP%GO:0032757	POSITIVE REGULATION OF INTERLEUKIN-8 PRODUCTION%GOBP%GO:0032757		55	-0.6086868	-1.9224019	0.0	0.0048384834	0.362	3712	tags=53%, list=25%, signal=70%	
PYRUVATE DECARBOXYLASE E1 COMPONENT DEFICIENCY (PDHE1 DEFICIENCY)%SMPDB%SMP0000334	PYRUVATE DECARBOXYLASE E1 COMPONENT DEFICIENCY (PDHE1 DEFICIENCY)%SMPDB%SMP0000334		19	-0.755579	-1.9221265	0.0	0.0048187147	0.363	1260	tags=37%, list=8%, signal=40%	
RHO GTPASES ACTIVATE NADPH OXIDASES%REACTOME DATABASE ID RELEASE 95%5668599	RHO GTPASES ACTIVATE NADPH OXIDASES%REACTOME DATABASE ID RELEASE 95%5668599		21	-0.741388	-1.9216712	0.0	0.0048042242	0.3655	2805	tags=62%, list=19%, signal=76%	
METABOLIC REPROGRAMMING IN PANCREATIC CANCER%WIKIPATHWAYS_20260211%WP5220%HOMO SAPIENS	METABOLIC REPROGRAMMING IN PANCREATIC CANCER%WIKIPATHWAYS_20260211%WP5220%HOMO SAPIENS		27	-0.69989973	-1.921025	0.0	0.0048308354	0.3705	608	tags=26%, list=4%, signal=27%	
REGULATION OF FERROPTOSIS%GOBP%GO:0110075	REGULATION OF FERROPTOSIS%GOBP%GO:0110075		26	-0.7114107	-1.9199529	0.0	0.0048723635	0.3765	2319	tags=50%, list=15%, signal=59%	
NEGATIVE REGULATION OF INSULIN RECEPTOR SIGNALING PATHWAY%GOBP%GO:0046627	NEGATIVE REGULATION OF INSULIN RECEPTOR SIGNALING PATHWAY%GOBP%GO:0046627		32	-0.6782405	-1.9196603	0.0	0.004868014	0.379	2694	tags=44%, list=18%, signal=53%	
NUCLEOSIDE TRIPHOSPHATE BIOSYNTHETIC PROCESS%GOBP%GO:0009142	NUCLEOSIDE TRIPHOSPHATE BIOSYNTHETIC PROCESS%GOBP%GO:0009142		86	-0.5667288	-1.9175581	0.0	0.004997246	0.3915	4151	tags=62%, list=28%, signal=85%	
REGULATION OF LEUKOCYTE DEGRANULATION%GOBP%GO:0043300	REGULATION OF LEUKOCYTE DEGRANULATION%GOBP%GO:0043300		29	-0.69523716	-1.9104851	0.0	0.0056402883	0.4345	3034	tags=66%, list=20%, signal=82%	
PRIMARY HYPEROXALURIA II, PH2%SMPDB%SMP0000558	PRIMARY HYPEROXALURIA II, PH2%SMPDB%SMP0000558		19	-0.755579	-1.9070785	9.910803E-4	0.005907037	0.449	1260	tags=37%, list=8%, signal=40%	
LEIGH SYNDROME%SMPDB%SMP0000196	LEIGH SYNDROME%SMPDB%SMP0000196		19	-0.755579	-1.905393	0.0	0.00600943	0.459	1260	tags=37%, list=8%, signal=40%	
SPOP-MEDIATED PROTEASOMAL DEGRADATION OF PD-L1(CD274)%REACTOME%R-HSA-9929491.1	SPOP-MEDIATED PROTEASOMAL DEGRADATION OF PD-L1(CD274)%REACTOME%R-HSA-9929491.1		46	-0.62501585	-1.9040693	0.0	0.0060629738	0.465	4365	tags=67%, list=29%, signal=95%	
VACUOLAR ACIDIFICATION%GOBP%GO:0007035	VACUOLAR ACIDIFICATION%GOBP%GO:0007035		34	-0.66376585	-1.901861	0.0	0.006233776	0.477	1823	tags=38%, list=12%, signal=43%	
TRAF6 MEDIATED NF-KB ACTIVATION%REACTOME%R-HSA-933542.3	TRAF6 MEDIATED NF-KB ACTIVATION%REACTOME%R-HSA-933542.3		25	-0.710181	-1.8984447	0.0	0.0065705096	0.497	912	tags=24%, list=6%, signal=26%	
CITRIC ACID CYCLE (TCA CYCLE)%REACTOME%R-HSA-71403.5	CITRIC ACID CYCLE (TCA CYCLE)%REACTOME%R-HSA-71403.5		32	-0.6781749	-1.8982162	0.0	0.006552258	0.4985	1750	tags=31%, list=12%, signal=35%	
MICROGLIA PATHOGEN PHAGOCYTOSIS PATHWAY%WIKIPATHWAYS_20260211%WP3937%HOMO SAPIENS	MICROGLIA PATHOGEN PHAGOCYTOSIS PATHWAY%WIKIPATHWAYS_20260211%WP3937%HOMO SAPIENS		32	-0.6706654	-1.8981133	0.0	0.006515518	0.4995	2805	tags=53%, list=19%, signal=65%	
PYRUVATE METABOLISM%PATHWHIZ%PW000054	PYRUVATE METABOLISM%PATHWHIZ%PW000054		19	-0.755579	-1.8970429	0.0	0.0066125	0.5095	1260	tags=37%, list=8%, signal=40%	
MITOCHONDRIAL ELECTRON TRANSPORT, NADH TO UBIQUINONE%GOBP%GO:0006120	MITOCHONDRIAL ELECTRON TRANSPORT, NADH TO UBIQUINONE%GOBP%GO:0006120		40	-0.63305545	-1.8969125	0.0	0.0065578516	0.5095	3636	tags=68%, list=24%, signal=89%	
PROTEIN LOCALIZATION TO MITOCHONDRION%GOBP%GO:0070585	PROTEIN LOCALIZATION TO MITOCHONDRION%GOBP%GO:0070585		62	-0.5869707	-1.8959496	0.0	0.0066256686	0.5135	3741	tags=52%, list=25%, signal=68%	
VIF-MEDIATED DEGRADATION OF APOBEC3G%REACTOME DATABASE ID RELEASE 95%180585	VIF-MEDIATED DEGRADATION OF APOBEC3G%REACTOME DATABASE ID RELEASE 95%180585		40	-0.63477314	-1.8908294	0.0	0.0071530705	0.5465	2818	tags=50%, list=19%, signal=61%	
LIPID BIOSYNTHETIC PROCESS%GOBP%GO:0008610	LIPID BIOSYNTHETIC PROCESS%GOBP%GO:0008610		441	-0.4626181	-1.8903564	0.0	0.007183737	0.55	2895	tags=34%, list=19%, signal=41%	
G-CSF%IOB%G-CSF	G-CSF%IOB%G-CSF		31	-0.6708129	-1.8872293	0.0	0.0074963565	0.5675	1132	tags=32%, list=8%, signal=35%	
MITOCHONDRIAL COMPLEX IV ASSEMBLY%WIKIPATHWAYS_20260211%WP4922%HOMO SAPIENS	MITOCHONDRIAL COMPLEX IV ASSEMBLY%WIKIPATHWAYS_20260211%WP4922%HOMO SAPIENS		25	-0.7046354	-1.8851211	0.0	0.007711634	0.5795	3125	tags=64%, list=21%, signal=81%	
STEROL REGULATORY ELEMENT BINDING PROTEINS SREBP SIGNALING%WIKIPATHWAYS_20260211%WP1982%HOMO SAPIENS	STEROL REGULATORY ELEMENT BINDING PROTEINS SREBP SIGNALING%WIKIPATHWAYS_20260211%WP1982%HOMO SAPIENS		53	-0.6003291	-1.8801252	0.0	0.008278551	0.608	3061	tags=55%, list=20%, signal=68%	
IMMUNE RESPONSE-INHIBITING SIGNAL TRANSDUCTION%GOBP%GO:0002765	IMMUNE RESPONSE-INHIBITING SIGNAL TRANSDUCTION%GOBP%GO:0002765		19	-0.75085783	-1.8791094	0.0	0.00832509	0.6125	3085	tags=79%, list=21%, signal=99%	
MITOCHONDRIAL FATTY ACID BETA-OXIDATION%REACTOME%R-HSA-77289.7	MITOCHONDRIAL FATTY ACID BETA-OXIDATION%REACTOME%R-HSA-77289.7		34	-0.64815795	-1.8789526	0.0010162601	0.008286176	0.615	2687	tags=44%, list=18%, signal=54%	
REGULATION OF MAST CELL DEGRANULATION%GOBP%GO:0043304	REGULATION OF MAST CELL DEGRANULATION%GOBP%GO:0043304		15	-0.7931397	-1.8698589	0.001039501	0.009634722	0.677	1294	tags=60%, list=9%, signal=66%	
OXYGEN-DEPENDENT PROLINE HYDROXYLATION OF HYPOXIA-INDUCIBLE FACTOR ALPHA%REACTOME DATABASE ID RELEASE 95%1234176	OXYGEN-DEPENDENT PROLINE HYDROXYLATION OF HYPOXIA-INDUCIBLE FACTOR ALPHA%REACTOME DATABASE ID RELEASE 95%1234176		53	-0.5972674	-1.8655599	0.0	0.010273619	0.6985	2818	tags=47%, list=19%, signal=58%	
NEGATIVE REGULATION OF CELLULAR RESPONSE TO INSULIN STIMULUS%GOBP%GO:1900077	NEGATIVE REGULATION OF CELLULAR RESPONSE TO INSULIN STIMULUS%GOBP%GO:1900077		33	-0.65612954	-1.8654721	0.0	0.010200016	0.699	1030	tags=27%, list=7%, signal=29%	
INTRACELLULAR STEROL TRANSPORT%GOBP%GO:0032366	INTRACELLULAR STEROL TRANSPORT%GOBP%GO:0032366		25	-0.68914074	-1.8645004	0.0	0.0102517195	0.7055	3607	tags=48%, list=24%, signal=63%	
IMMUNE RESPONSE-INHIBITING CELL SURFACE RECEPTOR SIGNALING PATHWAY%GOBP%GO:0002767	IMMUNE RESPONSE-INHIBITING CELL SURFACE RECEPTOR SIGNALING PATHWAY%GOBP%GO:0002767		18	-0.7491317	-1.8622578	0.001059322	0.010519667	0.716	3085	tags=78%, list=21%, signal=98%	
LPS AND CITRATE SIGNALING AND INFLAMMATION%PATHWHIZ%PW101069	LPS AND CITRATE SIGNALING AND INFLAMMATION%PATHWHIZ%PW101069		22	-0.7070414	-1.8608217	0.0010080645	0.010693953	0.7215	3189	tags=50%, list=21%, signal=63%	
AMINO ACID CATABOLIC PROCESS%GOBP%GO:0009063	AMINO ACID CATABOLIC PROCESS%GOBP%GO:0009063		69	-0.57694954	-1.8605896	0.0	0.010635325	0.7215	2668	tags=35%, list=18%, signal=42%	
3-METHYLGLUTACONIC ACIDURIA TYPE III%SMPDB%SMP0000140	3-METHYLGLUTACONIC ACIDURIA TYPE III%SMPDB%SMP0000140		26	-0.6762383	-1.8588719	9.871669E-4	0.010842864	0.7315	1583	tags=42%, list=11%, signal=47%	
L-AMINO ACID CATABOLIC PROCESS%GOBP%GO:0170035	L-AMINO ACID CATABOLIC PROCESS%GOBP%GO:0170035		55	-0.58813727	-1.8578335	0.0	0.010943768	0.736	2538	tags=36%, list=17%, signal=44%	
FATTY ACID METABOLISM%REACTOME%R-HSA-8978868.7	FATTY ACID METABOLISM%REACTOME%R-HSA-8978868.7		145	-0.50889724	-1.8576437	0.0	0.0109085	0.738	2239	tags=30%, list=15%, signal=35%	
TOR SIGNALING%GOBP%GO:0031929	TOR SIGNALING%GOBP%GO:0031929		35	-0.64565617	-1.8570092	0.0	0.010933199	0.74	1766	tags=34%, list=12%, signal=39%	
UBIQUITIN-DEPENDENT DEGRADATION OF CYCLIN D%REACTOME DATABASE ID RELEASE 95%75815	UBIQUITIN-DEPENDENT DEGRADATION OF CYCLIN D%REACTOME DATABASE ID RELEASE 95%75815		39	-0.6276638	-1.8559933	0.0020263426	0.01109378	0.7455	2818	tags=51%, list=19%, signal=63%	
REGULATION OF TUMOR NECROSIS FACTOR SUPERFAMILY CYTOKINE PRODUCTION%GOBP%GO:1903555	REGULATION OF TUMOR NECROSIS FACTOR SUPERFAMILY CYTOKINE PRODUCTION%GOBP%GO:1903555		133	-0.51187164	-1.8552896	0.0	0.011151372	0.7495	3148	tags=44%, list=21%, signal=55%	
MELANOSOME ASSEMBLY%GOBP%GO:1903232	MELANOSOME ASSEMBLY%GOBP%GO:1903232		19	-0.736861	-1.8536866	9.97009E-4	0.011342842	0.758	1914	tags=37%, list=13%, signal=42%	
CRISTAE FORMATION%REACTOME%R-HSA-8949613.3	CRISTAE FORMATION%REACTOME%R-HSA-8949613.3		33	-0.65732867	-1.8535295	0.0	0.011298243	0.7595	4296	tags=73%, list=29%, signal=102%	
2-METHYL-3-HYDROXYBUTYRYL-COA DEHYDROGENASE DEFICIENCY%PATHWHIZ%PW000061	2-METHYL-3-HYDROXYBUTYRYL-COA DEHYDROGENASE DEFICIENCY%PATHWHIZ%PW000061		26	-0.6762383	-1.8510534	0.001017294	0.011600254	0.7745	1583	tags=42%, list=11%, signal=47%	
GLYCEROPHOSPHOLIPID BIOSYNTHETIC PATHWAY%WIKIPATHWAYS_20260211%WP2533%HOMO SAPIENS	GLYCEROPHOSPHOLIPID BIOSYNTHETIC PATHWAY%WIKIPATHWAYS_20260211%WP2533%HOMO SAPIENS		25	-0.68929034	-1.8495256	0.00101833	0.011834181	0.7825	2500	tags=52%, list=17%, signal=62%	
HH MUTANTS ARE DEGRADED BY ERAD%REACTOME DATABASE ID RELEASE 95%5362768	HH MUTANTS ARE DEGRADED BY ERAD%REACTOME DATABASE ID RELEASE 95%5362768		43	-0.6222988	-1.8494335	0.0	0.01178739	0.7825	4365	tags=65%, list=29%, signal=92%	
ALPHA-AMINO ACID CATABOLIC PROCESS%GOBP%GO:1901606	ALPHA-AMINO ACID CATABOLIC PROCESS%GOBP%GO:1901606		58	-0.5784217	-1.8480976	0.0	0.012005473	0.7895	2538	tags=34%, list=17%, signal=41%	
3-HYDROXYISOBUTYRIC ACID DEHYDROGENASE DEFICIENCY%SMPDB%SMP0000521	3-HYDROXYISOBUTYRIC ACID DEHYDROGENASE DEFICIENCY%SMPDB%SMP0000521		26	-0.6762383	-1.8479402	0.0010266941	0.011950632	0.7895	1583	tags=42%, list=11%, signal=47%	
SMALL MOLECULE BIOSYNTHETIC PROCESS%GOBP%GO:0044283	SMALL MOLECULE BIOSYNTHETIC PROCESS%GOBP%GO:0044283		308	-0.4655055	-1.8471392	0.0	0.012031701	0.793	2300	tags=30%, list=15%, signal=34%	
RESPONSE TO INTERLEUKIN-6%GOBP%GO:0070741	RESPONSE TO INTERLEUKIN-6%GOBP%GO:0070741		25	-0.68026096	-1.8471112	0.0	0.01195929	0.7935	984	tags=28%, list=7%, signal=30%	
MONOCARBOXYLIC ACID CATABOLIC PROCESS%GOBP%GO:0072329	MONOCARBOXYLIC ACID CATABOLIC PROCESS%GOBP%GO:0072329		80	-0.5455526	-1.8432674	0.0	0.012539274	0.813	2195	tags=31%, list=15%, signal=36%	
POSITIVE REGULATION OF MITOCHONDRIAL MEMBRANE PERMEABILITY%GOBP%GO:0035794	POSITIVE REGULATION OF MITOCHONDRIAL MEMBRANE PERMEABILITY%GOBP%GO:0035794		18	-0.7375126	-1.8417691	0.0010266941	0.01274124	0.822	1913	tags=44%, list=13%, signal=51%	
OXIDATIVE PHOSPHORYLATION%WIKIPATHWAYS_20260211%WP623%HOMO SAPIENS	OXIDATIVE PHOSPHORYLATION%WIKIPATHWAYS_20260211%WP623%HOMO SAPIENS		38	-0.63248956	-1.8387057	0.0	0.013293574	0.838	3636	tags=71%, list=24%, signal=94%	
ROS AND RNS PRODUCTION IN PHAGOCYTES%REACTOME%R-HSA-1222556.11	ROS AND RNS PRODUCTION IN PHAGOCYTES%REACTOME%R-HSA-1222556.11		32	-0.65687734	-1.8375715	0.0	0.013452779	0.8415	2805	tags=56%, list=19%, signal=69%	
TRNA AMINOACYLATION%REACTOME%R-HSA-379724.3	TRNA AMINOACYLATION%REACTOME%R-HSA-379724.3		41	-0.6178589	-1.8373421	9.99001E-4	0.013433636	0.843	3449	tags=46%, list=23%, signal=60%	
LYSOSOME VESICLE BIOGENESIS%REACTOME DATABASE ID RELEASE 95%432720	LYSOSOME VESICLE BIOGENESIS%REACTOME DATABASE ID RELEASE 95%432720		32	-0.6431246	-1.837177	0.0020222447	0.013379631	0.845	1984	tags=38%, list=13%, signal=43%	
APOPTOTIC MITOCHONDRIAL CHANGES%GOBP%GO:0008637	APOPTOTIC MITOCHONDRIAL CHANGES%GOBP%GO:0008637		39	-0.61588645	-1.835712	0.002967359	0.013556204	0.8525	2027	tags=36%, list=13%, signal=41%	
ISOVALERIC ACIDEMIA%PATHWHIZ%PW000500	ISOVALERIC ACIDEMIA%PATHWHIZ%PW000500		26	-0.6762383	-1.8354263	0.0	0.013529893	0.853	1583	tags=42%, list=11%, signal=47%	
BRANCHED-CHAIN AMINO ACID CATABOLIC PROCESS%GOBP%GO:0009083	BRANCHED-CHAIN AMINO ACID CATABOLIC PROCESS%GOBP%GO:0009083		20	-0.71819216	-1.8354257	0.0	0.013445331	0.853	2972	tags=60%, list=20%, signal=75%	
ISOVALERIC ACIDURIA%PATHWHIZ%PW000091	ISOVALERIC ACIDURIA%PATHWHIZ%PW000091		26	-0.6762383	-1.834136	0.0	0.0136860395	0.8585	1583	tags=42%, list=11%, signal=47%	
METHYLMALONIC ACIDURIA%SMPDB%SMP0000200	METHYLMALONIC ACIDURIA%SMPDB%SMP0000200		26	-0.6762383	-1.833828	0.0	0.013666489	0.86	1583	tags=42%, list=11%, signal=47%	
TORC1 SIGNALING%GOBP%GO:0038202	TORC1 SIGNALING%GOBP%GO:0038202		18	-0.7321617	-1.833716	0.004077472	0.013602868	0.861	1766	tags=44%, list=12%, signal=50%	
BETA-KETOTHIOLASE DEFICIENCY%SMPDB%SMP0000173	BETA-KETOTHIOLASE DEFICIENCY%SMPDB%SMP0000173		26	-0.6762383	-1.8315983	0.0021008404	0.01385193	0.867	1583	tags=42%, list=11%, signal=47%	
MITOCHONDRIAL COMPLEX I ASSEMBLY MODEL OXPHOS SYSTEM%WIKIPATHWAYS_20260211%WP4324%HOMO SAPIENS	MITOCHONDRIAL COMPLEX I ASSEMBLY MODEL OXPHOS SYSTEM%WIKIPATHWAYS_20260211%WP4324%HOMO SAPIENS		41	-0.608836	-1.8312593	0.0	0.01382759	0.869	3636	tags=61%, list=24%, signal=80%	
REGULATION OF ACTIVATED PAK-2P34 BY PROTEASOME MEDIATED DEGRADATION%REACTOME DATABASE ID RELEASE 95%211733	REGULATION OF ACTIVATED PAK-2P34 BY PROTEASOME MEDIATED DEGRADATION%REACTOME DATABASE ID RELEASE 95%211733		37	-0.6227609	-1.8309451	0.0	0.013803815	0.87	4365	tags=70%, list=29%, signal=99%	
L-AMINO ACID METABOLIC PROCESS%GOBP%GO:0170033	L-AMINO ACID METABOLIC PROCESS%GOBP%GO:0170033		105	-0.52426887	-1.8306342	0.0	0.013803556	0.8725	1781	tags=27%, list=12%, signal=30%	
REGULATION OF TUMOR NECROSIS FACTOR PRODUCTION%GOBP%GO:0032680	REGULATION OF TUMOR NECROSIS FACTOR PRODUCTION%GOBP%GO:0032680		129	-0.51074845	-1.8303894	0.0	0.013793136	0.874	3148	tags=44%, list=21%, signal=55%	
PHOSPHATIDYLCHOLINE METABOLIC PROCESS%GOBP%GO:0046470	PHOSPHATIDYLCHOLINE METABOLIC PROCESS%GOBP%GO:0046470		53	-0.58977455	-1.829908	0.0	0.013809083	0.8765	1793	tags=30%, list=12%, signal=34%	
3-HYDROXYISOBUTYRIC ACIDURIA%PATHWHIZ%PW000498	3-HYDROXYISOBUTYRIC ACIDURIA%PATHWHIZ%PW000498		26	-0.6762383	-1.8287936	0.0010080645	0.01397676	0.881	1583	tags=42%, list=11%, signal=47%	
PROPIONIC ACIDEMIA%PATHWHIZ%PW000062	PROPIONIC ACIDEMIA%PATHWHIZ%PW000062		26	-0.6762383	-1.826279	0.00203666	0.014402844	0.8885	1583	tags=42%, list=11%, signal=47%	
INTRACELLULAR CHOLESTEROL TRANSPORT%GOBP%GO:0032367	INTRACELLULAR CHOLESTEROL TRANSPORT%GOBP%GO:0032367		22	-0.69971335	-1.8261421	0.0031347962	0.0143415425	0.889	3607	tags=50%, list=24%, signal=66%	
PYRUVATE DEHYDROGENASE DEFICIENCY (E2)%SMPDB%SMP0000551	PYRUVATE DEHYDROGENASE DEFICIENCY (E2)%SMPDB%SMP0000551		21	-0.6972384	-1.8241264	0.0020618557	0.014685072	0.896	1673	tags=33%, list=11%, signal=37%	
GM-CSF%IOB%GM-CSF	GM-CSF%IOB%GM-CSF		49	-0.58832264	-1.8239846	0.0	0.0146324	0.8965	2226	tags=29%, list=15%, signal=33%	
2-KETOGLUTARATE DEHYDROGENASE COMPLEX DEFICIENCY%PATHWHIZ%PW000525	2-KETOGLUTARATE DEHYDROGENASE COMPLEX DEFICIENCY%PATHWHIZ%PW000525		21	-0.6972384	-1.8232356	0.0019493178	0.01470596	0.899	1673	tags=33%, list=11%, signal=37%	
REGULATION OF LYSOSOMAL LUMEN PH%GOBP%GO:0035751	REGULATION OF LYSOSOMAL LUMEN PH%GOBP%GO:0035751		29	-0.6616533	-1.8201824	0.0020449897	0.015298278	0.907	2667	tags=48%, list=18%, signal=59%	
LYSOSOMAL LUMEN ACIDIFICATION%GOBP%GO:0007042	LYSOSOMAL LUMEN ACIDIFICATION%GOBP%GO:0007042		22	-0.6910466	-1.8201699	0.004016064	0.015214944	0.907	1804	tags=45%, list=12%, signal=52%	
REGULATION OF AUTOPHAGY OF MITOCHONDRION%GOBP%GO:1903146	REGULATION OF AUTOPHAGY OF MITOCHONDRION%GOBP%GO:1903146		41	-0.6128764	-1.8201135	0.0	0.015135618	0.907	2435	tags=39%, list=16%, signal=46%	
INHIBITORS OF METABOLISM IN MELANOMA THERAPY%WIKIPATHWAYS_20260211%WP5609%HOMO SAPIENS	INHIBITORS OF METABOLISM IN MELANOMA THERAPY%WIKIPATHWAYS_20260211%WP5609%HOMO SAPIENS		25	-0.67473483	-1.819986	0.0020491802	0.015075928	0.907	3175	tags=44%, list=21%, signal=56%	
METHYLMALONATE SEMIALDEHYDE DEHYDROGENASE DEFICIENCY%SMPDB%SMP0000384	METHYLMALONATE SEMIALDEHYDE DEHYDROGENASE DEFICIENCY%SMPDB%SMP0000384		26	-0.6762383	-1.8197278	0.0010060362	0.015038004	0.9075	1583	tags=42%, list=11%, signal=47%	
RESPONSE TO FUNGUS%GOBP%GO:0009620	RESPONSE TO FUNGUS%GOBP%GO:0009620		21	-0.70769536	-1.8191236	0.0	0.015100577	0.911	3148	tags=67%, list=21%, signal=84%	
ACYL-COA BIOSYNTHETIC PROCESS%GOBP%GO:0071616	ACYL-COA BIOSYNTHETIC PROCESS%GOBP%GO:0071616		39	-0.6212101	-1.8189875	0.0	0.01502972	0.9115	1566	tags=33%, list=10%, signal=37%	
DEFECTS IN TOLL-LIKE RECEPTOR CASCADES%REACTOME DATABASE ID RELEASE 95%5602358	DEFECTS IN TOLL-LIKE RECEPTOR CASCADES%REACTOME DATABASE ID RELEASE 95%5602358		30	-0.6531437	-1.8185602	0.0	0.015040479	0.913	3726	tags=50%, list=25%, signal=66%	
AMINO ACID METABOLIC PROCESS%GOBP%GO:0006520	AMINO ACID METABOLIC PROCESS%GOBP%GO:0006520		199	-0.4779787	-1.8184088	0.0	0.014985788	0.913	2668	tags=32%, list=18%, signal=38%	
CYTOSOLIC TRNA AMINOACYLATION%REACTOME DATABASE ID RELEASE 95%379716	CYTOSOLIC TRNA AMINOACYLATION%REACTOME DATABASE ID RELEASE 95%379716		23	-0.6979816	-1.8182813	0.0	0.014943417	0.9135	3449	tags=65%, list=23%, signal=85%	
ANTIGEN PROCESSING: UB, ATP-INDEPENDENT PROTEASOMAL DEGRADATION%REACTOME DATABASE ID RELEASE 95%9912633	ANTIGEN PROCESSING: UB, ATP-INDEPENDENT PROTEASOMAL DEGRADATION%REACTOME DATABASE ID RELEASE 95%9912633		19	-0.71635723	-1.8176136	0.002042901	0.015022435	0.9145	3022	tags=74%, list=20%, signal=92%	
VALINE, LEUCINE, AND ISOLEUCINE DEGRADATION%PATHWHIZ%PW000051	VALINE, LEUCINE, AND ISOLEUCINE DEGRADATION%PATHWHIZ%PW000051		26	-0.6762383	-1.8170754	0.0	0.015088661	0.9175	1583	tags=42%, list=11%, signal=47%	
3-METHYLGLUTACONIC ACIDURIA TYPE IV%SMPDB%SMP0000141	3-METHYLGLUTACONIC ACIDURIA TYPE IV%SMPDB%SMP0000141		26	-0.6762383	-1.8168725	0.0010152285	0.015066983	0.919	1583	tags=42%, list=11%, signal=47%	
3-METHYLCROTONYL-COA CARBOXYLASE DEFICIENCY TYPE I%SMPDB%SMP0000237	3-METHYLCROTONYL-COA CARBOXYLASE DEFICIENCY TYPE I%SMPDB%SMP0000237		26	-0.6762383	-1.8162532	0.0010131713	0.015135735	0.9205	1583	tags=42%, list=11%, signal=47%	
3-METHYLGLUTACONIC ACIDURIA TYPE I%SMPDB%SMP0000139	3-METHYLGLUTACONIC ACIDURIA TYPE I%SMPDB%SMP0000139		26	-0.6762383	-1.8158216	0.0010152285	0.015166059	0.9225	1583	tags=42%, list=11%, signal=47%	
FATTY ACID BIOSYNTHESIS%WIKIPATHWAYS_20260211%WP357%HOMO SAPIENS	FATTY ACID BIOSYNTHESIS%WIKIPATHWAYS_20260211%WP357%HOMO SAPIENS		17	-0.74081534	-1.815372	0.0031612224	0.015141827	0.924	443	tags=29%, list=3%, signal=30%	
CITRIC ACID CYCLE%SMPDB%SMP0000057	CITRIC ACID CYCLE%SMPDB%SMP0000057		21	-0.6972384	-1.8150356	0.0020811656	0.015175056	0.925	1673	tags=33%, list=11%, signal=37%	
LEUCINE ISOLEUCINE AND VALINE METABOLISM%WIKIPATHWAYS_20260211%WP4686%HOMO SAPIENS	LEUCINE ISOLEUCINE AND VALINE METABOLISM%WIKIPATHWAYS_20260211%WP4686%HOMO SAPIENS		16	-0.7471213	-1.8145586	0.0019860973	0.015181687	0.927	1583	tags=44%, list=11%, signal=49%	
ISOBUTYRYL-COA DEHYDROGENASE DEFICIENCY%SMPDB%SMP0000523	ISOBUTYRYL-COA DEHYDROGENASE DEFICIENCY%SMPDB%SMP0000523		26	-0.6762383	-1.8145049	0.0	0.015123195	0.927	1583	tags=42%, list=11%, signal=47%	
HALLMARK_INTERFERON_ALPHA_RESPONSE%MSIGDBHALLMARK%HALLMARK_INTERFERON_ALPHA_RESPONSE	HALLMARK_INTERFERON_ALPHA_RESPONSE%MSIGDBHALLMARK%HALLMARK_INTERFERON_ALPHA_RESPONSE		86	-0.53707534	-1.8141499	0.0	0.015122039	0.9275	3120	tags=40%, list=21%, signal=50%	
AMINO ACIDS REGULATE MTORC1%REACTOME%R-HSA-9639288.3	AMINO ACIDS REGULATE MTORC1%REACTOME%R-HSA-9639288.3		52	-0.58337826	-1.8138273	0.0	0.0151204895	0.9275	2594	tags=38%, list=17%, signal=46%	
BRANCHED-CHAIN AMINO ACID METABOLIC PROCESS%GOBP%GO:0009081	BRANCHED-CHAIN AMINO ACID METABOLIC PROCESS%GOBP%GO:0009081		23	-0.68365437	-1.8123684	0.0019860973	0.01536537	0.9305	3216	tags=57%, list=21%, signal=72%	
UBIQUITIN–PROTEASOME PATHWAY%SMPDB%SMP0063816	UBIQUITIN–PROTEASOME PATHWAY%SMPDB%SMP0063816		27	-0.66947436	-1.81208	0.0021436226	0.015337836	0.9315	2818	tags=59%, list=19%, signal=73%	
NITRIC OXIDE BIOSYNTHETIC PROCESS%GOBP%GO:0006809	NITRIC OXIDE BIOSYNTHETIC PROCESS%GOBP%GO:0006809		16	-0.7518118	-1.8117793	0.0010214505	0.01530219	0.9325	1376	tags=38%, list=9%, signal=41%	
DISEASES OF IMMUNE SYSTEM%REACTOME DATABASE ID RELEASE 95%5260271	DISEASES OF IMMUNE SYSTEM%REACTOME DATABASE ID RELEASE 95%5260271		30	-0.6531437	-1.811285	0.0020325202	0.015335409	0.9335	3726	tags=50%, list=25%, signal=66%	
CELLULAR RESPONSE TO LIPOPROTEIN PARTICLE STIMULUS%GOBP%GO:0071402	CELLULAR RESPONSE TO LIPOPROTEIN PARTICLE STIMULUS%GOBP%GO:0071402		30	-0.6445443	-1.8090131	0.001019368	0.0157845	0.9395	2881	tags=47%, list=19%, signal=58%	
MAPLE SYRUP URINE DISEASE%PATHWHIZ%PW000064	MAPLE SYRUP URINE DISEASE%PATHWHIZ%PW000064		26	-0.6762383	-1.8089792	0.0010152285	0.015711783	0.9395	1583	tags=42%, list=11%, signal=47%	
ALPHA-AMINO ACID BIOSYNTHETIC PROCESS%GOBP%GO:1901607	ALPHA-AMINO ACID BIOSYNTHETIC PROCESS%GOBP%GO:1901607		33	-0.6342341	-1.8087318	0.0	0.015688518	0.94	1781	tags=39%, list=12%, signal=45%	
AMINO ACID BIOSYNTHETIC PROCESS%GOBP%GO:0008652	AMINO ACID BIOSYNTHETIC PROCESS%GOBP%GO:0008652		38	-0.61242485	-1.8063207	0.0010214505	0.016217852	0.947	1781	tags=37%, list=12%, signal=42%	
MITOCHONDRIAL COMPLEX II DEFICIENCY%PATHWHIZ%PW000524	MITOCHONDRIAL COMPLEX II DEFICIENCY%PATHWHIZ%PW000524		21	-0.6972384	-1.8058783	0.0020283975	0.016237823	0.947	1673	tags=33%, list=11%, signal=37%	
CELLULAR RESPONSE TO HYPOXIA%REACTOME DATABASE ID RELEASE 95%1234174	CELLULAR RESPONSE TO HYPOXIA%REACTOME DATABASE ID RELEASE 95%1234174		60	-0.56198776	-1.8056092	0.0	0.016209811	0.947	2818	tags=42%, list=19%, signal=51%	
3-HYDROXY-3-METHYLGLUTARYL-COA LYASE DEFICIENCY%PATHWHIZ%PW000063	3-HYDROXY-3-METHYLGLUTARYL-COA LYASE DEFICIENCY%PATHWHIZ%PW000063		26	-0.6762383	-1.8041829	0.0031120332	0.016463388	0.9505	1583	tags=42%, list=11%, signal=47%	
HALLMARK_ADIPOGENESIS%MSIGDBHALLMARK%HALLMARK_ADIPOGENESIS	HALLMARK_ADIPOGENESIS%MSIGDBHALLMARK%HALLMARK_ADIPOGENESIS		160	-0.48778898	-1.8035388	0.0	0.016537417	0.9515	3189	tags=41%, list=21%, signal=52%	
TRNA AMINOACYLATION FOR PROTEIN TRANSLATION%GOBP%GO:0006418	TRNA AMINOACYLATION FOR PROTEIN TRANSLATION%GOBP%GO:0006418		41	-0.59423673	-1.802976	0.0	0.016571706	0.952	3449	tags=41%, list=23%, signal=54%	
INSULIN RECEPTOR RECYCLING%REACTOME DATABASE ID RELEASE 95%77387	INSULIN RECEPTOR RECYCLING%REACTOME DATABASE ID RELEASE 95%77387		26	-0.6651496	-1.8024213	0.0029498525	0.016602764	0.9535	1912	tags=46%, list=13%, signal=53%	
REGULATION OF ORNITHINE DECARBOXYLASE (ODC)%REACTOME%R-HSA-350562.6	REGULATION OF ORNITHINE DECARBOXYLASE (ODC)%REACTOME%R-HSA-350562.6		38	-0.6121782	-1.8012463	0.0019455253	0.016837131	0.9565	2818	tags=50%, list=19%, signal=61%	
TRIGLYCERIDE METABOLIC PROCESS%GOBP%GO:0006641	TRIGLYCERIDE METABOLIC PROCESS%GOBP%GO:0006641		42	-0.6048108	-1.7970366	0.0	0.01785511	0.9655	3349	tags=48%, list=22%, signal=61%	
NADH DEHYDROGENASE COMPLEX ASSEMBLY%GOBP%GO:0010257	NADH DEHYDROGENASE COMPLEX ASSEMBLY%GOBP%GO:0010257		38	-0.6119449	-1.7940778	0.0010416667	0.018520372	0.9685	3636	tags=58%, list=24%, signal=76%	
FUMARASE DEFICIENCY%SMPDB%SMP0000547	FUMARASE DEFICIENCY%SMPDB%SMP0000547		21	-0.6972384	-1.7933642	0.004970179	0.018636534	0.9705	1673	tags=33%, list=11%, signal=37%	
INTRACELLULAR PH REDUCTION%GOBP%GO:0051452	INTRACELLULAR PH REDUCTION%GOBP%GO:0051452		45	-0.58956355	-1.7921991	0.0	0.018862588	0.972	1823	tags=36%, list=12%, signal=40%	
MULTIVESICULAR BODY SORTING PATHWAY%GOBP%GO:0071985	MULTIVESICULAR BODY SORTING PATHWAY%GOBP%GO:0071985		47	-0.58846337	-1.7917339	0.001003009	0.018902466	0.972	3141	tags=36%, list=21%, signal=46%	
BRANCHED-CHAIN AMINO ACID CATABOLISM%REACTOME DATABASE ID RELEASE 95%70895	BRANCHED-CHAIN AMINO ACID CATABOLISM%REACTOME DATABASE ID RELEASE 95%70895		20	-0.705471	-1.7916249	0.0030800821	0.018850846	0.972	2972	tags=55%, list=20%, signal=68%	
HALLMARK_MTORC1_SIGNALING%MSIGDBHALLMARK%HALLMARK_MTORC1_SIGNALING	HALLMARK_MTORC1_SIGNALING%MSIGDBHALLMARK%HALLMARK_MTORC1_SIGNALING		148	-0.48764417	-1.78962	0.0	0.019224236	0.9755	2388	tags=32%, list=16%, signal=37%	
ENDOSOME TRANSPORT VIA MULTIVESICULAR BODY SORTING PATHWAY%GOBP%GO:0032509	ENDOSOME TRANSPORT VIA MULTIVESICULAR BODY SORTING PATHWAY%GOBP%GO:0032509		41	-0.59829766	-1.7894678	0.0010330578	0.019174082	0.9765	3141	tags=37%, list=21%, signal=46%	
AMINO ACID ACTIVATION%GOBP%GO:0043038	AMINO ACID ACTIVATION%GOBP%GO:0043038		44	-0.5914304	-1.7886993	0.0010245901	0.019281857	0.9775	3449	tags=41%, list=23%, signal=53%	
LYTIC VACUOLE ORGANIZATION%GOBP%GO:0080171	LYTIC VACUOLE ORGANIZATION%GOBP%GO:0080171		95	-0.51880115	-1.7885861	0.0	0.01921219	0.9775	2667	tags=35%, list=18%, signal=42%	
CONGENITAL LACTIC ACIDOSIS%PATHWHIZ%PW000522	CONGENITAL LACTIC ACIDOSIS%PATHWHIZ%PW000522		21	-0.6972384	-1.7875087	0.0030800821	0.019407941	0.979	1673	tags=33%, list=11%, signal=37%	
MITOCHONDRIAL MEMBRANE ORGANIZATION%GOBP%GO:0007006	MITOCHONDRIAL MEMBRANE ORGANIZATION%GOBP%GO:0007006		52	-0.5755774	-1.7853442	0.0	0.01983415	0.981	4095	tags=54%, list=27%, signal=74%	
SULFUR COMPOUND BIOSYNTHETIC PROCESS%GOBP%GO:0044272	SULFUR COMPOUND BIOSYNTHETIC PROCESS%GOBP%GO:0044272		82	-0.5279208	-1.7835537	0.0	0.02022658	0.984	2239	tags=33%, list=15%, signal=38%	
MALONIC ACIDURIA%SMPDB%SMP0000198	MALONIC ACIDURIA%SMPDB%SMP0000198		16	-0.72255623	-1.7835213	0.0030864198	0.020151371	0.984	2668	tags=56%, list=18%, signal=68%	
RESPONSE TO LIPOPROTEIN PARTICLE%GOBP%GO:0055094	RESPONSE TO LIPOPROTEIN PARTICLE%GOBP%GO:0055094		25	-0.66271734	-1.7831174	9.910803E-4	0.020171631	0.985	2881	tags=52%, list=19%, signal=64%	
MITOCHONDRIAL PROTEIN IMPORT%REACTOME DATABASE ID RELEASE 95%1268020	MITOCHONDRIAL PROTEIN IMPORT%REACTOME DATABASE ID RELEASE 95%1268020		62	-0.55152375	-1.7829703	0.0	0.0201263	0.9855	4216	tags=53%, list=28%, signal=74%	
ISOPRENOID METABOLIC PROCESS%GOBP%GO:0006720	ISOPRENOID METABOLIC PROCESS%GOBP%GO:0006720		71	-0.54242355	-1.7820283	0.001010101	0.02030363	0.9855	880	tags=20%, list=6%, signal=21%	
METABOLIC REPROGRAMMING IN COLON CANCER%WIKIPATHWAYS_20260211%WP4290%HOMO SAPIENS	METABOLIC REPROGRAMMING IN COLON CANCER%WIKIPATHWAYS_20260211%WP4290%HOMO SAPIENS		22	-0.6791216	-1.7817811	0.0041194647	0.02026529	0.9855	3092	tags=45%, list=21%, signal=57%	
REGULATION OF VASCULOGENESIS%GOBP%GO:2001212	REGULATION OF VASCULOGENESIS%GOBP%GO:2001212		16	-0.73593336	-1.7813731	0.0021030493	0.020308303	0.9855	3198	tags=75%, list=21%, signal=95%	
FATTY ACID BETA OXIDATION%WIKIPATHWAYS_20260211%WP143%HOMO SAPIENS	FATTY ACID BETA OXIDATION%WIKIPATHWAYS_20260211%WP143%HOMO SAPIENS		25	-0.66472936	-1.7791874	0.0	0.020920545	0.988	3020	tags=48%, list=20%, signal=60%	
CROSS-PRESENTATION OF SOLUBLE EXOGENOUS ANTIGENS (ENDOSOMES)%REACTOME DATABASE ID RELEASE 95%1236978	CROSS-PRESENTATION OF SOLUBLE EXOGENOUS ANTIGENS (ENDOSOMES)%REACTOME DATABASE ID RELEASE 95%1236978		42	-0.5922737	-1.7784644	0.0030895984	0.021052463	0.988	3022	tags=57%, list=20%, signal=71%	
REGULATION OF MITOCHONDRIAL MEMBRANE PERMEABILITY%GOBP%GO:0046902	REGULATION OF MITOCHONDRIAL MEMBRANE PERMEABILITY%GOBP%GO:0046902		35	-0.62060773	-1.7779572	0.0020703934	0.021091804	0.9885	1934	tags=37%, list=13%, signal=43%	
POSITIVE REGULATION OF TRIGLYCERIDE METABOLIC PROCESS%GOBP%GO:0090208	POSITIVE REGULATION OF TRIGLYCERIDE METABOLIC PROCESS%GOBP%GO:0090208		16	-0.7424659	-1.7779227	0.0030487804	0.021004029	0.9885	1793	tags=50%, list=12%, signal=57%	
PYRUVATE DEHYDROGENASE DEFICIENCY (E3)%SMPDB%SMP0000550	PYRUVATE DEHYDROGENASE DEFICIENCY (E3)%SMPDB%SMP0000550		21	-0.6972384	-1.777788	0.001010101	0.02094971	0.9885	1673	tags=33%, list=11%, signal=37%	
MITOCHONDRIAL RESPIRATORY CHAIN COMPLEX I ASSEMBLY%GOBP%GO:0032981	MITOCHONDRIAL RESPIRATORY CHAIN COMPLEX I ASSEMBLY%GOBP%GO:0032981		38	-0.6119449	-1.7764505	0.0	0.02129209	0.9885	3636	tags=58%, list=24%, signal=76%	
GSK3B-MEDIATED PROTEASOMAL DEGRADATION OF PD-L1(CD274)%REACTOME DATABASE ID RELEASE 95%9929356	GSK3B-MEDIATED PROTEASOMAL DEGRADATION OF PD-L1(CD274)%REACTOME DATABASE ID RELEASE 95%9929356		44	-0.59179366	-1.7754194	0.002	0.021475932	0.989	2818	tags=48%, list=19%, signal=59%	
PROTEINOGENIC AMINO ACID CATABOLIC PROCESS%GOBP%GO:0170040	PROTEINOGENIC AMINO ACID CATABOLIC PROCESS%GOBP%GO:0170040		52	-0.57571495	-1.7747508	0.0	0.02156604	0.99	2538	tags=35%, list=17%, signal=42%	
POSITIVE REGULATION OF MEMBRANE PERMEABILITY%GOBP%GO:1905710	POSITIVE REGULATION OF MEMBRANE PERMEABILITY%GOBP%GO:1905710		21	-0.69203454	-1.7739563	0.005165289	0.021714868	0.99	1913	tags=38%, list=13%, signal=44%	
LYSOSOME ORGANIZATION%GOBP%GO:0007040	LYSOSOME ORGANIZATION%GOBP%GO:0007040		95	-0.51880115	-1.7739314	0.0	0.021631312	0.99	2667	tags=35%, list=18%, signal=42%	
PROTEINOGENIC AMINO ACID BIOSYNTHETIC PROCESS%GOBP%GO:0170038	PROTEINOGENIC AMINO ACID BIOSYNTHETIC PROCESS%GOBP%GO:0170038		30	-0.6356783	-1.7688799	0.0	0.02299943	0.9935	1781	tags=40%, list=12%, signal=45%	
TRNA AMINOACYLATION%GOBP%GO:0043039	TRNA AMINOACYLATION%GOBP%GO:0043039		44	-0.5914304	-1.7683321	9.746589E-4	0.023045192	0.9935	3449	tags=41%, list=23%, signal=53%	
GLYCEROLIPIDS AND GLYCEROPHOSPHOLIPIDS%WIKIPATHWAYS_20260211%WP4722%HOMO SAPIENS	GLYCEROLIPIDS AND GLYCEROPHOSPHOLIPIDS%WIKIPATHWAYS_20260211%WP4722%HOMO SAPIENS		20	-0.69842297	-1.7671837	0.0031152647	0.023262735	0.9935	2491	tags=50%, list=17%, signal=60%	
NEGATIVE REGULATION OF NOTCH4 SIGNALING%REACTOME DATABASE ID RELEASE 95%9604323	NEGATIVE REGULATION OF NOTCH4 SIGNALING%REACTOME DATABASE ID RELEASE 95%9604323		43	-0.58514285	-1.7644316	0.001	0.024069164	0.9945	4566	tags=70%, list=30%, signal=100%	
ALPHA-AMINO ACID METABOLIC PROCESS%GOBP%GO:1901605	ALPHA-AMINO ACID METABOLIC PROCESS%GOBP%GO:1901605		132	-0.48787856	-1.7628324	0.0	0.024450984	0.996	2431	tags=31%, list=16%, signal=37%	
ORGANOPHOSPHATE BIOSYNTHETIC PROCESS%GOBP%GO:0090407	ORGANOPHOSPHATE BIOSYNTHETIC PROCESS%GOBP%GO:0090407		461	-0.42943376	-1.7604067	0.0	0.025173055	0.997	3381	tags=37%, list=23%, signal=46%	
THE ONCOGENIC ACTION OF L-2-HYDROXYGLUTARATE IN HYDROXYGLUTARIC ACIDURIA%PATHWHIZ%PW002451	THE ONCOGENIC ACTION OF L-2-HYDROXYGLUTARATE IN HYDROXYGLUTARIC ACIDURIA%PATHWHIZ%PW002451		26	-0.6496052	-1.7588651	0.0020449897	0.025559176	0.9975	4262	tags=58%, list=28%, signal=80%	
RESPONSE TO EXOGENOUS DSRNA%GOBP%GO:0043330	RESPONSE TO EXOGENOUS DSRNA%GOBP%GO:0043330		17	-0.71006054	-1.7573247	0.001998002	0.026035754	0.998	3146	tags=59%, list=21%, signal=74%	
GSK3B AND BTRC:CUL1-MEDIATED-DEGRADATION OF NFE2L2%REACTOME DATABASE ID RELEASE 95%9762114	GSK3B AND BTRC:CUL1-MEDIATED-DEGRADATION OF NFE2L2%REACTOME DATABASE ID RELEASE 95%9762114		42	-0.58089745	-1.7566917	0.0020833334	0.02609679	0.998	2818	tags=48%, list=19%, signal=58%	
MALONYL-COA DECARBOXYLASE DEFICIENCY%PATHWHIZ%PW000478	MALONYL-COA DECARBOXYLASE DEFICIENCY%PATHWHIZ%PW000478		16	-0.72255623	-1.7555025	0.0020618557	0.026417524	0.9985	2668	tags=56%, list=18%, signal=68%	
PAUSING AND RECOVERY OF HIV ELONGATION%REACTOME DATABASE ID RELEASE 95%167290	PAUSING AND RECOVERY OF HIV ELONGATION%REACTOME DATABASE ID RELEASE 95%167290		32	-0.61878407	-1.7553979	0.002997003	0.026349533	0.9985	2595	tags=28%, list=17%, signal=34%	
ATP METABOLIC PROCESS%GOBP%GO:0046034	ATP METABOLIC PROCESS%GOBP%GO:0046034		121	-0.49298155	-1.7543224	0.0	0.026624473	0.9985	3755	tags=50%, list=25%, signal=66%	
AUTODEGRADATION OF THE E3 UBIQUITIN LIGASE COP1%REACTOME%R-HSA-349425.4	AUTODEGRADATION OF THE E3 UBIQUITIN LIGASE COP1%REACTOME%R-HSA-349425.4		39	-0.59794825	-1.7537183	0.0010471204	0.026731938	0.9995	2818	tags=49%, list=19%, signal=60%	
NUTRIENT STORAGE%GOBP%GO:0170062	NUTRIENT STORAGE%GOBP%GO:0170062		28	-0.6339816	-1.7532145	0.0039800997	0.026795512	0.9995	3902	tags=64%, list=26%, signal=87%	
NONALCOHOLIC FATTY LIVER DISEASE%WIKIPATHWAYS_20260211%WP4396%HOMO SAPIENS	NONALCOHOLIC FATTY LIVER DISEASE%WIKIPATHWAYS_20260211%WP4396%HOMO SAPIENS		117	-0.49152905	-1.7524332	0.0	0.026984114	0.9995	3636	tags=48%, list=24%, signal=63%	
REGULATION OF INTRACELLULAR PH%GOBP%GO:0051453	REGULATION OF INTRACELLULAR PH%GOBP%GO:0051453		74	-0.52339697	-1.7514035	0.0	0.027230842	0.9995	1823	tags=30%, list=12%, signal=34%	
CELLULAR RESPONSE TO LOW-DENSITY LIPOPROTEIN PARTICLE STIMULUS%GOBP%GO:0071404	CELLULAR RESPONSE TO LOW-DENSITY LIPOPROTEIN PARTICLE STIMULUS%GOBP%GO:0071404		25	-0.66271734	-1.7511687	0.0	0.027201917	0.9995	2881	tags=52%, list=19%, signal=64%	
FATTY-ACYL-COA METABOLIC PROCESS%GOBP%GO:0035337	FATTY-ACYL-COA METABOLIC PROCESS%GOBP%GO:0035337		39	-0.6018586	-1.7502766	0.0029126212	0.027390918	0.9995	2855	tags=46%, list=19%, signal=57%	
POSITIVE REGULATION OF REGULATED SECRETORY PATHWAY%GOBP%GO:1903307	POSITIVE REGULATION OF REGULATED SECRETORY PATHWAY%GOBP%GO:1903307		31	-0.6143436	-1.7486268	0.001002004	0.027856447	0.9995	2045	tags=39%, list=14%, signal=45%	
REGULATION OF INSULIN RECEPTOR SIGNALING PATHWAY%GOBP%GO:0046626	REGULATION OF INSULIN RECEPTOR SIGNALING PATHWAY%GOBP%GO:0046626		47	-0.5746725	-1.748345	0.0031380753	0.027859299	0.9995	2694	tags=36%, list=18%, signal=44%	
REGULATION OF MACROAUTOPHAGY%GOBP%GO:0016241	REGULATION OF MACROAUTOPHAGY%GOBP%GO:0016241		173	-0.47063416	-1.7477037	0.0	0.027971644	0.9995	2559	tags=28%, list=17%, signal=33%	
FATTY ACID METABOLIC PROCESS%GOBP%GO:0006631	FATTY ACID METABOLIC PROCESS%GOBP%GO:0006631		218	-0.4573469	-1.7474446	0.0	0.027982341	0.9995	2972	tags=36%, list=20%, signal=45%	
THE ONCOGENIC ACTION OF 2-HYDROXYGLUTARATE%SMPDB%SMP0002291	THE ONCOGENIC ACTION OF 2-HYDROXYGLUTARATE%SMPDB%SMP0002291		24	-0.6556997	-1.7469289	0.0030832477	0.028070282	0.9995	4262	tags=63%, list=28%, signal=87%	
METABOLIC EPILEPTIC DISORDERS%WIKIPATHWAYS_20260211%WP5355%HOMO SAPIENS	METABOLIC EPILEPTIC DISORDERS%WIKIPATHWAYS_20260211%WP5355%HOMO SAPIENS		60	-0.5428976	-1.7464839	0.0020181634	0.028103802	0.9995	2195	tags=35%, list=15%, signal=41%	
ALCOHOL CATABOLIC PROCESS%GOBP%GO:0046164	ALCOHOL CATABOLIC PROCESS%GOBP%GO:0046164		17	-0.7190649	-1.7459415	0.0050968397	0.028176919	0.9995	1085	tags=35%, list=7%, signal=38%	
FORMATION OF ATP BY CHEMIOSMOTIC COUPLING%REACTOME DATABASE ID RELEASE 95%163210	FORMATION OF ATP BY CHEMIOSMOTIC COUPLING%REACTOME DATABASE ID RELEASE 95%163210		20	-0.6918682	-1.743453	0.003058104	0.028957974	0.9995	4296	tags=90%, list=29%, signal=126%	
CELLULAR RESPONSE TO INTERLEUKIN-6%GOBP%GO:0071354	CELLULAR RESPONSE TO INTERLEUKIN-6%GOBP%GO:0071354		22	-0.6701245	-1.7416662	0.0030674846	0.02954806	0.9995	1615	tags=32%, list=11%, signal=36%	
IRAK4 DEFICIENCY (TLR2 4)%REACTOME DATABASE ID RELEASE 95%5603041	IRAK4 DEFICIENCY (TLR2 4)%REACTOME DATABASE ID RELEASE 95%5603041		16	-0.719669	-1.7413374	0.006048387	0.029558877	0.9995	3473	tags=69%, list=23%, signal=89%	
FBXL7 DOWN-REGULATES AURKA DURING MITOTIC ENTRY AND IN EARLY MITOSIS%REACTOME DATABASE ID RELEASE 95%8854050	FBXL7 DOWN-REGULATES AURKA DURING MITOTIC ENTRY AND IN EARLY MITOSIS%REACTOME DATABASE ID RELEASE 95%8854050		42	-0.5789031	-1.7409118	0.0021074815	0.029590009	0.9995	2818	tags=48%, list=19%, signal=58%	
HEDGEHOG LIGAND BIOGENESIS%REACTOME%R-HSA-5358346.2	HEDGEHOG LIGAND BIOGENESIS%REACTOME%R-HSA-5358346.2		52	-0.55525184	-1.7396797	0.0020920502	0.029898427	0.9995	4365	tags=60%, list=29%, signal=84%	
MITOCHONDRIAL ELECTRON TRANSPORT, CYTOCHROME C TO OXYGEN%GOBP%GO:0006123	MITOCHONDRIAL ELECTRON TRANSPORT, CYTOCHROME C TO OXYGEN%GOBP%GO:0006123		15	-0.73091906	-1.7389897	0.003988036	0.030048104	0.9995	3523	tags=80%, list=23%, signal=104%	
THE ONCOGENIC ACTION OF D-2-HYDROXYGLUTARATE IN HYDROXYGLUTARIC ACIDURIA%SMPDB%SMP0002359	THE ONCOGENIC ACTION OF D-2-HYDROXYGLUTARATE IN HYDROXYGLUTARIC ACIDURIA%SMPDB%SMP0002359		27	-0.64222705	-1.7366185	0.004158004	0.03080406	0.9995	4262	tags=56%, list=28%, signal=77%	
POSITIVE REGULATION OF INNATE IMMUNE RESPONSE%GOBP%GO:0045089	POSITIVE REGULATION OF INNATE IMMUNE RESPONSE%GOBP%GO:0045089		259	-0.447288	-1.7365891	0.0	0.030713338	0.9995	2672	tags=28%, list=18%, signal=34%	
POSITIVE REGULATION OF TYPE II INTERFERON PRODUCTION%GOBP%GO:0032729	POSITIVE REGULATION OF TYPE II INTERFERON PRODUCTION%GOBP%GO:0032729		60	-0.5450133	-1.7363106	0.0	0.030697433	0.9995	3148	tags=47%, list=21%, signal=59%	
REGULATION OF MITOPHAGY%GOBP%GO:1901524	REGULATION OF MITOPHAGY%GOBP%GO:1901524		35	-0.61171615	-1.7356282	0.002042901	0.03084588	0.9995	2435	tags=40%, list=16%, signal=48%	
REGULATION OF TYPE I INTERFERON PRODUCTION%GOBP%GO:0032479	REGULATION OF TYPE I INTERFERON PRODUCTION%GOBP%GO:0032479		113	-0.48843995	-1.7351991	0.0	0.03092924	0.9995	3146	tags=34%, list=21%, signal=42%	
TAT-MEDIATED HIV ELONGATION ARREST AND RECOVERY%REACTOME DATABASE ID RELEASE 95%167243	TAT-MEDIATED HIV ELONGATION ARREST AND RECOVERY%REACTOME DATABASE ID RELEASE 95%167243		30	-0.62033355	-1.733849	9.96016E-4	0.03133838	0.9995	2595	tags=30%, list=17%, signal=36%	
PAUSING AND RECOVERY OF TAT-MEDIATED HIV ELONGATION%REACTOME DATABASE ID RELEASE 95%167238	PAUSING AND RECOVERY OF TAT-MEDIATED HIV ELONGATION%REACTOME DATABASE ID RELEASE 95%167238		30	-0.62033355	-1.7328472	0.0051282053	0.031595215	0.9995	2595	tags=30%, list=17%, signal=36%	
MATURATION OF TCA ENZYMES AND REGULATION OF TCA CYCLE%REACTOME DATABASE ID RELEASE 95%9854311	MATURATION OF TCA ENZYMES AND REGULATION OF TCA CYCLE%REACTOME DATABASE ID RELEASE 95%9854311		18	-0.6910698	-1.7320936	0.004241782	0.03174574	0.9995	2813	tags=39%, list=19%, signal=48%	
REGULATION OF CELLULAR RESPIRATION%GOBP%GO:0043457	REGULATION OF CELLULAR RESPIRATION%GOBP%GO:0043457		32	-0.61617696	-1.7318944	0.001998002	0.031701114	0.9995	1957	tags=25%, list=13%, signal=29%	
METHYLMALONIC ACIDURIA DUE TO COBALAMIN-RELATED DISORDERS%PATHWHIZ%PW000208	METHYLMALONIC ACIDURIA DUE TO COBALAMIN-RELATED DISORDERS%PATHWHIZ%PW000208		16	-0.72255623	-1.7318177	0.0010427529	0.031613775	0.9995	2668	tags=56%, list=18%, signal=68%	
INTRACELLULAR LIPID TRANSPORT%GOBP%GO:0032365	INTRACELLULAR LIPID TRANSPORT%GOBP%GO:0032365		37	-0.5958131	-1.7317172	0.0	0.031534854	0.9995	3607	tags=41%, list=24%, signal=53%	
HIV ELONGATION ARREST AND RECOVERY%REACTOME DATABASE ID RELEASE 95%167287	HIV ELONGATION ARREST AND RECOVERY%REACTOME DATABASE ID RELEASE 95%167287		32	-0.61878407	-1.7316948	0.003030303	0.031435028	0.9995	2595	tags=28%, list=17%, signal=34%	
DEFECTIVE CFTR CAUSES CYSTIC FIBROSIS%REACTOME%R-HSA-5678895.5	DEFECTIVE CFTR CAUSES CYSTIC FIBROSIS%REACTOME%R-HSA-5678895.5		48	-0.56429064	-1.7305466	0.0029821075	0.0317542	1.0	4365	tags=63%, list=29%, signal=88%	
POSITIVE REGULATION OF EXOCYTOSIS%GOBP%GO:0045921	POSITIVE REGULATION OF EXOCYTOSIS%GOBP%GO:0045921		63	-0.5366534	-1.7303149	0.0	0.031743024	1.0	3043	tags=41%, list=20%, signal=52%	
NADP+ METABOLIC PROCESS%GOBP%GO:0006739	NADP+ METABOLIC PROCESS%GOBP%GO:0006739		24	-0.6470284	-1.7299634	0.00708502	0.03177066	1.0	1469	tags=33%, list=10%, signal=37%	
ANTIGEN PROCESSING-CROSS PRESENTATION%REACTOME DATABASE ID RELEASE 95%1236975	ANTIGEN PROCESSING-CROSS PRESENTATION%REACTOME DATABASE ID RELEASE 95%1236975		96	-0.50349724	-1.7288059	0.0	0.0321518	1.0	3022	tags=47%, list=20%, signal=58%	
EARLY ENDOSOME TO LATE ENDOSOME TRANSPORT%GOBP%GO:0045022	EARLY ENDOSOME TO LATE ENDOSOME TRANSPORT%GOBP%GO:0045022		23	-0.65380883	-1.7287545	0.004052685	0.032051597	1.0	2375	tags=35%, list=16%, signal=41%	
DEGRADATION OF AXIN%REACTOME%R-HSA-4641257.3	DEGRADATION OF AXIN%REACTOME%R-HSA-4641257.3		42	-0.5804408	-1.7261618	0.0020325202	0.032946363	1.0	4365	tags=62%, list=29%, signal=87%	
INHIBITION OF EXOSOME BIOGENESIS AND SECRETION BY MANUMYCIN A IN CRPC CELLS%WIKIPATHWAYS_20260211%WP4301%HOMO SAPIENS	INHIBITION OF EXOSOME BIOGENESIS AND SECRETION BY MANUMYCIN A IN CRPC CELLS%WIKIPATHWAYS_20260211%WP4301%HOMO SAPIENS		17	-0.7003113	-1.7260469	0.008342023	0.03286122	1.0	983	tags=29%, list=7%, signal=31%	
POSITIVE REGULATION OF PATTERN RECOGNITION RECEPTOR SIGNALING PATHWAY%GOBP%GO:0062208	POSITIVE REGULATION OF PATTERN RECOGNITION RECEPTOR SIGNALING PATHWAY%GOBP%GO:0062208		71	-0.5238172	-1.7259537	0.002034588	0.032776695	1.0	2970	tags=28%, list=20%, signal=35%	
MYD88 DEFICIENCY (TLR2 4)%REACTOME DATABASE ID RELEASE 95%5602498	MYD88 DEFICIENCY (TLR2 4)%REACTOME DATABASE ID RELEASE 95%5602498		15	-0.7240177	-1.7257026	0.0061099795	0.03277726	1.0	3473	tags=73%, list=23%, signal=95%	
LEUKOCYTE MEDIATED CYTOTOXICITY%GOBP%GO:0001909	LEUKOCYTE MEDIATED CYTOTOXICITY%GOBP%GO:0001909		44	-0.5723589	-1.7254905	9.6061477E-4	0.0327461	1.0	3362	tags=50%, list=22%, signal=64%	
REGULATION OF LEUKOCYTE MEDIATED IMMUNITY%GOBP%GO:0002703	REGULATION OF LEUKOCYTE MEDIATED IMMUNITY%GOBP%GO:0002703		177	-0.46149242	-1.7252927	0.0	0.032700054	1.0	3184	tags=36%, list=21%, signal=45%	
MTORC1-MEDIATED SIGNALLING%REACTOME DATABASE ID RELEASE 95%166208	MTORC1-MEDIATED SIGNALLING%REACTOME DATABASE ID RELEASE 95%166208		24	-0.64610934	-1.7247038	0.011022044	0.032820232	1.0	3062	tags=42%, list=20%, signal=52%	
POSITIVE REGULATION OF INTERLEUKIN-1 BETA PRODUCTION%GOBP%GO:0032731	POSITIVE REGULATION OF INTERLEUKIN-1 BETA PRODUCTION%GOBP%GO:0032731		52	-0.55607384	-1.7231791	0.0010235414	0.033274442	1.0	3304	tags=50%, list=22%, signal=64%	
AUF1 (HNRNP D0) BINDS AND DESTABILIZES MRNA%REACTOME DATABASE ID RELEASE 95%450408	AUF1 (HNRNP D0) BINDS AND DESTABILIZES MRNA%REACTOME DATABASE ID RELEASE 95%450408		41	-0.57495856	-1.722731	0.0010111224	0.033332583	1.0	2818	tags=44%, list=19%, signal=54%	
POSITIVE REGULATION OF RESPONSE TO BIOTIC STIMULUS%GOBP%GO:0002833	POSITIVE REGULATION OF RESPONSE TO BIOTIC STIMULUS%GOBP%GO:0002833		277	-0.43815047	-1.7225355	0.0	0.033290718	1.0	2747	tags=29%, list=18%, signal=34%	
PURINE-CONTAINING COMPOUND METABOLIC PROCESS%GOBP%GO:0072521	PURINE-CONTAINING COMPOUND METABOLIC PROCESS%GOBP%GO:0072521		360	-0.42901704	-1.7219318	0.0	0.033437215	1.0	3395	tags=41%, list=23%, signal=51%	
REGULATION OF CELLULAR PH%GOBP%GO:0030641	REGULATION OF CELLULAR PH%GOBP%GO:0030641		75	-0.5178401	-1.7198201	0.0	0.034150183	1.0	1823	tags=29%, list=12%, signal=33%	
LIPID STORAGE%GOBP%GO:0019915	LIPID STORAGE%GOBP%GO:0019915		27	-0.6284527	-1.7194741	0.007157464	0.034174144	1.0	3902	tags=63%, list=26%, signal=85%	
TRNA CHARGING%BIOCYC%TRNA-CHARGING-PWY	TRNA CHARGING%BIOCYC%TRNA-CHARGING-PWY		38	-0.58776927	-1.7185539	0.001048218	0.034472466	1.0	3722	tags=42%, list=25%, signal=56%	
MONOCARBOXYLIC ACID METABOLIC PROCESS%GOBP%GO:0032787	MONOCARBOXYLIC ACID METABOLIC PROCESS%GOBP%GO:0032787		333	-0.42947602	-1.7184398	0.0	0.034385912	1.0	2239	tags=27%, list=15%, signal=31%	
DEFENSE RESPONSE TO BACTERIUM%GOBP%GO:0042742	DEFENSE RESPONSE TO BACTERIUM%GOBP%GO:0042742		150	-0.46721122	-1.7181828	0.0	0.034414012	1.0	2970	tags=37%, list=20%, signal=46%	
DEFENSE RESPONSE TO FUNGUS%GOBP%GO:0050832	DEFENSE RESPONSE TO FUNGUS%GOBP%GO:0050832		18	-0.69234324	-1.7177991	0.008230452	0.034418445	1.0	3148	tags=61%, list=21%, signal=77%	
PLATELET DENSE GRANULE ORGANIZATION%GOBP%GO:0060155	PLATELET DENSE GRANULE ORGANIZATION%GOBP%GO:0060155		23	-0.6579861	-1.7168154	0.008032128	0.034687907	1.0	1914	tags=39%, list=13%, signal=45%	
PROPANOATE METABOLISM%SMPDB%SMP0000016	PROPANOATE METABOLISM%SMPDB%SMP0000016		16	-0.72255623	-1.7165359	0.0060301507	0.034691174	1.0	2668	tags=56%, list=18%, signal=68%	
POSITIVE REGULATION OF DEFENSE RESPONSE%GOBP%GO:0031349	POSITIVE REGULATION OF DEFENSE RESPONSE%GOBP%GO:0031349		362	-0.42724153	-1.7161732	0.0	0.03472657	1.0	2780	tags=28%, list=19%, signal=34%	
SULFUR COMPOUND CATABOLIC PROCESS%GOBP%GO:0044273	SULFUR COMPOUND CATABOLIC PROCESS%GOBP%GO:0044273		28	-0.6215269	-1.7147045	0.00407332	0.03523214	1.0	1967	tags=46%, list=13%, signal=53%	
HH MUTANTS ABROGATE LIGAND SECRETION%REACTOME DATABASE ID RELEASE 95%5387390	HH MUTANTS ABROGATE LIGAND SECRETION%REACTOME DATABASE ID RELEASE 95%5387390		46	-0.56616133	-1.7143399	0.0010341262	0.035288513	1.0	4365	tags=63%, list=29%, signal=89%	
REGULATION OF STEROL TRANSPORT%GOBP%GO:0032371	REGULATION OF STEROL TRANSPORT%GOBP%GO:0032371		45	-0.5667747	-1.7110324	0.0020470829	0.036509544	1.0	1793	tags=29%, list=12%, signal=33%	
LAMIVUDINE METABOLISM PATHWAY%PATHWHIZ%PW000625	LAMIVUDINE METABOLISM PATHWAY%PATHWHIZ%PW000625		16	-0.7118759	-1.7098012	0.006048387	0.036924876	1.0	1447	tags=44%, list=10%, signal=48%	
PHOSPHOLIPID BIOSYNTHETIC PROCESS%GOBP%GO:0008654	PHOSPHOLIPID BIOSYNTHETIC PROCESS%GOBP%GO:0008654		208	-0.45072865	-1.7097448	0.0	0.036834914	1.0	2300	tags=27%, list=15%, signal=32%	
PURINE-CONTAINING COMPOUND TRANSMEMBRANE TRANSPORT%GOBP%GO:0072530	PURINE-CONTAINING COMPOUND TRANSMEMBRANE TRANSPORT%GOBP%GO:0072530		23	-0.64890975	-1.7091254	0.008333334	0.03695616	1.0	1138	tags=30%, list=8%, signal=33%	
ENDOCYTIC RECYCLING%GOBP%GO:0032456	ENDOCYTIC RECYCLING%GOBP%GO:0032456		81	-0.5097505	-1.708686	9.861933E-4	0.037016805	1.0	2375	tags=35%, list=16%, signal=41%	
GLUTAMINOLYSIS AND CANCER%SMPDB%SMP0002298	GLUTAMINOLYSIS AND CANCER%SMPDB%SMP0002298		33	-0.61046183	-1.7064875	0.0010582011	0.037896827	1.0	1673	tags=27%, list=11%, signal=31%	
REGULATION OF CHOLESTEROL TRANSPORT%GOBP%GO:0032374	REGULATION OF CHOLESTEROL TRANSPORT%GOBP%GO:0032374		45	-0.5667747	-1.7063276	9.891196E-4	0.03784658	1.0	1793	tags=29%, list=12%, signal=33%	
LIPID OXIDATION%GOBP%GO:0034440	LIPID OXIDATION%GOBP%GO:0034440		64	-0.5311785	-1.7062812	0.0	0.037741307	1.0	1917	tags=31%, list=13%, signal=36%	
SYNTHESIS OF PC%REACTOME%R-HSA-1483191.7	SYNTHESIS OF PC%REACTOME%R-HSA-1483191.7		27	-0.62524265	-1.7061775	0.0051124743	0.03766775	1.0	1607	tags=33%, list=11%, signal=37%	
POSITIVE REGULATION OF MITOPHAGY%GOBP%GO:1901526	POSITIVE REGULATION OF MITOPHAGY%GOBP%GO:1901526		18	-0.6743896	-1.7043656	0.012698413	0.038370073	1.0	2435	tags=39%, list=16%, signal=46%	
RESPONSE TO DSRNA%GOBP%GO:0043331	RESPONSE TO DSRNA%GOBP%GO:0043331		20	-0.6697609	-1.6982216	0.0069513405	0.041064795	1.0	3146	tags=50%, list=21%, signal=63%	
GLYCEROPHOSPHOLIPID BIOSYNTHESIS%REACTOME DATABASE ID RELEASE 95%1483206	GLYCEROPHOSPHOLIPID BIOSYNTHESIS%REACTOME DATABASE ID RELEASE 95%1483206		119	-0.47447446	-1.6946365	0.0	0.042660926	1.0	2275	tags=32%, list=15%, signal=37%	
TCA CYCLE%BIOCYC%PWY66-398	TCA CYCLE%BIOCYC%PWY66-398		18	-0.68440473	-1.6936022	0.007936508	0.043036785	1.0	1673	tags=33%, list=11%, signal=37%	
REGULATION OF APOPTOSIS%REACTOME DATABASE ID RELEASE 95%169911	REGULATION OF APOPTOSIS%REACTOME DATABASE ID RELEASE 95%169911		40	-0.57581973	-1.6935333	0.003121748	0.042944632	1.0	4365	tags=65%, list=29%, signal=91%	
REGULATION OF MRNA STABILITY BY PROTEINS THAT BIND AU-RICH ELEMENTS%REACTOME%R-HSA-450531.6	REGULATION OF MRNA STABILITY BY PROTEINS THAT BIND AU-RICH ELEMENTS%REACTOME%R-HSA-450531.6		73	-0.5127554	-1.6933644	0.002008032	0.042912144	1.0	2818	tags=37%, list=19%, signal=45%	
PIGMENT GRANULE ORGANIZATION%GOBP%GO:0048753	PIGMENT GRANULE ORGANIZATION%GOBP%GO:0048753		37	-0.58064085	-1.6930885	0.0052966103	0.042900532	1.0	1914	tags=30%, list=13%, signal=34%	
POSITIVE REGULATION OF INTERLEUKIN-1 PRODUCTION%GOBP%GO:0032732	POSITIVE REGULATION OF INTERLEUKIN-1 PRODUCTION%GOBP%GO:0032732		57	-0.5368058	-1.6912649	0.0019665684	0.043692116	1.0	1989	tags=32%, list=13%, signal=36%	
THE ONCOGENIC ACTION OF FUMARATE%PATHWHIZ%PW002363	THE ONCOGENIC ACTION OF FUMARATE%PATHWHIZ%PW002363		27	-0.61577094	-1.6875267	0.0020682523	0.04546856	1.0	4262	tags=56%, list=28%, signal=77%	
MITOCHONDRIAL IMMUNE RESPONSE TO SARS COV 2%WIKIPATHWAYS_20260211%WP5038%HOMO SAPIENS	MITOCHONDRIAL IMMUNE RESPONSE TO SARS COV 2%WIKIPATHWAYS_20260211%WP5038%HOMO SAPIENS		26	-0.61854076	-1.6871897	0.004102564	0.045511384	1.0	4049	tags=46%, list=27%, signal=63%	
THE ONCOGENIC ACTION OF SUCCINATE%PATHWHIZ%PW002360	THE ONCOGENIC ACTION OF SUCCINATE%PATHWHIZ%PW002360		27	-0.61577094	-1.6863568	0.007789679	0.045845754	1.0	4262	tags=56%, list=28%, signal=77%	
AMINO ACID AND DERIVATIVE METABOLISM%REACTOME%R-HSA-71291.10	AMINO ACID AND DERIVATIVE METABOLISM%REACTOME%R-HSA-71291.10		315	-0.42685238	-1.6862698	0.0	0.04574706	1.0	2403	tags=24%, list=16%, signal=28%	
CELLULAR RESPONSE TO CHEMICAL STRESS%REACTOME DATABASE ID RELEASE 95%9711123	CELLULAR RESPONSE TO CHEMICAL STRESS%REACTOME DATABASE ID RELEASE 95%9711123		182	-0.44896257	-1.6862271	0.0	0.04563247	1.0	3260	tags=40%, list=22%, signal=50%	
L-AMINO ACID BIOSYNTHETIC PROCESS%GOBP%GO:0170034	L-AMINO ACID BIOSYNTHETIC PROCESS%GOBP%GO:0170034		28	-0.60592294	-1.685275	0.009211873	0.045924503	1.0	1781	tags=36%, list=12%, signal=40%	
FATTY ACID BETA-OXIDATION%GOBP%GO:0006635	FATTY ACID BETA-OXIDATION%GOBP%GO:0006635		49	-0.54682255	-1.6850669	0.0029821075	0.045892414	1.0	1917	tags=31%, list=13%, signal=35%	
POSITIVE REGULATION OF AUTOPHAGY OF MITOCHONDRION%GOBP%GO:1903599	POSITIVE REGULATION OF AUTOPHAGY OF MITOCHONDRION%GOBP%GO:1903599		20	-0.6546784	-1.6833167	0.008032128	0.04665734	1.0	2435	tags=35%, list=16%, signal=42%	
PKR-MEDIATED SIGNALING%REACTOME%R-HSA-9833482.3	PKR-MEDIATED SIGNALING%REACTOME%R-HSA-9833482.3		56	-0.5344181	-1.6826335	0.0010638298	0.046880152	1.0	2447	tags=23%, list=16%, signal=28%	
TRANSCYTOSIS%GOBP%GO:0045056	TRANSCYTOSIS%GOBP%GO:0045056		18	-0.6781265	-1.6820176	0.0040650405	0.04702354	1.0	654	tags=28%, list=4%, signal=29%	
REGULATION OF INTERLEUKIN-1 BETA PRODUCTION%GOBP%GO:0032651	REGULATION OF INTERLEUKIN-1 BETA PRODUCTION%GOBP%GO:0032651		74	-0.5035875	-1.6819162	0.0010070493	0.046933345	1.0	2342	tags=39%, list=16%, signal=46%	
CANONICAL WNT SIGNALING PATHWAY%PATHWAY INTERACTION DATABASE NCI-NATURE CURATED DATA%CANONICAL WNT SIGNALING PATHWAY	CANONICAL WNT SIGNALING PATHWAY%PATHWAY INTERACTION DATABASE NCI-NATURE CURATED DATA%CANONICAL WNT SIGNALING PATHWAY		20	-0.6671722	-1.6816887	0.0070422534	0.046924673	1.0	2500	tags=50%, list=17%, signal=60%	
VESICLE TARGETING, ROUGH ER TO CIS-GOLGI%GOBP%GO:0048207	VESICLE TARGETING, ROUGH ER TO CIS-GOLGI%GOBP%GO:0048207		22	-0.6496747	-1.6812216	0.004162331	0.047048777	1.0	2548	tags=41%, list=17%, signal=49%	
MELANOSOME ORGANIZATION%GOBP%GO:0032438	MELANOSOME ORGANIZATION%GOBP%GO:0032438		37	-0.58064085	-1.6807896	0.006204757	0.04715125	1.0	1914	tags=30%, list=13%, signal=34%	
SCF-BETA-TRCP MEDIATED DEGRADATION OF EMI1%REACTOME DATABASE ID RELEASE 95%174113	SCF-BETA-TRCP MEDIATED DEGRADATION OF EMI1%REACTOME DATABASE ID RELEASE 95%174113		42	-0.5594917	-1.6807138	0.004032258	0.047056764	1.0	4365	tags=62%, list=29%, signal=87%	
PATTERN RECOGNITION RECEPTOR SIGNALING PATHWAY%GOBP%GO:0002221	PATTERN RECOGNITION RECEPTOR SIGNALING PATHWAY%GOBP%GO:0002221		110	-0.47547698	-1.6804707	0.0	0.047065683	1.0	3148	tags=37%, list=21%, signal=47%	
AUTOPHAGOSOME-LYSOSOME FUSION%GOBP%GO:0061909	AUTOPHAGOSOME-LYSOSOME FUSION%GOBP%GO:0061909		18	-0.6773897	-1.678994	0.013655462	0.04771052	1.0	2667	tags=50%, list=18%, signal=61%	
KILLER CELL IMMUNOGLOBULIN LIKE RECEPTORS AND HUMAN LEUKOCYTE ANTIGEN C PATHWAY%WIKIPATHWAYS_20260211%WP5576%HOMO SAPIENS	KILLER CELL IMMUNOGLOBULIN LIKE RECEPTORS AND HUMAN LEUKOCYTE ANTIGEN C PATHWAY%WIKIPATHWAYS_20260211%WP5576%HOMO SAPIENS		18	-0.66853166	-1.6789472	0.0051493305	0.047592986	1.0	3362	tags=61%, list=22%, signal=79%	
VITAMIN B5 (PANTOTHENATE) METABOLISM%REACTOME DATABASE ID RELEASE 95%199220	VITAMIN B5 (PANTOTHENATE) METABOLISM%REACTOME DATABASE ID RELEASE 95%199220		20	-0.66733557	-1.6782665	0.008016032	0.04780517	1.0	2236	tags=50%, list=15%, signal=59%	
MYELOID LEUKOCYTE DIFFERENTIATION%GOBP%GO:0002573	MYELOID LEUKOCYTE DIFFERENTIATION%GOBP%GO:0002573		92	-0.4907172	-1.6781771	0.0	0.04770395	1.0	1615	tags=28%, list=11%, signal=31%	
COPII VESICLE COATING%GOBP%GO:0048208	COPII VESICLE COATING%GOBP%GO:0048208		22	-0.6496747	-1.6771517	0.008946322	0.04807715	1.0	2548	tags=41%, list=17%, signal=49%	
APC C:CDC20 MEDIATED DEGRADATION OF SECURIN%REACTOME DATABASE ID RELEASE 95%174154	APC C:CDC20 MEDIATED DEGRADATION OF SECURIN%REACTOME DATABASE ID RELEASE 95%174154		55	-0.5325199	-1.6759211	0.002034588	0.0485949	1.0	4365	tags=53%, list=29%, signal=74%	
INNATE IMMUNE RESPONSE%GOBP%GO:0045087	INNATE IMMUNE RESPONSE%GOBP%GO:0045087		392	-0.41454256	-1.6754411	0.0	0.04871841	1.0	3022	tags=33%, list=20%, signal=40%	
NEGATIVE REGULATION OF FERROPTOSIS%GOBP%GO:0110076	NEGATIVE REGULATION OF FERROPTOSIS%GOBP%GO:0110076		17	-0.6844383	-1.674653	0.010152284	0.049014937	1.0	2319	tags=59%, list=15%, signal=69%	
TYPE I INTERFERON INDUCTION AND SIGNALING DURING SARS COV 2 INFECTION%WIKIPATHWAYS_20260211%WP4868%HOMO SAPIENS	TYPE I INTERFERON INDUCTION AND SIGNALING DURING SARS COV 2 INFECTION%WIKIPATHWAYS_20260211%WP4868%HOMO SAPIENS		26	-0.6152569	-1.674032	0.0010764262	0.0492318	1.0	3992	tags=54%, list=27%, signal=73%	
METABOLISM OF WATER-SOLUBLE VITAMINS AND COFACTORS%REACTOME DATABASE ID RELEASE 95%196849	METABOLISM OF WATER-SOLUBLE VITAMINS AND COFACTORS%REACTOME DATABASE ID RELEASE 95%196849		115	-0.47089207	-1.6725281	0.0	0.049899135	1.0	2584	tags=31%, list=17%, signal=38%	
REGULATION OF PH%GOBP%GO:0006885	REGULATION OF PH%GOBP%GO:0006885		78	-0.5025976	-1.6722038	9.5328887E-4	0.049908623	1.0	1823	tags=28%, list=12%, signal=32%	
VACUOLAR TRANSPORT%GOBP%GO:0007034	VACUOLAR TRANSPORT%GOBP%GO:0007034		156	-0.45581764	-1.6711339	0.0	0.050387826	1.0	3164	tags=33%, list=21%, signal=41%	
NUCLEAR EVENTS MEDIATED BY NFE2L2%REACTOME%R-HSA-9759194.4	NUCLEAR EVENTS MEDIATED BY NFE2L2%REACTOME%R-HSA-9759194.4		85	-0.49197438	-1.6697992	0.00101833	0.050944347	1.0	2818	tags=42%, list=19%, signal=52%	
SPLICEOSOMAL CONFORMATIONAL CHANGES TO GENERATE CATALYTIC CONFORMATION%GOBP%GO:0000393	SPLICEOSOMAL CONFORMATIONAL CHANGES TO GENERATE CATALYTIC CONFORMATION%GOBP%GO:0000393		38	-0.5756406	-1.6676263	0.0051706308	0.052021585	1.0	4449	tags=66%, list=30%, signal=93%	
PID_AR_TF_PATHWAY%MSIGDB_C2%PID_AR_TF_PATHWAY	PID_AR_TF_PATHWAY%MSIGDB_C2%PID_AR_TF_PATHWAY		40	-0.56468153	-1.6648853	0.0059288535	0.053409815	1.0	1643	tags=25%, list=11%, signal=28%	
POSITIVE REGULATION OF NATURAL KILLER CELL MEDIATED IMMUNITY%GOBP%GO:0002717	POSITIVE REGULATION OF NATURAL KILLER CELL MEDIATED IMMUNITY%GOBP%GO:0002717		24	-0.6299831	-1.6646746	0.012282497	0.053391322	1.0	1838	tags=38%, list=12%, signal=43%	
PROTEIN LOCALIZATION%REACTOME DATABASE ID RELEASE 95%9609507	PROTEIN LOCALIZATION%REACTOME DATABASE ID RELEASE 95%9609507		150	-0.45463982	-1.6628413	0.0	0.05431552	1.0	3605	tags=40%, list=24%, signal=52%	
TOLL-LIKE RECEPTOR PATHWAY 2%SMPDB%SMP0069593	TOLL-LIKE RECEPTOR PATHWAY 2%SMPDB%SMP0069593		30	-0.59229106	-1.6614138	0.008946322	0.05494806	1.0	3786	tags=47%, list=25%, signal=62%	
SIGNALING BY RAS MUTANTS%REACTOME DATABASE ID RELEASE 95%6802949	SIGNALING BY RAS MUTANTS%REACTOME DATABASE ID RELEASE 95%6802949		41	-0.5577346	-1.6607456	0.005045409	0.055168338	1.0	2580	tags=41%, list=17%, signal=50%	
PROTEASOME DEGRADATION%WIKIPATHWAYS_20260211%WP183%HOMO SAPIENS	PROTEASOME DEGRADATION%WIKIPATHWAYS_20260211%WP183%HOMO SAPIENS		42	-0.55280364	-1.6595317	0.00501002	0.055761248	1.0	4894	tags=64%, list=33%, signal=95%	
3-PHOSPHOINOSITIDE BIOSYNTHESIS%BIOCYC%PWY-6352	3-PHOSPHOINOSITIDE BIOSYNTHESIS%BIOCYC%PWY-6352		25	-0.61085415	-1.6591192	0.012896826	0.055857014	1.0	2876	tags=40%, list=19%, signal=49%	
PARADOXICAL ACTIVATION OF RAF SIGNALING BY KINASE INACTIVE BRAF%REACTOME%R-HSA-6802955.4	PARADOXICAL ACTIVATION OF RAF SIGNALING BY KINASE INACTIVE BRAF%REACTOME%R-HSA-6802955.4		41	-0.5577346	-1.6588314	0.001984127	0.055880547	1.0	2580	tags=41%, list=17%, signal=50%	
REGULATION OF PROTEASOMAL PROTEIN CATABOLIC PROCESS%GOBP%GO:0061136	REGULATION OF PROTEASOMAL PROTEIN CATABOLIC PROCESS%GOBP%GO:0061136		196	-0.43766046	-1.6585039	0.0	0.05590683	1.0	2275	tags=25%, list=15%, signal=29%	
INNATE IMMUNE RESPONSE-ACTIVATING SIGNALING PATHWAY%GOBP%GO:0002758	INNATE IMMUNE RESPONSE-ACTIVATING SIGNALING PATHWAY%GOBP%GO:0002758		123	-0.46712506	-1.656891	0.0	0.05665052	1.0	3148	tags=37%, list=21%, signal=47%	
IL4%NETPATH%IL4	IL4%NETPATH%IL4		35	-0.5745516	-1.6554458	0.008780488	0.057357106	1.0	1491	tags=20%, list=10%, signal=22%	
DEFECTS IN VITAMIN AND COFACTOR METABOLISM%REACTOME DATABASE ID RELEASE 95%3296482	DEFECTS IN VITAMIN AND COFACTOR METABOLISM%REACTOME DATABASE ID RELEASE 95%3296482		21	-0.6364709	-1.6549547	0.008316008	0.0575012	1.0	1299	tags=33%, list=9%, signal=36%	
SIGNALING DOWNSTREAM OF RAS MUTANTS%REACTOME%R-HSA-9649948.2	SIGNALING DOWNSTREAM OF RAS MUTANTS%REACTOME%R-HSA-9649948.2		41	-0.5577346	-1.6542572	0.00501002	0.05780736	1.0	2580	tags=41%, list=17%, signal=50%	
THYMIC STROMAL LYMPHOPOIETIN TSLP SIGNALING%WIKIPATHWAYS_20260211%WP2203%HOMO SAPIENS	THYMIC STROMAL LYMPHOPOIETIN TSLP SIGNALING%WIKIPATHWAYS_20260211%WP2203%HOMO SAPIENS		31	-0.57874477	-1.6527972	0.011554622	0.058491543	1.0	3246	tags=35%, list=22%, signal=45%	
REGULATION OF EXOCYTOSIS%GOBP%GO:0017157	REGULATION OF EXOCYTOSIS%GOBP%GO:0017157		126	-0.45973518	-1.6526384	0.0	0.058428988	1.0	3043	tags=39%, list=20%, signal=48%	
EGF RECEPTOR SIGNALING PATHWAY%PANTHER PATHWAY%P00018	EGF RECEPTOR SIGNALING PATHWAY%PANTHER PATHWAY%P00018		85	-0.4865089	-1.6525202	0.0010288066	0.058340006	1.0	2294	tags=27%, list=15%, signal=32%	
IMMUNOREGULATORY INTERACTIONS BETWEEN A LYMPHOID AND A NON-LYMPHOID CELL%REACTOME DATABASE ID RELEASE 95%198933	IMMUNOREGULATORY INTERACTIONS BETWEEN A LYMPHOID AND A NON-LYMPHOID CELL%REACTOME DATABASE ID RELEASE 95%198933		107	-0.46970078	-1.6509663	0.0	0.059108358	1.0	3397	tags=39%, list=23%, signal=50%	
NEUTROPHIL MIGRATION%GOBP%GO:1990266	NEUTROPHIL MIGRATION%GOBP%GO:1990266		45	-0.5481031	-1.6502653	0.004158004	0.059411336	1.0	2274	tags=33%, list=15%, signal=39%	
SIGNALING BY MODERATE KINASE ACTIVITY BRAF MUTANTS%REACTOME%R-HSA-6802946.3	SIGNALING BY MODERATE KINASE ACTIVITY BRAF MUTANTS%REACTOME%R-HSA-6802946.3		41	-0.5577346	-1.6497408	0.007106599	0.05961894	1.0	2580	tags=41%, list=17%, signal=50%	
POSITIVE REGULATION OF EXOSOMAL SECRETION%GOBP%GO:1903543	POSITIVE REGULATION OF EXOSOMAL SECRETION%GOBP%GO:1903543		15	-0.6932199	-1.649651	0.013669821	0.05953377	1.0	2534	tags=53%, list=17%, signal=64%	
APC C:CDH1 MEDIATED DEGRADATION OF CDC20 AND OTHER APC C:CDH1 TARGETED PROTEINS IN LATE MITOSIS EARLY G1%REACTOME DATABASE ID RELEASE 95%174178	APC C:CDH1 MEDIATED DEGRADATION OF CDC20 AND OTHER APC C:CDH1 TARGETED PROTEINS IN LATE MITOSIS EARLY G1%REACTOME DATABASE ID RELEASE 95%174178		61	-0.5155031	-1.6481868	0.007194245	0.060236506	1.0	4365	tags=49%, list=29%, signal=69%	
REGULATION OF INTERLEUKIN-8 PRODUCTION%GOBP%GO:0032677	REGULATION OF INTERLEUKIN-8 PRODUCTION%GOBP%GO:0032677		72	-0.49900448	-1.6468158	0.003	0.060877398	1.0	3148	tags=42%, list=21%, signal=52%	
AUTODEGRADATION OF CDH1 BY CDH1:APC C%REACTOME DATABASE ID RELEASE 95%174084	AUTODEGRADATION OF CDH1 BY CDH1:APC C%REACTOME DATABASE ID RELEASE 95%174084		54	-0.5230161	-1.6438391	0.005952381	0.0625407	1.0	4365	tags=54%, list=29%, signal=75%	
INTERLEUKIN-1 FAMILY SIGNALING%REACTOME%R-HSA-446652.9	INTERLEUKIN-1 FAMILY SIGNALING%REACTOME%R-HSA-446652.9		128	-0.4581262	-1.6425216	0.0010266941	0.06319098	1.0	2859	tags=32%, list=19%, signal=39%	
TRANSLATION%GOBP%GO:0006412	TRANSLATION%GOBP%GO:0006412		343	-0.41136774	-1.6420414	0.0	0.06335226	1.0	4726	tags=45%, list=31%, signal=64%	
HLA C ALLOTYPES INTERACTIONS WITH KIR ON DNK CELLS%WIKIPATHWAYS_20260211%WP5580%HOMO SAPIENS	HLA C ALLOTYPES INTERACTIONS WITH KIR ON DNK CELLS%WIKIPATHWAYS_20260211%WP5580%HOMO SAPIENS		17	-0.6662872	-1.6419452	0.015673982	0.06324716	1.0	3362	tags=59%, list=22%, signal=76%	
PROTEIN BIOSYNTHETIC PROCESS%GOBP%GO:0160307	PROTEIN BIOSYNTHETIC PROCESS%GOBP%GO:0160307		343	-0.41136774	-1.6414112	0.0	0.063433126	1.0	4726	tags=45%, list=31%, signal=64%	
VESICLE-MEDIATED TRANSPORT BETWEEN ENDOSOMAL COMPARTMENTS%GOBP%GO:0098927	VESICLE-MEDIATED TRANSPORT BETWEEN ENDOSOMAL COMPARTMENTS%GOBP%GO:0098927		27	-0.5976779	-1.6413175	0.011707317	0.06332693	1.0	3305	tags=41%, list=22%, signal=52%	
PURINE NUCLEOSIDE TRIPHOSPHATE METABOLIC PROCESS%GOBP%GO:0009144	PURINE NUCLEOSIDE TRIPHOSPHATE METABOLIC PROCESS%GOBP%GO:0009144		140	-0.45054534	-1.6401378	0.0	0.063902795	1.0	3755	tags=47%, list=25%, signal=62%	
ASYMMETRIC LOCALIZATION OF PCP PROTEINS%REACTOME%R-HSA-4608870.3	ASYMMETRIC LOCALIZATION OF PCP PROTEINS%REACTOME%R-HSA-4608870.3		51	-0.5280667	-1.6396776	0.0010214505	0.06402026	1.0	2818	tags=39%, list=19%, signal=48%	
TRAF6 MEDIATED IRF7 ACTIVATION%REACTOME%R-HSA-933541.7	TRAF6 MEDIATED IRF7 ACTIVATION%REACTOME%R-HSA-933541.7		16	-0.68089014	-1.6396052	0.01525941	0.06389921	1.0	912	tags=19%, list=6%, signal=20%	
GLUCONEOGENESIS%PATHWHIZ%PW000152	GLUCONEOGENESIS%PATHWHIZ%PW000152		19	-0.642074	-1.6391355	0.009018037	0.06405738	1.0	2627	tags=47%, list=17%, signal=57%	
FATTY ACID CATABOLIC PROCESS%GOBP%GO:0009062	FATTY ACID CATABOLIC PROCESS%GOBP%GO:0009062		71	-0.49961334	-1.6383307	0.001010101	0.06438598	1.0	2778	tags=35%, list=18%, signal=43%	
REGULATION OF CHOLESTEROL STORAGE%GOBP%GO:0010885	REGULATION OF CHOLESTEROL STORAGE%GOBP%GO:0010885		16	-0.665025	-1.6382165	0.011044176	0.064304024	1.0	2958	tags=50%, list=20%, signal=62%	
PURINE RIBONUCLEOSIDE TRIPHOSPHATE METABOLIC PROCESS%GOBP%GO:0009205	PURINE RIBONUCLEOSIDE TRIPHOSPHATE METABOLIC PROCESS%GOBP%GO:0009205		137	-0.44878945	-1.6378071	0.0	0.06441664	1.0	3755	tags=47%, list=25%, signal=62%	
PIWI-INTERACTING RNA (PIRNA) BIOGENESIS%REACTOME%R-HSA-5601884.3	PIWI-INTERACTING RNA (PIRNA) BIOGENESIS%REACTOME%R-HSA-5601884.3		22	-0.6276297	-1.6377733	0.00407332	0.064276606	1.0	1614	tags=27%, list=11%, signal=31%	
FOXA2 AND FOXA3 TRANSCRIPTION FACTOR NETWORKS%PATHWAY INTERACTION DATABASE NCI-NATURE CURATED DATA%FOXA2 AND FOXA3 TRANSCRIPTION FACTOR NETWORKS	FOXA2 AND FOXA3 TRANSCRIPTION FACTOR NETWORKS%PATHWAY INTERACTION DATABASE NCI-NATURE CURATED DATA%FOXA2 AND FOXA3 TRANSCRIPTION FACTOR NETWORKS		28	-0.5871806	-1.6377634	0.008678881	0.06412463	1.0	1460	tags=29%, list=10%, signal=32%	
FATTY ACID OXIDATION%GOBP%GO:0019395	FATTY ACID OXIDATION%GOBP%GO:0019395		60	-0.51589745	-1.6372544	0.0030959751	0.06430086	1.0	1917	tags=28%, list=13%, signal=32%	
VPU MEDIATED DEGRADATION OF CD4%REACTOME DATABASE ID RELEASE 95%180534	VPU MEDIATED DEGRADATION OF CD4%REACTOME DATABASE ID RELEASE 95%180534		39	-0.5564801	-1.6364824	0.007035176	0.06456771	1.0	2818	tags=46%, list=19%, signal=57%	
TOLL-LIKE RECEPTOR SIGNALING PATHWAY%GOBP%GO:0002224	TOLL-LIKE RECEPTOR SIGNALING PATHWAY%GOBP%GO:0002224		40	-0.558219	-1.636115	0.002002002	0.06464593	1.0	3786	tags=38%, list=25%, signal=50%	
LEUKOCYTE ACTIVATION INVOLVED IN INFLAMMATORY RESPONSE%GOBP%GO:0002269	LEUKOCYTE ACTIVATION INVOLVED IN INFLAMMATORY RESPONSE%GOBP%GO:0002269		22	-0.6181629	-1.6357362	0.015368853	0.06474464	1.0	2884	tags=50%, list=19%, signal=62%	
PHOSPHOENOLPYRUVATE CARBOXYKINASE DEFICIENCY 1 (PEPCK1)%SMPDB%SMP0000560	PHOSPHOENOLPYRUVATE CARBOXYKINASE DEFICIENCY 1 (PEPCK1)%SMPDB%SMP0000560		19	-0.642074	-1.6342466	0.018218623	0.065516464	1.0	2627	tags=47%, list=17%, signal=57%	
CD8-POSITIVE, ALPHA-BETA T CELL ACTIVATION%GOBP%GO:0036037	CD8-POSITIVE, ALPHA-BETA T CELL ACTIVATION%GOBP%GO:0036037		18	-0.6539087	-1.633757	0.015527951	0.06566232	1.0	2818	tags=61%, list=19%, signal=75%	
TSLP%NETPATH%TSLP	TSLP%NETPATH%TSLP		16	-0.67020535	-1.6335113	0.020746889	0.06565229	1.0	1018	tags=19%, list=7%, signal=20%	
PHOSPHOLIPID METABOLISM%REACTOME%R-HSA-1483257.5	PHOSPHOLIPID METABOLISM%REACTOME%R-HSA-1483257.5		198	-0.432383	-1.6331607	0.0	0.06572852	1.0	2275	tags=28%, list=15%, signal=33%	
MYELOID CELL DIFFERENTIATION%GOBP%GO:0030099	MYELOID CELL DIFFERENTIATION%GOBP%GO:0030099		168	-0.44134086	-1.6321471	0.0	0.06629439	1.0	1655	tags=24%, list=11%, signal=27%	
NUCLEOBASE-CONTAINING SMALL MOLECULE METABOLIC PROCESS%GOBP%GO:0055086	NUCLEOBASE-CONTAINING SMALL MOLECULE METABOLIC PROCESS%GOBP%GO:0055086		449	-0.3998554	-1.6320971	0.0	0.06615621	1.0	3395	tags=37%, list=23%, signal=47%	
PROTEIN INSERTION INTO MITOCHONDRIAL MEMBRANE%GOBP%GO:0051204	PROTEIN INSERTION INTO MITOCHONDRIAL MEMBRANE%GOBP%GO:0051204		30	-0.5804329	-1.6317557	0.008350731	0.06623596	1.0	3624	tags=47%, list=24%, signal=61%	
REGULATION OF INTERFERON-BETA PRODUCTION%GOBP%GO:0032648	REGULATION OF INTERFERON-BETA PRODUCTION%GOBP%GO:0032648		51	-0.5236036	-1.6309994	0.006134969	0.06660246	1.0	3146	tags=35%, list=21%, signal=44%	
TRIGLYCERIDE BIOSYNTHETIC PROCESS%GOBP%GO:0019432	TRIGLYCERIDE BIOSYNTHETIC PROCESS%GOBP%GO:0019432		17	-0.65570164	-1.6303543	0.01144641	0.066879116	1.0	2491	tags=47%, list=17%, signal=56%	
MTOR SIGNALLING%REACTOME%R-HSA-165159.8	MTOR SIGNALLING%REACTOME%R-HSA-165159.8		40	-0.5465896	-1.6303489	0.0064102565	0.06672195	1.0	1766	tags=25%, list=12%, signal=28%	
CYTOCHROME COMPLEX ASSEMBLY%GOBP%GO:0017004	CYTOCHROME COMPLEX ASSEMBLY%GOBP%GO:0017004		43	-0.54043365	-1.6295748	0.010121457	0.06705772	1.0	3426	tags=40%, list=23%, signal=51%	
METABOLISM OF COFACTORS%REACTOME%R-HSA-8978934.6	METABOLISM OF COFACTORS%REACTOME%R-HSA-8978934.6		24	-0.60987014	-1.627319	0.008324662	0.06838536	1.0	1319	tags=21%, list=9%, signal=23%	
OBSOLETE PROTEIN TARGETING TO MITOCHONDRION%GOBP%GO:0006626	OBSOLETE PROTEIN TARGETING TO MITOCHONDRION%GOBP%GO:0006626		26	-0.59693146	-1.6260332	0.009230769	0.06910222	1.0	3582	tags=54%, list=24%, signal=71%	
REGULATION OF PTEN STABILITY AND ACTIVITY%REACTOME%R-HSA-8948751.3	REGULATION OF PTEN STABILITY AND ACTIVITY%REACTOME%R-HSA-8948751.3		56	-0.5146742	-1.6254168	0.005154639	0.069325626	1.0	2818	tags=41%, list=19%, signal=50%	
REGULATION OF EARLY ENDOSOME TO LATE ENDOSOME TRANSPORT%GOBP%GO:2000641	REGULATION OF EARLY ENDOSOME TO LATE ENDOSOME TRANSPORT%GOBP%GO:2000641		19	-0.65011597	-1.6249872	0.015274949	0.069462724	1.0	2288	tags=42%, list=15%, signal=50%	
REGULATION OF REGULATED SECRETORY PATHWAY%GOBP%GO:1903305	REGULATION OF REGULATED SECRETORY PATHWAY%GOBP%GO:1903305		75	-0.4930572	-1.6244859	0.0020833334	0.06964575	1.0	1467	tags=29%, list=10%, signal=32%	
PROTEINOGENIC AMINO ACID METABOLIC PROCESS%GOBP%GO:0170039	PROTEINOGENIC AMINO ACID METABOLIC PROCESS%GOBP%GO:0170039		98	-0.469145	-1.6244019	0.0	0.06953366	1.0	2634	tags=31%, list=18%, signal=37%	
HIV INFECTION%REACTOME DATABASE ID RELEASE 95%162906	HIV INFECTION%REACTOME DATABASE ID RELEASE 95%162906		209	-0.42782253	-1.6243079	0.0	0.06943524	1.0	3132	tags=28%, list=21%, signal=35%	
SULFUR AMINO ACID METABOLISM%REACTOME DATABASE ID RELEASE 95%1614635	SULFUR AMINO ACID METABOLISM%REACTOME DATABASE ID RELEASE 95%1614635		27	-0.5972349	-1.6241441	0.012275732	0.069399014	1.0	2023	tags=41%, list=13%, signal=47%	
THYMIC T CELL SELECTION%GOBP%GO:0045061	THYMIC T CELL SELECTION%GOBP%GO:0045061		21	-0.6255136	-1.6232455	0.019940179	0.06982872	1.0	2818	tags=52%, list=19%, signal=64%	
POSITIVE REGULATION OF LIPID BIOSYNTHETIC PROCESS%GOBP%GO:0046889	POSITIVE REGULATION OF LIPID BIOSYNTHETIC PROCESS%GOBP%GO:0046889		70	-0.49570706	-1.6226553	0.0061728396	0.07005197	1.0	3295	tags=40%, list=22%, signal=51%	
INTERLEUKIN-1 SIGNALING%REACTOME DATABASE ID RELEASE 95%9020702	INTERLEUKIN-1 SIGNALING%REACTOME DATABASE ID RELEASE 95%9020702		99	-0.46681058	-1.6208568	0.0020408162	0.071109585	1.0	2818	tags=29%, list=19%, signal=36%	
LIPID CATABOLIC PROCESS%GOBP%GO:0016042	LIPID CATABOLIC PROCESS%GOBP%GO:0016042		184	-0.43125522	-1.6206042	0.0	0.071131125	1.0	2083	tags=24%, list=14%, signal=28%	
PURINE-CONTAINING COMPOUND BIOSYNTHETIC PROCESS%GOBP%GO:0072522	PURINE-CONTAINING COMPOUND BIOSYNTHETIC PROCESS%GOBP%GO:0072522		182	-0.43084586	-1.6204448	0.0	0.07108122	1.0	3364	tags=42%, list=22%, signal=54%	
PROXIMAL TUBULE TRANSPORT%WIKIPATHWAYS_20260211%WP4917%HOMO SAPIENS	PROXIMAL TUBULE TRANSPORT%WIKIPATHWAYS_20260211%WP4917%HOMO SAPIENS		29	-0.58476424	-1.6198679	0.01446281	0.07134665	1.0	2725	tags=45%, list=18%, signal=55%	
TRANSFERRIN ENDOCYTOSIS AND RECYCLING%REACTOME%R-HSA-917977.3	TRANSFERRIN ENDOCYTOSIS AND RECYCLING%REACTOME%R-HSA-917977.3		28	-0.5878973	-1.6197928	0.014300306	0.07122238	1.0	2528	tags=46%, list=17%, signal=56%	
ENERGY DEPENDENT REGULATION OF MTOR BY LKB1-AMPK%REACTOME%R-HSA-380972.4	ENERGY DEPENDENT REGULATION OF MTOR BY LKB1-AMPK%REACTOME%R-HSA-380972.4		28	-0.5989812	-1.6197728	0.013829787	0.07106783	1.0	1766	tags=29%, list=12%, signal=32%	
MICROGLIAL CELL ACTIVATION%GOBP%GO:0001774	MICROGLIAL CELL ACTIVATION%GOBP%GO:0001774		22	-0.6181629	-1.6191174	0.01674877	0.07132671	1.0	2884	tags=50%, list=19%, signal=62%	
FERROPTOSIS%WIKIPATHWAYS_20260211%WP4313%HOMO SAPIENS	FERROPTOSIS%WIKIPATHWAYS_20260211%WP4313%HOMO SAPIENS		48	-0.5346463	-1.6191144	0.005899705	0.07116225	1.0	2319	tags=38%, list=15%, signal=44%	
COENZYME A METABOLIC PROCESS%GOBP%GO:0015936	COENZYME A METABOLIC PROCESS%GOBP%GO:0015936		15	-0.67964244	-1.6187457	0.015197569	0.07126731	1.0	2239	tags=60%, list=15%, signal=70%	
VESICLE ORGANIZATION%GOBP%GO:0016050	VESICLE ORGANIZATION%GOBP%GO:0016050		293	-0.41030484	-1.617873	0.0	0.071760185	1.0	3131	tags=32%, list=21%, signal=39%	
RESPONSE TO TYPE II INTERFERON%GOBP%GO:0034341	RESPONSE TO TYPE II INTERFERON%GOBP%GO:0034341		78	-0.4937234	-1.6174245	0.0	0.07188673	1.0	2818	tags=32%, list=19%, signal=39%	
NUCLEOSIDE PHOSPHATE BIOSYNTHETIC PROCESS%GOBP%GO:1901293	NUCLEOSIDE PHOSPHATE BIOSYNTHETIC PROCESS%GOBP%GO:1901293		232	-0.41787657	-1.6174192	0.0	0.07172254	1.0	3755	tags=44%, list=25%, signal=58%	
PHOSPHOLIPID METABOLIC PROCESS%GOBP%GO:0006644	PHOSPHOLIPID METABOLIC PROCESS%GOBP%GO:0006644		300	-0.41031134	-1.6167725	0.0	0.072005585	1.0	2900	tags=31%, list=19%, signal=38%	
MITOCHONDRIAL RESPIRATORY CHAIN COMPLEX IV ASSEMBLY%GOBP%GO:0033617	MITOCHONDRIAL RESPIRATORY CHAIN COMPLEX IV ASSEMBLY%GOBP%GO:0033617		27	-0.59413606	-1.6165429	0.010277492	0.07198661	1.0	3414	tags=52%, list=23%, signal=67%	
DEGRADATION OF CDH1%REACTOME DATABASE ID RELEASE 95%9766229	DEGRADATION OF CDH1%REACTOME DATABASE ID RELEASE 95%9766229		52	-0.5183183	-1.6155703	0.0068829893	0.07254806	1.0	2969	tags=44%, list=20%, signal=55%	
GLYCOGEN STORAGE DISEASE TYPE 1A (GSD1A) OR VON GIERKE DISEASE%SMPDB%SMP0000374	GLYCOGEN STORAGE DISEASE TYPE 1A (GSD1A) OR VON GIERKE DISEASE%SMPDB%SMP0000374		19	-0.642074	-1.6141207	0.017171716	0.07338933	1.0	2627	tags=47%, list=17%, signal=57%	
TRIOSEPHOSPHATE ISOMERASE DEFICIENCY%PATHWHIZ%PW000539	TRIOSEPHOSPHATE ISOMERASE DEFICIENCY%PATHWHIZ%PW000539		19	-0.642074	-1.614103	0.021299254	0.073229834	1.0	2627	tags=47%, list=17%, signal=57%	
RESPIRATORY CHAIN COMPLEX IV ASSEMBLY%GOBP%GO:0008535	RESPIRATORY CHAIN COMPLEX IV ASSEMBLY%GOBP%GO:0008535		30	-0.57693756	-1.612463	0.012269938	0.0742379	1.0	3414	tags=47%, list=23%, signal=60%	
PROTON TRANSMEMBRANE TRANSPORT%GOBP%GO:1902600	PROTON TRANSMEMBRANE TRANSPORT%GOBP%GO:1902600		50	-0.52436817	-1.6117911	0.005015045	0.0745193	1.0	2528	tags=40%, list=17%, signal=48%	
FRUCTOSE-1,6-DIPHOSPHATASE DEFICIENCY%SMPDB%SMP0000562	FRUCTOSE-1,6-DIPHOSPHATASE DEFICIENCY%SMPDB%SMP0000562		19	-0.642074	-1.6107144	0.020181635	0.07512937	1.0	2627	tags=47%, list=17%, signal=57%	
NEGATIVE REGULATION OF ATP METABOLIC PROCESS%GOBP%GO:1903579	NEGATIVE REGULATION OF ATP METABOLIC PROCESS%GOBP%GO:1903579		15	-0.6765845	-1.6104009	0.02079208	0.07519464	1.0	2173	tags=47%, list=14%, signal=55%	
GLYCEROLIPID METABOLIC PROCESS%GOBP%GO:0046486	GLYCEROLIPID METABOLIC PROCESS%GOBP%GO:0046486		289	-0.40979758	-1.6101526	0.0	0.07522887	1.0	2253	tags=26%, list=15%, signal=30%	
GLYCOGENOSIS, TYPE IA. VON GIERKE DISEASE%SMPDB%SMP0000581	GLYCOGENOSIS, TYPE IA. VON GIERKE DISEASE%SMPDB%SMP0000581		19	-0.642074	-1.6097734	0.01853759	0.07535834	1.0	2627	tags=47%, list=17%, signal=57%	
REGULATION OF INTERLEUKIN-1 PRODUCTION%GOBP%GO:0032652	REGULATION OF INTERLEUKIN-1 PRODUCTION%GOBP%GO:0032652		84	-0.47446543	-1.6093845	0.003021148	0.07546152	1.0	2342	tags=37%, list=16%, signal=43%	
PID_TOLL_ENDOGENOUS_PATHWAY%MSIGDB_C2%PID_TOLL_ENDOGENOUS_PATHWAY	PID_TOLL_ENDOGENOUS_PATHWAY%MSIGDB_C2%PID_TOLL_ENDOGENOUS_PATHWAY		20	-0.6252925	-1.6078819	0.0140280565	0.076403975	1.0	3786	tags=60%, list=25%, signal=80%	
CELL KILLING%GOBP%GO:0001906	CELL KILLING%GOBP%GO:0001906		66	-0.49454618	-1.6066877	0.0057803467	0.077172056	1.0	3725	tags=44%, list=25%, signal=58%	
GLYCOGENOSIS, TYPE IB%SMPDB%SMP0000573	GLYCOGENOSIS, TYPE IB%SMPDB%SMP0000573		19	-0.642074	-1.6061289	0.026706232	0.077419244	1.0	2627	tags=47%, list=17%, signal=57%	
DEFENSE RESPONSE TO GRAM-POSITIVE BACTERIUM%GOBP%GO:0050830	DEFENSE RESPONSE TO GRAM-POSITIVE BACTERIUM%GOBP%GO:0050830		51	-0.5129144	-1.606032	0.0062761507	0.07731249	1.0	3351	tags=43%, list=22%, signal=55%	
POSITIVE REGULATION OF INTERLEUKIN-13 PRODUCTION%GOBP%GO:0032736	POSITIVE REGULATION OF INTERLEUKIN-13 PRODUCTION%GOBP%GO:0032736		15	-0.6735394	-1.6055285	0.018378379	0.077536605	1.0	829	tags=40%, list=6%, signal=42%	
SIGNALING BY CSF3 (G-CSF)%REACTOME DATABASE ID RELEASE 95%9674555	SIGNALING BY CSF3 (G-CSF)%REACTOME DATABASE ID RELEASE 95%9674555		30	-0.5776446	-1.6050959	0.0089552235	0.07767644	1.0	2226	tags=30%, list=15%, signal=35%	
PYRIDINE-CONTAINING COMPOUND METABOLIC PROCESS%GOBP%GO:0072524	PYRIDINE-CONTAINING COMPOUND METABOLIC PROCESS%GOBP%GO:0072524		93	-0.46731943	-1.6031889	0.0020242915	0.07896551	1.0	1699	tags=25%, list=11%, signal=28%	
REGULATION OF CDH1 FUNCTION%REACTOME%R-HSA-9764561.1	REGULATION OF CDH1 FUNCTION%REACTOME%R-HSA-9764561.1		53	-0.507879	-1.6028336	0.006060606	0.079075456	1.0	2969	tags=43%, list=20%, signal=54%	
NEGATIVE REGULATION OF RESPONSE TO BIOTIC STIMULUS%GOBP%GO:0002832	NEGATIVE REGULATION OF RESPONSE TO BIOTIC STIMULUS%GOBP%GO:0002832		105	-0.46322235	-1.6025568	0.0019704434	0.0791025	1.0	3146	tags=38%, list=21%, signal=48%	
DEGRADATION OF DVL%REACTOME%R-HSA-4641258.3	DEGRADATION OF DVL%REACTOME%R-HSA-4641258.3		44	-0.5324349	-1.600561	0.011178861	0.0804861	1.0	2818	tags=48%, list=19%, signal=59%	
MATURATION OF SSU-RRNA%GOBP%GO:0030490	MATURATION OF SSU-RRNA%GOBP%GO:0030490		68	-0.49161568	-1.6003264	0.004040404	0.08050611	1.0	2407	tags=19%, list=16%, signal=23%	
NICOTINAMIDE NUCLEOTIDE METABOLIC PROCESS%GOBP%GO:0046496	NICOTINAMIDE NUCLEOTIDE METABOLIC PROCESS%GOBP%GO:0046496		79	-0.47920358	-1.6001314	0.005982054	0.08044756	1.0	1699	tags=25%, list=11%, signal=28%	
PROTEIN MONOUBIQUITINATION%GOBP%GO:0006513	PROTEIN MONOUBIQUITINATION%GOBP%GO:0006513		41	-0.5307325	-1.6001276	0.013224822	0.08027355	1.0	3075	tags=29%, list=20%, signal=37%	
RECYCLING PATHWAY OF L1%REACTOME%R-HSA-437239.3	RECYCLING PATHWAY OF L1%REACTOME%R-HSA-437239.3		26	-0.5954978	-1.5992428	0.014285714	0.080774225	1.0	1589	tags=31%, list=11%, signal=34%	
PPAR SIGNALING%WIKIPATHWAYS_20260211%WP3942%HOMO SAPIENS	PPAR SIGNALING%WIKIPATHWAYS_20260211%WP3942%HOMO SAPIENS		30	-0.56663644	-1.5975332	0.013833992	0.081937574	1.0	2841	tags=50%, list=19%, signal=62%	
VESICLE-MEDIATED TRANSPORT TO THE PLASMA MEMBRANE%GOBP%GO:0098876	VESICLE-MEDIATED TRANSPORT TO THE PLASMA MEMBRANE%GOBP%GO:0098876		129	-0.444359	-1.5968086	0.00101833	0.08237578	1.0	2375	tags=29%, list=16%, signal=34%	
PID_WNT_CANONICAL_PATHWAY%MSIGDB_C2%PID_WNT_CANONICAL_PATHWAY	PID_WNT_CANONICAL_PATHWAY%MSIGDB_C2%PID_WNT_CANONICAL_PATHWAY		16	-0.6624167	-1.5962236	0.024801588	0.08268588	1.0	2500	tags=50%, list=17%, signal=60%	
REGULATION OF INNATE IMMUNE RESPONSE%GOBP%GO:0045088	REGULATION OF INNATE IMMUNE RESPONSE%GOBP%GO:0045088		399	-0.39432907	-1.595127	0.0	0.08336718	1.0	2672	tags=27%, list=18%, signal=32%	
PID_HNF3B_PATHWAY%MSIGDB_C2%PID_HNF3B_PATHWAY	PID_HNF3B_PATHWAY%MSIGDB_C2%PID_HNF3B_PATHWAY		23	-0.60303664	-1.5938914	0.020325202	0.08408589	1.0	286	tags=17%, list=2%, signal=18%	
ACUTE INFLAMMATORY RESPONSE%GOBP%GO:0002526	ACUTE INFLAMMATORY RESPONSE%GOBP%GO:0002526		31	-0.57201016	-1.5931756	0.013958125	0.084484644	1.0	791	tags=19%, list=5%, signal=20%	
SPLICEOSOME CONFORMATIONAL CHANGE TO RELEASE U4 (OR U4ATAC) AND U1 (OR U11)%GOBP%GO:0000388	SPLICEOSOME CONFORMATIONAL CHANGE TO RELEASE U4 (OR U4ATAC) AND U1 (OR U11)%GOBP%GO:0000388		35	-0.55952024	-1.5924952	0.012096774	0.084842935	1.0	4449	tags=66%, list=30%, signal=93%	
AMPK-INDUCED ERAD AND LYSOSOME MEDIATED DEGRADATION OF PD-L1(CD274)%REACTOME DATABASE ID RELEASE 95%9931269	AMPK-INDUCED ERAD AND LYSOSOME MEDIATED DEGRADATION OF PD-L1(CD274)%REACTOME DATABASE ID RELEASE 95%9931269		54	-0.51243836	-1.5922987	0.007329843	0.08483918	1.0	4365	tags=59%, list=29%, signal=83%	
SUPERPATHWAY OF L-TRYPTOPHAN UTILIZATION%BIOCYC%PWY66-401	SUPERPATHWAY OF L-TRYPTOPHAN UTILIZATION%BIOCYC%PWY66-401		35	-0.56027657	-1.5916184	0.009287925	0.085198514	1.0	1376	tags=31%, list=9%, signal=35%	
MONOSACCHARIDE METABOLIC PROCESS%GOBP%GO:0005996	MONOSACCHARIDE METABOLIC PROCESS%GOBP%GO:0005996		100	-0.4611003	-1.5912838	0.0040444895	0.085265525	1.0	2897	tags=37%, list=19%, signal=46%	
NUCLEOSIDE PHOSPHATE METABOLIC PROCESS%GOBP%GO:0006753	NUCLEOSIDE PHOSPHATE METABOLIC PROCESS%GOBP%GO:0006753		419	-0.38907096	-1.5906577	0.0	0.085564174	1.0	3395	tags=37%, list=23%, signal=47%	
REGULATION OF RESPONSE TO BIOTIC STIMULUS%GOBP%GO:0002831	REGULATION OF RESPONSE TO BIOTIC STIMULUS%GOBP%GO:0002831		467	-0.38603652	-1.589484	0.0	0.086361885	1.0	2750	tags=27%, list=18%, signal=32%	
ENDOSOMAL TRANSPORT%GOBP%GO:0016197	ENDOSOMAL TRANSPORT%GOBP%GO:0016197		254	-0.40668592	-1.5884194	0.0	0.087053955	1.0	2375	tags=26%, list=16%, signal=30%	
MITOCHONDRIAL BIOGENESIS%REACTOME%R-HSA-1592230.4	MITOCHONDRIAL BIOGENESIS%REACTOME%R-HSA-1592230.4		90	-0.4619998	-1.588243	0.0031678986	0.08701137	1.0	4334	tags=42%, list=29%, signal=59%	
LYSOSOMAL TRANSPORT%GOBP%GO:0007041	LYSOSOMAL TRANSPORT%GOBP%GO:0007041		121	-0.44344145	-1.5882015	0.0	0.08686669	1.0	3164	tags=33%, list=21%, signal=42%	
GLYCOGENOSIS, TYPE IC%SMPDB%SMP0000574	GLYCOGENOSIS, TYPE IC%SMPDB%SMP0000574		19	-0.642074	-1.5874314	0.021829521	0.0872785	1.0	2627	tags=47%, list=17%, signal=57%	
KIT RECEPTOR SIGNALING%WIKIPATHWAYS_20260211%WP304%HOMO SAPIENS	KIT RECEPTOR SIGNALING%WIKIPATHWAYS_20260211%WP304%HOMO SAPIENS		46	-0.5154857	-1.5850103	0.01048218	0.089100756	1.0	3427	tags=37%, list=23%, signal=48%	
MACROPHAGE ACTIVATION%GOBP%GO:0042116	MACROPHAGE ACTIVATION%GOBP%GO:0042116		39	-0.53653055	-1.5849774	0.013065327	0.08894434	1.0	3473	tags=46%, list=23%, signal=60%	
RESPONSE OF EIF2AK1 (HRI) TO HEME DEFICIENCY%REACTOME DATABASE ID RELEASE 95%9648895	RESPONSE OF EIF2AK1 (HRI) TO HEME DEFICIENCY%REACTOME DATABASE ID RELEASE 95%9648895		15	-0.6607828	-1.5832958	0.021253984	0.09025322	1.0	2634	tags=47%, list=18%, signal=57%	
PROTEIN INSERTION INTO MITOCHONDRIAL INNER MEMBRANE%GOBP%GO:0045039	PROTEIN INSERTION INTO MITOCHONDRIAL INNER MEMBRANE%GOBP%GO:0045039		18	-0.6315641	-1.5826899	0.01928934	0.09050518	1.0	3624	tags=50%, list=24%, signal=66%	
FCERI MEDIATED NF-KB ACTIVATION%REACTOME DATABASE ID RELEASE 95%2871837	FCERI MEDIATED NF-KB ACTIVATION%REACTOME DATABASE ID RELEASE 95%2871837		65	-0.49175322	-1.582323	0.006153846	0.09062907	1.0	2973	tags=37%, list=20%, signal=46%	
EMBRYONIC PATTERN SPECIFICATION%GOBP%GO:0009880	EMBRYONIC PATTERN SPECIFICATION%GOBP%GO:0009880		29	-0.5802524	-1.5812222	0.007172131	0.091339685	1.0	1729	tags=24%, list=12%, signal=27%	
POSITIVE REGULATION OF TYPE I INTERFERON-MEDIATED SIGNALING PATHWAY%GOBP%GO:0060340	POSITIVE REGULATION OF TYPE I INTERFERON-MEDIATED SIGNALING PATHWAY%GOBP%GO:0060340		15	-0.65849364	-1.5807359	0.028154327	0.09155859	1.0	1305	tags=40%, list=9%, signal=44%	
REGULATION OF TYPE II INTERFERON PRODUCTION%GOBP%GO:0032649	REGULATION OF TYPE II INTERFERON PRODUCTION%GOBP%GO:0032649		88	-0.4677872	-1.5804468	0.0010341262	0.09164034	1.0	2859	tags=38%, list=19%, signal=46%	
MITOCHONDRIAL CALCIUM ION HOMEOSTASIS%GOBP%GO:0051560	MITOCHONDRIAL CALCIUM ION HOMEOSTASIS%GOBP%GO:0051560		19	-0.6291354	-1.5798291	0.018967334	0.09194521	1.0	1797	tags=32%, list=12%, signal=36%	
METABOLISM OF VITAMINS AND COFACTORS%REACTOME DATABASE ID RELEASE 95%196854	METABOLISM OF VITAMINS AND COFACTORS%REACTOME DATABASE ID RELEASE 95%196854		175	-0.42307442	-1.5784183	9.940357E-4	0.09289884	1.0	2584	tags=29%, list=17%, signal=34%	
MYELOID LEUKOCYTE ACTIVATION%GOBP%GO:0002274	MYELOID LEUKOCYTE ACTIVATION%GOBP%GO:0002274		94	-0.46181282	-1.5783782	0.0020408162	0.092741	1.0	3476	tags=38%, list=23%, signal=50%	
SYNTHESIS OF PIPS AT THE GOLGI MEMBRANE%REACTOME%R-HSA-1660514.5	SYNTHESIS OF PIPS AT THE GOLGI MEMBRANE%REACTOME%R-HSA-1660514.5		15	-0.66653484	-1.5782764	0.020576132	0.092633925	1.0	1515	tags=33%, list=10%, signal=37%	
SIGNALING BY INSULIN RECEPTOR%REACTOME DATABASE ID RELEASE 95%74752	SIGNALING BY INSULIN RECEPTOR%REACTOME DATABASE ID RELEASE 95%74752		58	-0.48775825	-1.5768983	0.007209063	0.09362806	1.0	2206	tags=34%, list=15%, signal=40%	
MAPK SIGNALING AND ARTD FAMILY MEMBERS%WIKIPATHWAYS_20260211%WP5530%HOMO SAPIENS	MAPK SIGNALING AND ARTD FAMILY MEMBERS%WIKIPATHWAYS_20260211%WP5530%HOMO SAPIENS		29	-0.5673051	-1.575707	0.014314928	0.094462	1.0	1018	tags=24%, list=7%, signal=26%	
VESICLE COATING%GOBP%GO:0006901	VESICLE COATING%GOBP%GO:0006901		35	-0.5491204	-1.5750113	0.009036144	0.094876796	1.0	2548	tags=31%, list=17%, signal=38%	
T-HELPER 17 TYPE IMMUNE RESPONSE%GOBP%GO:0072538	T-HELPER 17 TYPE IMMUNE RESPONSE%GOBP%GO:0072538		30	-0.5589616	-1.5739373	0.012133468	0.095606565	1.0	3022	tags=47%, list=20%, signal=58%	
VESICLE TARGETING, TO, FROM OR WITHIN GOLGI%GOBP%GO:0048199	VESICLE TARGETING, TO, FROM OR WITHIN GOLGI%GOBP%GO:0048199		29	-0.56725377	-1.5738623	0.024819028	0.0954731	1.0	2548	tags=34%, list=17%, signal=41%	
ORC1 REMOVAL FROM CHROMATIN%REACTOME%R-HSA-68949.5	ORC1 REMOVAL FROM CHROMATIN%REACTOME%R-HSA-68949.5		58	-0.4938576	-1.5726988	0.009910802	0.09631065	1.0	4717	tags=53%, list=31%, signal=78%	
TERPENOID METABOLIC PROCESS%GOBP%GO:0006721	TERPENOID METABOLIC PROCESS%GOBP%GO:0006721		60	-0.4939698	-1.5724831	0.0070921984	0.0963035	1.0	328	tags=13%, list=2%, signal=14%	
SPLICEOSOMAL SNRNP ASSEMBLY%GOBP%GO:0000387	SPLICEOSOMAL SNRNP ASSEMBLY%GOBP%GO:0000387		70	-0.47570527	-1.5724697	0.003976143	0.096128285	1.0	3261	tags=37%, list=22%, signal=47%	
ENDOGENOUS TLR SIGNALING%PATHWAY INTERACTION DATABASE NCI-NATURE CURATED DATA%ENDOGENOUS TLR SIGNALING	ENDOGENOUS TLR SIGNALING%PATHWAY INTERACTION DATABASE NCI-NATURE CURATED DATA%ENDOGENOUS TLR SIGNALING		25	-0.5793838	-1.5716906	0.028985508	0.09656129	1.0	3786	tags=52%, list=25%, signal=69%	
POSITIVE REGULATION OF INTERLEUKIN-6 PRODUCTION%GOBP%GO:0032755	POSITIVE REGULATION OF INTERLEUKIN-6 PRODUCTION%GOBP%GO:0032755		67	-0.47888932	-1.5716091	0.003177966	0.09643851	1.0	3148	tags=45%, list=21%, signal=56%	
IL4 SIGNALING%WIKIPATHWAYS_20260211%WP395%HOMO SAPIENS	IL4 SIGNALING%WIKIPATHWAYS_20260211%WP395%HOMO SAPIENS		40	-0.5298033	-1.5715886	0.011066399	0.0962618	1.0	1191	tags=18%, list=8%, signal=19%	
POSITIVE REGULATION OF LIPID METABOLIC PROCESS%GOBP%GO:0045834	POSITIVE REGULATION OF LIPID METABOLIC PROCESS%GOBP%GO:0045834		91	-0.45763215	-1.5712731	0.0	0.09632022	1.0	1917	tags=26%, list=13%, signal=30%	
ORGANIC CATION TRANSPORT%GOBP%GO:0015695	ORGANIC CATION TRANSPORT%GOBP%GO:0015695		63	-0.48936188	-1.5711622	0.0071647903	0.09621425	1.0	1837	tags=32%, list=12%, signal=36%	
NUCLEOSIDE TRIPHOSPHATE METABOLIC PROCESS%GOBP%GO:0009141	NUCLEOSIDE TRIPHOSPHATE METABOLIC PROCESS%GOBP%GO:0009141		154	-0.42692667	-1.5710409	0.0	0.096113995	1.0	3755	tags=44%, list=25%, signal=58%	
DECTIN-1 MEDIATED NONCANONICAL NF-KB SIGNALING%REACTOME DATABASE ID RELEASE 95%5607761	DECTIN-1 MEDIATED NONCANONICAL NF-KB SIGNALING%REACTOME DATABASE ID RELEASE 95%5607761		47	-0.51397735	-1.570949	0.011650485	0.09599205	1.0	2973	tags=43%, list=20%, signal=53%	
NEUTROPHIL CHEMOTAXIS%GOBP%GO:0030593	NEUTROPHIL CHEMOTAXIS%GOBP%GO:0030593		40	-0.526739	-1.5706592	0.014814815	0.09603425	1.0	2274	tags=33%, list=15%, signal=38%	
DEFENSE RESPONSE TO VIRUS%GOBP%GO:0051607	DEFENSE RESPONSE TO VIRUS%GOBP%GO:0051607		183	-0.41817242	-1.5702921	0.001019368	0.0961551	1.0	2990	tags=30%, list=20%, signal=36%	
REGULATION OF FATTY ACID METABOLIC PROCESS%GOBP%GO:0019217	REGULATION OF FATTY ACID METABOLIC PROCESS%GOBP%GO:0019217		71	-0.47809407	-1.5699791	0.0052576237	0.09622738	1.0	2145	tags=27%, list=14%, signal=31%	
PCP CE PATHWAY%REACTOME%R-HSA-4086400.4	PCP CE PATHWAY%REACTOME%R-HSA-4086400.4		77	-0.4679507	-1.5698047	0.0021097045	0.096201144	1.0	2818	tags=38%, list=19%, signal=46%	
RNA 5'-END PROCESSING%GOBP%GO:0000966	RNA 5'-END PROCESSING%GOBP%GO:0000966		37	-0.5324063	-1.5697476	0.016546018	0.09606726	1.0	4058	tags=49%, list=27%, signal=66%	
PROTEIN INSERTION INTO MEMBRANE%GOBP%GO:0051205	PROTEIN INSERTION INTO MEMBRANE%GOBP%GO:0051205		66	-0.48580948	-1.5695124	0.008121828	0.096094616	1.0	3624	tags=38%, list=24%, signal=50%	
KEAP1-NFE2L2 PATHWAY%REACTOME%R-HSA-9755511.5	KEAP1-NFE2L2 PATHWAY%REACTOME%R-HSA-9755511.5		111	-0.44295028	-1.5682814	0.002004008	0.096907	1.0	2818	tags=37%, list=19%, signal=45%	
LUNG PATHOLOGY OF COVID 19%WIKIPATHWAYS_20260211%WP5146%HOMO SAPIENS	LUNG PATHOLOGY OF COVID 19%WIKIPATHWAYS_20260211%WP5146%HOMO SAPIENS		18	-0.63522035	-1.5678033	0.023517383	0.09712358	1.0	3680	tags=56%, list=25%, signal=73%	
DEFENSE RESPONSE TO SYMBIONT%GOBP%GO:0140546	DEFENSE RESPONSE TO SYMBIONT%GOBP%GO:0140546		441	-0.380684	-1.5671775	0.0	0.09748829	1.0	3022	tags=31%, list=20%, signal=38%	
FATTY-ACYL-COA BIOSYNTHETIC PROCESS%GOBP%GO:0046949	FATTY-ACYL-COA BIOSYNTHETIC PROCESS%GOBP%GO:0046949		25	-0.58655035	-1.5668412	0.021978023	0.097562194	1.0	1566	tags=32%, list=10%, signal=36%	
POSITIVE REGULATION OF PROTEASOMAL UBIQUITIN-DEPENDENT PROTEIN CATABOLIC PROCESS%GOBP%GO:0032436	POSITIVE REGULATION OF PROTEASOMAL UBIQUITIN-DEPENDENT PROTEIN CATABOLIC PROCESS%GOBP%GO:0032436		70	-0.47489622	-1.5660832	0.007238883	0.0980067	1.0	2205	tags=24%, list=15%, signal=28%	
HEXOSE METABOLIC PROCESS%GOBP%GO:0019318	HEXOSE METABOLIC PROCESS%GOBP%GO:0019318		88	-0.4581866	-1.5645928	0.0051124743	0.099066295	1.0	2897	tags=38%, list=19%, signal=46%	
U12 DEPENDENT SPLICING%REACTOME%R-HSA-72165.3	U12 DEPENDENT SPLICING%REACTOME%R-HSA-72165.3		50	-0.5052303	-1.5638858	0.011066399	0.09949478	1.0	4451	tags=54%, list=30%, signal=76%	
REGULATION OF TYPE I INTERFERON-MEDIATED SIGNALING PATHWAY%GOBP%GO:0060338	REGULATION OF TYPE I INTERFERON-MEDIATED SIGNALING PATHWAY%GOBP%GO:0060338		35	-0.5359968	-1.5626384	0.018887723	0.100319535	1.0	1305	tags=23%, list=9%, signal=25%	
HALLMARK_REACTIVE_OXYGEN_SPECIES_PATHWAY%MSIGDBHALLMARK%HALLMARK_REACTIVE_OXYGEN_SPECIES_PATHWAY	HALLMARK_REACTIVE_OXYGEN_SPECIES_PATHWAY%MSIGDBHALLMARK%HALLMARK_REACTIVE_OXYGEN_SPECIES_PATHWAY		32	-0.5489414	-1.562292	0.016393442	0.10043988	1.0	2122	tags=41%, list=14%, signal=47%	
FC EPSILON RECEPTOR I SIGNALING IN MAST CELLS%SMPDB%SMP0000358	FC EPSILON RECEPTOR I SIGNALING IN MAST CELLS%SMPDB%SMP0000358		37	-0.53561246	-1.5608273	0.018367346	0.10155716	1.0	2939	tags=38%, list=20%, signal=47%	
MAP2K AND MAPK ACTIVATION%REACTOME DATABASE ID RELEASE 95%5674135	MAP2K AND MAPK ACTIVATION%REACTOME DATABASE ID RELEASE 95%5674135		36	-0.5396533	-1.5602084	0.01443299	0.10191928	1.0	2580	tags=44%, list=17%, signal=54%	
GPVI-MEDIATED ACTIVATION CASCADE%REACTOME%R-HSA-114604.7	GPVI-MEDIATED ACTIVATION CASCADE%REACTOME%R-HSA-114604.7		31	-0.55908006	-1.5599564	0.019860974	0.10194564	1.0	2801	tags=42%, list=19%, signal=51%	
TRIGLYCERIDE METABOLISM%REACTOME%R-HSA-8979227.2	TRIGLYCERIDE METABOLISM%REACTOME%R-HSA-8979227.2		27	-0.56961393	-1.5587491	0.033160623	0.1028411	1.0	3349	tags=48%, list=22%, signal=62%	
POSITIVE REGULATION OF INTERFERON-BETA PRODUCTION%GOBP%GO:0032728	POSITIVE REGULATION OF INTERFERON-BETA PRODUCTION%GOBP%GO:0032728		37	-0.53435516	-1.5581851	0.015212982	0.10316784	1.0	3680	tags=43%, list=25%, signal=57%	
CD8-POSITIVE, ALPHA-BETA T CELL DIFFERENTIATION%GOBP%GO:0043374	CD8-POSITIVE, ALPHA-BETA T CELL DIFFERENTIATION%GOBP%GO:0043374		16	-0.6484117	-1.557703	0.026260504	0.10338492	1.0	2818	tags=63%, list=19%, signal=77%	
DEFENSE RESPONSE TO OTHER ORGANISM%GOBP%GO:0098542	DEFENSE RESPONSE TO OTHER ORGANISM%GOBP%GO:0098542		446	-0.3803649	-1.5574614	0.0	0.103370234	1.0	3022	tags=31%, list=20%, signal=38%	
FATTY ACID AND LIPOPROTEIN TRANSPORT IN HEPATOCYTES%WIKIPATHWAYS_20260211%WP5323%HOMO SAPIENS	FATTY ACID AND LIPOPROTEIN TRANSPORT IN HEPATOCYTES%WIKIPATHWAYS_20260211%WP5323%HOMO SAPIENS		23	-0.59223795	-1.5568367	0.02289282	0.103753194	1.0	3164	tags=43%, list=21%, signal=55%	
FORMATION OF HIV-1 ELONGATION COMPLEX CONTAINING HIV-1 TAT%REACTOME%R-HSA-167200.5	FORMATION OF HIV-1 ELONGATION COMPLEX CONTAINING HIV-1 TAT%REACTOME%R-HSA-167200.5		41	-0.5217717	-1.5560397	0.019467212	0.10430349	1.0	2731	tags=27%, list=18%, signal=33%	
NEGATIVE REGULATION OF FATTY ACID METABOLIC PROCESS%GOBP%GO:0045922	NEGATIVE REGULATION OF FATTY ACID METABOLIC PROCESS%GOBP%GO:0045922		25	-0.5777156	-1.555777	0.016032064	0.104334995	1.0	2145	tags=40%, list=14%, signal=47%	
REGULATION OF AEROBIC RESPIRATION%GOBP%GO:1903715	REGULATION OF AEROBIC RESPIRATION%GOBP%GO:1903715		22	-0.59993845	-1.5557249	0.027607363	0.104195215	1.0	1872	tags=23%, list=12%, signal=26%	
PORPHYRIN METABOLISM%REACTOME%R-HSA-189445.3	PORPHYRIN METABOLISM%REACTOME%R-HSA-189445.3		18	-0.623587	-1.5551851	0.019027485	0.10450253	1.0	2183	tags=33%, list=15%, signal=39%	
PRIMARY ALCOHOL METABOLIC PROCESS%GOBP%GO:0034308	PRIMARY ALCOHOL METABOLIC PROCESS%GOBP%GO:0034308		47	-0.50444645	-1.5537939	0.010626992	0.10559044	1.0	1260	tags=19%, list=8%, signal=21%	
NIK-->NONCANONICAL NF-KB SIGNALING%REACTOME%R-HSA-5676590.3	NIK-->NONCANONICAL NF-KB SIGNALING%REACTOME%R-HSA-5676590.3		46	-0.5156438	-1.5536199	0.013513514	0.10553841	1.0	2973	tags=43%, list=20%, signal=54%	
NEUTROPHIL MEDIATED IMMUNITY%GOBP%GO:0002446	NEUTROPHIL MEDIATED IMMUNITY%GOBP%GO:0002446		15	-0.6557945	-1.5533587	0.02079002	0.10555294	1.0	2884	tags=47%, list=19%, signal=58%	
NEGATIVE REGULATION OF INNATE IMMUNE RESPONSE%GOBP%GO:0045824	NEGATIVE REGULATION OF INNATE IMMUNE RESPONSE%GOBP%GO:0045824		75	-0.46877307	-1.553031	0.007866274	0.105612196	1.0	3277	tags=41%, list=22%, signal=53%	
TOLL RECEPTOR SIGNALING PATHWAY%PANTHER PATHWAY%P00054	TOLL RECEPTOR SIGNALING PATHWAY%PANTHER PATHWAY%P00054		35	-0.54448223	-1.5524286	0.018200202	0.10600487	1.0	2149	tags=29%, list=14%, signal=33%	
HIV TRANSCRIPTION ELONGATION%REACTOME DATABASE ID RELEASE 95%167169	HIV TRANSCRIPTION ELONGATION%REACTOME DATABASE ID RELEASE 95%167169		41	-0.5217717	-1.5506307	0.0114702815	0.10747167	1.0	2731	tags=27%, list=18%, signal=33%	
IFN-GAMMA PATHWAY%PATHWAY INTERACTION DATABASE NCI-NATURE CURATED DATA%IFN-GAMMA PATHWAY	IFN-GAMMA PATHWAY%PATHWAY INTERACTION DATABASE NCI-NATURE CURATED DATA%IFN-GAMMA PATHWAY		40	-0.5264607	-1.5500511	0.0116959065	0.10786237	1.0	5161	tags=55%, list=34%, signal=84%	
HOST INTERACTIONS OF HIV FACTORS%REACTOME DATABASE ID RELEASE 95%162909	HOST INTERACTIONS OF HIV FACTORS%REACTOME DATABASE ID RELEASE 95%162909		112	-0.43590513	-1.54972	0.0	0.10795786	1.0	4566	tags=45%, list=30%, signal=64%	
CDK-MEDIATED PHOSPHORYLATION AND REMOVAL OF CDC6%REACTOME%R-HSA-69017.4	CDK-MEDIATED PHOSPHORYLATION AND REMOVAL OF CDC6%REACTOME%R-HSA-69017.4		60	-0.485573	-1.5491595	0.0090543255	0.10824427	1.0	2818	tags=33%, list=19%, signal=41%	
BUDDING AND MATURATION OF HIV VIRION%REACTOME DATABASE ID RELEASE 95%162588	BUDDING AND MATURATION OF HIV VIRION%REACTOME DATABASE ID RELEASE 95%162588		28	-0.5587785	-1.548876	0.024390243	0.10832208	1.0	3605	tags=43%, list=24%, signal=56%	
PURINE RIBONUCLEOTIDE BIOSYNTHETIC PROCESS%GOBP%GO:0009152	PURINE RIBONUCLEOTIDE BIOSYNTHETIC PROCESS%GOBP%GO:0009152		107	-0.4396736	-1.5486809	0.0040816325	0.10829256	1.0	3755	tags=51%, list=25%, signal=68%	
FORMATION OF HIV ELONGATION COMPLEX IN THE ABSENCE OF HIV TAT%REACTOME%R-HSA-167152.5	FORMATION OF HIV ELONGATION COMPLEX IN THE ABSENCE OF HIV TAT%REACTOME%R-HSA-167152.5		43	-0.52064717	-1.5478437	0.011422638	0.1088924	1.0	2731	tags=26%, list=18%, signal=31%	
RIBONUCLEOTIDE BIOSYNTHETIC PROCESS%GOBP%GO:0009260	RIBONUCLEOTIDE BIOSYNTHETIC PROCESS%GOBP%GO:0009260		118	-0.4338766	-1.5475457	0.0	0.10898411	1.0	3755	tags=50%, list=25%, signal=66%	
ACTIVATION OF INNATE IMMUNE RESPONSE%GOBP%GO:0002218	ACTIVATION OF INNATE IMMUNE RESPONSE%GOBP%GO:0002218		147	-0.42302716	-1.5474162	0.0010152285	0.10890566	1.0	2664	tags=29%, list=18%, signal=35%	
DISEASES OF CARBOHYDRATE METABOLISM%REACTOME%R-HSA-5663084.5	DISEASES OF CARBOHYDRATE METABOLISM%REACTOME%R-HSA-5663084.5		29	-0.5605614	-1.5470088	0.025075225	0.109088086	1.0	1094	tags=24%, list=7%, signal=26%	
ABC TRANSPORTER DISORDERS%REACTOME%R-HSA-5619084.7	ABC TRANSPORTER DISORDERS%REACTOME%R-HSA-5619084.7		62	-0.48114824	-1.5465163	0.01002004	0.109335035	1.0	2818	tags=44%, list=19%, signal=53%	
TOLL-LIKE RECEPTOR 4 SIGNALING PATHWAY%GOBP%GO:0034142	TOLL-LIKE RECEPTOR 4 SIGNALING PATHWAY%GOBP%GO:0034142		27	-0.5667037	-1.5464633	0.016129032	0.109176435	1.0	2973	tags=44%, list=20%, signal=55%	
NEGATIVE REGULATION OF FOCAL ADHESION ASSEMBLY%GOBP%GO:0051895	NEGATIVE REGULATION OF FOCAL ADHESION ASSEMBLY%GOBP%GO:0051895		18	-0.6262301	-1.5461589	0.02016129	0.109269366	1.0	2446	tags=44%, list=16%, signal=53%	
ANTIVIRAL INNATE IMMUNE RESPONSE%GOBP%GO:0140374	ANTIVIRAL INNATE IMMUNE RESPONSE%GOBP%GO:0140374		69	-0.4753252	-1.5457809	0.008048289	0.10941506	1.0	2529	tags=30%, list=17%, signal=36%	
SIGNALING BY HIGH-KINASE ACTIVITY BRAF MUTANTS%REACTOME%R-HSA-6802948.2	SIGNALING BY HIGH-KINASE ACTIVITY BRAF MUTANTS%REACTOME%R-HSA-6802948.2		32	-0.54546076	-1.545376	0.028084252	0.10959501	1.0	3342	tags=53%, list=22%, signal=68%	
TRICARBOXYLIC ACID CYCLE%GOBP%GO:0006099	TRICARBOXYLIC ACID CYCLE%GOBP%GO:0006099		29	-0.55821455	-1.5440923	0.025125628	0.11054942	1.0	1673	tags=28%, list=11%, signal=31%	
NUCLEOSIDE METABOLIC PROCESS%GOBP%GO:0009116	NUCLEOSIDE METABOLIC PROCESS%GOBP%GO:0009116		33	-0.5454969	-1.5433762	0.02596054	0.11102085	1.0	1846	tags=21%, list=12%, signal=24%	
PID_GMCSF_PATHWAY%MSIGDB_C2%PID_GMCSF_PATHWAY	PID_GMCSF_PATHWAY%MSIGDB_C2%PID_GMCSF_PATHWAY		30	-0.54760253	-1.5427693	0.016932271	0.11137709	1.0	1098	tags=20%, list=7%, signal=22%	
MITOCHONDRIAL ELECTRON TRANSPORT CHAIN%SMPDB%SMP0000355	MITOCHONDRIAL ELECTRON TRANSPORT CHAIN%SMPDB%SMP0000355		20	-0.6062183	-1.5424668	0.02919708	0.11143659	1.0	4533	tags=65%, list=30%, signal=93%	
TAT-MEDIATED ELONGATION OF THE HIV-1 TRANSCRIPT%REACTOME DATABASE ID RELEASE 95%167246	TAT-MEDIATED ELONGATION OF THE HIV-1 TRANSCRIPT%REACTOME DATABASE ID RELEASE 95%167246		41	-0.5217717	-1.541622	0.016511869	0.11209181	1.0	2731	tags=27%, list=18%, signal=33%	
POSITIVE REGULATION OF MACROPHAGE DERIVED FOAM CELL DIFFERENTIATION%GOBP%GO:0010744	POSITIVE REGULATION OF MACROPHAGE DERIVED FOAM CELL DIFFERENTIATION%GOBP%GO:0010744		20	-0.60227585	-1.540482	0.023622047	0.1130073	1.0	2859	tags=55%, list=19%, signal=68%	
PEROXISOMAL LIPID METABOLISM%REACTOME%R-HSA-390918.7	PEROXISOMAL LIPID METABOLISM%REACTOME%R-HSA-390918.7		22	-0.5982578	-1.5403202	0.03869654	0.112962075	1.0	642	tags=23%, list=4%, signal=24%	
CDC20:PHOSPHO-APC C MEDIATED DEGRADATION OF CYCLIN A%REACTOME DATABASE ID RELEASE 95%174184	CDC20:PHOSPHO-APC C MEDIATED DEGRADATION OF CYCLIN A%REACTOME DATABASE ID RELEASE 95%174184		60	-0.48272866	-1.5400711	0.007960199	0.11300228	1.0	2818	tags=33%, list=19%, signal=41%	
INACTIVATION OF CSF3 (G-CSF) SIGNALING%REACTOME DATABASE ID RELEASE 95%9705462	INACTIVATION OF CSF3 (G-CSF) SIGNALING%REACTOME DATABASE ID RELEASE 95%9705462		25	-0.5757395	-1.539668	0.02889577	0.11318446	1.0	2226	tags=28%, list=15%, signal=33%	
CELLULAR PIGMENTATION%GOBP%GO:0033059	CELLULAR PIGMENTATION%GOBP%GO:0033059		56	-0.4946786	-1.5384744	0.010121457	0.11416515	1.0	2045	tags=29%, list=14%, signal=33%	
GOLGI TO VACUOLE TRANSPORT%GOBP%GO:0006896	GOLGI TO VACUOLE TRANSPORT%GOBP%GO:0006896		22	-0.590722	-1.5383422	0.028571429	0.11407672	1.0	4013	tags=64%, list=27%, signal=87%	
POSITIVE REGULATION OF RESPONSE TO EXTERNAL STIMULUS%GOBP%GO:0032103	POSITIVE REGULATION OF RESPONSE TO EXTERNAL STIMULUS%GOBP%GO:0032103		456	-0.37513763	-1.5374291	0.0	0.11475466	1.0	2973	tags=28%, list=20%, signal=34%	
REGULATION OF PROTEASOMAL UBIQUITIN-DEPENDENT PROTEIN CATABOLIC PROCESS%GOBP%GO:0032434	REGULATION OF PROTEASOMAL UBIQUITIN-DEPENDENT PROTEIN CATABOLIC PROCESS%GOBP%GO:0032434		115	-0.4357715	-1.5372776	0.002030457	0.11471489	1.0	2275	tags=22%, list=15%, signal=25%	
ANGIOPOIETIN LIKE PROTEIN 8 REGULATORY PATHWAY%WIKIPATHWAYS_20260211%WP3915%HOMO SAPIENS	ANGIOPOIETIN LIKE PROTEIN 8 REGULATORY PATHWAY%WIKIPATHWAYS_20260211%WP3915%HOMO SAPIENS		101	-0.44054872	-1.53598	0.0030674846	0.11576284	1.0	1872	tags=25%, list=12%, signal=28%	
POSITIVE REGULATION OF INFLAMMATORY RESPONSE%GOBP%GO:0050729	POSITIVE REGULATION OF INFLAMMATORY RESPONSE%GOBP%GO:0050729		126	-0.42948213	-1.5354302	0.0030991735	0.11610503	1.0	1989	tags=25%, list=13%, signal=29%	
NEGATIVE REGULATION OF STRESS FIBER ASSEMBLY%GOBP%GO:0051497	NEGATIVE REGULATION OF STRESS FIBER ASSEMBLY%GOBP%GO:0051497		22	-0.58956844	-1.5352693	0.037037037	0.1160697	1.0	2436	tags=45%, list=16%, signal=54%	
RNA POLYMERASE II TRANSCRIPTION THE PREINITIATION COMPLEX%WIKIPATHWAYS_20260211%WP5563%HOMO SAPIENS	RNA POLYMERASE II TRANSCRIPTION THE PREINITIATION COMPLEX%WIKIPATHWAYS_20260211%WP5563%HOMO SAPIENS		62	-0.47736636	-1.5341144	0.01144641	0.11701463	1.0	4060	tags=35%, list=27%, signal=48%	
DENDRITIC CELL DIFFERENTIATION%GOBP%GO:0097028	DENDRITIC CELL DIFFERENTIATION%GOBP%GO:0097028		21	-0.5937933	-1.5338755	0.03405573	0.11706563	1.0	1227	tags=24%, list=8%, signal=26%	
ACYL CHAIN REMODELLING OF PC%REACTOME%R-HSA-1482788.5	ACYL CHAIN REMODELLING OF PC%REACTOME%R-HSA-1482788.5		24	-0.5750904	-1.5333068	0.035353534	0.117408365	1.0	428	tags=25%, list=3%, signal=26%	
IFN-GAMMA%IOB%IFN-GAMMA	IFN-GAMMA%IOB%IFN-GAMMA		21	-0.5975359	-1.5333005	0.03137652	0.11721291	1.0	808	tags=19%, list=5%, signal=20%	
FATTY ACID DERIVATIVE METABOLIC PROCESS%GOBP%GO:1901568	FATTY ACID DERIVATIVE METABOLIC PROCESS%GOBP%GO:1901568		63	-0.47019857	-1.5330782	0.0053418805	0.11721563	1.0	1952	tags=30%, list=13%, signal=35%	
REGULATION OF D-GLUCOSE TRANSMEMBRANE TRANSPORT%GOBP%GO:0010827	REGULATION OF D-GLUCOSE TRANSMEMBRANE TRANSPORT%GOBP%GO:0010827		44	-0.5013304	-1.5326027	0.017580144	0.11749407	1.0	921	tags=20%, list=6%, signal=22%	
PROTEIN INSERTION INTO ER MEMBRANE%GOBP%GO:0045048	PROTEIN INSERTION INTO ER MEMBRANE%GOBP%GO:0045048		30	-0.54758203	-1.5324277	0.017580144	0.11745694	1.0	2222	tags=27%, list=15%, signal=31%	
MYELOID CELL ACTIVATION INVOLVED IN IMMUNE RESPONSE%GOBP%GO:0002275	MYELOID CELL ACTIVATION INVOLVED IN IMMUNE RESPONSE%GOBP%GO:0002275		40	-0.52443135	-1.532418	0.023454158	0.117260925	1.0	1741	tags=30%, list=12%, signal=34%	
REGULATION OF FZD BY UBIQUITINATION%REACTOME%R-HSA-4641263.4	REGULATION OF FZD BY UBIQUITINATION%REACTOME%R-HSA-4641263.4		21	-0.6018755	-1.5322809	0.02284012	0.11720117	1.0	387	tags=14%, list=3%, signal=15%	
POSITIVE REGULATION OF CYTOKINE PRODUCTION%GOBP%GO:0001819	POSITIVE REGULATION OF CYTOKINE PRODUCTION%GOBP%GO:0001819		380	-0.37943244	-1.5318979	0.0	0.11738616	1.0	2423	tags=27%, list=16%, signal=32%	
EFFECT OF OMEGA 3 PUFA ON HUNTINGTON 39 S DISEASE PATHWAYS%WIKIPATHWAYS_20260211%WP5470%HOMO SAPIENS	EFFECT OF OMEGA 3 PUFA ON HUNTINGTON 39 S DISEASE PATHWAYS%WIKIPATHWAYS_20260211%WP5470%HOMO SAPIENS		88	-0.44948763	-1.5279847	0.0041753654	0.12110161	1.0	2553	tags=26%, list=17%, signal=31%	
CONTRACTILE ACTIN FILAMENT BUNDLE ASSEMBLY%GOBP%GO:0030038	CONTRACTILE ACTIN FILAMENT BUNDLE ASSEMBLY%GOBP%GO:0030038		16	-0.6258873	-1.5275252	0.036217302	0.12134829	1.0	1615	tags=38%, list=11%, signal=42%	
HEME METABOLIC PROCESS%GOBP%GO:0042168	HEME METABOLIC PROCESS%GOBP%GO:0042168		33	-0.53364956	-1.527282	0.023933403	0.1214033	1.0	2475	tags=27%, list=16%, signal=33%	
REGULATION OF AUTOPHAGY%GOBP%GO:0010506	REGULATION OF AUTOPHAGY%GOBP%GO:0010506		316	-0.3835041	-1.5264605	0.0	0.12207253	1.0	2441	tags=22%, list=16%, signal=26%	
POSITIVE REGULATION OF MACROAUTOPHAGY%GOBP%GO:0016239	POSITIVE REGULATION OF MACROAUTOPHAGY%GOBP%GO:0016239		81	-0.45005518	-1.5261393	0.005050505	0.122189865	1.0	2755	tags=30%, list=18%, signal=36%	
POSITIVE REGULATION OF PROTEASOMAL PROTEIN CATABOLIC PROCESS%GOBP%GO:1901800	POSITIVE REGULATION OF PROTEASOMAL PROTEIN CATABOLIC PROCESS%GOBP%GO:1901800		99	-0.44427955	-1.5249275	0.0049309665	0.12327569	1.0	2222	tags=23%, list=15%, signal=27%	
ACUTE MYELOID LEUKEMIA%WIKIPATHWAYS_20260211%WP5293%HOMO SAPIENS	ACUTE MYELOID LEUKEMIA%WIKIPATHWAYS_20260211%WP5293%HOMO SAPIENS		56	-0.4831352	-1.5246881	0.010593221	0.1233055	1.0	1191	tags=18%, list=8%, signal=19%	
REGULATION OF CHOLESTEROL EFFLUX%GOBP%GO:0010874	REGULATION OF CHOLESTEROL EFFLUX%GOBP%GO:0010874		31	-0.54211736	-1.5233085	0.021190716	0.12454126	1.0	1793	tags=29%, list=12%, signal=33%	
STRESS FIBER ASSEMBLY%GOBP%GO:0043149	STRESS FIBER ASSEMBLY%GOBP%GO:0043149		16	-0.6258873	-1.5225734	0.034126163	0.12508623	1.0	1615	tags=38%, list=11%, signal=42%	
POSITIVE REGULATION OF CYTOKINE-MEDIATED SIGNALING PATHWAY%GOBP%GO:0001961	POSITIVE REGULATION OF CYTOKINE-MEDIATED SIGNALING PATHWAY%GOBP%GO:0001961		49	-0.49822772	-1.52255	0.012875536	0.12489248	1.0	1612	tags=27%, list=11%, signal=30%	
ENDOPLASMIC RETICULUM ORGANIZATION%GOBP%GO:0007029	ENDOPLASMIC RETICULUM ORGANIZATION%GOBP%GO:0007029		80	-0.45289615	-1.522513	0.0071647903	0.12471146	1.0	2309	tags=25%, list=15%, signal=29%	
CARBOXYLIC ACID BIOSYNTHETIC PROCESS%GOBP%GO:0046394	CARBOXYLIC ACID BIOSYNTHETIC PROCESS%GOBP%GO:0046394		173	-0.40647012	-1.5223833	0.0031055901	0.1246347	1.0	2239	tags=28%, list=15%, signal=32%	
3-PHOSPHOGLYCERATE DEHYDROGENASE DEFICIENCY%SMPDB%SMP0000721	3-PHOSPHOGLYCERATE DEHYDROGENASE DEFICIENCY%SMPDB%SMP0000721		22	-0.5702848	-1.5218856	0.03398558	0.124868765	1.0	1859	tags=45%, list=12%, signal=52%	
VEGF SIGNALING PATHWAY%PANTHER PATHWAY%P00056	VEGF SIGNALING PATHWAY%PANTHER PATHWAY%P00056		58	-0.4805578	-1.5217803	0.0123583935	0.124761984	1.0	2878	tags=33%, list=19%, signal=40%	
VIRAL RELEASE FROM HOST CELL%GOBP%GO:0019076	VIRAL RELEASE FROM HOST CELL%GOBP%GO:0019076		27	-0.55942255	-1.5214866	0.031746034	0.12483182	1.0	2357	tags=37%, list=16%, signal=44%	
EXIT FROM HOST CELL%GOBP%GO:0035891	EXIT FROM HOST CELL%GOBP%GO:0035891		27	-0.55942255	-1.5214608	0.023833169	0.12464512	1.0	2357	tags=37%, list=16%, signal=44%	
NEGATIVE REGULATION OF NUCLEOTIDE METABOLIC PROCESS%GOBP%GO:0045980	NEGATIVE REGULATION OF NUCLEOTIDE METABOLIC PROCESS%GOBP%GO:0045980		17	-0.6149376	-1.5207832	0.031762294	0.12512904	1.0	2173	tags=41%, list=14%, signal=48%	
CYTOPROTECTION BY HMOX1%REACTOME DATABASE ID RELEASE 95%9707564	CYTOPROTECTION BY HMOX1%REACTOME DATABASE ID RELEASE 95%9707564		51	-0.49395517	-1.5191104	0.016580312	0.12669891	1.0	3523	tags=39%, list=23%, signal=51%	
TRANSCRIPTIONAL REGULATION OF WHITE ADIPOCYTE DIFFERENTIATION%REACTOME%R-HSA-381340.5	TRANSCRIPTIONAL REGULATION OF WHITE ADIPOCYTE DIFFERENTIATION%REACTOME%R-HSA-381340.5		80	-0.45230427	-1.5179596	0.008281574	0.12764025	1.0	3061	tags=24%, list=20%, signal=30%	
MULTIVESICULAR BODY ORGANIZATION%GOBP%GO:0036257	MULTIVESICULAR BODY ORGANIZATION%GOBP%GO:0036257		32	-0.52719355	-1.5174873	0.023373984	0.12792787	1.0	3519	tags=38%, list=23%, signal=49%	
LYSOSOME LOCALIZATION%GOBP%GO:0032418	LYSOSOME LOCALIZATION%GOBP%GO:0032418		45	-0.5000002	-1.5173873	0.020181635	0.12781426	1.0	2667	tags=31%, list=18%, signal=38%	
ABORTIVE ELONGATION OF HIV-1 TRANSCRIPT IN THE ABSENCE OF TAT%REACTOME DATABASE ID RELEASE 95%167242	ABORTIVE ELONGATION OF HIV-1 TRANSCRIPT IN THE ABSENCE OF TAT%REACTOME DATABASE ID RELEASE 95%167242		23	-0.5801115	-1.5171199	0.031794872	0.1278785	1.0	2504	tags=26%, list=17%, signal=31%	
PHOSPHATIDYLGLYCEROL METABOLIC PROCESS%GOBP%GO:0046471	PHOSPHATIDYLGLYCEROL METABOLIC PROCESS%GOBP%GO:0046471		26	-0.5600902	-1.5157062	0.022703819	0.12911478	1.0	885	tags=27%, list=6%, signal=29%	
POSITIVE REGULATION OF TYPE I INTERFERON PRODUCTION%GOBP%GO:0032481	POSITIVE REGULATION OF TYPE I INTERFERON PRODUCTION%GOBP%GO:0032481		67	-0.46798736	-1.5156212	0.01503006	0.12898959	1.0	3146	tags=34%, list=21%, signal=43%	
SYNTHESIS OF SUBSTRATES IN N-GLYCAN BIOSYTHESIS%REACTOME%R-HSA-446219.4	SYNTHESIS OF SUBSTRATES IN N-GLYCAN BIOSYTHESIS%REACTOME%R-HSA-446219.4		58	-0.47581497	-1.5155746	0.009249743	0.12882358	1.0	2980	tags=34%, list=20%, signal=43%	
ACYLGLYCEROL BIOSYNTHETIC PROCESS%GOBP%GO:0046463	ACYLGLYCEROL BIOSYNTHETIC PROCESS%GOBP%GO:0046463		22	-0.58838403	-1.5154414	0.039790574	0.12875108	1.0	3174	tags=50%, list=21%, signal=63%	
FIBRIN COMPLEMENT RECEPTOR 3 SIGNALING%WIKIPATHWAYS_20260211%WP4136%HOMO SAPIENS	FIBRIN COMPLEMENT RECEPTOR 3 SIGNALING%WIKIPATHWAYS_20260211%WP4136%HOMO SAPIENS		32	-0.5351455	-1.51254	0.029652352	0.13160539	1.0	3786	tags=47%, list=25%, signal=63%	
APC:CDC20 MEDIATED DEGRADATION OF CELL CYCLE PROTEINS PRIOR TO SATISFATION OF THE CELL CYCLE CHECKPOINT%REACTOME DATABASE ID RELEASE 95%179419	APC:CDC20 MEDIATED DEGRADATION OF CELL CYCLE PROTEINS PRIOR TO SATISFATION OF THE CELL CYCLE CHECKPOINT%REACTOME DATABASE ID RELEASE 95%179419		61	-0.4701213	-1.51228	0.009009009	0.13167994	1.0	2818	tags=33%, list=19%, signal=40%	
POSITIVE REGULATION OF IMMUNE EFFECTOR PROCESS%GOBP%GO:0002699	POSITIVE REGULATION OF IMMUNE EFFECTOR PROCESS%GOBP%GO:0002699		173	-0.4071877	-1.5121827	9.920635E-4	0.13157085	1.0	2538	tags=27%, list=17%, signal=32%	
RAS PATHWAY%PANTHER PATHWAY%P04393	RAS PATHWAY%PANTHER PATHWAY%P04393		69	-0.45757714	-1.5121019	0.014553014	0.13144758	1.0	1690	tags=26%, list=11%, signal=29%	
PLATELET SENSITIZATION BY LDL%REACTOME%R-HSA-432142.4	PLATELET SENSITIZATION BY LDL%REACTOME%R-HSA-432142.4		17	-0.6234904	-1.5118425	0.03742204	0.13150328	1.0	1082	tags=24%, list=7%, signal=25%	
ACTIVATION OF NF-KAPPAB IN B CELLS%REACTOME DATABASE ID RELEASE 95%1169091	ACTIVATION OF NF-KAPPAB IN B CELLS%REACTOME DATABASE ID RELEASE 95%1169091		54	-0.48755047	-1.511646	0.016251354	0.13150519	1.0	4665	tags=57%, list=31%, signal=83%	
ENDOSOMAL SORTING COMPLEX REQUIRED FOR TRANSPORT (ESCRT)%REACTOME DATABASE ID RELEASE 95%917729	ENDOSOMAL SORTING COMPLEX REQUIRED FOR TRANSPORT (ESCRT)%REACTOME DATABASE ID RELEASE 95%917729		31	-0.53605247	-1.511466	0.033023737	0.13147677	1.0	3605	tags=39%, list=24%, signal=51%	
BEMPEDOIC ACID THERAPY IN ATHEROSCLEROSIS AND METABOLIC SYNDROME%WIKIPATHWAYS_20260211%WP5500%HOMO SAPIENS	BEMPEDOIC ACID THERAPY IN ATHEROSCLEROSIS AND METABOLIC SYNDROME%WIKIPATHWAYS_20260211%WP5500%HOMO SAPIENS		22	-0.57911044	-1.510804	0.04121688	0.1319345	1.0	1018	tags=27%, list=7%, signal=29%	
TETRAPYRROLE METABOLIC PROCESS%GOBP%GO:0033013	TETRAPYRROLE METABOLIC PROCESS%GOBP%GO:0033013		44	-0.5043244	-1.510296	0.015723271	0.13224702	1.0	2907	tags=34%, list=19%, signal=42%	
CYTOSOLIC DNA SENSING PATHWAY%WIKIPATHWAYS_20260211%WP4655%HOMO SAPIENS	CYTOSOLIC DNA SENSING PATHWAY%WIKIPATHWAYS_20260211%WP4655%HOMO SAPIENS		54	-0.48017946	-1.5097356	0.018924303	0.13264388	1.0	2973	tags=30%, list=20%, signal=37%	
NON GENOMIC ACTIONS OF 1 25 DIHYDROXYVITAMIN D3%WIKIPATHWAYS_20260211%WP4341%HOMO SAPIENS	NON GENOMIC ACTIONS OF 1 25 DIHYDROXYVITAMIN D3%WIKIPATHWAYS_20260211%WP4341%HOMO SAPIENS		64	-0.46507695	-1.5084065	0.019095477	0.13386892	1.0	2848	tags=33%, list=19%, signal=40%	
VESICLE TARGETING%GOBP%GO:0006903	VESICLE TARGETING%GOBP%GO:0006903		57	-0.47987023	-1.5078862	0.014285714	0.13420947	1.0	2600	tags=28%, list=17%, signal=34%	
POSITIVE REGULATION OF NEUROINFLAMMATORY RESPONSE%GOBP%GO:0150078	POSITIVE REGULATION OF NEUROINFLAMMATORY RESPONSE%GOBP%GO:0150078		16	-0.6173592	-1.5068852	0.05179283	0.13505416	1.0	2859	tags=44%, list=19%, signal=54%	
ACTIVATION OF APC C AND APC C:CDC20 MEDIATED DEGRADATION OF MITOTIC PROTEINS%REACTOME DATABASE ID RELEASE 95%176814	ACTIVATION OF APC C AND APC C:CDC20 MEDIATED DEGRADATION OF MITOTIC PROTEINS%REACTOME DATABASE ID RELEASE 95%176814		64	-0.46392587	-1.5057025	0.012720156	0.13608728	1.0	2818	tags=31%, list=19%, signal=38%	
POSITIVE REGULATION OF NATURAL KILLER CELL MEDIATED CYTOTOXICITY%GOBP%GO:0045954	POSITIVE REGULATION OF NATURAL KILLER CELL MEDIATED CYTOTOXICITY%GOBP%GO:0045954		20	-0.5894991	-1.5050148	0.04	0.13665733	1.0	1706	tags=30%, list=11%, signal=34%	
MEMBRANE RAFT ORGANIZATION%GOBP%GO:0031579	MEMBRANE RAFT ORGANIZATION%GOBP%GO:0031579		22	-0.58286285	-1.5044626	0.04085802	0.1370637	1.0	3363	tags=45%, list=22%, signal=58%	
GLYCEROLIPID BIOSYNTHETIC PROCESS%GOBP%GO:0045017	GLYCEROLIPID BIOSYNTHETIC PROCESS%GOBP%GO:0045017		192	-0.39826983	-1.5042135	0.0	0.1371274	1.0	2253	tags=26%, list=15%, signal=30%	
CELLULAR RESPONSE TO STARVATION%REACTOME%R-HSA-9711097.5	CELLULAR RESPONSE TO STARVATION%REACTOME%R-HSA-9711097.5		150	-0.41280308	-1.5040605	0.00101833	0.1370781	1.0	3641	tags=27%, list=24%, signal=35%	
ESTABLISHMENT OF PROTEIN LOCALIZATION TO MEMBRANE%GOBP%GO:0090150	ESTABLISHMENT OF PROTEIN LOCALIZATION TO MEMBRANE%GOBP%GO:0090150		194	-0.39853776	-1.5037478	0.0031023785	0.1372086	1.0	3651	tags=32%, list=24%, signal=42%	
APC C:CDC20 MEDIATED DEGRADATION OF MITOTIC PROTEINS%REACTOME DATABASE ID RELEASE 95%176409	APC C:CDC20 MEDIATED DEGRADATION OF MITOTIC PROTEINS%REACTOME DATABASE ID RELEASE 95%176409		63	-0.46578452	-1.5036905	0.014358974	0.13705981	1.0	2818	tags=32%, list=19%, signal=39%	
PORPHYRIN-CONTAINING COMPOUND METABOLIC PROCESS%GOBP%GO:0006778	PORPHYRIN-CONTAINING COMPOUND METABOLIC PROCESS%GOBP%GO:0006778		35	-0.51945645	-1.5035288	0.019668737	0.1370234	1.0	2907	tags=31%, list=19%, signal=39%	
EMBRYONIC AXIS SPECIFICATION%GOBP%GO:0000578	EMBRYONIC AXIS SPECIFICATION%GOBP%GO:0000578		19	-0.5977935	-1.5034043	0.036194414	0.13693117	1.0	1382	tags=21%, list=9%, signal=23%	
UCH PROTEINASES%REACTOME DATABASE ID RELEASE 95%5689603	UCH PROTEINASES%REACTOME DATABASE ID RELEASE 95%5689603		75	-0.45445126	-1.502917	0.0076923077	0.13725668	1.0	4365	tags=48%, list=29%, signal=67%	
7 OXO C AND 7 BETA HC PATHWAYS%WIKIPATHWAYS_20260211%WP5064%HOMO SAPIENS	7 OXO C AND 7 BETA HC PATHWAYS%WIKIPATHWAYS_20260211%WP5064%HOMO SAPIENS		19	-0.603622	-1.5025797	0.04261954	0.13741419	1.0	1744	tags=37%, list=12%, signal=42%	
GOLGI VESICLE TRANSPORT%GOBP%GO:0048193	GOLGI VESICLE TRANSPORT%GOBP%GO:0048193		265	-0.38145906	-1.5014005	0.0020618557	0.13845724	1.0	2600	tags=26%, list=17%, signal=31%	
NEUTRAL AMINO ACID TRANSPORT%GOBP%GO:0015804	NEUTRAL AMINO ACID TRANSPORT%GOBP%GO:0015804		31	-0.53516906	-1.501042	0.041247483	0.13862233	1.0	1837	tags=35%, list=12%, signal=40%	
SCF(SKP2)-MEDIATED DEGRADATION OF P27 P21%REACTOME%R-HSA-187577.5	SCF(SKP2)-MEDIATED DEGRADATION OF P27 P21%REACTOME%R-HSA-187577.5		50	-0.49067265	-1.5006143	0.016877636	0.13886596	1.0	2818	tags=40%, list=19%, signal=49%	
SARCOSINEMIA%SMPDB%SMP0000244	SARCOSINEMIA%SMPDB%SMP0000244		22	-0.5702848	-1.5000349	0.04347826	0.13928702	1.0	1859	tags=45%, list=12%, signal=52%	
FGF SIGNALING PATHWAY%PANTHER PATHWAY%P00021	FGF SIGNALING PATHWAY%PANTHER PATHWAY%P00021		65	-0.4595309	-1.4994919	0.0088495575	0.13967462	1.0	2250	tags=29%, list=15%, signal=34%	
TRANSCRIPTIONAL ACTIVATION OF MITOCHONDRIAL BIOGENESIS%REACTOME%R-HSA-2151201.4	TRANSCRIPTIONAL ACTIVATION OF MITOCHONDRIAL BIOGENESIS%REACTOME%R-HSA-2151201.4		50	-0.4836232	-1.4986793	0.012108981	0.14041074	1.0	1062	tags=10%, list=7%, signal=11%	
RIBOSOME QUALITY CONTROL (RQC) COMPLEX EXTRACTS AND DEGRADES NASCENT PEPTIDE%REACTOME%R-HSA-9954709.2	RIBOSOME QUALITY CONTROL (RQC) COMPLEX EXTRACTS AND DEGRADES NASCENT PEPTIDE%REACTOME%R-HSA-9954709.2		99	-0.43032447	-1.4982888	0.003051882	0.14064516	1.0	4711	tags=45%, list=31%, signal=66%	
16P12 2 COPY NUMBER VARIATION SYNDROME 520KB %WIKIPATHWAYS_20260211%WP5510%HOMO SAPIENS	16P12 2 COPY NUMBER VARIATION SYNDROME 520KB %WIKIPATHWAYS_20260211%WP5510%HOMO SAPIENS		43	-0.4971632	-1.498284	0.014822135	0.14042489	1.0	2716	tags=35%, list=18%, signal=42%	
HYPERGLYCINEMIA, NON-KETOTIC%SMPDB%SMP0000485	HYPERGLYCINEMIA, NON-KETOTIC%SMPDB%SMP0000485		22	-0.5702848	-1.4972001	0.04141414	0.14139174	1.0	1859	tags=45%, list=12%, signal=52%	
REGULATION OF ANDROGEN RECEPTOR ACTIVITY%PATHWAY INTERACTION DATABASE NCI-NATURE CURATED DATA%REGULATION OF ANDROGEN RECEPTOR ACTIVITY	REGULATION OF ANDROGEN RECEPTOR ACTIVITY%PATHWAY INTERACTION DATABASE NCI-NATURE CURATED DATA%REGULATION OF ANDROGEN RECEPTOR ACTIVITY		48	-0.49151313	-1.4971687	0.031893004	0.14120997	1.0	1643	tags=21%, list=11%, signal=23%	
REGULATION OF PROTEIN DEACETYLATION%GOBP%GO:0090311	REGULATION OF PROTEIN DEACETYLATION%GOBP%GO:0090311		16	-0.61738354	-1.4956737	0.05108055	0.14271697	1.0	2479	tags=44%, list=17%, signal=52%	
NEUTRAL LIPID BIOSYNTHETIC PROCESS%GOBP%GO:0046460	NEUTRAL LIPID BIOSYNTHETIC PROCESS%GOBP%GO:0046460		22	-0.58838403	-1.4953494	0.029498525	0.14284961	1.0	3174	tags=50%, list=21%, signal=63%	
POSITIVE REGULATION OF LEUKOCYTE MEDIATED IMMUNITY%GOBP%GO:0002705	POSITIVE REGULATION OF LEUKOCYTE MEDIATED IMMUNITY%GOBP%GO:0002705		103	-0.4301932	-1.4951664	0.006302521	0.1428194	1.0	3315	tags=32%, list=22%, signal=41%	
SARS CORONAVIRUS AND INNATE IMMUNITY%WIKIPATHWAYS_20260211%WP4912%HOMO SAPIENS	SARS CORONAVIRUS AND INNATE IMMUNITY%WIKIPATHWAYS_20260211%WP4912%HOMO SAPIENS		16	-0.6204171	-1.4947045	0.043564357	0.14311056	1.0	545	tags=13%, list=4%, signal=13%	
DEGRADATION OF CYSTEINE AND HOMOCYSTEINE%REACTOME DATABASE ID RELEASE 95%1614558	DEGRADATION OF CYSTEINE AND HOMOCYSTEINE%REACTOME DATABASE ID RELEASE 95%1614558		15	-0.6235585	-1.4938701	0.059436914	0.14378385	1.0	2023	tags=47%, list=13%, signal=54%	
THE ROLE OF GTSE1 IN G2 M PROGRESSION AFTER G2 CHECKPOINT%REACTOME DATABASE ID RELEASE 95%8852276	THE ROLE OF GTSE1 IN G2 M PROGRESSION AFTER G2 CHECKPOINT%REACTOME DATABASE ID RELEASE 95%8852276		47	-0.4907034	-1.4933833	0.019880716	0.14410613	1.0	2854	tags=40%, list=19%, signal=50%	
CELL SURFACE PATTERN RECOGNITION RECEPTOR SIGNALING PATHWAY%GOBP%GO:0002752	CELL SURFACE PATTERN RECOGNITION RECEPTOR SIGNALING PATHWAY%GOBP%GO:0002752		39	-0.5069428	-1.4926611	0.029268293	0.14469987	1.0	3148	tags=44%, list=21%, signal=55%	
MIRNA-MEDIATED POST-TRANSCRIPTIONAL GENE SILENCING%GOBP%GO:0035195	MIRNA-MEDIATED POST-TRANSCRIPTIONAL GENE SILENCING%GOBP%GO:0035195		28	-0.5497324	-1.4925228	0.030051814	0.14464548	1.0	891	tags=18%, list=6%, signal=19%	
REGULATION OF LEUKOCYTE MEDIATED CYTOTOXICITY%GOBP%GO:0001910	REGULATION OF LEUKOCYTE MEDIATED CYTOTOXICITY%GOBP%GO:0001910		73	-0.45172724	-1.4923259	0.008991009	0.14464809	1.0	3735	tags=42%, list=25%, signal=56%	
NEGATIVE REGULATION OF TYPE I INTERFERON PRODUCTION%GOBP%GO:0032480	NEGATIVE REGULATION OF TYPE I INTERFERON PRODUCTION%GOBP%GO:0032480		40	-0.50050384	-1.4916131	0.02926337	0.14528798	1.0	1227	tags=20%, list=8%, signal=22%	
BIOCARTA_PPARA_PATHWAY%MSIGDB_C2%BIOCARTA_PPARA_PATHWAY	BIOCARTA_PPARA_PATHWAY%MSIGDB_C2%BIOCARTA_PPARA_PATHWAY		38	-0.5028935	-1.4904804	0.020898642	0.14630827	1.0	3189	tags=34%, list=21%, signal=43%	
NEGATIVE REGULATION OF PURINE NUCLEOTIDE METABOLIC PROCESS%GOBP%GO:1900543	NEGATIVE REGULATION OF PURINE NUCLEOTIDE METABOLIC PROCESS%GOBP%GO:1900543		17	-0.6149376	-1.4903753	0.04842105	0.14620861	1.0	2173	tags=41%, list=14%, signal=48%	
SIGNALING BY NOTCH4%REACTOME%R-HSA-9013694.3	SIGNALING BY NOTCH4%REACTOME%R-HSA-9013694.3		70	-0.45809495	-1.4903375	0.0113519095	0.1460265	1.0	4365	tags=54%, list=29%, signal=76%	
LIPID HOMEOSTASIS%GOBP%GO:0055088	LIPID HOMEOSTASIS%GOBP%GO:0055088		122	-0.4158021	-1.490301	0.0052137645	0.14584588	1.0	3083	tags=42%, list=21%, signal=52%	
LDL CLEARANCE%REACTOME DATABASE ID RELEASE 95%8964038	LDL CLEARANCE%REACTOME DATABASE ID RELEASE 95%8964038		18	-0.60022384	-1.489953	0.053481333	0.145975	1.0	4774	tags=61%, list=32%, signal=89%	
DIMETHYLGLYCINE DEHYDROGENASE DEFICIENCY%SMPDB%SMP0000484	DIMETHYLGLYCINE DEHYDROGENASE DEFICIENCY%SMPDB%SMP0000484		22	-0.5702848	-1.4895244	0.038500506	0.14623412	1.0	1859	tags=45%, list=12%, signal=52%	
REGULATION OF MEMBRANE PERMEABILITY%GOBP%GO:0090559	REGULATION OF MEMBRANE PERMEABILITY%GOBP%GO:0090559		47	-0.48709667	-1.4892435	0.031958763	0.14631194	1.0	1934	tags=30%, list=13%, signal=34%	
DIMETHYLGLYCINE DEHYDROGENASE DEFICIENCY%SMPDB%SMP0000242	DIMETHYLGLYCINE DEHYDROGENASE DEFICIENCY%SMPDB%SMP0000242		22	-0.5702848	-1.48826	0.040281974	0.14719313	1.0	1859	tags=45%, list=12%, signal=52%	
REGULATION OF MITOCHONDRIAL OUTER MEMBRANE PERMEABILIZATION INVOLVED IN APOPTOTIC SIGNALING PATHWAY%GOBP%GO:1901028	REGULATION OF MITOCHONDRIAL OUTER MEMBRANE PERMEABILIZATION INVOLVED IN APOPTOTIC SIGNALING PATHWAY%GOBP%GO:1901028		15	-0.6301414	-1.4877756	0.05344296	0.14752182	1.0	3056	tags=60%, list=20%, signal=75%	
SPLICEOSOMAL TRI-SNRNP COMPLEX ASSEMBLY%GOBP%GO:0000244	SPLICEOSOMAL TRI-SNRNP COMPLEX ASSEMBLY%GOBP%GO:0000244		38	-0.51172477	-1.4877228	0.027081244	0.14736253	1.0	3777	tags=47%, list=25%, signal=63%	
GLYCEROPHOSPHOLIPID METABOLIC PROCESS%GOBP%GO:0006650	GLYCEROPHOSPHOLIPID METABOLIC PROCESS%GOBP%GO:0006650		249	-0.38154382	-1.4876142	0.0010235414	0.1472574	1.0	2253	tags=24%, list=15%, signal=28%	
HOST PATHOGEN INTERACTION OF HUMAN CORONAVIRUSES MAPK SIGNALING%WIKIPATHWAYS_20260211%WP4877%HOMO SAPIENS	HOST PATHOGEN INTERACTION OF HUMAN CORONAVIRUSES MAPK SIGNALING%WIKIPATHWAYS_20260211%WP4877%HOMO SAPIENS		33	-0.52638257	-1.4869499	0.024169184	0.14784081	1.0	2362	tags=33%, list=16%, signal=39%	
BIOCARTA_KERATINOCYTE_PATHWAY%MSIGDB_C2%BIOCARTA_KERATINOCYTE_PATHWAY	BIOCARTA_KERATINOCYTE_PATHWAY%MSIGDB_C2%BIOCARTA_KERATINOCYTE_PATHWAY		40	-0.5006419	-1.4868801	0.025267249	0.1477111	1.0	808	tags=15%, list=5%, signal=16%	
LONG-CHAIN FATTY ACID METABOLIC PROCESS%GOBP%GO:0001676	LONG-CHAIN FATTY ACID METABOLIC PROCESS%GOBP%GO:0001676		81	-0.44578606	-1.4867731	0.012219959	0.14758489	1.0	2841	tags=38%, list=19%, signal=47%	
INTERFERON-MEDIATED SIGNALING PATHWAY%GOBP%GO:0140888	INTERFERON-MEDIATED SIGNALING PATHWAY%GOBP%GO:0140888		38	-0.5028011	-1.4865527	0.029	0.14765823	1.0	5003	tags=55%, list=33%, signal=83%	
INTERLEUKIN-2 FAMILY SIGNALING%REACTOME DATABASE ID RELEASE 95%451927	INTERLEUKIN-2 FAMILY SIGNALING%REACTOME DATABASE ID RELEASE 95%451927		35	-0.51795864	-1.486249	0.035714287	0.1477677	1.0	2226	tags=26%, list=15%, signal=30%	
PPARA ACTIVATES GENE EXPRESSION%REACTOME DATABASE ID RELEASE 95%1989781	PPARA ACTIVATES GENE EXPRESSION%REACTOME DATABASE ID RELEASE 95%1989781		103	-0.42516518	-1.4856138	0.008964144	0.14825447	1.0	2020	tags=20%, list=13%, signal=23%	
ENDOSOME TO LYSOSOME TRANSPORT%GOBP%GO:0008333	ENDOSOME TO LYSOSOME TRANSPORT%GOBP%GO:0008333		61	-0.4658597	-1.4855986	0.015369836	0.14805019	1.0	3075	tags=36%, list=20%, signal=45%	
FATTY ACID DERIVATIVE BIOSYNTHETIC PROCESS%GOBP%GO:1901570	FATTY ACID DERIVATIVE BIOSYNTHETIC PROCESS%GOBP%GO:1901570		41	-0.502622	-1.4851297	0.033203125	0.14834647	1.0	1952	tags=32%, list=13%, signal=36%	
RESPIRATORY BURST%GOBP%GO:0045730	RESPIRATORY BURST%GOBP%GO:0045730		19	-0.58775824	-1.4832773	0.057494868	0.1503196	1.0	2805	tags=58%, list=19%, signal=71%	
SULFUR COMPOUND TRANSPORT%GOBP%GO:0072348	SULFUR COMPOUND TRANSPORT%GOBP%GO:0072348		42	-0.49015918	-1.4830701	0.029319372	0.1503104	1.0	1717	tags=24%, list=11%, signal=27%	
CELL SURFACE TOLL-LIKE RECEPTOR SIGNALING PATHWAY%GOBP%GO:0140895	CELL SURFACE TOLL-LIKE RECEPTOR SIGNALING PATHWAY%GOBP%GO:0140895		31	-0.5281123	-1.4822404	0.044238683	0.15098259	1.0	2973	tags=39%, list=20%, signal=48%	
NON-KETOTIC HYPERGLYCINEMIA%PATHWHIZ%PW000209	NON-KETOTIC HYPERGLYCINEMIA%PATHWHIZ%PW000209		22	-0.5702848	-1.4820968	0.048155736	0.1509292	1.0	1859	tags=45%, list=12%, signal=52%	
MRNA DECAY BY 5' TO 3' EXORIBONUCLEASE%REACTOME DATABASE ID RELEASE 95%430039	MRNA DECAY BY 5' TO 3' EXORIBONUCLEASE%REACTOME DATABASE ID RELEASE 95%430039		15	-0.6123844	-1.4814428	0.057956778	0.15145448	1.0	2044	tags=27%, list=14%, signal=31%	
TERMINATION OF RNA POLYMERASE III TRANSCRIPTION%GOBP%GO:0006386	TERMINATION OF RNA POLYMERASE III TRANSCRIPTION%GOBP%GO:0006386		17	-0.5980973	-1.4811507	0.048582997	0.15155385	1.0	2504	tags=41%, list=17%, signal=49%	
RNA POLYMERASE III CHAIN ELONGATION%REACTOME%R-HSA-73780.4	RNA POLYMERASE III CHAIN ELONGATION%REACTOME%R-HSA-73780.4		18	-0.5900928	-1.4803905	0.06133056	0.15223712	1.0	2504	tags=39%, list=17%, signal=47%	
REGULATION OF EXOSOMAL SECRETION%GOBP%GO:1903541	REGULATION OF EXOSOMAL SECRETION%GOBP%GO:1903541		17	-0.606191	-1.4791852	0.05452675	0.15342796	1.0	2534	tags=47%, list=17%, signal=57%	
BIOCARTA_PTDINS_PATHWAY%MSIGDB_C2%BIOCARTA_PTDINS_PATHWAY	BIOCARTA_PTDINS_PATHWAY%MSIGDB_C2%BIOCARTA_PTDINS_PATHWAY		21	-0.57288754	-1.4786534	0.053307008	0.15382594	1.0	2939	tags=48%, list=20%, signal=59%	
REGULATION OF LIPID METABOLISM BY PPARALPHA%REACTOME DATABASE ID RELEASE 95%400206	REGULATION OF LIPID METABOLISM BY PPARALPHA%REACTOME DATABASE ID RELEASE 95%400206		104	-0.42500037	-1.4779108	0.006060606	0.15448874	1.0	2020	tags=20%, list=13%, signal=23%	
RIBOSOMAL SMALL SUBUNIT BIOGENESIS%GOBP%GO:0042274	RIBOSOMAL SMALL SUBUNIT BIOGENESIS%GOBP%GO:0042274		103	-0.42476386	-1.4777521	0.007360673	0.15445681	1.0	3321	tags=24%, list=22%, signal=31%	
NEGATIVE REGULATION OF SMALL MOLECULE METABOLIC PROCESS%GOBP%GO:0062014	NEGATIVE REGULATION OF SMALL MOLECULE METABOLIC PROCESS%GOBP%GO:0062014		74	-0.44545868	-1.4776922	0.017989418	0.154293	1.0	2173	tags=26%, list=14%, signal=30%	
GLYCINE AND SERINE METABOLISM%SMPDB%SMP0000004	GLYCINE AND SERINE METABOLISM%SMPDB%SMP0000004		22	-0.5702848	-1.4773444	0.03853755	0.15449671	1.0	1859	tags=45%, list=12%, signal=52%	
REGULATION OF TOLL LIKE RECEPTOR SIGNALING%WIKIPATHWAYS_20260211%WP1449%HOMO SAPIENS	REGULATION OF TOLL LIKE RECEPTOR SIGNALING%WIKIPATHWAYS_20260211%WP1449%HOMO SAPIENS		103	-0.42830685	-1.4767613	0.008368201	0.1549985	1.0	3992	tags=39%, list=27%, signal=53%	
PEPTIDYL-CYSTEINE MODIFICATION%GOBP%GO:0018198	PEPTIDYL-CYSTEINE MODIFICATION%GOBP%GO:0018198		21	-0.56877375	-1.4766934	0.051177073	0.15486361	1.0	677	tags=24%, list=5%, signal=25%	
FC EPSILON RECEPTOR (FCERI) SIGNALING%REACTOME DATABASE ID RELEASE 95%2454202	FC EPSILON RECEPTOR (FCERI) SIGNALING%REACTOME DATABASE ID RELEASE 95%2454202		113	-0.42213103	-1.4762888	0.008403362	0.1551175	1.0	3016	tags=33%, list=20%, signal=41%	
CARBOHYDRATE METABOLIC PROCESS%GOBP%GO:0005975	CARBOHYDRATE METABOLIC PROCESS%GOBP%GO:0005975		217	-0.38488033	-1.4762671	0.0010131713	0.15491408	1.0	2897	tags=30%, list=19%, signal=37%	
INNER MITOCHONDRIAL MEMBRANE ORGANIZATION%GOBP%GO:0007007	INNER MITOCHONDRIAL MEMBRANE ORGANIZATION%GOBP%GO:0007007		40	-0.50169444	-1.4754442	0.030150754	0.15566206	1.0	4095	tags=50%, list=27%, signal=69%	
VESICLE TETHERING%GOBP%GO:0099022	VESICLE TETHERING%GOBP%GO:0099022		31	-0.5265681	-1.4742551	0.041836735	0.15683185	1.0	3317	tags=32%, list=22%, signal=41%	
REGULATION OF DEPHOSPHORYLATION%GOBP%GO:0035303	REGULATION OF DEPHOSPHORYLATION%GOBP%GO:0035303		15	-0.62287676	-1.4723886	0.04819277	0.15881433	1.0	1979	tags=33%, list=13%, signal=38%	
RECEPTOR CATABOLIC PROCESS%GOBP%GO:0032801	RECEPTOR CATABOLIC PROCESS%GOBP%GO:0032801		16	-0.6271746	-1.4723102	0.05976521	0.1586777	1.0	1592	tags=19%, list=11%, signal=21%	
MEMBRANE FUSION%GOBP%GO:0061025	MEMBRANE FUSION%GOBP%GO:0061025		127	-0.40828568	-1.4723077	0.005076142	0.15844652	1.0	2757	tags=31%, list=18%, signal=37%	
ERK MAPK TARGETS%REACTOME%R-HSA-198753.3	ERK MAPK TARGETS%REACTOME%R-HSA-198753.3		22	-0.56294733	-1.472159	0.045862414	0.15838856	1.0	1806	tags=27%, list=12%, signal=31%	
REGULATION OF FATTY ACID BIOSYNTHETIC PROCESS%GOBP%GO:0042304	REGULATION OF FATTY ACID BIOSYNTHETIC PROCESS%GOBP%GO:0042304		39	-0.504303	-1.4697633	0.03232534	0.1610918	1.0	2778	tags=33%, list=18%, signal=41%	
ANTERIOR/POSTERIOR AXIS SPECIFICATION%GOBP%GO:0009948	ANTERIOR/POSTERIOR AXIS SPECIFICATION%GOBP%GO:0009948		19	-0.5749333	-1.4685785	0.06042296	0.16231236	1.0	731	tags=21%, list=5%, signal=22%	
DIHYDROPYRIMIDINE DEHYDROGENASE DEFICIENCY (DHPD)%SMPDB%SMP0000179	DIHYDROPYRIMIDINE DEHYDROGENASE DEFICIENCY (DHPD)%SMPDB%SMP0000179		22	-0.5702848	-1.4684228	0.048755188	0.16225253	1.0	1859	tags=45%, list=12%, signal=52%	
ANDROGEN METABOLIC PROCESS%GOBP%GO:0008209	ANDROGEN METABOLIC PROCESS%GOBP%GO:0008209		15	-0.6220535	-1.4679546	0.061349694	0.1625819	1.0	1046	tags=27%, list=7%, signal=29%	
PYRUVATE METABOLIC PROCESS%GOBP%GO:0006090	PYRUVATE METABOLIC PROCESS%GOBP%GO:0006090		41	-0.49872053	-1.4678323	0.04162331	0.16249228	1.0	4262	tags=51%, list=28%, signal=71%	
TOLL LIKE RECEPTOR SIGNALING RELATED TO MYD88%WIKIPATHWAYS_20260211%WP3858%HOMO SAPIENS	TOLL LIKE RECEPTOR SIGNALING RELATED TO MYD88%WIKIPATHWAYS_20260211%WP3858%HOMO SAPIENS		26	-0.5371496	-1.4676307	0.042042043	0.1625111	1.0	3969	tags=42%, list=26%, signal=57%	
GLI3 IS PROCESSED TO GLI3R BY THE PROTEASOME%REACTOME%R-HSA-5610785.2	GLI3 IS PROCESSED TO GLI3R BY THE PROTEASOME%REACTOME%R-HSA-5610785.2		46	-0.4779443	-1.4675245	0.027027028	0.162417	1.0	2818	tags=43%, list=19%, signal=53%	
KETONE METABOLIC PROCESS%GOBP%GO:0042180	KETONE METABOLIC PROCESS%GOBP%GO:0042180		52	-0.4697925	-1.4674815	0.029652352	0.16223669	1.0	3720	tags=37%, list=25%, signal=48%	
ORGANIC ACID BIOSYNTHETIC PROCESS%GOBP%GO:0016053	ORGANIC ACID BIOSYNTHETIC PROCESS%GOBP%GO:0016053		177	-0.39126214	-1.4665928	0.0010649627	0.1631258	1.0	2239	tags=27%, list=15%, signal=31%	
ACYLGLYCEROL METABOLIC PROCESS%GOBP%GO:0006639	ACYLGLYCEROL METABOLIC PROCESS%GOBP%GO:0006639		66	-0.44896093	-1.466493	0.024242423	0.16300802	1.0	2780	tags=36%, list=19%, signal=44%	
GLIAL CELL ACTIVATION%GOBP%GO:0061900	GLIAL CELL ACTIVATION%GOBP%GO:0061900		25	-0.5532513	-1.4654521	0.046092186	0.16405219	1.0	2884	tags=44%, list=19%, signal=54%	
REGULATION OF RUNX3 EXPRESSION AND ACTIVITY%REACTOME DATABASE ID RELEASE 95%8941858	REGULATION OF RUNX3 EXPRESSION AND ACTIVITY%REACTOME DATABASE ID RELEASE 95%8941858		45	-0.48845762	-1.4653796	0.02929293	0.16390358	1.0	2818	tags=42%, list=19%, signal=52%	
REGULATION OF RECEPTOR RECYCLING%GOBP%GO:0001919	REGULATION OF RECEPTOR RECYCLING%GOBP%GO:0001919		18	-0.5888325	-1.4651527	0.062992126	0.16394778	1.0	1078	tags=17%, list=7%, signal=18%	
NEUTRAL LIPID METABOLIC PROCESS%GOBP%GO:0006638	NEUTRAL LIPID METABOLIC PROCESS%GOBP%GO:0006638		66	-0.44896093	-1.4649727	0.017051153	0.16395877	1.0	2780	tags=36%, list=19%, signal=44%	
RIBOSE PHOSPHATE BIOSYNTHETIC PROCESS%GOBP%GO:0046390	RIBOSE PHOSPHATE BIOSYNTHETIC PROCESS%GOBP%GO:0046390		123	-0.41449225	-1.464734	0.008910891	0.16402696	1.0	3755	tags=49%, list=25%, signal=65%	
COVID 19 STRUCTURAL COVERAGE MAP%WIKIPATHWAYS_20260211%WP5145%HOMO SAPIENS	COVID 19 STRUCTURAL COVERAGE MAP%WIKIPATHWAYS_20260211%WP5145%HOMO SAPIENS		18	-0.58710665	-1.4645646	0.05120167	0.16398187	1.0	2346	tags=39%, list=16%, signal=46%	
MAPK CASCADE%WIKIPATHWAYS_20260211%WP422%HOMO SAPIENS	MAPK CASCADE%WIKIPATHWAYS_20260211%WP422%HOMO SAPIENS		30	-0.5224595	-1.4644408	0.04233871	0.16389856	1.0	909	tags=23%, list=6%, signal=25%	
TRANS SULFURATION ONE CARBON METABOLISM AND RELATED PATHWAYS%WIKIPATHWAYS_20260211%WP2525%HOMO SAPIENS	TRANS SULFURATION ONE CARBON METABOLISM AND RELATED PATHWAYS%WIKIPATHWAYS_20260211%WP2525%HOMO SAPIENS		40	-0.49345705	-1.4644164	0.033755273	0.16369832	1.0	717	tags=20%, list=5%, signal=21%	
PROTEIN AUTOPROCESSING%GOBP%GO:0016540	PROTEIN AUTOPROCESSING%GOBP%GO:0016540		15	-0.61061776	-1.4640816	0.05995935	0.16387574	1.0	612	tags=20%, list=4%, signal=21%	
POSITIVE REGULATION OF CYTOKINE PRODUCTION INVOLVED IN IMMUNE RESPONSE%GOBP%GO:0002720	POSITIVE REGULATION OF CYTOKINE PRODUCTION INVOLVED IN IMMUNE RESPONSE%GOBP%GO:0002720		53	-0.4681935	-1.4639182	0.024922118	0.16383928	1.0	2501	tags=34%, list=17%, signal=41%	
SIGNALING BY RAF1 MUTANTS%REACTOME%R-HSA-9656223.2	SIGNALING BY RAF1 MUTANTS%REACTOME%R-HSA-9656223.2		36	-0.509994	-1.4637101	0.03215768	0.16387005	1.0	3342	tags=44%, list=22%, signal=57%	
HALLMARK_PI3K_AKT_MTOR_SIGNALING%MSIGDBHALLMARK%HALLMARK_PI3K_AKT_MTOR_SIGNALING	HALLMARK_PI3K_AKT_MTOR_SIGNALING%MSIGDBHALLMARK%HALLMARK_PI3K_AKT_MTOR_SIGNALING		79	-0.43554994	-1.463017	0.020387359	0.16453445	1.0	2348	tags=23%, list=16%, signal=27%	
REGULATION OF INTERLEUKIN-6 PRODUCTION%GOBP%GO:0032675	REGULATION OF INTERLEUKIN-6 PRODUCTION%GOBP%GO:0032675		101	-0.42322463	-1.4629657	0.010288066	0.16436106	1.0	2970	tags=37%, list=20%, signal=45%	
NITRIC OXIDE METABOLIC PROCESS%GOBP%GO:0046209	NITRIC OXIDE METABOLIC PROCESS%GOBP%GO:0046209		23	-0.5576849	-1.4627913	0.04994903	0.16430297	1.0	2431	tags=35%, list=16%, signal=41%	
LTF DANGER SIGNAL RESPONSE PATHWAY%WIKIPATHWAYS_20260211%WP4478%HOMO SAPIENS	LTF DANGER SIGNAL RESPONSE PATHWAY%WIKIPATHWAYS_20260211%WP4478%HOMO SAPIENS		15	-0.6124583	-1.4627293	0.055900622	0.16414988	1.0	3786	tags=60%, list=25%, signal=80%	
REGULATION OF VACUOLE ORGANIZATION%GOBP%GO:0044088	REGULATION OF VACUOLE ORGANIZATION%GOBP%GO:0044088		52	-0.47222742	-1.4619739	0.01875	0.16483726	1.0	3628	tags=35%, list=24%, signal=45%	
IMMUNE RESPONSE-REGULATING SIGNALING PATHWAY%GOBP%GO:0002764	IMMUNE RESPONSE-REGULATING SIGNALING PATHWAY%GOBP%GO:0002764		293	-0.36913002	-1.4611725	0.0010638298	0.16562326	1.0	2664	tags=27%, list=18%, signal=32%	
NEUTRAL LIPID CATABOLIC PROCESS%GOBP%GO:0046461	NEUTRAL LIPID CATABOLIC PROCESS%GOBP%GO:0046461		23	-0.5513209	-1.4603515	0.06517312	0.1664105	1.0	3020	tags=43%, list=20%, signal=54%	
GLYCEROPHOSPHOLIPID BIOSYNTHETIC PROCESS%GOBP%GO:0046474	GLYCEROPHOSPHOLIPID BIOSYNTHETIC PROCESS%GOBP%GO:0046474		176	-0.3909437	-1.4602731	0.004970179	0.16627999	1.0	2253	tags=26%, list=15%, signal=30%	
MONOSACCHARIDE BIOSYNTHETIC PROCESS%GOBP%GO:0046364	MONOSACCHARIDE BIOSYNTHETIC PROCESS%GOBP%GO:0046364		30	-0.52716327	-1.4596971	0.037190083	0.16680431	1.0	2835	tags=43%, list=19%, signal=53%	
NUCLEOTIDE TRANSMEMBRANE TRANSPORT%GOBP%GO:1901679	NUCLEOTIDE TRANSMEMBRANE TRANSPORT%GOBP%GO:1901679		19	-0.5847409	-1.4595226	0.056737587	0.16678338	1.0	1797	tags=21%, list=12%, signal=24%	
REGULATION OF OXIDATIVE PHOSPHORYLATION%GOBP%GO:0002082	REGULATION OF OXIDATIVE PHOSPHORYLATION%GOBP%GO:0002082		16	-0.603943	-1.4590994	0.05894519	0.16708882	1.0	1872	tags=19%, list=12%, signal=21%	
LATE ENDOSOME TO VACUOLE TRANSPORT VIA MULTIVESICULAR BODY SORTING PATHWAY%GOBP%GO:0032511	LATE ENDOSOME TO VACUOLE TRANSPORT VIA MULTIVESICULAR BODY SORTING PATHWAY%GOBP%GO:0032511		26	-0.5366296	-1.4586781	0.04052685	0.1673637	1.0	3141	tags=35%, list=21%, signal=44%	
REGULATION OF NATURAL KILLER CELL MEDIATED IMMUNITY%GOBP%GO:0002715	REGULATION OF NATURAL KILLER CELL MEDIATED IMMUNITY%GOBP%GO:0002715		43	-0.48898813	-1.4585881	0.033099297	0.1672383	1.0	2310	tags=35%, list=15%, signal=41%	
EGF EGFR SIGNALING%WIKIPATHWAYS_20260211%WP437%HOMO SAPIENS	EGF EGFR SIGNALING%WIKIPATHWAYS_20260211%WP437%HOMO SAPIENS		120	-0.41215003	-1.4577414	0.00810537	0.16808604	1.0	3507	tags=32%, list=23%, signal=41%	
POSITIVE REGULATION OF REACTIVE OXYGEN SPECIES METABOLIC PROCESS%GOBP%GO:2000379	POSITIVE REGULATION OF REACTIVE OXYGEN SPECIES METABOLIC PROCESS%GOBP%GO:2000379		49	-0.4699299	-1.4574995	0.026503569	0.16814937	1.0	2332	tags=37%, list=16%, signal=43%	
POSITIVE REGULATION OF TORC1 SIGNALING%GOBP%GO:1904263	POSITIVE REGULATION OF TORC1 SIGNALING%GOBP%GO:1904263		53	-0.46340528	-1.4574947	0.02189781	0.16792029	1.0	2843	tags=32%, list=19%, signal=39%	
NEGATIVE REGULATION OF VIRAL GENOME REPLICATION%GOBP%GO:0045071	NEGATIVE REGULATION OF VIRAL GENOME REPLICATION%GOBP%GO:0045071		42	-0.48461545	-1.4572852	0.029622063	0.16793272	1.0	3710	tags=48%, list=25%, signal=63%	
REGULATION OF LIPID LOCALIZATION%GOBP%GO:1905952	REGULATION OF LIPID LOCALIZATION%GOBP%GO:1905952		101	-0.42052597	-1.457262	0.0051759835	0.1677334	1.0	3005	tags=36%, list=20%, signal=44%	
DEGRADATION OF GLI1 BY THE PROTEASOME%REACTOME DATABASE ID RELEASE 95%5610780	DEGRADATION OF GLI1 BY THE PROTEASOME%REACTOME DATABASE ID RELEASE 95%5610780		46	-0.48444486	-1.4568996	0.030120483	0.16798736	1.0	2818	tags=43%, list=19%, signal=53%	
RECEPTOR METABOLIC PROCESS%GOBP%GO:0043112	RECEPTOR METABOLIC PROCESS%GOBP%GO:0043112		36	-0.5008317	-1.4562975	0.032290615	0.16847046	1.0	2499	tags=28%, list=17%, signal=33%	
MULTIVESICULAR BODY ASSEMBLY%GOBP%GO:0036258	MULTIVESICULAR BODY ASSEMBLY%GOBP%GO:0036258		31	-0.51159644	-1.455168	0.037894737	0.1697372	1.0	3519	tags=35%, list=23%, signal=46%	
SENSORY PERCEPTION OF PAIN%GOBP%GO:0019233	SENSORY PERCEPTION OF PAIN%GOBP%GO:0019233		23	-0.5525457	-1.4550116	0.054865424	0.16968937	1.0	1798	tags=43%, list=12%, signal=49%	
NEUTROPHIL ACTIVATION%GOBP%GO:0042119	NEUTROPHIL ACTIVATION%GOBP%GO:0042119		22	-0.555884	-1.4543841	0.048066877	0.17021477	1.0	1622	tags=36%, list=11%, signal=41%	
RAB REGULATION OF TRAFFICKING%REACTOME%R-HSA-9007101.4	RAB REGULATION OF TRAFFICKING%REACTOME%R-HSA-9007101.4		120	-0.40641785	-1.4541609	0.008866995	0.17024843	1.0	3210	tags=33%, list=21%, signal=41%	
LIPID METABOLISM PATHWAY%WIKIPATHWAYS_20260211%WP3965%HOMO SAPIENS	LIPID METABOLISM PATHWAY%WIKIPATHWAYS_20260211%WP3965%HOMO SAPIENS		19	-0.57686377	-1.4532962	0.059304703	0.17110646	1.0	443	tags=16%, list=3%, signal=16%	
PROTEIN K63-LINKED UBIQUITINATION%GOBP%GO:0070534	PROTEIN K63-LINKED UBIQUITINATION%GOBP%GO:0070534		62	-0.45152903	-1.4528298	0.022058824	0.17147101	1.0	1022	tags=18%, list=7%, signal=19%	
REGULATION OF TRIGLYCERIDE BIOSYNTHETIC PROCESS%GOBP%GO:0010866	REGULATION OF TRIGLYCERIDE BIOSYNTHETIC PROCESS%GOBP%GO:0010866		17	-0.5866344	-1.4525371	0.06620553	0.17164214	1.0	1793	tags=35%, list=12%, signal=40%	
VACUOLE ORGANIZATION%GOBP%GO:0007033	VACUOLE ORGANIZATION%GOBP%GO:0007033		167	-0.3922269	-1.452389	0.008333334	0.17161217	1.0	2667	tags=26%, list=18%, signal=32%	
TOLL LIKE RECEPTOR TLR6:TLR2 CASCADE%REACTOME%R-HSA-168188.3	TOLL LIKE RECEPTOR TLR6:TLR2 CASCADE%REACTOME%R-HSA-168188.3		108	-0.41182953	-1.4518739	0.01004016	0.1719867	1.0	1905	tags=19%, list=13%, signal=21%	
REGULATION OF VIRAL LIFE CYCLE%GOBP%GO:1903900	REGULATION OF VIRAL LIFE CYCLE%GOBP%GO:1903900		94	-0.42471874	-1.4518667	0.009164969	0.1717605	1.0	3146	tags=31%, list=21%, signal=39%	
RESPONSE TO ESTROGEN%GOBP%GO:0043627	RESPONSE TO ESTROGEN%GOBP%GO:0043627		31	-0.5147389	-1.4518149	0.04085603	0.17158705	1.0	1036	tags=19%, list=7%, signal=21%	
REGULATION OF MITOCHONDRION ORGANIZATION%GOBP%GO:0010821	REGULATION OF MITOCHONDRION ORGANIZATION%GOBP%GO:0010821		101	-0.41475973	-1.4516342	0.011482255	0.17159286	1.0	2786	tags=36%, list=19%, signal=43%	
REGULATION OF APC C ACTIVATORS BETWEEN G1 S AND EARLY ANAPHASE%REACTOME DATABASE ID RELEASE 95%176408	REGULATION OF APC C ACTIVATORS BETWEEN G1 S AND EARLY ANAPHASE%REACTOME DATABASE ID RELEASE 95%176408		68	-0.43810928	-1.451026	0.019169329	0.17211092	1.0	4365	tags=44%, list=29%, signal=62%	
LIPOPOLYSACCHARIDE-MEDIATED SIGNALING PATHWAY%GOBP%GO:0031663	LIPOPOLYSACCHARIDE-MEDIATED SIGNALING PATHWAY%GOBP%GO:0031663		18	-0.58265764	-1.4504923	0.070336394	0.17250755	1.0	2758	tags=28%, list=18%, signal=34%	
POSITIVE REGULATION OF LEUKOCYTE MEDIATED CYTOTOXICITY%GOBP%GO:0001912	POSITIVE REGULATION OF LEUKOCYTE MEDIATED CYTOTOXICITY%GOBP%GO:0001912		48	-0.47401172	-1.4502887	0.031827517	0.17253348	1.0	4674	tags=56%, list=31%, signal=81%	
MYD88:MAL(TIRAP) CASCADE INITIATED ON PLASMA MEMBRANE%REACTOME%R-HSA-166058.5	MYD88:MAL(TIRAP) CASCADE INITIATED ON PLASMA MEMBRANE%REACTOME%R-HSA-166058.5		108	-0.41182953	-1.4501505	0.0177268	0.1725075	1.0	1905	tags=19%, list=13%, signal=21%	
REGULATION OF KETONE METABOLIC PROCESS%GOBP%GO:0010565	REGULATION OF KETONE METABOLIC PROCESS%GOBP%GO:0010565		93	-0.41877863	-1.4490124	0.012552301	0.1737097	1.0	2145	tags=22%, list=14%, signal=25%	
LATE ENDOSOME TO VACUOLE TRANSPORT%GOBP%GO:0045324	LATE ENDOSOME TO VACUOLE TRANSPORT%GOBP%GO:0045324		35	-0.5032416	-1.4487573	0.043209877	0.17379417	1.0	3519	tags=34%, list=23%, signal=45%	
PTEN REGULATION%REACTOME%R-HSA-6807070.4	PTEN REGULATION%REACTOME%R-HSA-6807070.4		124	-0.40633	-1.4483516	0.0071868584	0.17406364	1.0	2843	tags=30%, list=19%, signal=37%	
TOLL LIKE RECEPTOR TLR1:TLR2 CASCADE%REACTOME%R-HSA-168179.3	TOLL LIKE RECEPTOR TLR1:TLR2 CASCADE%REACTOME%R-HSA-168179.3		108	-0.41182953	-1.4482621	0.007021063	0.17393258	1.0	1905	tags=19%, list=13%, signal=21%	
4 HYDROXYTAMOXIFEN DEXAMETHASONE AND RETINOIC ACIDS REGULATION OF P27 EXPRESSION%WIKIPATHWAYS_20260211%WP3879%HOMO SAPIENS	4 HYDROXYTAMOXIFEN DEXAMETHASONE AND RETINOIC ACIDS REGULATION OF P27 EXPRESSION%WIKIPATHWAYS_20260211%WP3879%HOMO SAPIENS		19	-0.57033646	-1.4482414	0.051536173	0.17372712	1.0	2149	tags=32%, list=14%, signal=37%	
TP53 REGULATES METABOLIC GENES%REACTOME%R-HSA-5628897.6	TP53 REGULATES METABOLIC GENES%REACTOME%R-HSA-5628897.6		74	-0.43499732	-1.4471053	0.019689118	0.17495225	1.0	3564	tags=41%, list=24%, signal=53%	
ICOSANOID BIOSYNTHETIC PROCESS%GOBP%GO:0046456	ICOSANOID BIOSYNTHETIC PROCESS%GOBP%GO:0046456		37	-0.50008243	-1.4467641	0.04041451	0.17515507	1.0	1937	tags=38%, list=13%, signal=43%	
LEUKOCYTE DIFFERENTIATION%GOBP%GO:0002521	LEUKOCYTE DIFFERENTIATION%GOBP%GO:0002521		256	-0.37154642	-1.446001	0.0020470829	0.17591214	1.0	2191	tags=23%, list=15%, signal=27%	
ACYLGLYCEROL CATABOLIC PROCESS%GOBP%GO:0046464	ACYLGLYCEROL CATABOLIC PROCESS%GOBP%GO:0046464		23	-0.5513209	-1.4459585	0.06	0.17573199	1.0	3020	tags=43%, list=20%, signal=54%	
REGULATION OF TRIGLYCERIDE METABOLIC PROCESS%GOBP%GO:0090207	REGULATION OF TRIGLYCERIDE METABOLIC PROCESS%GOBP%GO:0090207		27	-0.5313059	-1.4456877	0.052261308	0.17584321	1.0	1793	tags=33%, list=12%, signal=38%	
AMINOGLYCAN CATABOLIC PROCESS%GOBP%GO:0006026	AMINOGLYCAN CATABOLIC PROCESS%GOBP%GO:0006026		18	-0.579531	-1.4456714	0.05942623	0.17563456	1.0	777	tags=17%, list=5%, signal=18%	
NATURAL KILLER CELL MEDIATED IMMUNITY%GOBP%GO:0002228	NATURAL KILLER CELL MEDIATED IMMUNITY%GOBP%GO:0002228		32	-0.5140145	-1.4454148	0.053481333	0.17572907	1.0	4779	tags=63%, list=32%, signal=91%	
CELLULAR DETOXIFICATION%GOBP%GO:1990748	CELLULAR DETOXIFICATION%GOBP%GO:1990748		45	-0.47959068	-1.4453889	0.041879468	0.17552759	1.0	1673	tags=22%, list=11%, signal=25%	
NUCLEAR RECEPTORS%WIKIPATHWAYS_20260211%WP170%HOMO SAPIENS	NUCLEAR RECEPTORS%WIKIPATHWAYS_20260211%WP170%HOMO SAPIENS		21	-0.5609032	-1.4443854	0.0638517	0.17663008	1.0	1793	tags=29%, list=12%, signal=32%	
HALLMARK_DNA_REPAIR%MSIGDBHALLMARK%HALLMARK_DNA_REPAIR	HALLMARK_DNA_REPAIR%MSIGDBHALLMARK%HALLMARK_DNA_REPAIR		122	-0.40502542	-1.4434139	0.00996016	0.17761445	1.0	2595	tags=23%, list=17%, signal=28%	
TOLL LIKE RECEPTOR 2 (TLR2) CASCADE%REACTOME%R-HSA-181438.3	TOLL LIKE RECEPTOR 2 (TLR2) CASCADE%REACTOME%R-HSA-181438.3		108	-0.41182953	-1.4434042	0.008991009	0.17739251	1.0	1905	tags=19%, list=13%, signal=21%	
LATE PHASE OF HIV LIFE CYCLE%REACTOME%R-HSA-162599.4	LATE PHASE OF HIV LIFE CYCLE%REACTOME%R-HSA-162599.4		130	-0.39895496	-1.4426556	0.0069238376	0.17812338	1.0	3606	tags=26%, list=24%, signal=34%	
REGULATORY NCRNA-MEDIATED POST-TRANSCRIPTIONAL GENE SILENCING%GOBP%GO:0035194	REGULATORY NCRNA-MEDIATED POST-TRANSCRIPTIONAL GENE SILENCING%GOBP%GO:0035194		36	-0.5020453	-1.4422626	0.04079602	0.17838678	1.0	891	tags=14%, list=6%, signal=15%	
TETRAPYRROLE BIOSYNTHETIC PROCESS%GOBP%GO:0033014	TETRAPYRROLE BIOSYNTHETIC PROCESS%GOBP%GO:0033014		24	-0.53795695	-1.4419322	0.05489022	0.17859407	1.0	2907	tags=29%, list=19%, signal=36%	
NATURAL KILLER CELL MEDIATED CYTOTOXICITY%GOBP%GO:0042267	NATURAL KILLER CELL MEDIATED CYTOTOXICITY%GOBP%GO:0042267		29	-0.5155089	-1.4411309	0.05677291	0.17942317	1.0	3362	tags=45%, list=22%, signal=58%	
HEME BIOSYNTHETIC PROCESS%GOBP%GO:0006783	HEME BIOSYNTHETIC PROCESS%GOBP%GO:0006783		21	-0.5662498	-1.4392302	0.053553037	0.18166225	1.0	2092	tags=24%, list=14%, signal=28%	
UBIQUITIN-MEDIATED DEGRADATION OF PHOSPHORYLATED CDC25A%REACTOME%R-HSA-69601.6	UBIQUITIN-MEDIATED DEGRADATION OF PHOSPHORYLATED CDC25A%REACTOME%R-HSA-69601.6		51	-0.46196112	-1.4386392	0.031453364	0.18214752	1.0	2818	tags=41%, list=19%, signal=51%	
DISULFIRAM ACTION PATHWAY%PATHWHIZ%PW000431	DISULFIRAM ACTION PATHWAY%PATHWHIZ%PW000431		21	-0.5607089	-1.4385015	0.06468172	0.1820777	1.0	1260	tags=24%, list=8%, signal=26%	
RAB GEFS EXCHANGE GTP FOR GDP ON RABS%REACTOME%R-HSA-8876198.4	RAB GEFS EXCHANGE GTP FOR GDP ON RABS%REACTOME%R-HSA-8876198.4		89	-0.41944867	-1.4382257	0.005882353	0.18219112	1.0	2870	tags=30%, list=19%, signal=37%	
PTERIDINE-CONTAINING COMPOUND METABOLIC PROCESS%GOBP%GO:0042558	PTERIDINE-CONTAINING COMPOUND METABOLIC PROCESS%GOBP%GO:0042558		28	-0.52924716	-1.4377156	0.05723205	0.18265101	1.0	2475	tags=39%, list=16%, signal=47%	
CELLULAR RESPONSE TO TOXIC SUBSTANCE%GOBP%GO:0097237	CELLULAR RESPONSE TO TOXIC SUBSTANCE%GOBP%GO:0097237		48	-0.46749654	-1.4374624	0.03773585	0.18273456	1.0	1673	tags=21%, list=11%, signal=23%	
TRNA 5'-END PROCESSING%GOBP%GO:0099116	TRNA 5'-END PROCESSING%GOBP%GO:0099116		15	-0.6088146	-1.4373364	0.08453608	0.1826613	1.0	4058	tags=60%, list=27%, signal=82%	
FOLATE METABOLISM%WIKIPATHWAYS_20260211%WP176%HOMO SAPIENS	FOLATE METABOLISM%WIKIPATHWAYS_20260211%WP176%HOMO SAPIENS		42	-0.4799681	-1.4368279	0.044489384	0.18307431	1.0	2754	tags=36%, list=18%, signal=44%	
ENDOPLASMIC RETICULUM TO GOLGI VESICLE-MEDIATED TRANSPORT%GOBP%GO:0006888	ENDOPLASMIC RETICULUM TO GOLGI VESICLE-MEDIATED TRANSPORT%GOBP%GO:0006888		108	-0.41107047	-1.43677	0.010070493	0.18292247	1.0	2600	tags=23%, list=17%, signal=28%	
NUCLEOLAR LARGE RRNA TRANSCRIPTION BY RNA POLYMERASE I%GOBP%GO:0042790	NUCLEOLAR LARGE RRNA TRANSCRIPTION BY RNA POLYMERASE I%GOBP%GO:0042790		15	-0.6085331	-1.4360642	0.06428572	0.1835973	1.0	4451	tags=60%, list=30%, signal=85%	
PORPHYRIN-CONTAINING COMPOUND BIOSYNTHETIC PROCESS%GOBP%GO:0006779	PORPHYRIN-CONTAINING COMPOUND BIOSYNTHETIC PROCESS%GOBP%GO:0006779		24	-0.53795695	-1.4360213	0.06152242	0.18341306	1.0	2907	tags=29%, list=19%, signal=36%	
DDX58 IFIH1-MEDIATED INDUCTION OF INTERFERON-ALPHA BETA%REACTOME DATABASE ID RELEASE 95%168928	DDX58 IFIH1-MEDIATED INDUCTION OF INTERFERON-ALPHA BETA%REACTOME DATABASE ID RELEASE 95%168928		68	-0.44042104	-1.4359221	0.027225131	0.18331443	1.0	3726	tags=29%, list=25%, signal=39%	
UBIQUITIN-DEPENDENT PROTEIN CATABOLIC PROCESS VIA THE MULTIVESICULAR BODY SORTING PATHWAY%GOBP%GO:0043162	UBIQUITIN-DEPENDENT PROTEIN CATABOLIC PROCESS VIA THE MULTIVESICULAR BODY SORTING PATHWAY%GOBP%GO:0043162		35	-0.49563766	-1.4356376	0.046138417	0.18345322	1.0	2955	tags=34%, list=20%, signal=43%	
DISASSEMBLY OF THE DESTRUCTION COMPLEX AND RECRUITMENT OF AXIN TO THE MEMBRANE%REACTOME%R-HSA-4641262.6	DISASSEMBLY OF THE DESTRUCTION COMPLEX AND RECRUITMENT OF AXIN TO THE MEMBRANE%REACTOME%R-HSA-4641262.6		28	-0.5271383	-1.4354682	0.05230769	0.18344967	1.0	387	tags=14%, list=3%, signal=15%	
DAP12 INTERACTIONS%REACTOME%R-HSA-2172127.3	DAP12 INTERACTIONS%REACTOME%R-HSA-2172127.3		32	-0.5072628	-1.4346167	0.039235413	0.18433551	1.0	4124	tags=44%, list=27%, signal=60%	
AUTOPHAGY%REACTOME DATABASE ID RELEASE 95%9612973	AUTOPHAGY%REACTOME DATABASE ID RELEASE 95%9612973		133	-0.39575925	-1.4342556	0.015060241	0.18456729	1.0	3623	tags=28%, list=24%, signal=36%	
P53-INDEPENDENT G1 S DNA DAMAGE CHECKPOINT%REACTOME%R-HSA-69613.5	P53-INDEPENDENT G1 S DNA DAMAGE CHECKPOINT%REACTOME%R-HSA-69613.5		51	-0.46196112	-1.4339396	0.029045643	0.18475175	1.0	2818	tags=41%, list=19%, signal=51%	
RNA POLYMERASE III TRANSCRIPTION INITIATION FROM TYPE 3 PROMOTER%REACTOME%R-HSA-76071.4	RNA POLYMERASE III TRANSCRIPTION INITIATION FROM TYPE 3 PROMOTER%REACTOME%R-HSA-76071.4		28	-0.51518375	-1.433901	0.060021438	0.18457267	1.0	2657	tags=36%, list=18%, signal=43%	
TRANS-GOLGI NETWORK VESICLE BUDDING%REACTOME DATABASE ID RELEASE 95%199992	TRANS-GOLGI NETWORK VESICLE BUDDING%REACTOME DATABASE ID RELEASE 95%199992		69	-0.4354517	-1.4337631	0.019328587	0.18452519	1.0	3318	tags=39%, list=22%, signal=50%	
REGULATION OF LIPID BIOSYNTHETIC PROCESS%GOBP%GO:0046890	REGULATION OF LIPID BIOSYNTHETIC PROCESS%GOBP%GO:0046890		133	-0.39730358	-1.4336629	0.015136226	0.18441439	1.0	3344	tags=35%, list=22%, signal=45%	
INNATE IMMUNE RESPONSE ACTIVATING CELL SURFACE RECEPTOR SIGNALING PATHWAY%GOBP%GO:0002220	INNATE IMMUNE RESPONSE ACTIVATING CELL SURFACE RECEPTOR SIGNALING PATHWAY%GOBP%GO:0002220		53	-0.46174568	-1.4333248	0.032258064	0.18461238	1.0	3148	tags=40%, list=21%, signal=50%	
COBALAMIN (CBL, VITAMIN B12) TRANSPORT AND METABOLISM%REACTOME DATABASE ID RELEASE 95%196741	COBALAMIN (CBL, VITAMIN B12) TRANSPORT AND METABOLISM%REACTOME DATABASE ID RELEASE 95%196741		17	-0.5778045	-1.432918	0.06802031	0.18488732	1.0	1299	tags=29%, list=9%, signal=32%	
ESTABLISHMENT OR MAINTENANCE OF MONOPOLAR CELL POLARITY%GOBP%GO:0061339	ESTABLISHMENT OR MAINTENANCE OF MONOPOLAR CELL POLARITY%GOBP%GO:0061339		15	-0.6033564	-1.4328272	0.071428575	0.18476035	1.0	1625	tags=27%, list=11%, signal=30%	
SIGNALING BY WNT IN CANCER%REACTOME DATABASE ID RELEASE 95%4791275	SIGNALING BY WNT IN CANCER%REACTOME DATABASE ID RELEASE 95%4791275		32	-0.50569034	-1.432728	0.043610547	0.1846477	1.0	387	tags=13%, list=3%, signal=13%	
DEGRADATION OF CRY AND PER PROTEINS%REACTOME DATABASE ID RELEASE 95%9932298	DEGRADATION OF CRY AND PER PROTEINS%REACTOME DATABASE ID RELEASE 95%9932298		48	-0.4708489	-1.4326986	0.044760935	0.18445498	1.0	2818	tags=40%, list=19%, signal=49%	
VIRAL BUDDING%GOBP%GO:0046755	VIRAL BUDDING%GOBP%GO:0046755		24	-0.5423181	-1.4325933	0.04527163	0.18436818	1.0	2231	tags=29%, list=15%, signal=34%	
EVASION BY RSV OF HOST INTERFERON RESPONSES%REACTOME%R-HSA-9833109.1	EVASION BY RSV OF HOST INTERFERON RESPONSES%REACTOME%R-HSA-9833109.1		20	-0.553662	-1.431619	0.06974359	0.18545973	1.0	3881	tags=40%, list=26%, signal=54%	
RRNA MODIFICATION IN THE NUCLEUS AND CYTOSOL%REACTOME%R-HSA-6790901.6	RRNA MODIFICATION IN THE NUCLEUS AND CYTOSOL%REACTOME%R-HSA-6790901.6		59	-0.4481979	-1.4316033	0.03	0.18524514	1.0	2407	tags=19%, list=16%, signal=22%	
AMP ACTIVATED PROTEIN KINASE SIGNALING%WIKIPATHWAYS_20260211%WP1403%HOMO SAPIENS	AMP ACTIVATED PROTEIN KINASE SIGNALING%WIKIPATHWAYS_20260211%WP1403%HOMO SAPIENS		48	-0.46034518	-1.4315583	0.030395137	0.18506306	1.0	1752	tags=23%, list=12%, signal=26%	
PROGRAMMED NECROTIC CELL DEATH%GOBP%GO:0097300	PROGRAMMED NECROTIC CELL DEATH%GOBP%GO:0097300		17	-0.5837025	-1.4308465	0.0814433	0.18578857	1.0	545	tags=18%, list=4%, signal=18%	
ORGAN OR TISSUE SPECIFIC IMMUNE RESPONSE%GOBP%GO:0002251	ORGAN OR TISSUE SPECIFIC IMMUNE RESPONSE%GOBP%GO:0002251		29	-0.52111924	-1.4307727	0.047764227	0.1856473	1.0	706	tags=21%, list=5%, signal=22%	
ENDOLYSOSOMAL TOLL-LIKE RECEPTOR SIGNALING PATHWAY%GOBP%GO:0140894	ENDOLYSOSOMAL TOLL-LIKE RECEPTOR SIGNALING PATHWAY%GOBP%GO:0140894		19	-0.56677365	-1.430477	0.0626927	0.18579853	1.0	4469	tags=63%, list=30%, signal=90%	
REGULATION OF INTRACELLULAR ESTROGEN RECEPTOR SIGNALING PATHWAY%GOBP%GO:0033146	REGULATION OF INTRACELLULAR ESTROGEN RECEPTOR SIGNALING PATHWAY%GOBP%GO:0033146		26	-0.52848786	-1.4294027	0.054752067	0.18703836	1.0	745	tags=12%, list=5%, signal=12%	
VESICLE FUSION%GOBP%GO:0006906	VESICLE FUSION%GOBP%GO:0006906		92	-0.41830894	-1.4290488	0.01816347	0.1872722	1.0	2757	tags=34%, list=18%, signal=41%	
DEGRADATION OF BETA-CATENIN BY THE DESTRUCTION COMPLEX%REACTOME%R-HSA-195253.4	DEGRADATION OF BETA-CATENIN BY THE DESTRUCTION COMPLEX%REACTOME%R-HSA-195253.4		70	-0.43245023	-1.4288517	0.025316456	0.18731208	1.0	2818	tags=36%, list=19%, signal=44%	
MACROAUTOPHAGY%REACTOME DATABASE ID RELEASE 95%1632852	MACROAUTOPHAGY%REACTOME DATABASE ID RELEASE 95%1632852		119	-0.4012862	-1.4288067	0.009211873	0.18713252	1.0	2499	tags=19%, list=17%, signal=23%	
GLUCONEOGENESIS%REACTOME DATABASE ID RELEASE 95%70263	GLUCONEOGENESIS%REACTOME DATABASE ID RELEASE 95%70263		18	-0.5728004	-1.4266734	0.07358871	0.18973646	1.0	2879	tags=39%, list=19%, signal=48%	
NATURAL KILLER CELL ACTIVATION%GOBP%GO:0030101	NATURAL KILLER CELL ACTIVATION%GOBP%GO:0030101		33	-0.5001107	-1.4253209	0.05532787	0.19136801	1.0	4318	tags=48%, list=29%, signal=68%	
RRNA MODIFICATION%GOBP%GO:0000154	RRNA MODIFICATION%GOBP%GO:0000154		33	-0.497621	-1.4251783	0.04465213	0.1913366	1.0	2711	tags=33%, list=18%, signal=41%	
SPHINGOLIPID DE NOVO BIOSYNTHESIS%REACTOME DATABASE ID RELEASE 95%1660661	SPHINGOLIPID DE NOVO BIOSYNTHESIS%REACTOME DATABASE ID RELEASE 95%1660661		32	-0.50277215	-1.4249419	0.062176164	0.19141665	1.0	3344	tags=38%, list=22%, signal=48%	
POSITIVE REGULATION OF RESPONSE TO CYTOKINE STIMULUS%GOBP%GO:0060760	POSITIVE REGULATION OF RESPONSE TO CYTOKINE STIMULUS%GOBP%GO:0060760		56	-0.45346928	-1.4247406	0.023809524	0.19143094	1.0	1811	tags=25%, list=12%, signal=28%	
DICARBOXYLIC ACID METABOLIC PROCESS%GOBP%GO:0043648	DICARBOXYLIC ACID METABOLIC PROCESS%GOBP%GO:0043648		68	-0.44030783	-1.4236089	0.015060241	0.1927101	1.0	2576	tags=28%, list=17%, signal=34%	
REACTIVE NITROGEN SPECIES METABOLIC PROCESS%GOBP%GO:2001057	REACTIVE NITROGEN SPECIES METABOLIC PROCESS%GOBP%GO:2001057		24	-0.5475728	-1.4233676	0.06777894	0.1928093	1.0	3712	tags=50%, list=25%, signal=66%	
PID_NFKAPPAB_ATYPICAL_PATHWAY%MSIGDB_C2%PID_NFKAPPAB_ATYPICAL_PATHWAY	PID_NFKAPPAB_ATYPICAL_PATHWAY%MSIGDB_C2%PID_NFKAPPAB_ATYPICAL_PATHWAY		15	-0.6020945	-1.4226269	0.077319585	0.19364434	1.0	2275	tags=33%, list=15%, signal=39%	
PSEUDOURIDINE SYNTHESIS%GOBP%GO:0001522	PSEUDOURIDINE SYNTHESIS%GOBP%GO:0001522		18	-0.5744008	-1.4219372	0.062370062	0.19439949	1.0	2711	tags=33%, list=18%, signal=41%	
REGULATION OF RESPONSE TO ENDOPLASMIC RETICULUM STRESS%GOBP%GO:1905897	REGULATION OF RESPONSE TO ENDOPLASMIC RETICULUM STRESS%GOBP%GO:1905897		77	-0.42731267	-1.4214102	0.024489796	0.19490424	1.0	2766	tags=30%, list=18%, signal=36%	
RIBONUCLEOPROTEIN COMPLEX BIOGENESIS%GOBP%GO:0022613	RIBONUCLEOPROTEIN COMPLEX BIOGENESIS%GOBP%GO:0022613		409	-0.34916258	-1.421336	0.0	0.19476353	1.0	4539	tags=34%, list=30%, signal=48%	
POSITIVE REGULATION OF CELL KILLING%GOBP%GO:0031343	POSITIVE REGULATION OF CELL KILLING%GOBP%GO:0031343		50	-0.46652868	-1.4206145	0.038306452	0.19552346	1.0	4674	tags=56%, list=31%, signal=81%	
REGULATION OF PROTEIN CATABOLIC PROCESS%GOBP%GO:0042176	REGULATION OF PROTEIN CATABOLIC PROCESS%GOBP%GO:0042176		347	-0.35357535	-1.4204742	0.002089864	0.19547431	1.0	2860	tags=27%, list=19%, signal=32%	
PROLACTIN SIGNALING%WIKIPATHWAYS_20260211%WP2037%HOMO SAPIENS	PROLACTIN SIGNALING%WIKIPATHWAYS_20260211%WP2037%HOMO SAPIENS		61	-0.44363543	-1.4201183	0.03253796	0.19573489	1.0	1643	tags=21%, list=11%, signal=24%	
PLASMALOGEN BIOSYNTHESIS%BIOCYC%PWY-7782	PLASMALOGEN BIOSYNTHESIS%BIOCYC%PWY-7782		15	-0.5991321	-1.4200034	0.078331634	0.19565459	1.0	1716	tags=27%, list=11%, signal=30%	
REGULATION OF RUNX2 EXPRESSION AND ACTIVITY%REACTOME DATABASE ID RELEASE 95%8939902	REGULATION OF RUNX2 EXPRESSION AND ACTIVITY%REACTOME DATABASE ID RELEASE 95%8939902		56	-0.44859424	-1.4187263	0.03486056	0.19712017	1.0	2818	tags=39%, list=19%, signal=48%	
APC C-MEDIATED DEGRADATION OF CELL CYCLE PROTEINS%REACTOME DATABASE ID RELEASE 95%174143	APC C-MEDIATED DEGRADATION OF CELL CYCLE PROTEINS%REACTOME DATABASE ID RELEASE 95%174143		75	-0.4258488	-1.4186044	0.03672613	0.19703917	1.0	4365	tags=41%, list=29%, signal=58%	
NEUROINFLAMMATORY RESPONSE%GOBP%GO:0150076	NEUROINFLAMMATORY RESPONSE%GOBP%GO:0150076		28	-0.5165816	-1.4185191	0.06335282	0.1969103	1.0	2884	tags=43%, list=19%, signal=53%	
REGULATION OF PROTEIN LOCALIZATION TO NUCLEUS%GOBP%GO:1900180	REGULATION OF PROTEIN LOCALIZATION TO NUCLEUS%GOBP%GO:1900180		100	-0.4145995	-1.4169797	0.015432099	0.19879802	1.0	1819	tags=15%, list=12%, signal=17%	
GMCSF-MEDIATED SIGNALING EVENTS%PATHWAY INTERACTION DATABASE NCI-NATURE CURATED DATA%GMCSF-MEDIATED SIGNALING EVENTS	GMCSF-MEDIATED SIGNALING EVENTS%PATHWAY INTERACTION DATABASE NCI-NATURE CURATED DATA%GMCSF-MEDIATED SIGNALING EVENTS		35	-0.49859235	-1.4169174	0.053481333	0.19863483	1.0	2226	tags=26%, list=15%, signal=30%	
REGULATION OF MACROPHAGE DERIVED FOAM CELL DIFFERENTIATION%GOBP%GO:0010743	REGULATION OF MACROPHAGE DERIVED FOAM CELL DIFFERENTIATION%GOBP%GO:0010743		31	-0.508732	-1.4168957	0.058341864	0.19842784	1.0	2958	tags=52%, list=20%, signal=64%	
LOCALIZATION WITHIN MEMBRANE%GOBP%GO:0051668	LOCALIZATION WITHIN MEMBRANE%GOBP%GO:0051668		457	-0.34389338	-1.4168103	0.0	0.1983119	1.0	2313	tags=22%, list=15%, signal=25%	
REGULATION OF MITOTIC CELL CYCLE%REACTOME DATABASE ID RELEASE 95%453276	REGULATION OF MITOTIC CELL CYCLE%REACTOME DATABASE ID RELEASE 95%453276		75	-0.4258488	-1.4147068	0.025742574	0.20107569	1.0	4365	tags=41%, list=29%, signal=58%	
CLEC7A (DECTIN-1) SIGNALING%REACTOME DATABASE ID RELEASE 95%5607764	CLEC7A (DECTIN-1) SIGNALING%REACTOME DATABASE ID RELEASE 95%5607764		84	-0.41530317	-1.4144669	0.019133938	0.20114139	1.0	2973	tags=35%, list=20%, signal=43%	
BIOSYNTHESIS OF THE N-GLYCAN PRECURSOR (DOLICHOL LIPID-LINKED OLIGOSACCHARIDE, LLO) AND TRANSFER TO A NASCENT PROTEIN%REACTOME DATABASE ID RELEASE 95%446193	BIOSYNTHESIS OF THE N-GLYCAN PRECURSOR (DOLICHOL LIPID-LINKED OLIGOSACCHARIDE, LLO) AND TRANSFER TO A NASCENT PROTEIN%REACTOME DATABASE ID RELEASE 95%446193		73	-0.42955422	-1.413946	0.022269353	0.20162134	1.0	3405	tags=34%, list=23%, signal=44%	
INTERLEUKIN-17 SIGNALING%REACTOME DATABASE ID RELEASE 95%448424	INTERLEUKIN-17 SIGNALING%REACTOME DATABASE ID RELEASE 95%448424		66	-0.43360117	-1.4136995	0.03003003	0.20173316	1.0	1905	tags=20%, list=13%, signal=22%	
GLUCOSE METABOLIC PROCESS%GOBP%GO:0006006	GLUCOSE METABOLIC PROCESS%GOBP%GO:0006006		59	-0.4420207	-1.4132109	0.036453202	0.2021665	1.0	2897	tags=37%, list=19%, signal=46%	
TYPE I INTERFERON-MEDIATED SIGNALING PATHWAY%GOBP%GO:0060337	TYPE I INTERFERON-MEDIATED SIGNALING PATHWAY%GOBP%GO:0060337		28	-0.5194437	-1.4128538	0.054822337	0.20240924	1.0	3992	tags=46%, list=27%, signal=63%	
STEROL HOMEOSTASIS%GOBP%GO:0055092	STEROL HOMEOSTASIS%GOBP%GO:0055092		69	-0.428982	-1.4120561	0.029258098	0.20333451	1.0	3164	tags=41%, list=21%, signal=51%	
MITOTIC CYTOKINETIC PROCESS%GOBP%GO:1902410	MITOTIC CYTOKINETIC PROCESS%GOBP%GO:1902410		30	-0.5104284	-1.4120079	0.06374502	0.20316117	1.0	2231	tags=23%, list=15%, signal=27%	
REGULATION OF VIRAL PROCESS%GOBP%GO:0050792	REGULATION OF VIRAL PROCESS%GOBP%GO:0050792		116	-0.3983372	-1.4112476	0.012396694	0.20395787	1.0	2759	tags=26%, list=18%, signal=31%	
ZINC ION TRANSPORT%GOBP%GO:0006829	ZINC ION TRANSPORT%GOBP%GO:0006829		22	-0.53942597	-1.4107852	0.053061225	0.2043585	1.0	331	tags=14%, list=2%, signal=14%	
RNA POLYMERASE II TRANSCRIPTION ELONGATION%REACTOME%R-HSA-75955.4	RNA POLYMERASE II TRANSCRIPTION ELONGATION%REACTOME%R-HSA-75955.4		56	-0.44438604	-1.4099402	0.032608695	0.20533589	1.0	2731	tags=23%, list=18%, signal=28%	
BIOCARTA_CREB_PATHWAY%MSIGDB_C2%BIOCARTA_CREB_PATHWAY	BIOCARTA_CREB_PATHWAY%MSIGDB_C2%BIOCARTA_CREB_PATHWAY		17	-0.58130324	-1.4098138	0.07149853	0.20525673	1.0	3342	tags=47%, list=22%, signal=60%	
RECEPTOR INTERNALIZATION%GOBP%GO:0031623	RECEPTOR INTERNALIZATION%GOBP%GO:0031623		52	-0.45245612	-1.4097426	0.03448276	0.20510474	1.0	2899	tags=42%, list=19%, signal=52%	
COMPLEX III ASSEMBLY%REACTOME%R-HSA-9865881.2	COMPLEX III ASSEMBLY%REACTOME%R-HSA-9865881.2		24	-0.53422356	-1.4095995	0.0625	0.2050613	1.0	4131	tags=42%, list=28%, signal=57%	
POSITIVE REGULATION OF FATTY ACID BIOSYNTHETIC PROCESS%GOBP%GO:0045723	POSITIVE REGULATION OF FATTY ACID BIOSYNTHETIC PROCESS%GOBP%GO:0045723		19	-0.5661696	-1.4093504	0.07223942	0.2051553	1.0	2778	tags=37%, list=18%, signal=45%	
GLUTATHIONE METABOLIC PROCESS%GOBP%GO:0006749	GLUTATHIONE METABOLIC PROCESS%GOBP%GO:0006749		37	-0.48516446	-1.4087274	0.05070994	0.20577572	1.0	2527	tags=35%, list=17%, signal=42%	
SYNTHESIS OF PA%REACTOME%R-HSA-1483166.8	SYNTHESIS OF PA%REACTOME%R-HSA-1483166.8		34	-0.48276523	-1.4076909	0.0665973	0.20707966	1.0	1945	tags=32%, list=13%, signal=37%	
RIBOSOME BIOGENESIS%GOBP%GO:0042254	RIBOSOME BIOGENESIS%GOBP%GO:0042254		256	-0.36135265	-1.4076835	0.003006012	0.20684166	1.0	4539	tags=33%, list=30%, signal=47%	
INOSITOL METABOLISM%PATHWHIZ%PW088261	INOSITOL METABOLISM%PATHWHIZ%PW088261		19	-0.55557024	-1.407442	0.08634538	0.20691812	1.0	1448	tags=21%, list=10%, signal=23%	
REGULATION OF AUTOPHAGOSOME ASSEMBLY%GOBP%GO:2000785	REGULATION OF AUTOPHAGOSOME ASSEMBLY%GOBP%GO:2000785		43	-0.47029823	-1.4054518	0.048681542	0.20951775	1.0	3546	tags=33%, list=24%, signal=42%	
REGULATION OF IMMUNE EFFECTOR PROCESS%GOBP%GO:0002697	REGULATION OF IMMUNE EFFECTOR PROCESS%GOBP%GO:0002697		267	-0.35803524	-1.4051757	0.0020325202	0.2096601	1.0	2538	tags=27%, list=17%, signal=32%	
ZINC ION TRANSMEMBRANE TRANSPORT%GOBP%GO:0071577	ZINC ION TRANSMEMBRANE TRANSPORT%GOBP%GO:0071577		20	-0.54586905	-1.4046994	0.08510638	0.21010804	1.0	331	tags=15%, list=2%, signal=15%	
METABOLISM OF POLYAMINES%REACTOME%R-HSA-351202.7	METABOLISM OF POLYAMINES%REACTOME%R-HSA-351202.7		44	-0.46465835	-1.4030793	0.04464286	0.21221486	1.0	3486	tags=50%, list=23%, signal=65%	
GLUCONEOGENESIS%GOBP%GO:0006094	GLUCONEOGENESIS%GOBP%GO:0006094		25	-0.5254436	-1.4025855	0.068577275	0.21270953	1.0	2835	tags=44%, list=19%, signal=54%	
BIOCARTA_MAPK_PATHWAY%MSIGDB_C2%BIOCARTA_MAPK_PATHWAY	BIOCARTA_MAPK_PATHWAY%MSIGDB_C2%BIOCARTA_MAPK_PATHWAY		68	-0.432284	-1.4025218	0.027892562	0.21254411	1.0	1018	tags=15%, list=7%, signal=16%	
REGULATION OF LIPID TRANSPORT%GOBP%GO:0032368	REGULATION OF LIPID TRANSPORT%GOBP%GO:0032368		83	-0.41990495	-1.4022665	0.03448276	0.21265608	1.0	3005	tags=36%, list=20%, signal=45%	
FATTY ACID BIOSYNTHETIC PROCESS%GOBP%GO:0006633	FATTY ACID BIOSYNTHETIC PROCESS%GOBP%GO:0006633		78	-0.41963845	-1.4022255	0.039014373	0.21246804	1.0	2239	tags=29%, list=15%, signal=34%	
LEUKOCYTE MEDIATED IMMUNITY%GOBP%GO:0002443	LEUKOCYTE MEDIATED IMMUNITY%GOBP%GO:0002443		123	-0.39677665	-1.4013317	0.017206477	0.21358958	1.0	3362	tags=35%, list=22%, signal=45%	
DISORDERS OF MITOCHONDRIAL HOMEOSTATIS DYNAMICS PROTEIN IMPORT AND QUALITY CONTROL%WIKIPATHWAYS_20260211%WP5504%HOMO SAPIENS	DISORDERS OF MITOCHONDRIAL HOMEOSTATIS DYNAMICS PROTEIN IMPORT AND QUALITY CONTROL%WIKIPATHWAYS_20260211%WP5504%HOMO SAPIENS		51	-0.45058578	-1.4012504	0.033041786	0.21344744	1.0	3889	tags=47%, list=26%, signal=63%	
SWITCHING OF ORIGINS TO A POST-REPLICATIVE STATE%REACTOME%R-HSA-69052.6	SWITCHING OF ORIGINS TO A POST-REPLICATIVE STATE%REACTOME%R-HSA-69052.6		79	-0.4121903	-1.4005618	0.024615385	0.21418233	1.0	4365	tags=41%, list=29%, signal=57%	
PROTEIN TRANSPORT TO VACUOLE INVOLVED IN UBIQUITIN-DEPENDENT PROTEIN CATABOLIC PROCESS VIA THE MULTIVESICULAR BODY SORTING PATHWAY%GOBP%GO:0043328	PROTEIN TRANSPORT TO VACUOLE INVOLVED IN UBIQUITIN-DEPENDENT PROTEIN CATABOLIC PROCESS VIA THE MULTIVESICULAR BODY SORTING PATHWAY%GOBP%GO:0043328		15	-0.5807906	-1.3999717	0.09109519	0.21478337	1.0	2955	tags=40%, list=20%, signal=50%	
DETECTION OF MECHANICAL STIMULUS INVOLVED IN SENSORY PERCEPTION%GOBP%GO:0050974	DETECTION OF MECHANICAL STIMULUS INVOLVED IN SENSORY PERCEPTION%GOBP%GO:0050974		15	-0.5861939	-1.399408	0.090361446	0.21534292	1.0	1609	tags=40%, list=11%, signal=45%	
REGULATION OF TLR BY ENDOGENOUS LIGAND%REACTOME%R-HSA-5686938.6	REGULATION OF TLR BY ENDOGENOUS LIGAND%REACTOME%R-HSA-5686938.6		17	-0.5670884	-1.3992687	0.07780083	0.21528658	1.0	3618	tags=59%, list=24%, signal=77%	
FORMATION OF RNA POL II ELONGATION COMPLEX%REACTOME%R-HSA-112382.4	FORMATION OF RNA POL II ELONGATION COMPLEX%REACTOME%R-HSA-112382.4		56	-0.44438604	-1.3991203	0.042857144	0.21525152	1.0	2731	tags=23%, list=18%, signal=28%	
RNA DECAPPING%GOBP%GO:0110154	RNA DECAPPING%GOBP%GO:0110154		24	-0.5252607	-1.398525	0.06612411	0.2158948	1.0	5036	tags=58%, list=34%, signal=88%	
LONG-CHAIN FATTY ACID TRANSPORT%GOBP%GO:0015909	LONG-CHAIN FATTY ACID TRANSPORT%GOBP%GO:0015909		29	-0.5058102	-1.396603	0.05985552	0.21853484	1.0	2841	tags=41%, list=19%, signal=51%	
ORGANELLE MEMBRANE FUSION%GOBP%GO:0090174	ORGANELLE MEMBRANE FUSION%GOBP%GO:0090174		97	-0.40411198	-1.3958529	0.029978586	0.21944936	1.0	2757	tags=32%, list=18%, signal=39%	
DNA-TEMPLATED TRANSCRIPTION ELONGATION%GOBP%GO:0006354	DNA-TEMPLATED TRANSCRIPTION ELONGATION%GOBP%GO:0006354		61	-0.43186718	-1.3957332	0.037260827	0.21934871	1.0	2504	tags=23%, list=17%, signal=27%	
REGULATION OF NUCLEOBASE-CONTAINING COMPOUND TRANSPORT%GOBP%GO:0032239	REGULATION OF NUCLEOBASE-CONTAINING COMPOUND TRANSPORT%GOBP%GO:0032239		15	-0.584909	-1.3955306	0.091649696	0.2193949	1.0	70	tags=7%, list=0%, signal=7%	
TRANSCRIPTION FACTOR REGULATION IN ADIPOGENESIS%WIKIPATHWAYS_20260211%WP3599%HOMO SAPIENS	TRANSCRIPTION FACTOR REGULATION IN ADIPOGENESIS%WIKIPATHWAYS_20260211%WP3599%HOMO SAPIENS		18	-0.5585502	-1.3954183	0.09566969	0.21932188	1.0	358	tags=17%, list=2%, signal=17%	
SLC25A46 PATHWAY%WIKIPATHWAYS_20260211%WP5521%HOMO SAPIENS	SLC25A46 PATHWAY%WIKIPATHWAYS_20260211%WP5521%HOMO SAPIENS		17	-0.5609773	-1.3952402	0.075742066	0.21932673	1.0	3266	tags=35%, list=22%, signal=45%	
ORGANELLE FUSION%GOBP%GO:0048284	ORGANELLE FUSION%GOBP%GO:0048284		119	-0.39319798	-1.394439	0.018499486	0.22023334	1.0	3560	tags=38%, list=24%, signal=49%	
NEGATIVE REGULATION OF MACROAUTOPHAGY%GOBP%GO:0016242	NEGATIVE REGULATION OF MACROAUTOPHAGY%GOBP%GO:0016242		29	-0.50516903	-1.3943437	0.06736842	0.22010492	1.0	1510	tags=17%, list=10%, signal=19%	
LIPID DROPLET FORMATION%GOBP%GO:0140042	LIPID DROPLET FORMATION%GOBP%GO:0140042		15	-0.58760285	-1.3943375	0.09396637	0.21986228	1.0	3902	tags=60%, list=26%, signal=81%	
PHASE II - CONJUGATION OF COMPOUNDS%REACTOME DATABASE ID RELEASE 95%156580	PHASE II - CONJUGATION OF COMPOUNDS%REACTOME DATABASE ID RELEASE 95%156580		66	-0.43082485	-1.3917948	0.040755466	0.2234942	1.0	2000	tags=29%, list=13%, signal=33%	
TERMINATION OF RNA POLYMERASE I TRANSCRIPTION%GOBP%GO:0006363	TERMINATION OF RNA POLYMERASE I TRANSCRIPTION%GOBP%GO:0006363		15	-0.58573264	-1.3916615	0.08478039	0.22343619	1.0	4648	tags=60%, list=31%, signal=87%	
MITOCHONDRIAL CALCIUM ION TRANSMEMBRANE TRANSPORT%GOBP%GO:0006851	MITOCHONDRIAL CALCIUM ION TRANSMEMBRANE TRANSPORT%GOBP%GO:0006851		20	-0.5517073	-1.3912687	0.07071713	0.22375654	1.0	1797	tags=30%, list=12%, signal=34%	
INTRACELLULAR IRON ION HOMEOSTASIS%GOBP%GO:0006879	INTRACELLULAR IRON ION HOMEOSTASIS%GOBP%GO:0006879		61	-0.4301769	-1.3908436	0.046558704	0.22416294	1.0	2183	tags=25%, list=15%, signal=29%	
POSITIVE REGULATION OF UBIQUITIN-DEPENDENT PROTEIN CATABOLIC PROCESS%GOBP%GO:2000060	POSITIVE REGULATION OF UBIQUITIN-DEPENDENT PROTEIN CATABOLIC PROCESS%GOBP%GO:2000060		89	-0.40713778	-1.3900939	0.027455121	0.22503056	1.0	2222	tags=22%, list=15%, signal=26%	
INOSITOL METABOLISM%SMPDB%SMP0000011	INOSITOL METABOLISM%SMPDB%SMP0000011		20	-0.54659796	-1.3897026	0.095679015	0.22539477	1.0	1448	tags=20%, list=10%, signal=22%	
LEISHMANIA PHAGOCYTOSIS%REACTOME DATABASE ID RELEASE 95%9664417	LEISHMANIA PHAGOCYTOSIS%REACTOME DATABASE ID RELEASE 95%9664417		56	-0.43731853	-1.3896781	0.04158416	0.2251682	1.0	3765	tags=48%, list=25%, signal=64%	
CHOLESTEROL HOMEOSTASIS%GOBP%GO:0042632	CHOLESTEROL HOMEOSTASIS%GOBP%GO:0042632		68	-0.4258108	-1.3894216	0.039583333	0.22528118	1.0	3164	tags=40%, list=21%, signal=50%	
NUCLEOTIDE BINDING OLIGOMERIZATION DOMAIN NOD PATHWAY%WIKIPATHWAYS_20260211%WP1433%HOMO SAPIENS	NUCLEOTIDE BINDING OLIGOMERIZATION DOMAIN NOD PATHWAY%WIKIPATHWAYS_20260211%WP1433%HOMO SAPIENS		33	-0.48945028	-1.3886688	0.06490872	0.22615713	1.0	2973	tags=42%, list=20%, signal=53%	
IL8- AND CXCR1-MEDIATED SIGNALING EVENTS%PATHWAY INTERACTION DATABASE NCI-NATURE CURATED DATA%IL8- AND CXCR1-MEDIATED SIGNALING EVENTS	IL8- AND CXCR1-MEDIATED SIGNALING EVENTS%PATHWAY INTERACTION DATABASE NCI-NATURE CURATED DATA%IL8- AND CXCR1-MEDIATED SIGNALING EVENTS		27	-0.50513655	-1.388558	0.06603774	0.2260805	1.0	2422	tags=44%, list=16%, signal=53%	
PYRUVATE METABOLISM%REACTOME%R-HSA-70268.10	PYRUVATE METABOLISM%REACTOME%R-HSA-70268.10		40	-0.4684865	-1.3880055	0.052966103	0.22665864	1.0	1062	tags=18%, list=7%, signal=19%	
FOLLICLE STIMULATING HORMONE FSH SIGNALING%WIKIPATHWAYS_20260211%WP2035%HOMO SAPIENS	FOLLICLE STIMULATING HORMONE FSH SIGNALING%WIKIPATHWAYS_20260211%WP2035%HOMO SAPIENS		17	-0.5634773	-1.3878202	0.0841785	0.22667675	1.0	2192	tags=29%, list=15%, signal=34%	
MYELOID LEUKOCYTE MEDIATED IMMUNITY%GOBP%GO:0002444	MYELOID LEUKOCYTE MEDIATED IMMUNITY%GOBP%GO:0002444		37	-0.47252783	-1.3873441	0.06632653	0.22713858	1.0	2884	tags=35%, list=19%, signal=43%	
REGULATION OF RNA EXPORT FROM NUCLEUS%GOBP%GO:0046831	REGULATION OF RNA EXPORT FROM NUCLEUS%GOBP%GO:0046831		15	-0.584909	-1.3870348	0.09337349	0.22735389	1.0	70	tags=7%, list=0%, signal=7%	
PERTURBATIONS TO HOST CELL AUTOPHAGY INDUCED BY SARS COV 2 PROTEINS%WIKIPATHWAYS_20260211%WP4936%HOMO SAPIENS	PERTURBATIONS TO HOST CELL AUTOPHAGY INDUCED BY SARS COV 2 PROTEINS%WIKIPATHWAYS_20260211%WP4936%HOMO SAPIENS		37	-0.47522026	-1.3869747	0.06395939	0.22718038	1.0	1595	tags=22%, list=11%, signal=24%	
PROTEIN AUTOUBIQUITINATION%GOBP%GO:0051865	PROTEIN AUTOUBIQUITINATION%GOBP%GO:0051865		62	-0.42905834	-1.3865771	0.040206186	0.22754557	1.0	3093	tags=34%, list=21%, signal=42%	
INSULIN SIGNALING%WIKIPATHWAYS_20260211%WP481%HOMO SAPIENS	INSULIN SIGNALING%WIKIPATHWAYS_20260211%WP481%HOMO SAPIENS		125	-0.38670796	-1.3863268	0.02145046	0.2276738	1.0	1790	tags=22%, list=12%, signal=24%	
DEGRADATION OF GLI2 BY THE PROTEASOME%REACTOME DATABASE ID RELEASE 95%5610783	DEGRADATION OF GLI2 BY THE PROTEASOME%REACTOME DATABASE ID RELEASE 95%5610783		46	-0.4497064	-1.3858277	0.06542056	0.22817385	1.0	2818	tags=43%, list=19%, signal=53%	
IL5 SIGNALING%WIKIPATHWAYS_20260211%WP127%HOMO SAPIENS	IL5 SIGNALING%WIKIPATHWAYS_20260211%WP127%HOMO SAPIENS		28	-0.50194573	-1.3846769	0.06347555	0.22970252	1.0	2226	tags=29%, list=15%, signal=33%	
TRNA WOBBLE URIDINE MODIFICATION%GOBP%GO:0002098	TRNA WOBBLE URIDINE MODIFICATION%GOBP%GO:0002098		19	-0.55092454	-1.3845272	0.078269824	0.22969912	1.0	2706	tags=32%, list=18%, signal=38%	
DEVELOPMENTAL PIGMENTATION%GOBP%GO:0048066	DEVELOPMENTAL PIGMENTATION%GOBP%GO:0048066		24	-0.5324064	-1.3837665	0.07419018	0.2306671	1.0	3196	tags=42%, list=21%, signal=53%	
NEGATIVE REGULATION OF RESPONSE TO ENDOPLASMIC RETICULUM STRESS%GOBP%GO:1903573	NEGATIVE REGULATION OF RESPONSE TO ENDOPLASMIC RETICULUM STRESS%GOBP%GO:1903573		41	-0.46754545	-1.3834207	0.057692308	0.23093155	1.0	2222	tags=29%, list=15%, signal=34%	
ADAPTIVE IMMUNE RESPONSE BASED ON SOMATIC RECOMBINATION OF IMMUNE RECEPTORS BUILT FROM IMMUNOGLOBULIN SUPERFAMILY DOMAINS%GOBP%GO:0002460	ADAPTIVE IMMUNE RESPONSE BASED ON SOMATIC RECOMBINATION OF IMMUNE RECEPTORS BUILT FROM IMMUNOGLOBULIN SUPERFAMILY DOMAINS%GOBP%GO:0002460		114	-0.39349926	-1.3826966	0.019607844	0.23176967	1.0	3093	tags=37%, list=21%, signal=46%	
DOWNSTREAM SIGNALING EVENTS OF B CELL RECEPTOR (BCR)%REACTOME DATABASE ID RELEASE 95%1168372	DOWNSTREAM SIGNALING EVENTS OF B CELL RECEPTOR (BCR)%REACTOME DATABASE ID RELEASE 95%1168372		67	-0.42289332	-1.3824172	0.030969031	0.23193996	1.0	4365	tags=48%, list=29%, signal=67%	
INTERFERON ALPHA BETA SIGNALING%REACTOME DATABASE ID RELEASE 95%909733	INTERFERON ALPHA BETA SIGNALING%REACTOME DATABASE ID RELEASE 95%909733		62	-0.43428248	-1.3814741	0.044838373	0.2331519	1.0	4067	tags=50%, list=27%, signal=68%	
NEGATIVE REGULATION OF PROTEASOMAL PROTEIN CATABOLIC PROCESS%GOBP%GO:1901799	NEGATIVE REGULATION OF PROTEASOMAL PROTEIN CATABOLIC PROCESS%GOBP%GO:1901799		48	-0.45101297	-1.3813294	0.059498955	0.23312484	1.0	2275	tags=25%, list=15%, signal=29%	
CARBOHYDRATE CATABOLIC PROCESS%GOBP%GO:0016052	CARBOHYDRATE CATABOLIC PROCESS%GOBP%GO:0016052		81	-0.4090045	-1.3810784	0.041025642	0.23328002	1.0	2627	tags=26%, list=17%, signal=31%	
IL17 SIGNALING%WIKIPATHWAYS_20260211%WP2112%HOMO SAPIENS	IL17 SIGNALING%WIKIPATHWAYS_20260211%WP2112%HOMO SAPIENS		23	-0.5242386	-1.3809446	0.07280081	0.23323704	1.0	1643	tags=22%, list=11%, signal=24%	
REGULATION OF SIGNALING BY CBL%REACTOME%R-HSA-912631.3	REGULATION OF SIGNALING BY CBL%REACTOME%R-HSA-912631.3		16	-0.57463443	-1.3804035	0.10282258	0.2338212	1.0	4124	tags=63%, list=27%, signal=86%	
ORGANIC ANION TRANSPORT%GOBP%GO:0015711	ORGANIC ANION TRANSPORT%GOBP%GO:0015711		236	-0.3584403	-1.3798959	0.0050916495	0.23433402	1.0	1904	tags=23%, list=13%, signal=26%	
NEGATIVE REGULATION OF PROTEIN UBIQUITINATION%GOBP%GO:0031397	NEGATIVE REGULATION OF PROTEIN UBIQUITINATION%GOBP%GO:0031397		60	-0.4388046	-1.3784634	0.04743083	0.23639226	1.0	2479	tags=23%, list=17%, signal=28%	
POSITIVE REGULATION OF AUTOPHAGY%GOBP%GO:0010508	POSITIVE REGULATION OF AUTOPHAGY%GOBP%GO:0010508		138	-0.37675637	-1.3783581	0.01438849	0.23627634	1.0	2755	tags=25%, list=18%, signal=30%	
KITRECEPTOR%IOB%KITRECEPTOR	KITRECEPTOR%IOB%KITRECEPTOR		58	-0.43443388	-1.3781066	0.049196787	0.23641574	1.0	3765	tags=34%, list=25%, signal=46%	
SULFUR AMINO ACID METABOLIC PROCESS%GOBP%GO:0000096	SULFUR AMINO ACID METABOLIC PROCESS%GOBP%GO:0000096		29	-0.49704352	-1.377743	0.07700422	0.23670179	1.0	2122	tags=38%, list=14%, signal=44%	
B CELL ACTIVATION%PANTHER PATHWAY%P00010	B CELL ACTIVATION%PANTHER PATHWAY%P00010		54	-0.4398681	-1.3772238	0.056008145	0.23727575	1.0	3362	tags=37%, list=22%, signal=48%	
LIPID MODIFICATION%GOBP%GO:0030258	LIPID MODIFICATION%GOBP%GO:0030258		113	-0.38921592	-1.3765696	0.032191068	0.23803942	1.0	1917	tags=24%, list=13%, signal=27%	
NEGATIVE REGULATION OF CELL-SUBSTRATE JUNCTION ORGANIZATION%GOBP%GO:0150118	NEGATIVE REGULATION OF CELL-SUBSTRATE JUNCTION ORGANIZATION%GOBP%GO:0150118		19	-0.5451052	-1.3759966	0.09840954	0.23869357	1.0	2446	tags=42%, list=16%, signal=50%	
REGULATION OF UBIQUITIN-DEPENDENT PROTEIN CATABOLIC PROCESS%GOBP%GO:2000058	REGULATION OF UBIQUITIN-DEPENDENT PROTEIN CATABOLIC PROCESS%GOBP%GO:2000058		148	-0.37759027	-1.3757159	0.019723866	0.2388838	1.0	2275	tags=20%, list=15%, signal=23%	
REGULATION OF GOLGI ORGANIZATION%GOBP%GO:1903358	REGULATION OF GOLGI ORGANIZATION%GOBP%GO:1903358		16	-0.5731339	-1.3751905	0.09836066	0.23945107	1.0	2400	tags=25%, list=16%, signal=30%	
PARASITE INFECTION%REACTOME%R-HSA-9664407.3	PARASITE INFECTION%REACTOME%R-HSA-9664407.3		56	-0.43731853	-1.374522	0.03996004	0.24020718	1.0	3765	tags=48%, list=25%, signal=64%	
MICRORNA (MIRNA) BIOGENESIS%REACTOME%R-HSA-203927.5	MICRORNA (MIRNA) BIOGENESIS%REACTOME%R-HSA-203927.5		24	-0.5205783	-1.3744395	0.07385229	0.24007437	1.0	2504	tags=29%, list=17%, signal=35%	
ENDOMEMBRANE SYSTEM ORGANIZATION%GOBP%GO:0010256	ENDOMEMBRANE SYSTEM ORGANIZATION%GOBP%GO:0010256		426	-0.33883658	-1.3743201	0.0030991735	0.23998296	1.0	2375	tags=21%, list=16%, signal=25%	
HEXOSE BIOSYNTHETIC PROCESS%GOBP%GO:0019319	HEXOSE BIOSYNTHETIC PROCESS%GOBP%GO:0019319		28	-0.50118417	-1.374255	0.0966736	0.2398222	1.0	2835	tags=43%, list=19%, signal=53%	
LATE ENDOSOME TO LYSOSOME TRANSPORT%GOBP%GO:1902774	LATE ENDOSOME TO LYSOSOME TRANSPORT%GOBP%GO:1902774		18	-0.5613608	-1.3725955	0.092610836	0.24221128	1.0	2357	tags=33%, list=16%, signal=39%	
SYNTHESIS OF DNA%REACTOME%R-HSA-69239.5	SYNTHESIS OF DNA%REACTOME%R-HSA-69239.5		108	-0.39223406	-1.3725728	0.01529052	0.2419818	1.0	4365	tags=37%, list=29%, signal=52%	
ADP METABOLIC PROCESS%GOBP%GO:0046031	ADP METABOLIC PROCESS%GOBP%GO:0046031		30	-0.48508906	-1.3724114	0.07232705	0.2419734	1.0	4170	tags=47%, list=28%, signal=64%	
REGULATION OF COLD-INDUCED THERMOGENESIS%GOBP%GO:0120161	REGULATION OF COLD-INDUCED THERMOGENESIS%GOBP%GO:0120161		133	-0.3798512	-1.3718121	0.018108651	0.24268395	1.0	1957	tags=28%, list=13%, signal=32%	
FCGR3A-MEDIATED PHAGOCYTOSIS%REACTOME DATABASE ID RELEASE 95%9664422	FCGR3A-MEDIATED PHAGOCYTOSIS%REACTOME DATABASE ID RELEASE 95%9664422		56	-0.43731853	-1.37149	0.048241206	0.24296184	1.0	3765	tags=48%, list=25%, signal=64%	
CANNABINOID RECEPTOR SIGNALING%WIKIPATHWAYS_20260211%WP3869%HOMO SAPIENS	CANNABINOID RECEPTOR SIGNALING%WIKIPATHWAYS_20260211%WP3869%HOMO SAPIENS		20	-0.5325589	-1.3712125	0.083909184	0.24313	1.0	1031	tags=25%, list=7%, signal=27%	
MITOCHONDRIAL TRANSMEMBRANE TRANSPORT%GOBP%GO:1990542	MITOCHONDRIAL TRANSMEMBRANE TRANSPORT%GOBP%GO:1990542		18	-0.55487067	-1.3709598	0.09	0.24321948	1.0	1551	tags=28%, list=10%, signal=31%	
EGR2 AND SOX10-MEDIATED INITIATION OF SCHWANN CELL MYELINATION%REACTOME%R-HSA-9619665.3	EGR2 AND SOX10-MEDIATED INITIATION OF SCHWANN CELL MYELINATION%REACTOME%R-HSA-9619665.3		25	-0.5135735	-1.3705261	0.08102564	0.24365836	1.0	2291	tags=28%, list=15%, signal=33%	
REGULATION OF PATTERN RECOGNITION RECEPTOR SIGNALING PATHWAY%GOBP%GO:0062207	REGULATION OF PATTERN RECOGNITION RECEPTOR SIGNALING PATHWAY%GOBP%GO:0062207		160	-0.36855695	-1.3702141	0.013306038	0.24387339	1.0	2493	tags=22%, list=17%, signal=26%	
VACUOLAR LOCALIZATION%GOBP%GO:1990849	VACUOLAR LOCALIZATION%GOBP%GO:1990849		46	-0.44829926	-1.3697528	0.06746032	0.24433644	1.0	2667	tags=30%, list=18%, signal=37%	
MUCOSAL IMMUNE RESPONSE%GOBP%GO:0002385	MUCOSAL IMMUNE RESPONSE%GOBP%GO:0002385		26	-0.50961626	-1.3691831	0.07988165	0.24498631	1.0	706	tags=19%, list=5%, signal=20%	
POSITIVE REGULATION OF PROTEIN CATABOLIC PROCESS%GOBP%GO:0045732	POSITIVE REGULATION OF PROTEIN CATABOLIC PROCESS%GOBP%GO:0045732		185	-0.3643651	-1.3689611	0.009036144	0.24505912	1.0	2853	tags=27%, list=19%, signal=33%	
GLYCOLYTIC PROCESS%GOBP%GO:0006096	GLYCOLYTIC PROCESS%GOBP%GO:0006096		28	-0.49294746	-1.3678302	0.09259259	0.2465872	1.0	2879	tags=32%, list=19%, signal=40%	
REGULATION OF VIRAL GENOME REPLICATION%GOBP%GO:0045069	REGULATION OF VIRAL GENOME REPLICATION%GOBP%GO:0045069		66	-0.4187189	-1.3678209	0.043052837	0.24633439	1.0	2759	tags=29%, list=18%, signal=35%	
RETICULOPHAGY%GOBP%GO:0061709	RETICULOPHAGY%GOBP%GO:0061709		23	-0.51422495	-1.3668357	0.087633885	0.247672	1.0	794	tags=17%, list=5%, signal=18%	
PEPTIDYL-L-CYSTEINE S-PALMITOYLATION%GOBP%GO:0018230	PEPTIDYL-L-CYSTEINE S-PALMITOYLATION%GOBP%GO:0018230		15	-0.57208806	-1.3662349	0.106694564	0.24834543	1.0	677	tags=20%, list=5%, signal=21%	
PYRIDINE NUCLEOTIDE CATABOLIC PROCESS%GOBP%GO:0019364	PYRIDINE NUCLEOTIDE CATABOLIC PROCESS%GOBP%GO:0019364		31	-0.4826764	-1.3660219	0.07829534	0.24845538	1.0	4170	tags=45%, list=28%, signal=62%	
SLC-MEDIATED TRANSPORT OF AMINO ACIDS%REACTOME%R-HSA-9958863.1	SLC-MEDIATED TRANSPORT OF AMINO ACIDS%REACTOME%R-HSA-9958863.1		27	-0.49713838	-1.365839	0.08392315	0.2484962	1.0	2319	tags=30%, list=15%, signal=35%	
SARS-COV-1 ACTIVATES MODULATES INNATE IMMUNE RESPONSES%REACTOME%R-HSA-9692916.2	SARS-COV-1 ACTIVATES MODULATES INNATE IMMUNE RESPONSES%REACTOME%R-HSA-9692916.2		41	-0.4574874	-1.3655516	0.06960082	0.24870178	1.0	3680	tags=34%, list=25%, signal=45%	
HEMATOPOIETIC STEM CELL DIFFERENTIATION%WIKIPATHWAYS_20260211%WP2849%HOMO SAPIENS	HEMATOPOIETIC STEM CELL DIFFERENTIATION%WIKIPATHWAYS_20260211%WP2849%HOMO SAPIENS		40	-0.46753234	-1.3643225	0.07604167	0.25046653	1.0	1600	tags=30%, list=11%, signal=33%	
REGULATION OF VESICLE-MEDIATED TRANSPORT%GOBP%GO:0060627	REGULATION OF VESICLE-MEDIATED TRANSPORT%GOBP%GO:0060627		399	-0.33493662	-1.3643073	0.0030272452	0.25022578	1.0	2596	tags=26%, list=17%, signal=31%	
HALLMARK_BILE_ACID_METABOLISM%MSIGDBHALLMARK%HALLMARK_BILE_ACID_METABOLISM	HALLMARK_BILE_ACID_METABOLISM%MSIGDBHALLMARK%HALLMARK_BILE_ACID_METABOLISM		82	-0.40286118	-1.3634096	0.031827517	0.25141084	1.0	1152	tags=17%, list=8%, signal=18%	
ERYTHROCYTE DIFFERENTIATION%GOBP%GO:0030218	ERYTHROCYTE DIFFERENTIATION%GOBP%GO:0030218		51	-0.4420131	-1.3631469	0.053752534	0.251539	1.0	1655	tags=22%, list=11%, signal=24%	
POST NMDA RECEPTOR ACTIVATION EVENTS%REACTOME%R-HSA-438064.5	POST NMDA RECEPTOR ACTIVATION EVENTS%REACTOME%R-HSA-438064.5		48	-0.44504777	-1.3628559	0.05720339	0.2517313	1.0	808	tags=15%, list=5%, signal=15%	
POSITIVE REGULATION OF TOR SIGNALING%GOBP%GO:0032008	POSITIVE REGULATION OF TOR SIGNALING%GOBP%GO:0032008		69	-0.41499346	-1.3620604	0.046184737	0.25271282	1.0	2441	tags=26%, list=16%, signal=31%	
IL1-MEDIATED SIGNALING EVENTS%PATHWAY INTERACTION DATABASE NCI-NATURE CURATED DATA%IL1-MEDIATED SIGNALING EVENTS	IL1-MEDIATED SIGNALING EVENTS%PATHWAY INTERACTION DATABASE NCI-NATURE CURATED DATA%IL1-MEDIATED SIGNALING EVENTS		33	-0.47828835	-1.3617611	0.07201646	0.25291216	1.0	1369	tags=18%, list=9%, signal=20%	
PURINE NUCLEOSIDE METABOLIC PROCESS%GOBP%GO:0042278	PURINE NUCLEOSIDE METABOLIC PROCESS%GOBP%GO:0042278		16	-0.5608406	-1.3617419	0.10463862	0.25267318	1.0	590	tags=19%, list=4%, signal=19%	
ENDOSOME TO LYSOSOME TRANSPORT VIA MULTIVESICULAR BODY SORTING PATHWAY%GOBP%GO:0032510	ENDOSOME TO LYSOSOME TRANSPORT VIA MULTIVESICULAR BODY SORTING PATHWAY%GOBP%GO:0032510		18	-0.55486226	-1.3617305	0.083333336	0.2524218	1.0	2231	tags=28%, list=15%, signal=33%	
INTERLEUKIN RECEPTOR SHC SIGNALING%REACTOME DATABASE ID RELEASE 95%912526	INTERLEUKIN RECEPTOR SHC SIGNALING%REACTOME DATABASE ID RELEASE 95%912526		20	-0.53319263	-1.3613985	0.10375494	0.25266722	1.0	1690	tags=25%, list=11%, signal=28%	
KSRP (KHSRP) BINDS AND DESTABILIZES MRNA%REACTOME%R-HSA-450604.4	KSRP (KHSRP) BINDS AND DESTABILIZES MRNA%REACTOME%R-HSA-450604.4		17	-0.5512568	-1.3613228	0.09558824	0.2525184	1.0	3664	tags=41%, list=24%, signal=54%	
ETHER LIPID BIOSYNTHESIS%WIKIPATHWAYS_20260211%WP5275%HOMO SAPIENS	ETHER LIPID BIOSYNTHESIS%WIKIPATHWAYS_20260211%WP5275%HOMO SAPIENS		17	-0.55969083	-1.3611417	0.10953347	0.2525404	1.0	2608	tags=29%, list=17%, signal=36%	
ERYTHROCYTE HOMEOSTASIS%GOBP%GO:0034101	ERYTHROCYTE HOMEOSTASIS%GOBP%GO:0034101		54	-0.43653658	-1.3609508	0.055214725	0.25260508	1.0	2183	tags=24%, list=15%, signal=28%	
IL2%NETPATH%IL2	IL2%NETPATH%IL2		57	-0.43052837	-1.3609283	0.059670784	0.25236732	1.0	1410	tags=18%, list=9%, signal=19%	
ADAPTIVE IMMUNE RESPONSE%GOBP%GO:0002250	ADAPTIVE IMMUNE RESPONSE%GOBP%GO:0002250		148	-0.37066662	-1.3608077	0.020547945	0.25229815	1.0	3022	tags=36%, list=20%, signal=44%	
NEGATIVE REGULATION OF IMMUNE RESPONSE%GOBP%GO:0050777	NEGATIVE REGULATION OF IMMUNE RESPONSE%GOBP%GO:0050777		157	-0.36809745	-1.360515	0.011677282	0.25249714	1.0	3146	tags=34%, list=21%, signal=42%	
GLYCEROLIPID CATABOLIC PROCESS%GOBP%GO:0046503	GLYCEROLIPID CATABOLIC PROCESS%GOBP%GO:0046503		48	-0.45023894	-1.3595818	0.073997945	0.2537635	1.0	2083	tags=27%, list=14%, signal=31%	
AROMATIC AMINO ACID FAMILY CATABOLIC PROCESS%GOBP%GO:0009074	AROMATIC AMINO ACID FAMILY CATABOLIC PROCESS%GOBP%GO:0009074		15	-0.57725626	-1.3593966	0.10889111	0.2538093	1.0	1371	tags=27%, list=9%, signal=29%	
VIRION ASSEMBLY%GOBP%GO:0019068	VIRION ASSEMBLY%GOBP%GO:0019068		34	-0.4699391	-1.359077	0.086444005	0.2540571	1.0	2231	tags=24%, list=15%, signal=28%	
GLUCONEOGENESIS%PATHWHIZ%PW088242	GLUCONEOGENESIS%PATHWHIZ%PW088242		16	-0.5624315	-1.3588427	0.099358976	0.2541659	1.0	2627	tags=38%, list=17%, signal=45%	
REGULATION OF NATURAL KILLER CELL MEDIATED CYTOTOXICITY%GOBP%GO:0042269	REGULATION OF NATURAL KILLER CELL MEDIATED CYTOTOXICITY%GOBP%GO:0042269		39	-0.46131736	-1.3579541	0.07874865	0.2553958	1.0	3277	tags=41%, list=22%, signal=52%	
NEGATIVE REGULATION OF PROTEIN MODIFICATION BY SMALL PROTEIN CONJUGATION OR REMOVAL%GOBP%GO:1903321	NEGATIVE REGULATION OF PROTEIN MODIFICATION BY SMALL PROTEIN CONJUGATION OR REMOVAL%GOBP%GO:1903321		65	-0.4164355	-1.356999	0.057507988	0.25678927	1.0	1021	tags=14%, list=7%, signal=15%	
TOLL LIKE RECEPTOR 7 8 (TLR7 8) CASCADE%REACTOME%R-HSA-168181.9	TOLL LIKE RECEPTOR 7 8 (TLR7 8) CASCADE%REACTOME%R-HSA-168181.9		102	-0.3892416	-1.3566014	0.03144016	0.2571704	1.0	2342	tags=20%, list=16%, signal=23%	
PEROXISOMAL PROTEIN IMPORT%REACTOME%R-HSA-9033241.5	PEROXISOMAL PROTEIN IMPORT%REACTOME%R-HSA-9033241.5		56	-0.42671776	-1.3565172	0.068359375	0.25704044	1.0	2608	tags=30%, list=17%, signal=37%	
SELENOAMINO ACID METABOLISM%REACTOME DATABASE ID RELEASE 95%2408522	SELENOAMINO ACID METABOLISM%REACTOME DATABASE ID RELEASE 95%2408522		113	-0.38578287	-1.355712	0.025100403	0.2580551	1.0	4722	tags=37%, list=31%, signal=54%	
NEGATIVE REGULATION OF INFLAMMATORY RESPONSE TO ANTIGENIC STIMULUS%GOBP%GO:0002862	NEGATIVE REGULATION OF INFLAMMATORY RESPONSE TO ANTIGENIC STIMULUS%GOBP%GO:0002862		21	-0.52510107	-1.3551562	0.10140562	0.25870183	1.0	2999	tags=38%, list=20%, signal=48%	
STEROID HORMONE BIOSYNTHETIC PROCESS%GOBP%GO:0120178	STEROID HORMONE BIOSYNTHETIC PROCESS%GOBP%GO:0120178		15	-0.57282525	-1.3549038	0.11887383	0.2588408	1.0	2378	tags=33%, list=16%, signal=40%	
NITROGEN COMPOUND TRANSPORT%GOBP%GO:0071705	NITROGEN COMPOUND TRANSPORT%GOBP%GO:0071705		322	-0.3392052	-1.3543687	0.007438895	0.2594606	1.0	2417	tags=23%, list=16%, signal=26%	
STABILIZATION OF P53%REACTOME DATABASE ID RELEASE 95%69541	STABILIZATION OF P53%REACTOME DATABASE ID RELEASE 95%69541		44	-0.4491936	-1.3541522	0.076843195	0.25953954	1.0	2818	tags=43%, list=19%, signal=53%	
EPO RECEPTOR SIGNALING%WIKIPATHWAYS_20260211%WP581%HOMO SAPIENS	EPO RECEPTOR SIGNALING%WIKIPATHWAYS_20260211%WP581%HOMO SAPIENS		18	-0.5427402	-1.354118	0.11122449	0.2593157	1.0	2149	tags=33%, list=14%, signal=39%	
ALDEHYDE METABOLIC PROCESS%GOBP%GO:0006081	ALDEHYDE METABOLIC PROCESS%GOBP%GO:0006081		42	-0.45128503	-1.353224	0.07058824	0.26053622	1.0	1593	tags=26%, list=11%, signal=29%	
REGULATION OF MITOCHONDRIAL FISSION%GOBP%GO:0090140	REGULATION OF MITOCHONDRIAL FISSION%GOBP%GO:0090140		26	-0.50322676	-1.3531392	0.09860558	0.26040393	1.0	3661	tags=50%, list=24%, signal=66%	
RESPONSE TO BACTERIUM%GOBP%GO:0009617	RESPONSE TO BACTERIUM%GOBP%GO:0009617		299	-0.3426266	-1.3529582	0.007352941	0.26042813	1.0	2529	tags=25%, list=17%, signal=30%	
POSITIVE REGULATION OF BINDING%GOBP%GO:0051099	POSITIVE REGULATION OF BINDING%GOBP%GO:0051099		36	-0.47152403	-1.3525655	0.08064516	0.26080865	1.0	2017	tags=28%, list=13%, signal=32%	
T CELL DIFFERENTIATION%GOBP%GO:0030217	T CELL DIFFERENTIATION%GOBP%GO:0030217		109	-0.3846836	-1.3522995	0.029211296	0.26101157	1.0	2302	tags=25%, list=15%, signal=29%	
IL8- AND CXCR2-MEDIATED SIGNALING EVENTS%PATHWAY INTERACTION DATABASE NCI-NATURE CURATED DATA%IL8- AND CXCR2-MEDIATED SIGNALING EVENTS	IL8- AND CXCR2-MEDIATED SIGNALING EVENTS%PATHWAY INTERACTION DATABASE NCI-NATURE CURATED DATA%IL8- AND CXCR2-MEDIATED SIGNALING EVENTS		33	-0.47141233	-1.3522235	0.0829918	0.26086846	1.0	3210	tags=45%, list=21%, signal=58%	
PLASMA LIPOPROTEIN PARTICLE CLEARANCE%GOBP%GO:0034381	PLASMA LIPOPROTEIN PARTICLE CLEARANCE%GOBP%GO:0034381		20	-0.52991825	-1.3517057	0.09549356	0.26148406	1.0	3869	tags=60%, list=26%, signal=81%	
T CELL SELECTION%GOBP%GO:0045058	T CELL SELECTION%GOBP%GO:0045058		41	-0.45714074	-1.3515711	0.07032058	0.26142845	1.0	2191	tags=29%, list=15%, signal=34%	
PEPTIDYL-S-DIACYLGLYCEROL-L-CYSTEINE BIOSYNTHETIC PROCESS FROM PEPTIDYL-CYSTEINE%GOBP%GO:0018231	PEPTIDYL-S-DIACYLGLYCEROL-L-CYSTEINE BIOSYNTHETIC PROCESS FROM PEPTIDYL-CYSTEINE%GOBP%GO:0018231		15	-0.57208806	-1.350938	0.116161615	0.26224342	1.0	677	tags=20%, list=5%, signal=21%	
CDP-DIACYLGLYCEROL BIOSYNTHESIS%BIOCYC%PWY-5667	CDP-DIACYLGLYCEROL BIOSYNTHESIS%BIOCYC%PWY-5667		18	-0.5449403	-1.3503857	0.10220441	0.26285523	1.0	2253	tags=33%, list=15%, signal=39%	
GOLGI ASSOCIATED VESICLE BIOGENESIS%REACTOME%R-HSA-432722.5	GOLGI ASSOCIATED VESICLE BIOGENESIS%REACTOME%R-HSA-432722.5		53	-0.43289316	-1.3497795	0.057201225	0.26360577	1.0	3230	tags=42%, list=22%, signal=53%	
TOLL LIKE RECEPTOR 5 (TLR5) CASCADE%REACTOME%R-HSA-168176.3	TOLL LIKE RECEPTOR 5 (TLR5) CASCADE%REACTOME%R-HSA-168176.3		94	-0.387923	-1.3489156	0.03379092	0.26479122	1.0	1905	tags=16%, list=13%, signal=18%	
DOWNSTREAM TCR SIGNALING%REACTOME%R-HSA-202424.6	DOWNSTREAM TCR SIGNALING%REACTOME%R-HSA-202424.6		80	-0.39976808	-1.3479904	0.041289024	0.26611745	1.0	3169	tags=30%, list=21%, signal=38%	
AMINO ACID TRANSPORT ACROSS THE PLASMA MEMBRANE%REACTOME%R-HSA-352230.6	AMINO ACID TRANSPORT ACROSS THE PLASMA MEMBRANE%REACTOME%R-HSA-352230.6		23	-0.5001781	-1.3479606	0.09820486	0.26588902	1.0	2319	tags=30%, list=15%, signal=36%	
NUCLEOTIDE BIOSYNTHETIC PROCESS%GOBP%GO:0009165	NUCLEOTIDE BIOSYNTHETIC PROCESS%GOBP%GO:0009165		155	-0.3678528	-1.3475578	0.028836252	0.26628307	1.0	3755	tags=45%, list=25%, signal=59%	
REGULATION OF SUPEROXIDE METABOLIC PROCESS%GOBP%GO:0090322	REGULATION OF SUPEROXIDE METABOLIC PROCESS%GOBP%GO:0090322		19	-0.5299836	-1.3470123	0.115303986	0.26692295	1.0	4120	tags=58%, list=27%, signal=80%	
TOLL LIKE RECEPTOR 3 (TLR3) CASCADE%REACTOME%R-HSA-168164.6	TOLL LIKE RECEPTOR 3 (TLR3) CASCADE%REACTOME%R-HSA-168164.6		102	-0.38609025	-1.3467956	0.037260827	0.26704055	1.0	1905	tags=15%, list=13%, signal=17%	
METALLO-SULFUR CLUSTER ASSEMBLY%GOBP%GO:0031163	METALLO-SULFUR CLUSTER ASSEMBLY%GOBP%GO:0031163		25	-0.50092274	-1.3467176	0.09024134	0.26688564	1.0	3485	tags=44%, list=23%, signal=57%	
ADP CATABOLIC PROCESS%GOBP%GO:0046032	ADP CATABOLIC PROCESS%GOBP%GO:0046032		28	-0.49294746	-1.3454888	0.11088505	0.26872617	1.0	2879	tags=32%, list=19%, signal=40%	
PYRIDINE-CONTAINING COMPOUND CATABOLIC PROCESS%GOBP%GO:0072526	PYRIDINE-CONTAINING COMPOUND CATABOLIC PROCESS%GOBP%GO:0072526		33	-0.46927357	-1.3454214	0.07157895	0.26856872	1.0	3353	tags=33%, list=22%, signal=43%	
REGULATION OF TRANSCRIPTION INITIATION BY RNA POLYMERASE II%GOBP%GO:0060260	REGULATION OF TRANSCRIPTION INITIATION BY RNA POLYMERASE II%GOBP%GO:0060260		72	-0.4090496	-1.3453745	0.04512067	0.26837945	1.0	4060	tags=35%, list=27%, signal=47%	
PROCESS UTILIZING AUTOPHAGIC MECHANISM%GOBP%GO:0061919	PROCESS UTILIZING AUTOPHAGIC MECHANISM%GOBP%GO:0061919		226	-0.34838504	-1.3453572	0.0070140283	0.26813644	1.0	2684	tags=24%, list=18%, signal=29%	
NEGATIVE REGULATION OF DEFENSE RESPONSE%GOBP%GO:0031348	NEGATIVE REGULATION OF DEFENSE RESPONSE%GOBP%GO:0031348		208	-0.3546629	-1.3435719	0.011869436	0.27094132	1.0	3146	tags=34%, list=21%, signal=43%	
NEGATIVE REGULATION OF TRANSLATIONAL INITIATION%GOBP%GO:0045947	NEGATIVE REGULATION OF TRANSLATIONAL INITIATION%GOBP%GO:0045947		25	-0.49896437	-1.3433203	0.09876543	0.27110904	1.0	807	tags=16%, list=5%, signal=17%	
SOMITOGENESIS%REACTOME DATABASE ID RELEASE 95%9824272	SOMITOGENESIS%REACTOME DATABASE ID RELEASE 95%9824272		40	-0.4511914	-1.3432388	0.077220075	0.27098468	1.0	2818	tags=48%, list=19%, signal=58%	
T-HELPER 1 TYPE IMMUNE RESPONSE%GOBP%GO:0042088	T-HELPER 1 TYPE IMMUNE RESPONSE%GOBP%GO:0042088		28	-0.48992106	-1.3432233	0.1008991	0.27073386	1.0	3022	tags=57%, list=20%, signal=71%	
NEGATIVE REGULATION OF MET ACTIVITY%REACTOME DATABASE ID RELEASE 95%6807004	NEGATIVE REGULATION OF MET ACTIVITY%REACTOME DATABASE ID RELEASE 95%6807004		20	-0.5240177	-1.3431139	0.100431964	0.270648	1.0	1179	tags=20%, list=8%, signal=22%	
PIGMENT CELL DIFFERENTIATION%GOBP%GO:0050931	PIGMENT CELL DIFFERENTIATION%GOBP%GO:0050931		18	-0.5406428	-1.3429657	0.11437566	0.27064413	1.0	3196	tags=39%, list=21%, signal=49%	
DEFENSE RESPONSE TO GRAM-NEGATIVE BACTERIUM%GOBP%GO:0050829	DEFENSE RESPONSE TO GRAM-NEGATIVE BACTERIUM%GOBP%GO:0050829		39	-0.4570059	-1.3424658	0.06945863	0.27122414	1.0	2914	tags=33%, list=19%, signal=41%	
SARS COV 2 MITOCHONDRIAL CHRONIC OXIDATIVE STRESS AND ENDOTHELIAL DYSFUNCTION%WIKIPATHWAYS_20260211%WP5183%HOMO SAPIENS	SARS COV 2 MITOCHONDRIAL CHRONIC OXIDATIVE STRESS AND ENDOTHELIAL DYSFUNCTION%WIKIPATHWAYS_20260211%WP5183%HOMO SAPIENS		18	-0.5452537	-1.3419696	0.11238293	0.2718031	1.0	2859	tags=33%, list=19%, signal=41%	
RRNA METABOLIC PROCESS%GOBP%GO:0016072	RRNA METABOLIC PROCESS%GOBP%GO:0016072		219	-0.34756163	-1.3416876	0.013374486	0.27202404	1.0	4539	tags=35%, list=30%, signal=49%	
TAIL-ANCHORED MEMBRANE PROTEIN INSERTION INTO ER MEMBRANE%GOBP%GO:0071816	TAIL-ANCHORED MEMBRANE PROTEIN INSERTION INTO ER MEMBRANE%GOBP%GO:0071816		17	-0.53925306	-1.3415852	0.116582915	0.27192605	1.0	2222	tags=29%, list=15%, signal=34%	
PID_RB_1PATHWAY%MSIGDB_C2%PID_RB_1PATHWAY	PID_RB_1PATHWAY%MSIGDB_C2%PID_RB_1PATHWAY		53	-0.4270023	-1.3412753	0.07571288	0.27221325	1.0	1765	tags=21%, list=12%, signal=23%	
REGULATION OF LIPID METABOLIC PROCESS%GOBP%GO:0019216	REGULATION OF LIPID METABOLIC PROCESS%GOBP%GO:0019216		224	-0.3496226	-1.3412228	0.012565445	0.27201614	1.0	1938	tags=20%, list=13%, signal=23%	
REGULATION OF REACTIVE OXYGEN SPECIES METABOLIC PROCESS%GOBP%GO:2000377	REGULATION OF REACTIVE OXYGEN SPECIES METABOLIC PROCESS%GOBP%GO:2000377		92	-0.39018002	-1.3412179	0.040206186	0.27175227	1.0	3148	tags=35%, list=21%, signal=44%	
MIRNA-MEDIATED GENE SILENCING BY INHIBITION OF TRANSLATION%GOBP%GO:0035278	MIRNA-MEDIATED GENE SILENCING BY INHIBITION OF TRANSLATION%GOBP%GO:0035278		18	-0.54512584	-1.3409323	0.11657754	0.2719475	1.0	891	tags=22%, list=6%, signal=24%	
REGULATION OF PROTEIN BINDING%GOBP%GO:0043393	REGULATION OF PROTEIN BINDING%GOBP%GO:0043393		33	-0.4734708	-1.3408762	0.094715856	0.2717712	1.0	1643	tags=18%, list=11%, signal=20%	
NEGATIVE REGULATION OF POST-TRANSLATIONAL PROTEIN MODIFICATION%GOBP%GO:1901874	NEGATIVE REGULATION OF POST-TRANSLATIONAL PROTEIN MODIFICATION%GOBP%GO:1901874		67	-0.41084853	-1.3402961	0.06010363	0.27247998	1.0	1021	tags=13%, list=7%, signal=14%	
T CELL DIFFERENTIATION IN THYMUS%GOBP%GO:0033077	T CELL DIFFERENTIATION IN THYMUS%GOBP%GO:0033077		31	-0.48329088	-1.340289	0.084994756	0.2722161	1.0	2818	tags=39%, list=19%, signal=48%	
MACROAUTOPHAGY%GOBP%GO:0016236	MACROAUTOPHAGY%GOBP%GO:0016236		197	-0.3534021	-1.340213	0.012084592	0.27208814	1.0	3007	tags=25%, list=20%, signal=31%	
RRNA PROCESSING%GOBP%GO:0006364	RRNA PROCESSING%GOBP%GO:0006364		178	-0.35594618	-1.340009	0.020148462	0.27213246	1.0	4525	tags=31%, list=30%, signal=44%	
TOLL LIKE RECEPTOR 4 (TLR4) CASCADE%REACTOME%R-HSA-166016.4	TOLL LIKE RECEPTOR 4 (TLR4) CASCADE%REACTOME%R-HSA-166016.4		136	-0.36960912	-1.339766	0.016376663	0.27228215	1.0	1905	tags=16%, list=13%, signal=18%	
UBIQUITIN-DEPENDENT PROTEIN CATABOLIC PROCESS VIA THE C-END DEGRON RULE PATHWAY%GOBP%GO:0140627	UBIQUITIN-DEPENDENT PROTEIN CATABOLIC PROCESS VIA THE C-END DEGRON RULE PATHWAY%GOBP%GO:0140627		15	-0.5674946	-1.3396353	0.12833676	0.27225402	1.0	2792	tags=40%, list=19%, signal=49%	
CARBOHYDRATE DERIVATIVE TRANSPORT%GOBP%GO:1901264	CARBOHYDRATE DERIVATIVE TRANSPORT%GOBP%GO:1901264		64	-0.40938583	-1.3384023	0.07255521	0.2741039	1.0	2558	tags=34%, list=17%, signal=41%	
METHIONINE ADENOSYLTRANSFERASE DEFICIENCY%SMPDB%SMP0000221	METHIONINE ADENOSYLTRANSFERASE DEFICIENCY%SMPDB%SMP0000221		15	-0.5515207	-1.33829	0.12789527	0.27401298	1.0	1935	tags=33%, list=13%, signal=38%	
NUCLEOTIDE METABOLIC PROCESS%GOBP%GO:0009117	NUCLEOTIDE METABOLIC PROCESS%GOBP%GO:0009117		296	-0.3382986	-1.3381267	0.01122449	0.27402392	1.0	3395	tags=35%, list=23%, signal=45%	
ICOSANOID METABOLIC PROCESS%GOBP%GO:0006690	ICOSANOID METABOLIC PROCESS%GOBP%GO:0006690		80	-0.39894417	-1.337464	0.04308617	0.27488855	1.0	2083	tags=28%, list=14%, signal=32%	
RAF ACTIVATION%REACTOME%R-HSA-5673000.4	RAF ACTIVATION%REACTOME%R-HSA-5673000.4		32	-0.47527468	-1.3372674	0.10130391	0.27496776	1.0	2149	tags=22%, list=14%, signal=25%	
PID_EPO_PATHWAY%MSIGDB_C2%PID_EPO_PATHWAY	PID_EPO_PATHWAY%MSIGDB_C2%PID_EPO_PATHWAY		28	-0.48933852	-1.3367997	0.093655586	0.27548194	1.0	1181	tags=21%, list=8%, signal=23%	
PYRIMIDINE-CONTAINING COMPOUND METABOLIC PROCESS%GOBP%GO:0072527	PYRIMIDINE-CONTAINING COMPOUND METABOLIC PROCESS%GOBP%GO:0072527		56	-0.4230102	-1.3367926	0.06960082	0.2752206	1.0	1705	tags=20%, list=11%, signal=22%	
AUTOPHAGY%GOBP%GO:0006914	AUTOPHAGY%GOBP%GO:0006914		226	-0.34838504	-1.3365138	0.01368421	0.27542567	1.0	2684	tags=24%, list=18%, signal=29%	
TRNA PROCESSING IN THE NUCLEUS%REACTOME%R-HSA-6784531.6	TRNA PROCESSING IN THE NUCLEUS%REACTOME%R-HSA-6784531.6		55	-0.42453265	-1.3365004	0.06350806	0.27517164	1.0	5541	tags=55%, list=37%, signal=86%	
POSITIVE REGULATION OF CHEMOKINE PRODUCTION%GOBP%GO:0032722	POSITIVE REGULATION OF CHEMOKINE PRODUCTION%GOBP%GO:0032722		46	-0.44206497	-1.3361156	0.06332993	0.27555695	1.0	3148	tags=52%, list=21%, signal=66%	
TRNA METABOLIC PROCESS%GOBP%GO:0006399	TRNA METABOLIC PROCESS%GOBP%GO:0006399		190	-0.35432395	-1.3360636	0.018423745	0.27537555	1.0	3722	tags=31%, list=25%, signal=40%	
TRYPTOPHAN METABOLISM%WIKIPATHWAYS_20260211%WP465%HOMO SAPIENS	TRYPTOPHAN METABOLISM%WIKIPATHWAYS_20260211%WP465%HOMO SAPIENS		25	-0.49771145	-1.33577	0.10526316	0.27558237	1.0	1260	tags=24%, list=8%, signal=26%	
CELLULAR RESPONSE TO CYTOKINE STIMULUS%GOBP%GO:0071345	CELLULAR RESPONSE TO CYTOKINE STIMULUS%GOBP%GO:0071345		434	-0.32740134	-1.3351835	0.0062240665	0.27631322	1.0	2251	tags=23%, list=15%, signal=26%	
IRON-SULFUR CLUSTER ASSEMBLY%GOBP%GO:0016226	IRON-SULFUR CLUSTER ASSEMBLY%GOBP%GO:0016226		25	-0.50092274	-1.3343569	0.09421001	0.2774374	1.0	3485	tags=44%, list=23%, signal=57%	
CHOLESTEROL TRANSPORT%GOBP%GO:0030301	CHOLESTEROL TRANSPORT%GOBP%GO:0030301		50	-0.42971334	-1.3342725	0.06952965	0.27731112	1.0	3607	tags=46%, list=24%, signal=60%	
MRNA MODIFICATION%GOBP%GO:0016556	MRNA MODIFICATION%GOBP%GO:0016556		19	-0.5226766	-1.3336073	0.11581068	0.2781914	1.0	2711	tags=26%, list=18%, signal=32%	
TRAF6 MEDIATED INDUCTION OF NFKB AND MAP KINASES UPON TLR7 8 OR 9 ACTIVATION%REACTOME%R-HSA-975138.5	TRAF6 MEDIATED INDUCTION OF NFKB AND MAP KINASES UPON TLR7 8 OR 9 ACTIVATION%REACTOME%R-HSA-975138.5		97	-0.38709113	-1.3335254	0.04	0.27807084	1.0	1905	tags=16%, list=13%, signal=19%	
GLYCOSYL COMPOUND CATABOLIC PROCESS%GOBP%GO:1901658	GLYCOSYL COMPOUND CATABOLIC PROCESS%GOBP%GO:1901658		16	-0.54842913	-1.3334169	0.12761506	0.277997	1.0	1996	tags=25%, list=13%, signal=29%	
NUCLEAR MEMBRANE ORGANIZATION%GOBP%GO:0071763	NUCLEAR MEMBRANE ORGANIZATION%GOBP%GO:0071763		46	-0.4387498	-1.3321728	0.06910569	0.27993223	1.0	4651	tags=43%, list=31%, signal=63%	
PROTEIN TARGETING TO MEMBRANE%GOBP%GO:0006612	PROTEIN TARGETING TO MEMBRANE%GOBP%GO:0006612		75	-0.3977489	-1.3319546	0.052523173	0.2800139	1.0	2313	tags=21%, list=15%, signal=25%	
LYMPHOCYTE MEDIATED IMMUNITY%GOBP%GO:0002449	LYMPHOCYTE MEDIATED IMMUNITY%GOBP%GO:0002449		94	-0.38646892	-1.3318874	0.047571853	0.27983502	1.0	3362	tags=36%, list=22%, signal=46%	
POSITIVE REGULATION OF INTERFERON-ALPHA PRODUCTION%GOBP%GO:0032727	POSITIVE REGULATION OF INTERFERON-ALPHA PRODUCTION%GOBP%GO:0032727		20	-0.52053124	-1.3318214	0.121025644	0.27966774	1.0	3969	tags=55%, list=26%, signal=75%	
ALZHEIMER DISEASE-AMYLOID SECRETASE PATHWAY%PANTHER PATHWAY%P00003	ALZHEIMER DISEASE-AMYLOID SECRETASE PATHWAY%PANTHER PATHWAY%P00003		46	-0.43243545	-1.3303438	0.08232932	0.28203714	1.0	1355	tags=26%, list=9%, signal=29%	
CLASS I PEROXISOMAL MEMBRANE PROTEIN IMPORT%REACTOME%R-HSA-9603798.3	CLASS I PEROXISOMAL MEMBRANE PROTEIN IMPORT%REACTOME%R-HSA-9603798.3		19	-0.52288425	-1.3302479	0.119312435	0.28193957	1.0	2778	tags=42%, list=18%, signal=52%	
DISORDERS OF TRANSMEMBRANE TRANSPORTERS%REACTOME DATABASE ID RELEASE 95%5619115	DISORDERS OF TRANSMEMBRANE TRANSPORTERS%REACTOME DATABASE ID RELEASE 95%5619115		134	-0.36865273	-1.3300433	0.028717948	0.28202602	1.0	2818	tags=28%, list=19%, signal=35%	
VESICLE BUDDING FROM MEMBRANE%GOBP%GO:0006900	VESICLE BUDDING FROM MEMBRANE%GOBP%GO:0006900		75	-0.39827275	-1.3298893	0.06735751	0.28202498	1.0	2548	tags=27%, list=17%, signal=32%	
TRANSCRIPTION INITIATION AT RNA POLYMERASE I PROMOTER%GOBP%GO:0006361	TRANSCRIPTION INITIATION AT RNA POLYMERASE I PROMOTER%GOBP%GO:0006361		19	-0.5334445	-1.3298395	0.12799168	0.28183162	1.0	4648	tags=47%, list=31%, signal=69%	
REGULATION OF CELL-CELL ADHESION MEDIATED BY CADHERIN%GOBP%GO:2000047	REGULATION OF CELL-CELL ADHESION MEDIATED BY CADHERIN%GOBP%GO:2000047		19	-0.5308944	-1.3297802	0.119294606	0.28165787	1.0	4224	tags=53%, list=28%, signal=73%	
CELLULAR DEFENSE RESPONSE%GOBP%GO:0006968	CELLULAR DEFENSE RESPONSE%GOBP%GO:0006968		38	-0.44975963	-1.3295238	0.080912866	0.2818164	1.0	2775	tags=37%, list=18%, signal=45%	
DNA-TEMPLATED TRANSCRIPTION TERMINATION%GOBP%GO:0006353	DNA-TEMPLATED TRANSCRIPTION TERMINATION%GOBP%GO:0006353		37	-0.45566863	-1.329389	0.09724951	0.28178644	1.0	2504	tags=24%, list=17%, signal=29%	
POLYOL BIOSYNTHETIC PROCESS%GOBP%GO:0046173	POLYOL BIOSYNTHETIC PROCESS%GOBP%GO:0046173		35	-0.46555796	-1.328413	0.08179959	0.28320092	1.0	1319	tags=23%, list=9%, signal=25%	
CARBOHYDRATE BIOSYNTHETIC PROCESS%GOBP%GO:0016051	CARBOHYDRATE BIOSYNTHETIC PROCESS%GOBP%GO:0016051		67	-0.41093543	-1.3281943	0.06858847	0.28332332	1.0	2835	tags=39%, list=19%, signal=48%	
TRANSCRIPTION OF THE HIV GENOME%REACTOME DATABASE ID RELEASE 95%167172	TRANSCRIPTION OF THE HIV GENOME%REACTOME DATABASE ID RELEASE 95%167172		67	-0.41501522	-1.3277742	0.069473684	0.28378767	1.0	2904	tags=22%, list=19%, signal=28%	
HOMOCYSTINURIA-MEGALOBLASTIC ANEMIA DUE TO DEFECT IN COBALAMIN METABOLISM, CBLG COMPLEMENTATION TYPE%SMPDB%SMP0000570	HOMOCYSTINURIA-MEGALOBLASTIC ANEMIA DUE TO DEFECT IN COBALAMIN METABOLISM, CBLG COMPLEMENTATION TYPE%SMPDB%SMP0000570		15	-0.5515207	-1.327658	0.12860082	0.2837231	1.0	1935	tags=33%, list=13%, signal=38%	
MAPK TARGETS  NUCLEAR EVENTS MEDIATED BY MAP KINASES%REACTOME%R-HSA-450282.3	MAPK TARGETS  NUCLEAR EVENTS MEDIATED BY MAP KINASES%REACTOME%R-HSA-450282.3		30	-0.48135692	-1.3271965	0.08917835	0.28430322	1.0	1806	tags=23%, list=12%, signal=26%	
NEGATIVE REGULATION OF CARBOHYDRATE METABOLIC PROCESS%GOBP%GO:0045912	NEGATIVE REGULATION OF CARBOHYDRATE METABOLIC PROCESS%GOBP%GO:0045912		34	-0.46686628	-1.3263581	0.099182	0.28553697	1.0	2173	tags=26%, list=14%, signal=31%	
AMYLOID-BETA CLEARANCE%GOBP%GO:0097242	AMYLOID-BETA CLEARANCE%GOBP%GO:0097242		26	-0.49428397	-1.3262935	0.104166664	0.28537515	1.0	3846	tags=46%, list=26%, signal=62%	
REGULATION OF CHOLESTEROL METABOLIC PROCESS%GOBP%GO:0090181	REGULATION OF CHOLESTEROL METABOLIC PROCESS%GOBP%GO:0090181		36	-0.45550594	-1.326076	0.088174276	0.28548905	1.0	1479	tags=25%, list=10%, signal=28%	
REGULATION OF LYMPHOCYTE MEDIATED IMMUNITY%GOBP%GO:0002706	REGULATION OF LYMPHOCYTE MEDIATED IMMUNITY%GOBP%GO:0002706		139	-0.3642183	-1.3255886	0.035035037	0.28606886	1.0	3315	tags=32%, list=22%, signal=41%	
BIOCARTA_RELA_PATHWAY%MSIGDB_C2%BIOCARTA_RELA_PATHWAY	BIOCARTA_RELA_PATHWAY%MSIGDB_C2%BIOCARTA_RELA_PATHWAY		15	-0.558077	-1.3247595	0.11884368	0.2872765	1.0	4441	tags=33%, list=30%, signal=47%	
REGULATION OF LIPOPOLYSACCHARIDE-MEDIATED SIGNALING PATHWAY%GOBP%GO:0031664	REGULATION OF LIPOPOLYSACCHARIDE-MEDIATED SIGNALING PATHWAY%GOBP%GO:0031664		24	-0.49115726	-1.3247017	0.11937173	0.28710243	1.0	2747	tags=38%, list=18%, signal=46%	
TOLL LIKE RECEPTOR 10 (TLR10) CASCADE%REACTOME%R-HSA-168142.3	TOLL LIKE RECEPTOR 10 (TLR10) CASCADE%REACTOME%R-HSA-168142.3		94	-0.387923	-1.3246233	0.038310412	0.28698078	1.0	1905	tags=16%, list=13%, signal=18%	
REGULATION OF PLASMA LIPOPROTEIN PARTICLE LEVELS%GOBP%GO:0097006	REGULATION OF PLASMA LIPOPROTEIN PARTICLE LEVELS%GOBP%GO:0097006		49	-0.42885488	-1.3245466	0.075	0.28683954	1.0	3607	tags=47%, list=24%, signal=62%	
REGULATION OF BETA-CELL DEVELOPMENT%REACTOME DATABASE ID RELEASE 95%186712	REGULATION OF BETA-CELL DEVELOPMENT%REACTOME DATABASE ID RELEASE 95%186712		21	-0.52127934	-1.3241973	0.11169652	0.28717574	1.0	1012	tags=19%, list=7%, signal=20%	
GAP-FILLING DNA REPAIR SYNTHESIS AND LIGATION IN TC-NER%REACTOME%R-HSA-6782210.3	GAP-FILLING DNA REPAIR SYNTHESIS AND LIGATION IN TC-NER%REACTOME%R-HSA-6782210.3		60	-0.4119702	-1.3241488	0.063917525	0.2869777	1.0	3648	tags=33%, list=24%, signal=44%	
METHIONINE METABOLISM%SMPDB%SMP0000033	METHIONINE METABOLISM%SMPDB%SMP0000033		15	-0.5515207	-1.323643	0.12796697	0.28759596	1.0	1935	tags=33%, list=13%, signal=38%	
MYD88 CASCADE INITIATED ON PLASMA MEMBRANE%REACTOME%R-HSA-975871.3	MYD88 CASCADE INITIATED ON PLASMA MEMBRANE%REACTOME%R-HSA-975871.3		94	-0.387923	-1.3228666	0.054371003	0.28864905	1.0	1905	tags=16%, list=13%, signal=18%	
SELENIUM MICRONUTRIENT NETWORK%WIKIPATHWAYS_20260211%WP15%HOMO SAPIENS	SELENIUM MICRONUTRIENT NETWORK%WIKIPATHWAYS_20260211%WP15%HOMO SAPIENS		55	-0.42070794	-1.3219389	0.06852036	0.29000425	1.0	2909	tags=31%, list=19%, signal=38%	
PIGMENTATION%GOBP%GO:0043473	PIGMENTATION%GOBP%GO:0043473		72	-0.400576	-1.3213726	0.05257732	0.29071918	1.0	3210	tags=33%, list=21%, signal=42%	
FATTY ACYL-COA BIOSYNTHESIS%REACTOME DATABASE ID RELEASE 95%75105	FATTY ACYL-COA BIOSYNTHESIS%REACTOME DATABASE ID RELEASE 95%75105		33	-0.4635101	-1.3207653	0.099802375	0.29156554	1.0	2239	tags=30%, list=15%, signal=36%	
SIGNALING BY BRAF AND RAF1 FUSIONS%REACTOME DATABASE ID RELEASE 95%6802952	SIGNALING BY BRAF AND RAF1 FUSIONS%REACTOME DATABASE ID RELEASE 95%6802952		60	-0.41658005	-1.3205876	0.076367386	0.29160416	1.0	2149	tags=27%, list=14%, signal=31%	
BIOLOGICAL PROCESS INVOLVED IN INTERACTION WITH HOST%GOBP%GO:0051701	BIOLOGICAL PROCESS INVOLVED IN INTERACTION WITH HOST%GOBP%GO:0051701		74	-0.39913514	-1.3204986	0.059347183	0.29148537	1.0	2596	tags=30%, list=17%, signal=36%	
MYD88 DEPENDENT CASCADE INITIATED ON ENDOSOME%REACTOME%R-HSA-975155.6	MYD88 DEPENDENT CASCADE INITIATED ON ENDOSOME%REACTOME%R-HSA-975155.6		98	-0.38398919	-1.3188372	0.04885655	0.29413137	1.0	1905	tags=16%, list=13%, signal=19%	
TRANSCRIPTION BY RNA POLYMERASE I%GOBP%GO:0006360	TRANSCRIPTION BY RNA POLYMERASE I%GOBP%GO:0006360		24	-0.4945155	-1.3187623	0.11840796	0.29400012	1.0	4648	tags=46%, list=31%, signal=66%	
METHIONINE DE NOVO AND SALVAGE PATHWAY%WIKIPATHWAYS_20260211%WP3580%HOMO SAPIENS	METHIONINE DE NOVO AND SALVAGE PATHWAY%WIKIPATHWAYS_20260211%WP3580%HOMO SAPIENS		16	-0.54156435	-1.3186884	0.13313009	0.29384854	1.0	553	tags=19%, list=4%, signal=19%	
DISEASES ASSOCIATED WITH GLYCOSYLATION PRECURSOR BIOSYNTHESIS%REACTOME DATABASE ID RELEASE 95%5609975	DISEASES ASSOCIATED WITH GLYCOSYLATION PRECURSOR BIOSYNTHESIS%REACTOME DATABASE ID RELEASE 95%5609975		16	-0.54450536	-1.3186691	0.13640922	0.29360837	1.0	2651	tags=38%, list=18%, signal=45%	
POSITIVE REGULATION OF COLD-INDUCED THERMOGENESIS%GOBP%GO:0120162	POSITIVE REGULATION OF COLD-INDUCED THERMOGENESIS%GOBP%GO:0120162		87	-0.38600147	-1.3186272	0.044444446	0.29340062	1.0	1957	tags=26%, list=13%, signal=30%	
POSITIVE REGULATION OF PHAGOCYTOSIS%GOBP%GO:0050766	POSITIVE REGULATION OF PHAGOCYTOSIS%GOBP%GO:0050766		58	-0.4137375	-1.3177613	0.073529415	0.29469928	1.0	2233	tags=33%, list=15%, signal=38%	
MNGIE (MITOCHONDRIAL NEUROGASTROINTESTINAL ENCEPHALOPATHY)%PATHWHIZ%PW000190	MNGIE (MITOCHONDRIAL NEUROGASTROINTESTINAL ENCEPHALOPATHY)%PATHWHIZ%PW000190		22	-0.5025172	-1.3175669	0.10822061	0.29478362	1.0	1705	tags=23%, list=11%, signal=26%	
METHYLENETETRAHYDROFOLATE REDUCTASE DEFICIENCY (MTHFRD)%SMPDB%SMP0000340	METHYLENETETRAHYDROFOLATE REDUCTASE DEFICIENCY (MTHFRD)%SMPDB%SMP0000340		15	-0.5515207	-1.3171121	0.13914849	0.29534015	1.0	1935	tags=33%, list=13%, signal=38%	
REGULATION OF PD-L1(CD274) POST-TRANSLATIONAL MODIFICATION%REACTOME DATABASE ID RELEASE 95%9909615	REGULATION OF PD-L1(CD274) POST-TRANSLATIONAL MODIFICATION%REACTOME DATABASE ID RELEASE 95%9909615		85	-0.38615096	-1.3164433	0.057171516	0.29624447	1.0	2818	tags=31%, list=19%, signal=37%	
STEROL TRANSPORT%GOBP%GO:0015918	STEROL TRANSPORT%GOBP%GO:0015918		52	-0.42546904	-1.3162996	0.08888889	0.2962146	1.0	3607	tags=44%, list=24%, signal=58%	
TOLL LIKE RECEPTOR SIGNALING%WIKIPATHWAYS_20260211%WP75%HOMO SAPIENS	TOLL LIKE RECEPTOR SIGNALING%WIKIPATHWAYS_20260211%WP75%HOMO SAPIENS		67	-0.4069328	-1.3161104	0.07180021	0.29626578	1.0	3992	tags=37%, list=27%, signal=51%	
GLYCOLIPID CATABOLIC PROCESS%GOBP%GO:0019377	GLYCOLIPID CATABOLIC PROCESS%GOBP%GO:0019377		16	-0.5420231	-1.3159846	0.14343846	0.29621843	1.0	4848	tags=56%, list=32%, signal=83%	
DIHYDROPYRIMIDINASE DEFICIENCY%SMPDB%SMP0000178	DIHYDROPYRIMIDINASE DEFICIENCY%SMPDB%SMP0000178		22	-0.5025172	-1.3155131	0.11077236	0.2968254	1.0	1705	tags=23%, list=11%, signal=26%	
RIBOSOME-ASSOCIATED QUALITY CONTROL%REACTOME%R-HSA-9948299.2	RIBOSOME-ASSOCIATED QUALITY CONTROL%REACTOME%R-HSA-9948299.2		138	-0.36505604	-1.3154994	0.027217742	0.29657304	1.0	4722	tags=40%, list=31%, signal=58%	
MRNA METHYLGUANOSINE-CAP DECAPPING%GOBP%GO:0110156	MRNA METHYLGUANOSINE-CAP DECAPPING%GOBP%GO:0110156		20	-0.51886606	-1.3154234	0.13091642	0.29643667	1.0	5036	tags=60%, list=34%, signal=90%	
POSITIVE REGULATION OF LYMPHOCYTE MEDIATED IMMUNITY%GOBP%GO:0002708	POSITIVE REGULATION OF LYMPHOCYTE MEDIATED IMMUNITY%GOBP%GO:0002708		86	-0.38411444	-1.315351	0.05625	0.296298	1.0	3315	tags=30%, list=22%, signal=39%	
TRANSLATION INHIBITORS IN CHRONICALLY ACTIVATED PDGFRA CELLS%WIKIPATHWAYS_20260211%WP4566%HOMO SAPIENS	TRANSLATION INHIBITORS IN CHRONICALLY ACTIVATED PDGFRA CELLS%WIKIPATHWAYS_20260211%WP4566%HOMO SAPIENS		35	-0.45763403	-1.3153007	0.103975534	0.29610536	1.0	2192	tags=26%, list=15%, signal=30%	
NEGATIVE REGULATION OF NOTCH SIGNALING PATHWAY%GOBP%GO:0045746	NEGATIVE REGULATION OF NOTCH SIGNALING PATHWAY%GOBP%GO:0045746		25	-0.48922905	-1.3151761	0.12436289	0.29605106	1.0	2356	tags=44%, list=16%, signal=52%	
AMINO ACID METABOLISM%WIKIPATHWAYS_20260211%WP3925%HOMO SAPIENS	AMINO ACID METABOLISM%WIKIPATHWAYS_20260211%WP3925%HOMO SAPIENS		54	-0.42076752	-1.31478	0.08290686	0.29648525	1.0	3263	tags=35%, list=22%, signal=45%	
ACYL CHAIN REMODELLING OF PG%REACTOME%R-HSA-1482925.3	ACYL CHAIN REMODELLING OF PG%REACTOME%R-HSA-1482925.3		15	-0.54854524	-1.313581	0.121369295	0.2984411	1.0	428	tags=27%, list=3%, signal=27%	
HALLMARK_MYC_TARGETS_V2%MSIGDBHALLMARK%HALLMARK_MYC_TARGETS_V2	HALLMARK_MYC_TARGETS_V2%MSIGDBHALLMARK%HALLMARK_MYC_TARGETS_V2		47	-0.42910096	-1.3134546	0.09149623	0.29839566	1.0	2348	tags=15%, list=16%, signal=18%	
UMP SYNTHASE DEFICIENCY (OROTIC ACIDURIA)%SMPDB%SMP0000219	UMP SYNTHASE DEFICIENCY (OROTIC ACIDURIA)%SMPDB%SMP0000219		22	-0.5025172	-1.3132668	0.12753037	0.298448	1.0	1705	tags=23%, list=11%, signal=26%	
AXIS SPECIFICATION%GOBP%GO:0009798	AXIS SPECIFICATION%GOBP%GO:0009798		35	-0.4593093	-1.3127302	0.0989899	0.29915333	1.0	731	tags=14%, list=5%, signal=15%	
DETOXIFICATION OF REACTIVE OXYGEN SPECIES%REACTOME%R-HSA-3299685.7	DETOXIFICATION OF REACTIVE OXYGEN SPECIES%REACTOME%R-HSA-3299685.7		31	-0.46433756	-1.3125607	0.10123967	0.29918498	1.0	3218	tags=42%, list=21%, signal=53%	
CYTOPLASMIC PATTERN RECOGNITION RECEPTOR SIGNALING PATHWAY%GOBP%GO:0002753	CYTOPLASMIC PATTERN RECOGNITION RECEPTOR SIGNALING PATHWAY%GOBP%GO:0002753		62	-0.40857798	-1.3122308	0.06723586	0.29953435	1.0	4049	tags=45%, list=27%, signal=62%	
REGULATION OF ADIPOSE TISSUE DEVELOPMENT%GOBP%GO:1904177	REGULATION OF ADIPOSE TISSUE DEVELOPMENT%GOBP%GO:1904177		21	-0.5128894	-1.3112469	0.12273642	0.30110523	1.0	2792	tags=29%, list=19%, signal=35%	
NEGATIVE REGULATION OF VIRAL PROCESS%GOBP%GO:0048525	NEGATIVE REGULATION OF VIRAL PROCESS%GOBP%GO:0048525		61	-0.4060982	-1.3101705	0.08082902	0.30277058	1.0	3771	tags=41%, list=25%, signal=55%	
GLYCINE N-METHYLTRANSFERASE DEFICIENCY%SMPDB%SMP0000222	GLYCINE N-METHYLTRANSFERASE DEFICIENCY%SMPDB%SMP0000222		15	-0.5515207	-1.309978	0.13983051	0.30284643	1.0	1935	tags=33%, list=13%, signal=38%	
OVARIAN TUMOR DOMAIN PROTEASES%REACTOME DATABASE ID RELEASE 95%5689896	OVARIAN TUMOR DOMAIN PROTEASES%REACTOME DATABASE ID RELEASE 95%5689896		39	-0.4445711	-1.3098259	0.092479676	0.302838	1.0	3726	tags=38%, list=25%, signal=51%	
ACYL CHAIN REMODELLING OF PE%REACTOME%R-HSA-1482839.4	ACYL CHAIN REMODELLING OF PE%REACTOME%R-HSA-1482839.4		25	-0.4824778	-1.3095112	0.11625514	0.3031344	1.0	428	tags=20%, list=3%, signal=21%	
INTERLEUKIN-3, INTERLEUKIN-5 AND GM-CSF SIGNALING%REACTOME%R-HSA-512988.8	INTERLEUKIN-3, INTERLEUKIN-5 AND GM-CSF SIGNALING%REACTOME%R-HSA-512988.8		37	-0.448307	-1.3094283	0.094715856	0.30300322	1.0	3765	tags=41%, list=25%, signal=54%	
EPO SIGNALING PATHWAY%PATHWAY INTERACTION DATABASE NCI-NATURE CURATED DATA%EPO SIGNALING PATHWAY	EPO SIGNALING PATHWAY%PATHWAY INTERACTION DATABASE NCI-NATURE CURATED DATA%EPO SIGNALING PATHWAY		32	-0.46540415	-1.3088001	0.106962666	0.30390227	1.0	3342	tags=38%, list=22%, signal=48%	
KITRECEPTOR%NETPATH%KITRECEPTOR	KITRECEPTOR%NETPATH%KITRECEPTOR		56	-0.41220036	-1.3082278	0.08431373	0.30466667	1.0	4227	tags=36%, list=28%, signal=50%	
ASSEMBLY OF THE PRE-REPLICATIVE COMPLEX%REACTOME DATABASE ID RELEASE 95%68867	ASSEMBLY OF THE PRE-REPLICATIVE COMPLEX%REACTOME DATABASE ID RELEASE 95%68867		86	-0.37946567	-1.308122	0.058333334	0.30458504	1.0	4365	tags=40%, list=29%, signal=55%	
LIPID DROPLET ORGANIZATION%GOBP%GO:0034389	LIPID DROPLET ORGANIZATION%GOBP%GO:0034389		32	-0.46343476	-1.3077571	0.103125	0.3049909	1.0	3902	tags=47%, list=26%, signal=63%	
POST-GOLGI VESICLE-MEDIATED TRANSPORT%GOBP%GO:0006892	POST-GOLGI VESICLE-MEDIATED TRANSPORT%GOBP%GO:0006892		100	-0.37474665	-1.3076779	0.04733132	0.30485484	1.0	4013	tags=40%, list=27%, signal=54%	
POSITIVE REGULATION OF RAC PROTEIN SIGNAL TRANSDUCTION%GOBP%GO:0035022	POSITIVE REGULATION OF RAC PROTEIN SIGNAL TRANSDUCTION%GOBP%GO:0035022		17	-0.5301852	-1.3073308	0.1215526	0.30518028	1.0	2335	tags=41%, list=16%, signal=49%	
PHOSPHATIDYLETHANOLAMINE METABOLIC PROCESS%GOBP%GO:0046337	PHOSPHATIDYLETHANOLAMINE METABOLIC PROCESS%GOBP%GO:0046337		25	-0.48380843	-1.3072054	0.11270492	0.3051385	1.0	2829	tags=32%, list=19%, signal=39%	
U2-TYPE PRESPLICEOSOME ASSEMBLY%GOBP%GO:1903241	U2-TYPE PRESPLICEOSOME ASSEMBLY%GOBP%GO:1903241		25	-0.49054614	-1.3071988	0.13235295	0.30487213	1.0	4449	tags=52%, list=30%, signal=74%	
CAMKK2 PATHWAY%WIKIPATHWAYS_20260211%WP4874%HOMO SAPIENS	CAMKK2 PATHWAY%WIKIPATHWAYS_20260211%WP4874%HOMO SAPIENS		81	-0.3864644	-1.3071928	0.054752067	0.3046027	1.0	2412	tags=25%, list=16%, signal=29%	
PID_CERAMIDE_PATHWAY%MSIGDB_C2%PID_CERAMIDE_PATHWAY	PID_CERAMIDE_PATHWAY%MSIGDB_C2%PID_CERAMIDE_PATHWAY		37	-0.44668615	-1.3069261	0.09538153	0.30483013	1.0	808	tags=14%, list=5%, signal=14%	
S-ADENOSYLHOMOCYSTEINE (SAH) HYDROLASE DEFICIENCY%PATHWHIZ%PW000102	S-ADENOSYLHOMOCYSTEINE (SAH) HYDROLASE DEFICIENCY%PATHWHIZ%PW000102		15	-0.5515207	-1.3068767	0.13979591	0.3046484	1.0	1935	tags=33%, list=13%, signal=38%	
DUAL INCISION IN TC-NER%REACTOME%R-HSA-6782135.4	DUAL INCISION IN TC-NER%REACTOME%R-HSA-6782135.4		61	-0.40612975	-1.3066212	0.073469386	0.30480948	1.0	3648	tags=33%, list=24%, signal=43%	
DEADENYLATION-DEPENDENT DECAPPING OF NUCLEAR-TRANSCRIBED MRNA%GOBP%GO:0000290	DEADENYLATION-DEPENDENT DECAPPING OF NUCLEAR-TRANSCRIBED MRNA%GOBP%GO:0000290		18	-0.5260713	-1.3064269	0.13485478	0.30487353	1.0	2044	tags=22%, list=14%, signal=26%	
SARS-COV-2-HOST INTERACTIONS%REACTOME DATABASE ID RELEASE 95%9705683	SARS-COV-2-HOST INTERACTIONS%REACTOME DATABASE ID RELEASE 95%9705683		177	-0.3478149	-1.3064061	0.031936128	0.30463675	1.0	4249	tags=34%, list=28%, signal=47%	
PANCREAS FUNCTION - BETA CELL%PATHWHIZ%PW122285	PANCREAS FUNCTION - BETA CELL%PATHWHIZ%PW122285		17	-0.52674294	-1.3063706	0.13704072	0.30442262	1.0	2763	tags=47%, list=18%, signal=58%	
CELLULAR RESPONSE TO ESTROGEN STIMULUS%GOBP%GO:0071391	CELLULAR RESPONSE TO ESTROGEN STIMULUS%GOBP%GO:0071391		15	-0.54911435	-1.3058991	0.13715953	0.3050037	1.0	1036	tags=20%, list=7%, signal=21%	
BETA-UREIDOPROPIONASE DEFICIENCY%PATHWHIZ%PW000187	BETA-UREIDOPROPIONASE DEFICIENCY%PATHWHIZ%PW000187		22	-0.5025172	-1.3056289	0.123819515	0.30521253	1.0	1705	tags=23%, list=11%, signal=26%	
HALLMARK_HEME_METABOLISM%MSIGDBHALLMARK%HALLMARK_HEME_METABOLISM	HALLMARK_HEME_METABOLISM%MSIGDBHALLMARK%HALLMARK_HEME_METABOLISM		135	-0.36101738	-1.3051687	0.0254842	0.30576175	1.0	2686	tags=26%, list=18%, signal=31%	
MET IN TYPE 1 PAPILLARY RENAL CELL CARCINOMA%WIKIPATHWAYS_20260211%WP4205%HOMO SAPIENS	MET IN TYPE 1 PAPILLARY RENAL CELL CARCINOMA%WIKIPATHWAYS_20260211%WP4205%HOMO SAPIENS		44	-0.43341842	-1.3047024	0.08722741	0.30637544	1.0	2801	tags=25%, list=19%, signal=31%	
OXYSTEROLS DERIVED FROM CHOLESTEROL%WIKIPATHWAYS_20260211%WP4545%HOMO SAPIENS	OXYSTEROLS DERIVED FROM CHOLESTEROL%WIKIPATHWAYS_20260211%WP4545%HOMO SAPIENS		28	-0.47677904	-1.3037548	0.132154	0.30791658	1.0	1793	tags=29%, list=12%, signal=32%	
PYROPTOSIS%REACTOME DATABASE ID RELEASE 95%5620971	PYROPTOSIS%REACTOME DATABASE ID RELEASE 95%5620971		27	-0.4766605	-1.3036613	0.12804878	0.30782247	1.0	2859	tags=33%, list=19%, signal=41%	
FGFR2 ALTERNATIVE SPLICING%REACTOME%R-HSA-6803529.3	FGFR2 ALTERNATIVE SPLICING%REACTOME%R-HSA-6803529.3		26	-0.4847013	-1.3033752	0.1199187	0.30805394	1.0	2504	tags=27%, list=17%, signal=32%	
REGULATION OF RETINOBLASTOMA PROTEIN%PATHWAY INTERACTION DATABASE NCI-NATURE CURATED DATA%REGULATION OF RETINOBLASTOMA PROTEIN	REGULATION OF RETINOBLASTOMA PROTEIN%PATHWAY INTERACTION DATABASE NCI-NATURE CURATED DATA%REGULATION OF RETINOBLASTOMA PROTEIN		59	-0.406683	-1.3033128	0.06777894	0.3078855	1.0	2108	tags=22%, list=14%, signal=26%	
HIV LIFE CYCLE%REACTOME%R-HSA-162587.5	HIV LIFE CYCLE%REACTOME%R-HSA-162587.5		143	-0.35787055	-1.3032856	0.033160623	0.30765978	1.0	3606	tags=24%, list=24%, signal=31%	
HYPERMETHIONINEMIA%SMPDB%SMP0000341	HYPERMETHIONINEMIA%SMPDB%SMP0000341		15	-0.5515207	-1.3029852	0.15352261	0.30796814	1.0	1935	tags=33%, list=13%, signal=38%	
ANTIGEN PROCESSING AND PRESENTATION OF PEPTIDE ANTIGEN VIA MHC CLASS I%GOBP%GO:0002474	ANTIGEN PROCESSING AND PRESENTATION OF PEPTIDE ANTIGEN VIA MHC CLASS I%GOBP%GO:0002474		31	-0.469221	-1.3028624	0.12337011	0.30792165	1.0	4743	tags=61%, list=32%, signal=89%	
PURINE NUCLEOSIDE DIPHOSPHATE CATABOLIC PROCESS%GOBP%GO:0009137	PURINE NUCLEOSIDE DIPHOSPHATE CATABOLIC PROCESS%GOBP%GO:0009137		30	-0.46491688	-1.3025867	0.114541836	0.308135	1.0	2879	tags=33%, list=19%, signal=41%	
REGULATION OF INFLAMMATORY RESPONSE%GOBP%GO:0050727	REGULATION OF INFLAMMATORY RESPONSE%GOBP%GO:0050727		302	-0.33117053	-1.3023562	0.013655462	0.30830097	1.0	2011	tags=22%, list=13%, signal=24%	
GROWTH HORMONE SIGNALING PATHWAY%PATHWHIZ%PW064811	GROWTH HORMONE SIGNALING PATHWAY%PATHWHIZ%PW064811		20	-0.50469023	-1.3023206	0.13188976	0.3080894	1.0	2192	tags=30%, list=15%, signal=35%	
TOLL LIKE RECEPTOR 9 (TLR9) CASCADE%REACTOME%R-HSA-168138.6	TOLL LIKE RECEPTOR 9 (TLR9) CASCADE%REACTOME%R-HSA-168138.6		105	-0.3732137	-1.3022442	0.06069959	0.3079524	1.0	2342	tags=18%, list=16%, signal=21%	
INTERFERON SIGNALING IN TUBERCULOSIS%WIKIPATHWAYS_20260211%WP4197%HOMO SAPIENS	INTERFERON SIGNALING IN TUBERCULOSIS%WIKIPATHWAYS_20260211%WP4197%HOMO SAPIENS		21	-0.5061203	-1.301459	0.13846155	0.30914497	1.0	4879	tags=67%, list=32%, signal=99%	
VIRAL LIFE CYCLE%GOBP%GO:0019058	VIRAL LIFE CYCLE%GOBP%GO:0019058		105	-0.37166524	-1.3014557	0.053061225	0.30887192	1.0	2596	tags=27%, list=17%, signal=32%	
SIALIC ACID METABOLISM%REACTOME DATABASE ID RELEASE 95%4085001	SIALIC ACID METABOLISM%REACTOME DATABASE ID RELEASE 95%4085001		27	-0.47581017	-1.3011116	0.1278826	0.30923995	1.0	3405	tags=41%, list=23%, signal=53%	
ENDOPLASMIC RETICULUM MEMBRANE ORGANIZATION%GOBP%GO:0090158	ENDOPLASMIC RETICULUM MEMBRANE ORGANIZATION%GOBP%GO:0090158		15	-0.54889154	-1.3010771	0.14848486	0.3090285	1.0	4745	tags=60%, list=32%, signal=88%	
REGULATION OF LYMPHOCYTE APOPTOTIC PROCESS%GOBP%GO:0070228	REGULATION OF LYMPHOCYTE APOPTOTIC PROCESS%GOBP%GO:0070228		31	-0.46218982	-1.30087	0.11388611	0.30914885	1.0	3282	tags=39%, list=22%, signal=49%	
PYRIMIDINE METABOLISM%PATHWHIZ%PW000160	PYRIMIDINE METABOLISM%PATHWHIZ%PW000160		22	-0.5025172	-1.3007503	0.14613779	0.309081	1.0	1705	tags=23%, list=11%, signal=26%	
PID_RXR_VDR_PATHWAY%MSIGDB_C2%PID_RXR_VDR_PATHWAY	PID_RXR_VDR_PATHWAY%MSIGDB_C2%PID_RXR_VDR_PATHWAY		18	-0.5269824	-1.299932	0.13306452	0.31031433	1.0	2754	tags=33%, list=18%, signal=41%	
CYSTATHIONINE BETA-SYNTHASE DEFICIENCY%SMPDB%SMP0000177	CYSTATHIONINE BETA-SYNTHASE DEFICIENCY%SMPDB%SMP0000177		15	-0.5515207	-1.2997355	0.14909478	0.31041166	1.0	1935	tags=33%, list=13%, signal=38%	
ONCOGENIC MAPK SIGNALING%REACTOME%R-HSA-6802957.9	ONCOGENIC MAPK SIGNALING%REACTOME%R-HSA-6802957.9		77	-0.39317796	-1.2996316	0.07157464	0.31033164	1.0	2149	tags=26%, list=14%, signal=30%	
TRIGLYCERIDE CATABOLISM%REACTOME%R-HSA-163560.5	TRIGLYCERIDE CATABOLISM%REACTOME%R-HSA-163560.5		17	-0.5239981	-1.2993416	0.13065843	0.31059113	1.0	3349	tags=41%, list=22%, signal=53%	
IL3%NETPATH%IL3	IL3%NETPATH%IL3		35	-0.45406878	-1.2988181	0.10543131	0.31127596	1.0	1643	tags=26%, list=11%, signal=29%	
HOST-MEDIATED PERTURBATION OF VIRAL TRANSCRIPTION%GOBP%GO:0043921	HOST-MEDIATED PERTURBATION OF VIRAL TRANSCRIPTION%GOBP%GO:0043921		26	-0.48440087	-1.2978483	0.12327416	0.31285632	1.0	1210	tags=19%, list=8%, signal=21%	
GRANULOCYTE ACTIVATION%GOBP%GO:0036230	GRANULOCYTE ACTIVATION%GOBP%GO:0036230		27	-0.47456482	-1.2974795	0.12207528	0.31323892	1.0	1622	tags=30%, list=11%, signal=33%	
RNA POLYMERASE II PRE-TRANSCRIPTION EVENTS%REACTOME%R-HSA-674695.5	RNA POLYMERASE II PRE-TRANSCRIPTION EVENTS%REACTOME%R-HSA-674695.5		78	-0.38674673	-1.297383	0.05983773	0.31312558	1.0	2904	tags=22%, list=19%, signal=27%	
TRANSCRIPTION INITIATION AT RNA POLYMERASE II PROMOTER%GOBP%GO:0006367	TRANSCRIPTION INITIATION AT RNA POLYMERASE II PROMOTER%GOBP%GO:0006367		150	-0.35112992	-1.2970704	0.031408306	0.3134747	1.0	3606	tags=27%, list=24%, signal=36%	
TARGETED THERAPY IN BREAST CANCER%WIKIPATHWAYS_20260211%WP5496%HOMO SAPIENS	TARGETED THERAPY IN BREAST CANCER%WIKIPATHWAYS_20260211%WP5496%HOMO SAPIENS		19	-0.5152855	-1.2966357	0.13977389	0.31402877	1.0	3342	tags=26%, list=22%, signal=34%	
LEUKOCYTE ACTIVATION%GOBP%GO:0045321	LEUKOCYTE ACTIVATION%GOBP%GO:0045321		396	-0.31884664	-1.2965996	0.011077543	0.31381	1.0	3022	tags=27%, list=20%, signal=33%	
REGULATION OF ACTIN DYNAMICS FOR PHAGOCYTIC CUP FORMATION%REACTOME DATABASE ID RELEASE 95%2029482	REGULATION OF ACTIN DYNAMICS FOR PHAGOCYTIC CUP FORMATION%REACTOME DATABASE ID RELEASE 95%2029482		59	-0.41393876	-1.2964574	0.07952286	0.31379905	1.0	3507	tags=42%, list=23%, signal=55%	
REGULATION OF SMALL MOLECULE METABOLIC PROCESS%GOBP%GO:0062012	REGULATION OF SMALL MOLECULE METABOLIC PROCESS%GOBP%GO:0062012		233	-0.3375817	-1.296381	0.021966526	0.3136549	1.0	3433	tags=33%, list=23%, signal=42%	
POSITIVE REGULATION OF FATTY ACID METABOLIC PROCESS%GOBP%GO:0045923	POSITIVE REGULATION OF FATTY ACID METABOLIC PROCESS%GOBP%GO:0045923		31	-0.45860785	-1.2946123	0.13119835	0.31671098	1.0	2958	tags=42%, list=20%, signal=52%	
PURINE NUCLEOTIDE METABOLIC PROCESS%GOBP%GO:0006163	PURINE NUCLEOTIDE METABOLIC PROCESS%GOBP%GO:0006163		256	-0.33167523	-1.2943871	0.019095477	0.3168747	1.0	3395	tags=37%, list=23%, signal=47%	
PID_CDC42_PATHWAY%MSIGDB_C2%PID_CDC42_PATHWAY	PID_CDC42_PATHWAY%MSIGDB_C2%PID_CDC42_PATHWAY		55	-0.41453126	-1.2940125	0.09851695	0.317305	1.0	2250	tags=27%, list=15%, signal=32%	
ORGANIC ACID TRANSPORT%GOBP%GO:0015849	ORGANIC ACID TRANSPORT%GOBP%GO:0015849		176	-0.3445816	-1.2939812	0.026915114	0.3170788	1.0	1837	tags=21%, list=12%, signal=24%	
TRANSCRIPTION INITIATION AT RNA POLYMERASE III PROMOTER%GOBP%GO:0006384	TRANSCRIPTION INITIATION AT RNA POLYMERASE III PROMOTER%GOBP%GO:0006384		25	-0.48036683	-1.2932965	0.13865547	0.31806132	1.0	1757	tags=24%, list=12%, signal=27%	
TGF-BETA RECEPTOR SIGNALING IN EMT (EPITHELIAL TO MESENCHYMAL TRANSITION)%REACTOME%R-HSA-2173791.3	TGF-BETA RECEPTOR SIGNALING IN EMT (EPITHELIAL TO MESENCHYMAL TRANSITION)%REACTOME%R-HSA-2173791.3		16	-0.531885	-1.2931485	0.15256009	0.31806144	1.0	1167	tags=19%, list=8%, signal=20%	
REGULATION OF T CELL MEDIATED CYTOTOXICITY%GOBP%GO:0001914	REGULATION OF T CELL MEDIATED CYTOTOXICITY%GOBP%GO:0001914		37	-0.44389495	-1.2928565	0.11088083	0.31835538	1.0	4674	tags=59%, list=31%, signal=86%	
VLDLR INTERNALISATION AND DEGRADATION%REACTOME DATABASE ID RELEASE 95%8866427	VLDLR INTERNALISATION AND DEGRADATION%REACTOME DATABASE ID RELEASE 95%8866427		16	-0.53315663	-1.2925794	0.15863454	0.3185914	1.0	2655	tags=31%, list=18%, signal=38%	
POSITIVE REGULATION OF PRODUCTION OF MOLECULAR MEDIATOR OF IMMUNE RESPONSE%GOBP%GO:0002702	POSITIVE REGULATION OF PRODUCTION OF MOLECULAR MEDIATOR OF IMMUNE RESPONSE%GOBP%GO:0002702		86	-0.3822559	-1.2924205	0.06680806	0.31862578	1.0	2501	tags=28%, list=17%, signal=33%	
NON-PROTEINOGENIC AMINO ACID METABOLIC PROCESS%GOBP%GO:0170041	NON-PROTEINOGENIC AMINO ACID METABOLIC PROCESS%GOBP%GO:0170041		35	-0.44353646	-1.2918774	0.11502591	0.31936044	1.0	2431	tags=34%, list=16%, signal=41%	
RNA POLYMERASE II PREINITIATION COMPLEX ASSEMBLY%GOBP%GO:0051123	RNA POLYMERASE II PREINITIATION COMPLEX ASSEMBLY%GOBP%GO:0051123		48	-0.42698532	-1.2913612	0.1048218	0.32005268	1.0	4099	tags=38%, list=27%, signal=51%	
VIRAL BUDDING VIA HOST ESCRT COMPLEX%GOBP%GO:0039702	VIRAL BUDDING VIA HOST ESCRT COMPLEX%GOBP%GO:0039702		21	-0.50567305	-1.2912725	0.13960396	0.31993634	1.0	3519	tags=38%, list=23%, signal=50%	
ORGANIC HYDROXY COMPOUND TRANSPORT%GOBP%GO:0015850	ORGANIC HYDROXY COMPOUND TRANSPORT%GOBP%GO:0015850		107	-0.36918262	-1.291122	0.058638744	0.3199693	1.0	2412	tags=26%, list=16%, signal=31%	
MONOSACCHARIDE CATABOLIC PROCESS%GOBP%GO:0046365	MONOSACCHARIDE CATABOLIC PROCESS%GOBP%GO:0046365		37	-0.44223708	-1.2908252	0.10880829	0.32026833	1.0	2627	tags=32%, list=17%, signal=39%	
NUCLEOTIDE TRANSPORT%GOBP%GO:0006862	NUCLEOTIDE TRANSPORT%GOBP%GO:0006862		32	-0.4515322	-1.2905391	0.115625	0.32055667	1.0	2218	tags=31%, list=15%, signal=37%	
PEXOPHAGY%GOBP%GO:0000425	PEXOPHAGY%GOBP%GO:0000425		16	-0.5235047	-1.290408	0.14980158	0.32053694	1.0	2636	tags=31%, list=18%, signal=38%	
FORMATION OF THE HIV-1 EARLY ELONGATION COMPLEX%REACTOME DATABASE ID RELEASE 95%167158	FORMATION OF THE HIV-1 EARLY ELONGATION COMPLEX%REACTOME DATABASE ID RELEASE 95%167158		32	-0.45922422	-1.2903471	0.13060817	0.3203797	1.0	2731	tags=25%, list=18%, signal=30%	
REGULATION OF ATP METABOLIC PROCESS%GOBP%GO:1903578	REGULATION OF ATP METABOLIC PROCESS%GOBP%GO:1903578		53	-0.40930352	-1.2903198	0.08748728	0.32014588	1.0	3628	tags=45%, list=24%, signal=59%	
PURINE RIBONUCLEOSIDE DIPHOSPHATE CATABOLIC PROCESS%GOBP%GO:0009181	PURINE RIBONUCLEOSIDE DIPHOSPHATE CATABOLIC PROCESS%GOBP%GO:0009181		30	-0.46491688	-1.2902297	0.12711865	0.32004538	1.0	2879	tags=33%, list=19%, signal=41%	
PROGRAMMED CELL DEATH%REACTOME DATABASE ID RELEASE 95%5357801	PROGRAMMED CELL DEATH%REACTOME DATABASE ID RELEASE 95%5357801		191	-0.34224898	-1.2902011	0.028484233	0.31983224	1.0	2859	tags=29%, list=19%, signal=35%	
RESPONSE TO INSULIN%GOBP%GO:0032868	RESPONSE TO INSULIN%GOBP%GO:0032868		107	-0.3732063	-1.2900982	0.057171516	0.31975543	1.0	1643	tags=19%, list=11%, signal=21%	
MITOCHONDRIAL TRNA AMINOACYLATION%REACTOME%R-HSA-379726.3	MITOCHONDRIAL TRNA AMINOACYLATION%REACTOME%R-HSA-379726.3		21	-0.50324935	-1.2899338	0.13422132	0.3197924	1.0	3722	tags=38%, list=25%, signal=51%	
REGULATION OF NITRIC OXIDE BIOSYNTHETIC PROCESS%GOBP%GO:0045428	REGULATION OF NITRIC OXIDE BIOSYNTHETIC PROCESS%GOBP%GO:0045428		42	-0.43324295	-1.2894268	0.102713175	0.32043734	1.0	2801	tags=38%, list=19%, signal=47%	
FORMATION OF THE EARLY ELONGATION COMPLEX%REACTOME%R-HSA-113418.5	FORMATION OF THE EARLY ELONGATION COMPLEX%REACTOME%R-HSA-113418.5		32	-0.45922422	-1.288823	0.13104838	0.32128102	1.0	2731	tags=25%, list=18%, signal=30%	
NEGATIVE REGULATION OF RESPONSE TO EXTERNAL STIMULUS%GOBP%GO:0032102	NEGATIVE REGULATION OF RESPONSE TO EXTERNAL STIMULUS%GOBP%GO:0032102		291	-0.32794076	-1.288783	0.011652542	0.32106158	1.0	2569	tags=28%, list=17%, signal=33%	
CARBOXYLIC ACID TRANSPORT%GOBP%GO:0046942	CARBOXYLIC ACID TRANSPORT%GOBP%GO:0046942		176	-0.3445816	-1.2875352	0.03911735	0.32313153	1.0	1837	tags=21%, list=12%, signal=24%	
NEGATIVE REGULATION OF LEUKOCYTE MEDIATED CYTOTOXICITY%GOBP%GO:0001911	NEGATIVE REGULATION OF LEUKOCYTE MEDIATED CYTOTOXICITY%GOBP%GO:0001911		26	-0.4800814	-1.2873394	0.13917525	0.32321694	1.0	3428	tags=50%, list=23%, signal=65%	
BDNF TRKB SIGNALING%WIKIPATHWAYS_20260211%WP3676%HOMO SAPIENS	BDNF TRKB SIGNALING%WIKIPATHWAYS_20260211%WP3676%HOMO SAPIENS		28	-0.46327877	-1.2863439	0.13149847	0.32487267	1.0	1985	tags=25%, list=13%, signal=29%	
IMMUNE RESPONSE-ACTIVATING SIGNALING PATHWAY%GOBP%GO:0002757	IMMUNE RESPONSE-ACTIVATING SIGNALING PATHWAY%GOBP%GO:0002757		258	-0.33060986	-1.2863044	0.015789473	0.32466748	1.0	2664	tags=24%, list=18%, signal=28%	
TRIF (TICAM1)-MEDIATED TLR4 SIGNALING%REACTOME%R-HSA-937061.5	TRIF (TICAM1)-MEDIATED TLR4 SIGNALING%REACTOME%R-HSA-937061.5		105	-0.3698363	-1.2859497	0.056112226	0.3250527	1.0	1905	tags=14%, list=13%, signal=16%	
MYELOID CELL DEVELOPMENT%GOBP%GO:0061515	MYELOID CELL DEVELOPMENT%GOBP%GO:0061515		30	-0.46799716	-1.285823	0.11782787	0.32501757	1.0	2142	tags=30%, list=14%, signal=35%	
RETINOL METABOLIC PROCESS%GOBP%GO:0042572	RETINOL METABOLIC PROCESS%GOBP%GO:0042572		17	-0.5247812	-1.2854694	0.1557789	0.3254133	1.0	2203	tags=29%, list=15%, signal=34%	
JAK STAT SIGNALING IN THE REGULATION OF BETA CELLS%WIKIPATHWAYS_20260211%WP5358%HOMO SAPIENS	JAK STAT SIGNALING IN THE REGULATION OF BETA CELLS%WIKIPATHWAYS_20260211%WP5358%HOMO SAPIENS		27	-0.47064626	-1.2853005	0.13182287	0.32544884	1.0	2423	tags=26%, list=16%, signal=31%	
MYD88-INDEPENDENT TLR4 CASCADE%REACTOME DATABASE ID RELEASE 95%166166	MYD88-INDEPENDENT TLR4 CASCADE%REACTOME DATABASE ID RELEASE 95%166166		105	-0.3698363	-1.2847447	0.055670105	0.32623258	1.0	1905	tags=14%, list=13%, signal=16%	
IL27-MEDIATED SIGNALING EVENTS%PATHWAY INTERACTION DATABASE NCI-NATURE CURATED DATA%IL27-MEDIATED SIGNALING EVENTS	IL27-MEDIATED SIGNALING EVENTS%PATHWAY INTERACTION DATABASE NCI-NATURE CURATED DATA%IL27-MEDIATED SIGNALING EVENTS		22	-0.4938027	-1.2844598	0.14507772	0.32654136	1.0	2859	tags=27%, list=19%, signal=34%	
GLYCOLIPID BIOSYNTHETIC PROCESS%GOBP%GO:0009247	GLYCOLIPID BIOSYNTHETIC PROCESS%GOBP%GO:0009247		69	-0.3964542	-1.2844207	0.07731435	0.32633728	1.0	3045	tags=35%, list=20%, signal=43%	
BIOCARTA_HCMV_PATHWAY%MSIGDB_C2%BIOCARTA_HCMV_PATHWAY	BIOCARTA_HCMV_PATHWAY%MSIGDB_C2%BIOCARTA_HCMV_PATHWAY		15	-0.53895557	-1.2844197	0.16774194	0.3260607	1.0	2553	tags=27%, list=17%, signal=32%	
NEGATIVE REGULATION OF CELL JUNCTION ASSEMBLY%GOBP%GO:1901889	NEGATIVE REGULATION OF CELL JUNCTION ASSEMBLY%GOBP%GO:1901889		28	-0.46812564	-1.283668	0.13339825	0.32721046	1.0	2754	tags=39%, list=18%, signal=48%	
EUKARYOTIC TRANSCRIPTION INITIATION%WIKIPATHWAYS_20260211%WP405%HOMO SAPIENS	EUKARYOTIC TRANSCRIPTION INITIATION%WIKIPATHWAYS_20260211%WP405%HOMO SAPIENS		33	-0.45155168	-1.2834316	0.123958334	0.32740623	1.0	2794	tags=30%, list=19%, signal=37%	
NEGATIVE REGULATION OF NATURAL KILLER CELL MEDIATED CYTOTOXICITY%GOBP%GO:0045953	NEGATIVE REGULATION OF NATURAL KILLER CELL MEDIATED CYTOTOXICITY%GOBP%GO:0045953		22	-0.49487382	-1.2828279	0.14357938	0.32831737	1.0	3277	tags=50%, list=22%, signal=64%	
PROTEIN-RNA COMPLEX ORGANIZATION%GOBP%GO:0071826	PROTEIN-RNA COMPLEX ORGANIZATION%GOBP%GO:0071826		214	-0.3347907	-1.282789	0.034517765	0.32811975	1.0	4535	tags=36%, list=30%, signal=51%	
FATTY ACID TRANSPORT%GOBP%GO:0015908	FATTY ACID TRANSPORT%GOBP%GO:0015908		47	-0.41421056	-1.282576	0.107515655	0.32824662	1.0	2841	tags=34%, list=19%, signal=42%	
IMMUNE RESPONSE-REGULATING CELL SURFACE RECEPTOR SIGNALING PATHWAY%GOBP%GO:0002768	IMMUNE RESPONSE-REGULATING CELL SURFACE RECEPTOR SIGNALING PATHWAY%GOBP%GO:0002768		224	-0.3316333	-1.2822592	0.026706232	0.32857242	1.0	2416	tags=24%, list=16%, signal=28%	
PURINE NUCLEOTIDE BIOSYNTHETIC PROCESS%GOBP%GO:0006164	PURINE NUCLEOTIDE BIOSYNTHETIC PROCESS%GOBP%GO:0006164		129	-0.35545903	-1.2813315	0.053347282	0.3300939	1.0	3755	tags=47%, list=25%, signal=61%	
POST-TRANSCRIPTIONAL GENE SILENCING%GOBP%GO:0016441	POST-TRANSCRIPTIONAL GENE SILENCING%GOBP%GO:0016441		45	-0.42057556	-1.281217	0.11770524	0.33004397	1.0	2372	tags=20%, list=16%, signal=24%	
NEGATIVE REGULATION OF NATURAL KILLER CELL MEDIATED IMMUNITY%GOBP%GO:0002716	NEGATIVE REGULATION OF NATURAL KILLER CELL MEDIATED IMMUNITY%GOBP%GO:0002716		22	-0.49487382	-1.280809	0.14814815	0.33056337	1.0	3277	tags=50%, list=22%, signal=64%	
DEOXYRIBONUCLEOTIDE METABOLIC PROCESS%GOBP%GO:0009262	DEOXYRIBONUCLEOTIDE METABOLIC PROCESS%GOBP%GO:0009262		32	-0.45413524	-1.2801658	0.124497995	0.33156544	1.0	3395	tags=28%, list=23%, signal=36%	
CD28 DEPENDENT PI3K AKT SIGNALING%REACTOME DATABASE ID RELEASE 95%389357	CD28 DEPENDENT PI3K AKT SIGNALING%REACTOME DATABASE ID RELEASE 95%389357		26	-0.4774452	-1.280141	0.13830845	0.33132672	1.0	1690	tags=23%, list=11%, signal=26%	
CARBOHYDRATE HOMEOSTASIS%GOBP%GO:0033500	CARBOHYDRATE HOMEOSTASIS%GOBP%GO:0033500		106	-0.36427236	-1.279834	0.06747231	0.33164847	1.0	2202	tags=25%, list=15%, signal=30%	
MODULATION OF PROCESS OF ANOTHER ORGANISM%GOBP%GO:0035821	MODULATION OF PROCESS OF ANOTHER ORGANISM%GOBP%GO:0035821		90	-0.374139	-1.279103	0.073846154	0.33277133	1.0	2759	tags=24%, list=18%, signal=30%	
CERAMIDE SIGNALING PATHWAY%PATHWAY INTERACTION DATABASE NCI-NATURE CURATED DATA%CERAMIDE SIGNALING PATHWAY	CERAMIDE SIGNALING PATHWAY%PATHWAY INTERACTION DATABASE NCI-NATURE CURATED DATA%CERAMIDE SIGNALING PATHWAY		48	-0.41981956	-1.2787488	0.111821085	0.33318833	1.0	1378	tags=19%, list=9%, signal=21%	
POSITIVE REGULATION OF T CELL MEDIATED IMMUNITY%GOBP%GO:0002711	POSITIVE REGULATION OF T CELL MEDIATED IMMUNITY%GOBP%GO:0002711		56	-0.40352565	-1.2785591	0.09009009	0.3333108	1.0	3315	tags=32%, list=22%, signal=41%	
CYTOSOLIC SENSORS OF PATHOGEN-ASSOCIATED DNA%REACTOME DATABASE ID RELEASE 95%1834949	CYTOSOLIC SENSORS OF PATHOGEN-ASSOCIATED DNA%REACTOME DATABASE ID RELEASE 95%1834949		62	-0.40025756	-1.2785233	0.09174312	0.33310264	1.0	1757	tags=19%, list=12%, signal=22%	
GENE SILENCING BY RNA%REACTOME%R-HSA-211000.5	GENE SILENCING BY RNA%REACTOME%R-HSA-211000.5		55	-0.40251005	-1.2777957	0.09990109	0.33424604	1.0	2620	tags=20%, list=17%, signal=24%	
CYTOKINE-MEDIATED SIGNALING PATHWAY%GOBP%GO:0019221	CYTOKINE-MEDIATED SIGNALING PATHWAY%GOBP%GO:0019221		272	-0.32652023	-1.2775948	0.024193548	0.33434758	1.0	2529	tags=23%, list=17%, signal=27%	
LXR-MEDIATED SIGNALING%REACTOME DATABASE ID RELEASE 95%9024446	LXR-MEDIATED SIGNALING%REACTOME DATABASE ID RELEASE 95%9024446		39	-0.4325316	-1.2774792	0.11553398	0.33430287	1.0	2985	tags=28%, list=20%, signal=35%	
HEMOPOIESIS%GOBP%GO:0030097	HEMOPOIESIS%GOBP%GO:0030097		380	-0.31586418	-1.277398	0.013655462	0.3341766	1.0	2150	tags=21%, list=14%, signal=23%	
DISRUPTION OF ANATOMICAL STRUCTURE IN ANOTHER ORGANISM%GOBP%GO:0141060	DISRUPTION OF ANATOMICAL STRUCTURE IN ANOTHER ORGANISM%GOBP%GO:0141060		31	-0.45726088	-1.2770991	0.1307054	0.33447376	1.0	1285	tags=16%, list=9%, signal=18%	
BIOCARTA_GH_PATHWAY%MSIGDB_C2%BIOCARTA_GH_PATHWAY	BIOCARTA_GH_PATHWAY%MSIGDB_C2%BIOCARTA_GH_PATHWAY		21	-0.49395946	-1.276806	0.14714715	0.33478123	1.0	909	tags=19%, list=6%, signal=20%	
GLUCONEOGENESIS%BIOCYC%PWY66-399	GLUCONEOGENESIS%BIOCYC%PWY66-399		17	-0.5172473	-1.2766075	0.16700819	0.33489415	1.0	2879	tags=35%, list=19%, signal=44%	
RHO GTPASES ACTIVATE WASPS AND WAVES%REACTOME DATABASE ID RELEASE 95%5663213	RHO GTPASES ACTIVATE WASPS AND WAVES%REACTOME DATABASE ID RELEASE 95%5663213		35	-0.43747967	-1.2762375	0.13340336	0.3353607	1.0	3507	tags=46%, list=23%, signal=60%	
REGULATION OF INTRACELLULAR TRANSPORT%GOBP%GO:0032386	REGULATION OF INTRACELLULAR TRANSPORT%GOBP%GO:0032386		226	-0.33084518	-1.2761495	0.031347964	0.3352497	1.0	2548	tags=20%, list=17%, signal=24%	
INTERFERON TYPE I SIGNALING%WIKIPATHWAYS_20260211%WP585%HOMO SAPIENS	INTERFERON TYPE I SIGNALING%WIKIPATHWAYS_20260211%WP585%HOMO SAPIENS		48	-0.41312224	-1.2752678	0.11134677	0.33671078	1.0	1595	tags=17%, list=11%, signal=19%	
MIDBODY ABSCISSION%GOBP%GO:0061952	MIDBODY ABSCISSION%GOBP%GO:0061952		23	-0.48301035	-1.2750375	0.15567568	0.3368699	1.0	2231	tags=22%, list=15%, signal=25%	
IL2-MEDIATED SIGNALING EVENTS%PATHWAY INTERACTION DATABASE NCI-NATURE CURATED DATA%IL2-MEDIATED SIGNALING EVENTS	IL2-MEDIATED SIGNALING EVENTS%PATHWAY INTERACTION DATABASE NCI-NATURE CURATED DATA%IL2-MEDIATED SIGNALING EVENTS		53	-0.4071225	-1.2749002	0.09978992	0.33685824	1.0	2250	tags=25%, list=15%, signal=29%	
REGULATION OF INFLAMMATORY RESPONSE TO ANTIGENIC STIMULUS%GOBP%GO:0002861	REGULATION OF INFLAMMATORY RESPONSE TO ANTIGENIC STIMULUS%GOBP%GO:0002861		29	-0.46196717	-1.2746289	0.14928426	0.3371016	1.0	3271	tags=38%, list=22%, signal=48%	
REGULATION OF T CELL APOPTOTIC PROCESS%GOBP%GO:0070232	REGULATION OF T CELL APOPTOTIC PROCESS%GOBP%GO:0070232		19	-0.5035979	-1.273503	0.15522704	0.33902183	1.0	1383	tags=26%, list=9%, signal=29%	
REGULATION OF PROTEIN UBIQUITINATION%GOBP%GO:0031396	REGULATION OF PROTEIN UBIQUITINATION%GOBP%GO:0031396		149	-0.34870484	-1.273489	0.05573081	0.33876893	1.0	2346	tags=17%, list=16%, signal=20%	
VEGFR2 MEDIATED CELL PROLIFERATION%REACTOME%R-HSA-5218921.5	VEGFR2 MEDIATED CELL PROLIFERATION%REACTOME%R-HSA-5218921.5		16	-0.5363933	-1.2733327	0.17095777	0.33878556	1.0	2513	tags=38%, list=17%, signal=45%	
CELLULAR RESPONSE TO INSULIN STIMULUS%GOBP%GO:0032869	CELLULAR RESPONSE TO INSULIN STIMULUS%GOBP%GO:0032869		97	-0.36849612	-1.273267	0.06724303	0.33863744	1.0	1643	tags=18%, list=11%, signal=20%	
AUTOPHAGY OF PEROXISOME%GOBP%GO:0030242	AUTOPHAGY OF PEROXISOME%GOBP%GO:0030242		16	-0.5235047	-1.2729399	0.16949153	0.33897895	1.0	2636	tags=31%, list=18%, signal=38%	
PROTEIN K6-LINKED UBIQUITINATION%GOBP%GO:0085020	PROTEIN K6-LINKED UBIQUITINATION%GOBP%GO:0085020		16	-0.5263064	-1.2729166	0.16751269	0.33874047	1.0	1853	tags=19%, list=12%, signal=21%	
METABOLISM OF NITRIC OXIDE: NOS3 ACTIVATION AND REGULATION%REACTOME DATABASE ID RELEASE 95%202131	METABOLISM OF NITRIC OXIDE: NOS3 ACTIVATION AND REGULATION%REACTOME DATABASE ID RELEASE 95%202131		17	-0.52275366	-1.2725741	0.16474292	0.33914548	1.0	2431	tags=41%, list=16%, signal=49%	
REGULATION OF NITRIC OXIDE METABOLIC PROCESS%GOBP%GO:0080164	REGULATION OF NITRIC OXIDE METABOLIC PROCESS%GOBP%GO:0080164		43	-0.42850694	-1.2725736	0.11144279	0.33886632	1.0	2801	tags=37%, list=19%, signal=46%	
BIOCARTA_RAS_PATHWAY%MSIGDB_C2%BIOCARTA_RAS_PATHWAY	BIOCARTA_RAS_PATHWAY%MSIGDB_C2%BIOCARTA_RAS_PATHWAY		16	-0.52834594	-1.272569	0.17216495	0.33859634	1.0	4541	tags=56%, list=30%, signal=81%	
NEGATIVE REGULATION OF PROTEIN LOCALIZATION TO NUCLEUS%GOBP%GO:1900181	NEGATIVE REGULATION OF PROTEIN LOCALIZATION TO NUCLEUS%GOBP%GO:1900181		26	-0.47686547	-1.2724801	0.13967611	0.33848745	1.0	3590	tags=38%, list=24%, signal=50%	
PROTEIN LIPIDATION%GOBP%GO:0006497	PROTEIN LIPIDATION%GOBP%GO:0006497		30	-0.45835295	-1.272287	0.13850997	0.338571	1.0	677	tags=13%, list=5%, signal=14%	
MITOCHONDRIAL CALCIUM ION TRANSPORT%REACTOME DATABASE ID RELEASE 95%8949215	MITOCHONDRIAL CALCIUM ION TRANSPORT%REACTOME DATABASE ID RELEASE 95%8949215		23	-0.4777107	-1.2719862	0.15	0.33889073	1.0	4049	tags=39%, list=27%, signal=53%	
ANTIMICROBIAL PEPTIDES%REACTOME%R-HSA-6803157.4	ANTIMICROBIAL PEPTIDES%REACTOME%R-HSA-6803157.4		34	-0.44364563	-1.2719251	0.13641134	0.33872294	1.0	1315	tags=24%, list=9%, signal=26%	
T CELL HOMEOSTASIS%GOBP%GO:0043029	T CELL HOMEOSTASIS%GOBP%GO:0043029		29	-0.45943668	-1.271738	0.1508845	0.33882672	1.0	3022	tags=41%, list=20%, signal=52%	
NEUROTROPHIC FACTOR-MEDIATED TRK RECEPTOR SIGNALING%PATHWAY INTERACTION DATABASE NCI-NATURE CURATED DATA%NEUROTROPHIC FACTOR-MEDIATED TRK RECEPTOR SIGNALING	NEUROTROPHIC FACTOR-MEDIATED TRK RECEPTOR SIGNALING%PATHWAY INTERACTION DATABASE NCI-NATURE CURATED DATA%NEUROTROPHIC FACTOR-MEDIATED TRK RECEPTOR SIGNALING		60	-0.39888194	-1.2713488	0.09337349	0.3392928	1.0	1181	tags=20%, list=8%, signal=22%	
POSITIVE REGULATION OF ADAPTIVE IMMUNE RESPONSE%GOBP%GO:0002821	POSITIVE REGULATION OF ADAPTIVE IMMUNE RESPONSE%GOBP%GO:0002821		91	-0.37021735	-1.2708145	0.08906882	0.34003225	1.0	3315	tags=30%, list=22%, signal=38%	
LIPOPROTEIN BIOSYNTHETIC PROCESS%GOBP%GO:0042158	LIPOPROTEIN BIOSYNTHETIC PROCESS%GOBP%GO:0042158		31	-0.45222706	-1.2706982	0.14028056	0.339995	1.0	677	tags=13%, list=5%, signal=13%	
PROTEIN DESTABILIZATION%GOBP%GO:0031648	PROTEIN DESTABILIZATION%GOBP%GO:0031648		34	-0.44305006	-1.2704233	0.1294964	0.34025437	1.0	488	tags=12%, list=3%, signal=12%	
EFFECT OF DASATINIB ON THE BCR ABL SIGNALING PATHWAY%WIKIPATHWAYS_20260211%WP5493%HOMO SAPIENS	EFFECT OF DASATINIB ON THE BCR ABL SIGNALING PATHWAY%WIKIPATHWAYS_20260211%WP5493%HOMO SAPIENS		38	-0.4355161	-1.2702947	0.12143611	0.3402241	1.0	909	tags=18%, list=6%, signal=20%	
CD40%IOB%CD40	CD40%IOB%CD40		19	-0.5139059	-1.2702143	0.15975104	0.34008613	1.0	1098	tags=21%, list=7%, signal=23%	
POSITIVE REGULATION OF TRANSCRIPTION INITIATION BY RNA POLYMERASE II%GOBP%GO:0060261	POSITIVE REGULATION OF TRANSCRIPTION INITIATION BY RNA POLYMERASE II%GOBP%GO:0060261		54	-0.40186608	-1.270101	0.102746695	0.34002873	1.0	4500	tags=39%, list=30%, signal=55%	
PURINE RIBONUCLEOSIDE DIPHOSPHATE METABOLIC PROCESS%GOBP%GO:0009179	PURINE RIBONUCLEOSIDE DIPHOSPHATE METABOLIC PROCESS%GOBP%GO:0009179		32	-0.45075437	-1.2695295	0.13963039	0.3408916	1.0	4170	tags=47%, list=28%, signal=65%	
GLUCOSE HOMEOSTASIS%GOBP%GO:0042593	GLUCOSE HOMEOSTASIS%GOBP%GO:0042593		102	-0.36464936	-1.269372	0.075180225	0.34091967	1.0	1363	tags=20%, list=9%, signal=21%	
STEROID CATABOLIC PROCESS%GOBP%GO:0006706	STEROID CATABOLIC PROCESS%GOBP%GO:0006706		15	-0.53590804	-1.2688894	0.16445352	0.3415588	1.0	1085	tags=27%, list=7%, signal=29%	
DNA-TEMPLATED TRANSCRIPTION INITIATION%GOBP%GO:0006352	DNA-TEMPLATED TRANSCRIPTION INITIATION%GOBP%GO:0006352		190	-0.3363966	-1.2675309	0.049281314	0.34393764	1.0	3606	tags=25%, list=24%, signal=33%	
FCGAMMA RECEPTOR (FCGR) DEPENDENT PHAGOCYTOSIS%REACTOME DATABASE ID RELEASE 95%2029480	FCGAMMA RECEPTOR (FCGR) DEPENDENT PHAGOCYTOSIS%REACTOME DATABASE ID RELEASE 95%2029480		81	-0.37728202	-1.2675284	0.08956693	0.34365913	1.0	3507	tags=41%, list=23%, signal=53%	
BIOLOGICAL OXIDATIONS%REACTOME%R-HSA-211859.4	BIOLOGICAL OXIDATIONS%REACTOME%R-HSA-211859.4		149	-0.34683046	-1.2674755	0.04288703	0.34348595	1.0	2291	tags=23%, list=15%, signal=27%	
TRANSCRIPTIONAL REGULATION OF GRANULOPOIESIS%REACTOME DATABASE ID RELEASE 95%9616222	TRANSCRIPTIONAL REGULATION OF GRANULOPOIESIS%REACTOME DATABASE ID RELEASE 95%9616222		40	-0.42550147	-1.2672161	0.12781186	0.34373578	1.0	746	tags=15%, list=5%, signal=16%	
MATURATION OF NUCLEOPROTEIN%REACTOME DATABASE ID RELEASE 95%9694631	MATURATION OF NUCLEOPROTEIN%REACTOME DATABASE ID RELEASE 95%9694631		15	-0.5281481	-1.2670428	0.17529881	0.34377936	1.0	1643	tags=27%, list=11%, signal=30%	
REGULATION OF CHEMOKINE PRODUCTION%GOBP%GO:0032642	REGULATION OF CHEMOKINE PRODUCTION%GOBP%GO:0032642		63	-0.39102128	-1.2668462	0.092573754	0.34388968	1.0	3148	tags=46%, list=21%, signal=58%	
CYCLIN A:CDK2-ASSOCIATED EVENTS AT S PHASE ENTRY%REACTOME%R-HSA-69656.6	CYCLIN A:CDK2-ASSOCIATED EVENTS AT S PHASE ENTRY%REACTOME%R-HSA-69656.6		75	-0.38204947	-1.2668072	0.08669355	0.34367517	1.0	2818	tags=35%, list=19%, signal=42%	
REGULATION OF T CELL MEDIATED IMMUNITY%GOBP%GO:0002709	REGULATION OF T CELL MEDIATED IMMUNITY%GOBP%GO:0002709		87	-0.37109995	-1.2666773	0.07194245	0.34366342	1.0	2501	tags=24%, list=17%, signal=29%	
PI3K AKT SIGNALING%REACTOME%R-HSA-1257604.12	PI3K AKT SIGNALING%REACTOME%R-HSA-1257604.12		235	-0.32573527	-1.265931	0.030674847	0.34484485	1.0	2275	tags=22%, list=15%, signal=26%	
BIOCARTA_ARENRF2_PATHWAY%MSIGDB_C2%BIOCARTA_ARENRF2_PATHWAY	BIOCARTA_ARENRF2_PATHWAY%MSIGDB_C2%BIOCARTA_ARENRF2_PATHWAY		17	-0.51021206	-1.2647493	0.16841005	0.34691167	1.0	2205	tags=35%, list=15%, signal=41%	
POSITIVE REGULATION OF CATABOLIC PROCESS%GOBP%GO:0009896	POSITIVE REGULATION OF CATABOLIC PROCESS%GOBP%GO:0009896		445	-0.30865633	-1.2643474	0.006116208	0.34742537	1.0	2501	tags=19%, list=17%, signal=22%	
PROTEIN LOCALIZATION TO VACUOLE%GOBP%GO:0072665	PROTEIN LOCALIZATION TO VACUOLE%GOBP%GO:0072665		64	-0.3892602	-1.2636355	0.10410095	0.3486007	1.0	3117	tags=28%, list=21%, signal=35%	
GLUTATHIONE CONJUGATION%REACTOME%R-HSA-156590.4	GLUTATHIONE CONJUGATION%REACTOME%R-HSA-156590.4		32	-0.4484587	-1.2632091	0.13931888	0.34916186	1.0	3763	tags=47%, list=25%, signal=62%	
PIGMENT METABOLIC PROCESS%GOBP%GO:0042440	PIGMENT METABOLIC PROCESS%GOBP%GO:0042440		40	-0.4243763	-1.2630883	0.139	0.3491338	1.0	2974	tags=28%, list=20%, signal=34%	
ESTABLISHMENT OF VESICLE LOCALIZATION%GOBP%GO:0051650	ESTABLISHMENT OF VESICLE LOCALIZATION%GOBP%GO:0051650		145	-0.3437996	-1.2629654	0.051881995	0.3490975	1.0	2045	tags=19%, list=14%, signal=22%	
TOLL-LIKE RECEPTOR PATHWAY 1%PATHWHIZ%PW064909	TOLL-LIKE RECEPTOR PATHWAY 1%PATHWHIZ%PW064909		32	-0.44535357	-1.2629104	0.1373967	0.34893045	1.0	3786	tags=41%, list=25%, signal=54%	
CELLULAR COMPONENT DISASSEMBLY INVOLVED IN EXECUTION PHASE OF APOPTOSIS%GOBP%GO:0006921	CELLULAR COMPONENT DISASSEMBLY INVOLVED IN EXECUTION PHASE OF APOPTOSIS%GOBP%GO:0006921		19	-0.50701064	-1.2628255	0.17382617	0.348818	1.0	3877	tags=42%, list=26%, signal=57%	
T CELL ANTIGEN RECEPTOR TCR PATHWAY DURING STAPHYLOCOCCUS AUREUS INFECTION%WIKIPATHWAYS_20260211%WP3863%HOMO SAPIENS	T CELL ANTIGEN RECEPTOR TCR PATHWAY DURING STAPHYLOCOCCUS AUREUS INFECTION%WIKIPATHWAYS_20260211%WP3863%HOMO SAPIENS		52	-0.40781295	-1.262269	0.10655738	0.3496701	1.0	1018	tags=15%, list=7%, signal=16%	
GROWTH HORMONE RECEPTOR SIGNALING%REACTOME DATABASE ID RELEASE 95%982772	GROWTH HORMONE RECEPTOR SIGNALING%REACTOME DATABASE ID RELEASE 95%982772		19	-0.5064876	-1.2621534	0.17946059	0.3496275	1.0	1098	tags=21%, list=7%, signal=23%	
LUNG DEVELOPMENT%GOBP%GO:0030324	LUNG DEVELOPMENT%GOBP%GO:0030324		44	-0.41757527	-1.2620995	0.118924506	0.34945804	1.0	2215	tags=30%, list=15%, signal=35%	
DNA REPLICATION PRE-INITIATION%REACTOME%R-HSA-69002.4	DNA REPLICATION PRE-INITIATION%REACTOME%R-HSA-69002.4		102	-0.3634085	-1.2620108	0.076219514	0.34934586	1.0	4365	tags=36%, list=29%, signal=51%	
REGULATION OF PURINE NUCLEOTIDE METABOLIC PROCESS%GOBP%GO:1900542	REGULATION OF PURINE NUCLEOTIDE METABOLIC PROCESS%GOBP%GO:1900542		59	-0.3948818	-1.2619686	0.11297071	0.34914753	1.0	3481	tags=42%, list=23%, signal=55%	
BIOCARTA_CERAMIDE_PATHWAY%MSIGDB_C2%BIOCARTA_CERAMIDE_PATHWAY	BIOCARTA_CERAMIDE_PATHWAY%MSIGDB_C2%BIOCARTA_CERAMIDE_PATHWAY		21	-0.48650676	-1.2619047	0.16683418	0.3490049	1.0	4596	tags=38%, list=31%, signal=55%	
RIBONUCLEOTIDE METABOLIC PROCESS%GOBP%GO:0009259	RIBONUCLEOTIDE METABOLIC PROCESS%GOBP%GO:0009259		209	-0.33155823	-1.2616007	0.035643563	0.34932718	1.0	3755	tags=42%, list=25%, signal=55%	
SELECTIVE EXPRESSION OF CHEMOKINE RECEPTORS DURING T CELL POLARIZATION%WIKIPATHWAYS_20260211%WP4494%HOMO SAPIENS	SELECTIVE EXPRESSION OF CHEMOKINE RECEPTORS DURING T CELL POLARIZATION%WIKIPATHWAYS_20260211%WP4494%HOMO SAPIENS		18	-0.5038478	-1.2614843	0.16480163	0.34928006	1.0	2507	tags=28%, list=17%, signal=33%	
NEGATIVE REGULATION OF CANONICAL NF-KAPPAB SIGNAL TRANSDUCTION%GOBP%GO:0043124	NEGATIVE REGULATION OF CANONICAL NF-KAPPAB SIGNAL TRANSDUCTION%GOBP%GO:0043124		72	-0.3793805	-1.2602272	0.104522616	0.35151568	1.0	1907	tags=18%, list=13%, signal=21%	
PROTEIN LOCALIZATION TO CELL PERIPHERY%GOBP%GO:1990778	PROTEIN LOCALIZATION TO CELL PERIPHERY%GOBP%GO:1990778		166	-0.33972868	-1.260069	0.044102564	0.35154697	1.0	2789	tags=27%, list=19%, signal=33%	
PURINE NUCLEOSIDE DIPHOSPHATE METABOLIC PROCESS%GOBP%GO:0009135	PURINE NUCLEOSIDE DIPHOSPHATE METABOLIC PROCESS%GOBP%GO:0009135		33	-0.44233468	-1.2600594	0.13650152	0.35128272	1.0	4170	tags=45%, list=28%, signal=63%	
PROTEIN-RNA COMPLEX ASSEMBLY%GOBP%GO:0022618	PROTEIN-RNA COMPLEX ASSEMBLY%GOBP%GO:0022618		205	-0.3321319	-1.2589257	0.051387463	0.35324726	1.0	4535	tags=37%, list=30%, signal=52%	
NEGATIVE REGULATION OF CELL KILLING%GOBP%GO:0031342	NEGATIVE REGULATION OF CELL KILLING%GOBP%GO:0031342		29	-0.4566101	-1.258739	0.14702815	0.35335067	1.0	3428	tags=48%, list=23%, signal=62%	
PROCESSING OF CAPPED INTRONLESS PRE-MRNA%REACTOME DATABASE ID RELEASE 95%75067	PROCESSING OF CAPPED INTRONLESS PRE-MRNA%REACTOME DATABASE ID RELEASE 95%75067		28	-0.45556113	-1.2587199	0.14579055	0.35310495	1.0	5311	tags=54%, list=35%, signal=83%	
REGULATION OF CYTOPLASMIC PATTERN RECOGNITION RECEPTOR SIGNALING PATHWAY%GOBP%GO:0039531	REGULATION OF CYTOPLASMIC PATTERN RECOGNITION RECEPTOR SIGNALING PATHWAY%GOBP%GO:0039531		115	-0.35853267	-1.2572736	0.07987552	0.35573196	1.0	2493	tags=23%, list=17%, signal=28%	
RAS PROCESSING%REACTOME DATABASE ID RELEASE 95%9648002	RAS PROCESSING%REACTOME DATABASE ID RELEASE 95%9648002		19	-0.49762502	-1.2563192	0.16285998	0.3573704	1.0	1738	tags=21%, list=12%, signal=24%	
GENERAL TRANSCRIPTION REGULATION%PANTHER PATHWAY%P00023	GENERAL TRANSCRIPTION REGULATION%PANTHER PATHWAY%P00023		28	-0.45262644	-1.2560153	0.14757481	0.35769084	1.0	2904	tags=18%, list=19%, signal=22%	
AMYLOID-BETA METABOLIC PROCESS%GOBP%GO:0050435	AMYLOID-BETA METABOLIC PROCESS%GOBP%GO:0050435		20	-0.49283838	-1.2560112	0.17021276	0.35741127	1.0	3607	tags=55%, list=24%, signal=72%	
TRANSCRIPTION PREINITIATION COMPLEX ASSEMBLY%GOBP%GO:0070897	TRANSCRIPTION PREINITIATION COMPLEX ASSEMBLY%GOBP%GO:0070897		51	-0.40522566	-1.2555996	0.11356784	0.35795897	1.0	4099	tags=35%, list=27%, signal=48%	
XENOBIOTIC CATABOLIC PROCESS%GOBP%GO:0042178	XENOBIOTIC CATABOLIC PROCESS%GOBP%GO:0042178		18	-0.50279546	-1.2550292	0.18068536	0.35882023	1.0	3468	tags=50%, list=23%, signal=65%	
MYELOID CELL HOMEOSTASIS%GOBP%GO:0002262	MYELOID CELL HOMEOSTASIS%GOBP%GO:0002262		62	-0.3914466	-1.2547033	0.12462612	0.35918134	1.0	2249	tags=23%, list=15%, signal=26%	
PURINE RIBONUCLEOTIDE TRANSPORT%GOBP%GO:0015868	PURINE RIBONUCLEOTIDE TRANSPORT%GOBP%GO:0015868		25	-0.4688931	-1.2545792	0.14814815	0.35914665	1.0	2218	tags=36%, list=15%, signal=42%	
RESPONSE TO VIRUS%GOBP%GO:0009615	RESPONSE TO VIRUS%GOBP%GO:0009615		273	-0.31959304	-1.2544249	0.032017075	0.35916775	1.0	2759	tags=24%, list=18%, signal=29%	
16P11 2 PROXIMAL DELETION SYNDROME%WIKIPATHWAYS_20260211%WP4949%HOMO SAPIENS	16P11 2 PROXIMAL DELETION SYNDROME%WIKIPATHWAYS_20260211%WP4949%HOMO SAPIENS		54	-0.4007174	-1.2543483	0.102537	0.35903788	1.0	2034	tags=19%, list=14%, signal=21%	
HDAC6 INTERACTIONS IN THE CENTRAL NERVOUS SYSTEM%WIKIPATHWAYS_20260211%WP5426%HOMO SAPIENS	HDAC6 INTERACTIONS IN THE CENTRAL NERVOUS SYSTEM%WIKIPATHWAYS_20260211%WP5426%HOMO SAPIENS		78	-0.37252697	-1.2543048	0.0804829	0.358832	1.0	2346	tags=28%, list=16%, signal=33%	
B CELL ACTIVATION%REACTOME DATABASE ID RELEASE 95%983705	B CELL ACTIVATION%REACTOME DATABASE ID RELEASE 95%983705		95	-0.36250696	-1.2539498	0.07815846	0.3592556	1.0	2973	tags=32%, list=20%, signal=39%	
RIBOSE PHOSPHATE METABOLIC PROCESS%GOBP%GO:0019693	RIBOSE PHOSPHATE METABOLIC PROCESS%GOBP%GO:0019693		215	-0.32745585	-1.2529004	0.030114226	0.36112663	1.0	3377	tags=37%, list=22%, signal=47%	
PYRIMIDINE DEOXYRIBONUCLEOTIDE METABOLIC PROCESS%GOBP%GO:0009219	PYRIMIDINE DEOXYRIBONUCLEOTIDE METABOLIC PROCESS%GOBP%GO:0009219		20	-0.49732542	-1.2526032	0.1746507	0.36143994	1.0	1405	tags=15%, list=9%, signal=17%	
NEGATIVE REGULATION OF PROTEIN CATABOLIC PROCESS%GOBP%GO:0042177	NEGATIVE REGULATION OF PROTEIN CATABOLIC PROCESS%GOBP%GO:0042177		104	-0.36011124	-1.2523183	0.087388285	0.36173627	1.0	2291	tags=20%, list=15%, signal=24%	
NEGATIVE REGULATION OF FATTY ACID BIOSYNTHETIC PROCESS%GOBP%GO:0045717	NEGATIVE REGULATION OF FATTY ACID BIOSYNTHETIC PROCESS%GOBP%GO:0045717		17	-0.5135443	-1.2522904	0.18431772	0.36151427	1.0	2145	tags=29%, list=14%, signal=34%	
BIOCARTA_BIOPEPTIDES_PATHWAY%MSIGDB_C2%BIOCARTA_BIOPEPTIDES_PATHWAY	BIOCARTA_BIOPEPTIDES_PATHWAY%MSIGDB_C2%BIOCARTA_BIOPEPTIDES_PATHWAY		22	-0.47559437	-1.2521197	0.16383617	0.36158085	1.0	2192	tags=27%, list=15%, signal=32%	
SELENIUM METABOLISM AND SELENOPROTEINS%WIKIPATHWAYS_20260211%WP28%HOMO SAPIENS	SELENIUM METABOLISM AND SELENOPROTEINS%WIKIPATHWAYS_20260211%WP28%HOMO SAPIENS		37	-0.4264504	-1.2519771	0.1419689	0.36158705	1.0	2553	tags=27%, list=17%, signal=32%	
SIGNALING BY ERYTHROPOIETIN%REACTOME DATABASE ID RELEASE 95%9006335	SIGNALING BY ERYTHROPOIETIN%REACTOME DATABASE ID RELEASE 95%9006335		22	-0.47713745	-1.2519192	0.15987125	0.3614389	1.0	3362	tags=41%, list=22%, signal=53%	
NEGATIVE REGULATION OF LEUKOCYTE MEDIATED IMMUNITY%GOBP%GO:0002704	NEGATIVE REGULATION OF LEUKOCYTE MEDIATED IMMUNITY%GOBP%GO:0002704		56	-0.39811578	-1.2508057	0.11583422	0.36336657	1.0	3585	tags=39%, list=24%, signal=51%	
ACTIN FILAMENT POLYMERIZATION%GOBP%GO:0030041	ACTIN FILAMENT POLYMERIZATION%GOBP%GO:0030041		26	-0.4615009	-1.2507774	0.14583333	0.36313975	1.0	3306	tags=38%, list=22%, signal=49%	
HALLMARK_XENOBIOTIC_METABOLISM%MSIGDBHALLMARK%HALLMARK_XENOBIOTIC_METABOLISM	HALLMARK_XENOBIOTIC_METABOLISM%MSIGDBHALLMARK%HALLMARK_XENOBIOTIC_METABOLISM		125	-0.35045445	-1.2496887	0.08041237	0.3650736	1.0	1928	tags=21%, list=13%, signal=24%	
DETECTION OF LIGHT STIMULUS%GOBP%GO:0009583	DETECTION OF LIGHT STIMULUS%GOBP%GO:0009583		19	-0.49772507	-1.2492719	0.18319838	0.3656369	1.0	4436	tags=63%, list=30%, signal=90%	
PURINE RIBONUCLEOTIDE METABOLIC PROCESS%GOBP%GO:0009150	PURINE RIBONUCLEOTIDE METABOLIC PROCESS%GOBP%GO:0009150		194	-0.3303162	-1.2492424	0.055384614	0.36540753	1.0	3377	tags=38%, list=22%, signal=49%	
PURINE NUCLEOTIDE TRANSPORT%GOBP%GO:0015865	PURINE NUCLEOTIDE TRANSPORT%GOBP%GO:0015865		26	-0.46099305	-1.249227	0.17046581	0.36514992	1.0	2218	tags=35%, list=15%, signal=41%	
PID_ERBB1_RECEPTOR_PROXIMAL_PATHWAY%MSIGDB_C2%PID_ERBB1_RECEPTOR_PROXIMAL_PATHWAY	PID_ERBB1_RECEPTOR_PROXIMAL_PATHWAY%MSIGDB_C2%PID_ERBB1_RECEPTOR_PROXIMAL_PATHWAY		29	-0.44590914	-1.2486758	0.1454363	0.3659984	1.0	1615	tags=21%, list=11%, signal=23%	
THROMBOXANE A2 RECEPTOR SIGNALING%PATHWAY INTERACTION DATABASE NCI-NATURE CURATED DATA%THROMBOXANE A2 RECEPTOR SIGNALING	THROMBOXANE A2 RECEPTOR SIGNALING%PATHWAY INTERACTION DATABASE NCI-NATURE CURATED DATA%THROMBOXANE A2 RECEPTOR SIGNALING		54	-0.39775884	-1.2482287	0.11646587	0.36664742	1.0	3295	tags=43%, list=22%, signal=54%	
PROCESSING OF SMDT1%REACTOME%R-HSA-8949664.2	PROCESSING OF SMDT1%REACTOME%R-HSA-8949664.2		16	-0.5168584	-1.2481734	0.18737476	0.36647588	1.0	4049	tags=50%, list=27%, signal=68%	
THYROID STIMULATING HORMONE TSH SIGNALING%WIKIPATHWAYS_20260211%WP2032%HOMO SAPIENS	THYROID STIMULATING HORMONE TSH SIGNALING%WIKIPATHWAYS_20260211%WP2032%HOMO SAPIENS		45	-0.4087589	-1.2480943	0.1282586	0.36634547	1.0	1615	tags=20%, list=11%, signal=22%	
MAINTENANCE OF BLOOD-BRAIN BARRIER%GOBP%GO:0035633	MAINTENANCE OF BLOOD-BRAIN BARRIER%GOBP%GO:0035633		31	-0.44048324	-1.2478735	0.15264188	0.36650595	1.0	939	tags=19%, list=6%, signal=21%	
DNA REPAIR-DEPENDENT CHROMATIN REMODELING%GOBP%GO:0140861	DNA REPAIR-DEPENDENT CHROMATIN REMODELING%GOBP%GO:0140861		25	-0.46500596	-1.247458	0.17425743	0.367088	1.0	3385	tags=32%, list=23%, signal=41%	
RNA POLYMERASE III TRANSCRIPTION INITIATION%REACTOME%R-HSA-76046.4	RNA POLYMERASE III TRANSCRIPTION INITIATION%REACTOME%R-HSA-76046.4		36	-0.42699513	-1.2474482	0.14948453	0.36682087	1.0	2657	tags=28%, list=18%, signal=34%	
CELLULAR RESPONSE TO PH%GOBP%GO:0071467	CELLULAR RESPONSE TO PH%GOBP%GO:0071467		20	-0.4883484	-1.246753	0.16470589	0.36794496	1.0	3104	tags=55%, list=21%, signal=69%	
GLYCEROL METABOLISM INCLUDING LINKED IMDS%WIKIPATHWAYS_20260211%WP5570%HOMO SAPIENS	GLYCEROL METABOLISM INCLUDING LINKED IMDS%WIKIPATHWAYS_20260211%WP5570%HOMO SAPIENS		15	-0.52657807	-1.246446	0.198364	0.3682895	1.0	3373	tags=53%, list=22%, signal=69%	
SIGNALING BY INTERLEUKINS%REACTOME DATABASE ID RELEASE 95%449147	SIGNALING BY INTERLEUKINS%REACTOME DATABASE ID RELEASE 95%449147		396	-0.30736548	-1.2464302	0.018808777	0.36803764	1.0	2280	tags=20%, list=15%, signal=23%	
NEGATIVE REGULATION OF TYPE I INTERFERON-MEDIATED SIGNALING PATHWAY%GOBP%GO:0060339	NEGATIVE REGULATION OF TYPE I INTERFERON-MEDIATED SIGNALING PATHWAY%GOBP%GO:0060339		17	-0.50360936	-1.2461385	0.18800813	0.36835533	1.0	3146	tags=35%, list=21%, signal=45%	
ETHANOL EFFECTS ON HISTONE MODIFICATIONS%WIKIPATHWAYS_20260211%WP3996%HOMO SAPIENS	ETHANOL EFFECTS ON HISTONE MODIFICATIONS%WIKIPATHWAYS_20260211%WP3996%HOMO SAPIENS		24	-0.47100222	-1.2461314	0.16666667	0.36808446	1.0	232	tags=8%, list=2%, signal=8%	
RESPONSE TO PH%GOBP%GO:0009268	RESPONSE TO PH%GOBP%GO:0009268		22	-0.47713092	-1.2453165	0.16411825	0.3694613	1.0	3104	tags=50%, list=21%, signal=63%	
PROTEIN POLYUBIQUITINATION%GOBP%GO:0000209	PROTEIN POLYUBIQUITINATION%GOBP%GO:0000209		228	-0.3227551	-1.2451476	0.051	0.369526	1.0	3124	tags=26%, list=21%, signal=32%	
HOST-MEDIATED PERTURBATION OF SYMBIONT PROCESS%GOBP%GO:0051851	HOST-MEDIATED PERTURBATION OF SYMBIONT PROCESS%GOBP%GO:0051851		87	-0.3637511	-1.2451131	0.09174312	0.3693212	1.0	2759	tags=23%, list=18%, signal=28%	
MONONUCLEAR CELL DIFFERENTIATION%GOBP%GO:1903131	MONONUCLEAR CELL DIFFERENTIATION%GOBP%GO:1903131		222	-0.32509974	-1.2446105	0.04661017	0.37006047	1.0	2191	tags=19%, list=15%, signal=22%	
UNSATURATED FATTY ACID METABOLIC PROCESS%GOBP%GO:0033559	UNSATURATED FATTY ACID METABOLIC PROCESS%GOBP%GO:0033559		75	-0.37297374	-1.2445693	0.10974359	0.3698559	1.0	2527	tags=31%, list=17%, signal=37%	
REGULATION OF NUCLEOTIDE METABOLIC PROCESS%GOBP%GO:0006140	REGULATION OF NUCLEOTIDE METABOLIC PROCESS%GOBP%GO:0006140		59	-0.3948818	-1.2429888	0.12148594	0.37291488	1.0	3481	tags=42%, list=23%, signal=55%	
POSITIVE REGULATION OF NON-CANONICAL NF-KAPPAB SIGNAL TRANSDUCTION%GOBP%GO:1901224	POSITIVE REGULATION OF NON-CANONICAL NF-KAPPAB SIGNAL TRANSDUCTION%GOBP%GO:1901224		40	-0.42185625	-1.2427566	0.15015322	0.37309912	1.0	2754	tags=40%, list=18%, signal=49%	
MITOTIC CHROMOSOME CONDENSATION%GOBP%GO:0007076	MITOTIC CHROMOSOME CONDENSATION%GOBP%GO:0007076		16	-0.5088218	-1.2427443	0.2008155	0.3728351	1.0	1428	tags=19%, list=10%, signal=21%	
PROTEIN LOCALIZATION TO PLASMA MEMBRANE%GOBP%GO:0072659	PROTEIN LOCALIZATION TO PLASMA MEMBRANE%GOBP%GO:0072659		153	-0.3387543	-1.2424495	0.072745904	0.3731378	1.0	2754	tags=28%, list=18%, signal=34%	
MYELOID LEUKOCYTE MIGRATION%GOBP%GO:0097529	MYELOID LEUKOCYTE MIGRATION%GOBP%GO:0097529		84	-0.36524802	-1.2423912	0.10471204	0.37297797	1.0	2884	tags=31%, list=19%, signal=38%	
DEVELOPMENTAL MATURATION%GOBP%GO:0021700	DEVELOPMENTAL MATURATION%GOBP%GO:0021700		109	-0.35669354	-1.2404935	0.082272284	0.37660193	1.0	2148	tags=26%, list=14%, signal=30%	
HEPATICOBILIARY SYSTEM DEVELOPMENT%GOBP%GO:0061008	HEPATICOBILIARY SYSTEM DEVELOPMENT%GOBP%GO:0061008		30	-0.4382027	-1.2403252	0.16533066	0.37665734	1.0	137	tags=10%, list=1%, signal=10%	
RNA POLYMERASE III TRANSCRIPTION INITIATION FROM TYPE 2 PROMOTER%REACTOME DATABASE ID RELEASE 95%76066	RNA POLYMERASE III TRANSCRIPTION INITIATION FROM TYPE 2 PROMOTER%REACTOME DATABASE ID RELEASE 95%76066		27	-0.46039534	-1.2402915	0.17101148	0.3764357	1.0	1757	tags=22%, list=12%, signal=25%	
RNA POLYMERASE III TRANSCRIPTION TERMINATION%REACTOME%R-HSA-73980.5	RNA POLYMERASE III TRANSCRIPTION TERMINATION%REACTOME%R-HSA-73980.5		23	-0.4737634	-1.2399777	0.16772823	0.37682	1.0	1757	tags=26%, list=12%, signal=29%	
NEGATIVE REGULATION OF ACTIN FILAMENT BUNDLE ASSEMBLY%GOBP%GO:0032232	NEGATIVE REGULATION OF ACTIN FILAMENT BUNDLE ASSEMBLY%GOBP%GO:0032232		25	-0.46154132	-1.2396383	0.18162839	0.37724808	1.0	2436	tags=40%, list=16%, signal=48%	
TOLL-LIKE RECEPTOR CASCADES%REACTOME%R-HSA-168898.11	TOLL-LIKE RECEPTOR CASCADES%REACTOME%R-HSA-168898.11		160	-0.33436477	-1.2393442	0.05940594	0.37756443	1.0	2973	tags=23%, list=20%, signal=29%	
RNA POLYMERASE III TRANSCRIPTION INITIATION FROM TYPE 1 PROMOTER%REACTOME DATABASE ID RELEASE 95%76061	RNA POLYMERASE III TRANSCRIPTION INITIATION FROM TYPE 1 PROMOTER%REACTOME DATABASE ID RELEASE 95%76061		28	-0.45183542	-1.239123	0.16755037	0.37776062	1.0	1757	tags=21%, list=12%, signal=24%	
CARBOXYLIC ACID TRANSMEMBRANE TRANSPORT%GOBP%GO:1905039	CARBOXYLIC ACID TRANSMEMBRANE TRANSPORT%GOBP%GO:1905039		82	-0.36768246	-1.2388426	0.11895161	0.3780533	1.0	1594	tags=21%, list=11%, signal=23%	
NEGATIVE REGULATION OF RECEPTOR SIGNALING PATHWAY VIA STAT%GOBP%GO:1904893	NEGATIVE REGULATION OF RECEPTOR SIGNALING PATHWAY VIA STAT%GOBP%GO:1904893		20	-0.48246384	-1.2385799	0.18292683	0.37831926	1.0	1452	tags=25%, list=10%, signal=28%	
REGULATION OF INTERFERON-ALPHA PRODUCTION%GOBP%GO:0032647	REGULATION OF INTERFERON-ALPHA PRODUCTION%GOBP%GO:0032647		24	-0.47192514	-1.2385427	0.17993796	0.37811777	1.0	3969	tags=46%, list=26%, signal=62%	
PI METABOLISM%REACTOME DATABASE ID RELEASE 95%1483255	PI METABOLISM%REACTOME DATABASE ID RELEASE 95%1483255		80	-0.3716405	-1.2384744	0.10659899	0.37797767	1.0	1903	tags=23%, list=13%, signal=26%	
MITOCHONDRIAL RIBOSOME ASSEMBLY%GOBP%GO:0061668	MITOCHONDRIAL RIBOSOME ASSEMBLY%GOBP%GO:0061668		24	-0.46525583	-1.2382584	0.1784646	0.378145	1.0	5155	tags=67%, list=34%, signal=101%	
NEDDYLATION%REACTOME%R-HSA-8951664.7	NEDDYLATION%REACTOME%R-HSA-8951664.7		216	-0.3230727	-1.2381736	0.057259712	0.3780405	1.0	2322	tags=26%, list=15%, signal=30%	
INTRACELLULAR SIGNALLING THROUGH ADENOSINE RECEPTOR A2A AND ADENOSINE%SMPDB%SMP0000320	INTRACELLULAR SIGNALLING THROUGH ADENOSINE RECEPTOR A2A AND ADENOSINE%SMPDB%SMP0000320		35	-0.42754418	-1.2377982	0.14547305	0.37851784	1.0	2149	tags=20%, list=14%, signal=23%	
REGULATION OF ERAD PATHWAY%GOBP%GO:1904292	REGULATION OF ERAD PATHWAY%GOBP%GO:1904292		22	-0.4789864	-1.2377858	0.19541375	0.37825704	1.0	2455	tags=32%, list=16%, signal=38%	
DICARBOXYLIC ACID TRANSPORT%GOBP%GO:0006835	DICARBOXYLIC ACID TRANSPORT%GOBP%GO:0006835		42	-0.4114448	-1.2377448	0.1411043	0.37805045	1.0	2475	tags=26%, list=16%, signal=31%	
FC-GAMMA RECEPTOR SIGNALING PATHWAY%GOBP%GO:0038094	FC-GAMMA RECEPTOR SIGNALING PATHWAY%GOBP%GO:0038094		29	-0.45352632	-1.2374449	0.16413374	0.37840268	1.0	2265	tags=34%, list=15%, signal=41%	
REGULATION OF CELL GROWTH%GOBP%GO:0001558	REGULATION OF CELL GROWTH%GOBP%GO:0001558		256	-0.3169323	-1.237192	0.031948883	0.37866303	1.0	1808	tags=19%, list=12%, signal=21%	
ACETYLCHOLINE RECEPTOR SIGNALING PATHWAY%GOBP%GO:0095500	ACETYLCHOLINE RECEPTOR SIGNALING PATHWAY%GOBP%GO:0095500		22	-0.46790212	-1.2371104	0.18808778	0.37855935	1.0	1695	tags=23%, list=11%, signal=26%	
LEUKOTRIENE METABOLIC PROCESS%GOBP%GO:0006691	LEUKOTRIENE METABOLIC PROCESS%GOBP%GO:0006691		22	-0.4662356	-1.2368158	0.17142858	0.37891522	1.0	1937	tags=27%, list=13%, signal=31%	
SLC-MEDIATED TRANSMEMBRANE TRANSPORT%REACTOME%R-HSA-425407.6	SLC-MEDIATED TRANSMEMBRANE TRANSPORT%REACTOME%R-HSA-425407.6		169	-0.32973084	-1.2362276	0.06378601	0.3798309	1.0	1843	tags=20%, list=12%, signal=22%	
T-HELPER 1 CELL DIFFERENTIATION%GOBP%GO:0045063	T-HELPER 1 CELL DIFFERENTIATION%GOBP%GO:0045063		24	-0.46405405	-1.2359846	0.18592964	0.38004625	1.0	3022	tags=58%, list=20%, signal=73%	
RAC1 SIGNALING PATHWAY%PATHWAY INTERACTION DATABASE NCI-NATURE CURATED DATA%RAC1 SIGNALING PATHWAY	RAC1 SIGNALING PATHWAY%PATHWAY INTERACTION DATABASE NCI-NATURE CURATED DATA%RAC1 SIGNALING PATHWAY		52	-0.3979332	-1.2355623	0.13975155	0.38064986	1.0	3253	tags=38%, list=22%, signal=49%	
ADENINE NUCLEOTIDE TRANSPORT%GOBP%GO:0051503	ADENINE NUCLEOTIDE TRANSPORT%GOBP%GO:0051503		26	-0.46099305	-1.2348884	0.17489712	0.38175988	1.0	2218	tags=35%, list=15%, signal=41%	
PID_REG_GR_PATHWAY%MSIGDB_C2%PID_REG_GR_PATHWAY	PID_REG_GR_PATHWAY%MSIGDB_C2%PID_REG_GR_PATHWAY		56	-0.39379486	-1.2346563	0.12376238	0.381977	1.0	1643	tags=16%, list=11%, signal=18%	
DISEASES OF SIGNAL TRANSDUCTION BY GROWTH FACTOR RECEPTORS AND SECOND MESSENGERS%REACTOME DATABASE ID RELEASE 95%5663202	DISEASES OF SIGNAL TRANSDUCTION BY GROWTH FACTOR RECEPTORS AND SECOND MESSENGERS%REACTOME DATABASE ID RELEASE 95%5663202		419	-0.3031962	-1.2343863	0.023638232	0.3822654	1.0	2251	tags=20%, list=15%, signal=23%	
REGULATION OF MITOCHONDRIAL GENE EXPRESSION%GOBP%GO:0062125	REGULATION OF MITOCHONDRIAL GENE EXPRESSION%GOBP%GO:0062125		28	-0.45141262	-1.2336252	0.16940452	0.38363364	1.0	3240	tags=46%, list=22%, signal=59%	
ESTABLISHMENT OF PROTEIN LOCALIZATION TO ORGANELLE%GOBP%GO:0072594	ESTABLISHMENT OF PROTEIN LOCALIZATION TO ORGANELLE%GOBP%GO:0072594		252	-0.31615418	-1.2332528	0.044885177	0.38410723	1.0	3624	tags=27%, list=24%, signal=35%	
RHOC GTPASE CYCLE%REACTOME%R-HSA-9013106.2	RHOC GTPASE CYCLE%REACTOME%R-HSA-9013106.2		73	-0.37261865	-1.2330343	0.09727626	0.38427764	1.0	3349	tags=29%, list=22%, signal=37%	
REGULATION OF INTERLEUKIN-13 PRODUCTION%GOBP%GO:0032656	REGULATION OF INTERLEUKIN-13 PRODUCTION%GOBP%GO:0032656		18	-0.50032	-1.232519	0.18793274	0.38509664	1.0	829	tags=39%, list=6%, signal=41%	
7Q11 23 DISTAL COPY NUMBER VARIATION%WIKIPATHWAYS_20260211%WP5401%HOMO SAPIENS	7Q11 23 DISTAL COPY NUMBER VARIATION%WIKIPATHWAYS_20260211%WP5401%HOMO SAPIENS		17	-0.5005892	-1.2324363	0.20385395	0.38497722	1.0	1555	tags=35%, list=10%, signal=39%	
GLYCOGEN SYNTHESIS AND DEGRADATION%WIKIPATHWAYS_20260211%WP500%HOMO SAPIENS	GLYCOGEN SYNTHESIS AND DEGRADATION%WIKIPATHWAYS_20260211%WP500%HOMO SAPIENS		27	-0.4524783	-1.2319944	0.16787565	0.3856185	1.0	1752	tags=26%, list=12%, signal=29%	
DEUBIQUITINATION%REACTOME DATABASE ID RELEASE 95%5688426	DEUBIQUITINATION%REACTOME DATABASE ID RELEASE 95%5688426		235	-0.3186649	-1.2319323	0.048730966	0.38546738	1.0	2818	tags=22%, list=19%, signal=26%	
GENETIC CAUSES OF PORTO SINUSOIDAL VASCULAR DISEASE%WIKIPATHWAYS_20260211%WP5269%HOMO SAPIENS	GENETIC CAUSES OF PORTO SINUSOIDAL VASCULAR DISEASE%WIKIPATHWAYS_20260211%WP5269%HOMO SAPIENS		31	-0.44305	-1.230702	0.17336152	0.38781908	1.0	3523	tags=48%, list=23%, signal=63%	
NUCLEOBASE-CONTAINING COMPOUND TRANSPORT%GOBP%GO:0015931	NUCLEOBASE-CONTAINING COMPOUND TRANSPORT%GOBP%GO:0015931		144	-0.33687264	-1.2302934	0.07610994	0.38843367	1.0	2414	tags=20%, list=16%, signal=24%	
REGULATION OF RAC PROTEIN SIGNAL TRANSDUCTION%GOBP%GO:0035020	REGULATION OF RAC PROTEIN SIGNAL TRANSDUCTION%GOBP%GO:0035020		28	-0.44110787	-1.2302146	0.17461929	0.38831297	1.0	2335	tags=36%, list=16%, signal=42%	
VESICLE LOCALIZATION%GOBP%GO:0051648	VESICLE LOCALIZATION%GOBP%GO:0051648		154	-0.33271646	-1.229569	0.07188841	0.3893564	1.0	3210	tags=29%, list=21%, signal=37%	
REGULATION OF PHAGOCYTOSIS%GOBP%GO:0050764	REGULATION OF PHAGOCYTOSIS%GOBP%GO:0050764		79	-0.37128174	-1.2284197	0.1122449	0.39156067	1.0	2233	tags=29%, list=15%, signal=34%	
OLEFINIC COMPOUND METABOLIC PROCESS%GOBP%GO:0120254	OLEFINIC COMPOUND METABOLIC PROCESS%GOBP%GO:0120254		81	-0.36503765	-1.2283897	0.11909449	0.39133722	1.0	2203	tags=27%, list=15%, signal=32%	
POSITIVE REGULATION OF CHOLESTEROL EFFLUX%GOBP%GO:0010875	POSITIVE REGULATION OF CHOLESTEROL EFFLUX%GOBP%GO:0010875		21	-0.47875762	-1.2281479	0.2003988	0.39154875	1.0	1793	tags=24%, list=12%, signal=27%	
REGULATION OF GENERATION OF PRECURSOR METABOLITES AND ENERGY%GOBP%GO:0043467	REGULATION OF GENERATION OF PRECURSOR METABOLITES AND ENERGY%GOBP%GO:0043467		95	-0.35454923	-1.2278869	0.104275286	0.39181054	1.0	1957	tags=20%, list=13%, signal=23%	
ANTIVIRAL MECHANISM BY IFN-STIMULATED GENES%REACTOME DATABASE ID RELEASE 95%1169410	ANTIVIRAL MECHANISM BY IFN-STIMULATED GENES%REACTOME DATABASE ID RELEASE 95%1169410		142	-0.33447066	-1.2276496	0.070466325	0.39201465	1.0	3726	tags=25%, list=25%, signal=32%	
MAPK SIGNALING%WIKIPATHWAYS_20260211%WP382%HOMO SAPIENS	MAPK SIGNALING%WIKIPATHWAYS_20260211%WP382%HOMO SAPIENS		165	-0.33186927	-1.2270373	0.08515057	0.39305243	1.0	2206	tags=24%, list=15%, signal=28%	
RESPIRATORY SYNCYTIAL VIRUS INFECTION PATHWAY%REACTOME%R-HSA-9820952.2	RESPIRATORY SYNCYTIAL VIRUS INFECTION PATHWAY%REACTOME%R-HSA-9820952.2		105	-0.35252526	-1.2269655	0.10139165	0.39290294	1.0	4118	tags=39%, list=27%, signal=53%	
REGULATION OF NLRP3 INFLAMMASOME COMPLEX ASSEMBLY%GOBP%GO:1900225	REGULATION OF NLRP3 INFLAMMASOME COMPLEX ASSEMBLY%GOBP%GO:1900225		41	-0.41409552	-1.2268553	0.16196448	0.39285293	1.0	2266	tags=24%, list=15%, signal=29%	
GLYCOLIPID METABOLIC PROCESS%GOBP%GO:0006664	GLYCOLIPID METABOLIC PROCESS%GOBP%GO:0006664		86	-0.361516	-1.2268039	0.104417674	0.39268127	1.0	3045	tags=31%, list=20%, signal=39%	
MRNA SPLICING%REACTOME DATABASE ID RELEASE 95%72172	MRNA SPLICING%REACTOME DATABASE ID RELEASE 95%72172		212	-0.3232972	-1.2265197	0.064671814	0.39299265	1.0	3135	tags=24%, list=21%, signal=29%	
MEMBRANE DOCKING%GOBP%GO:0022406	MEMBRANE DOCKING%GOBP%GO:0022406		75	-0.37336862	-1.2263863	0.13160518	0.39297277	1.0	1467	tags=23%, list=10%, signal=25%	
INTERLEUKIN-37 SIGNALING%REACTOME DATABASE ID RELEASE 95%9008059	INTERLEUKIN-37 SIGNALING%REACTOME DATABASE ID RELEASE 95%9008059		20	-0.49221104	-1.2259316	0.19536757	0.39367822	1.0	2280	tags=35%, list=15%, signal=41%	
PID_P38_ALPHA_BETA_DOWNSTREAM_PATHWAY%MSIGDB_C2%PID_P38_ALPHA_BETA_DOWNSTREAM_PATHWAY	PID_P38_ALPHA_BETA_DOWNSTREAM_PATHWAY%MSIGDB_C2%PID_P38_ALPHA_BETA_DOWNSTREAM_PATHWAY		26	-0.45421115	-1.2254187	0.19178082	0.39448652	1.0	4093	tags=38%, list=27%, signal=53%	
REGULATION OF AUTOPHAGOSOME MATURATION%GOBP%GO:1901096	REGULATION OF AUTOPHAGOSOME MATURATION%GOBP%GO:1901096		16	-0.5076857	-1.22536	0.21501014	0.39432567	1.0	4358	tags=63%, list=29%, signal=88%	
PHOSPHATIDIC ACID METABOLIC PROCESS%GOBP%GO:0046473	PHOSPHATIDIC ACID METABOLIC PROCESS%GOBP%GO:0046473		34	-0.43122005	-1.2253511	0.17325228	0.39405373	1.0	925	tags=24%, list=6%, signal=25%	
EPHA2 FORWARD SIGNALING%PATHWAY INTERACTION DATABASE NCI-NATURE CURATED DATA%EPHA2 FORWARD SIGNALING	EPHA2 FORWARD SIGNALING%PATHWAY INTERACTION DATABASE NCI-NATURE CURATED DATA%EPHA2 FORWARD SIGNALING		19	-0.48259842	-1.2253442	0.19364753	0.39377603	1.0	1615	tags=26%, list=11%, signal=29%	
RESPONSE TO TOXIC SUBSTANCE%GOBP%GO:0009636	RESPONSE TO TOXIC SUBSTANCE%GOBP%GO:0009636		90	-0.3587235	-1.224851	0.11235955	0.39455843	1.0	2498	tags=23%, list=17%, signal=28%	
ADIPOGENESIS%REACTOME%R-HSA-9843745.1	ADIPOGENESIS%REACTOME%R-HSA-9843745.1		102	-0.35316682	-1.2247697	0.11971104	0.3944373	1.0	3061	tags=22%, list=20%, signal=27%	
AROMATIC AMINO ACID METABOLIC PROCESS%GOBP%GO:0009072	AROMATIC AMINO ACID METABOLIC PROCESS%GOBP%GO:0009072		24	-0.46013024	-1.2246385	0.19014779	0.39444014	1.0	1371	tags=17%, list=9%, signal=18%	
NEURAL NUCLEUS DEVELOPMENT%GOBP%GO:0048857	NEURAL NUCLEUS DEVELOPMENT%GOBP%GO:0048857		40	-0.41599992	-1.2238132	0.14431934	0.3959393	1.0	2477	tags=28%, list=16%, signal=33%	
PID_WNT_SIGNALING_PATHWAY%MSIGDB_C2%PID_WNT_SIGNALING_PATHWAY	PID_WNT_SIGNALING_PATHWAY%MSIGDB_C2%PID_WNT_SIGNALING_PATHWAY		22	-0.4776271	-1.223763	0.19433199	0.39576635	1.0	387	tags=18%, list=3%, signal=19%	
FORMATION OF PARAXIAL MESODERM%REACTOME%R-HSA-9793380.5	FORMATION OF PARAXIAL MESODERM%REACTOME%R-HSA-9793380.5		53	-0.391194	-1.2234648	0.13914849	0.39610836	1.0	2818	tags=38%, list=19%, signal=46%	
LIPOSACCHARIDE METABOLIC PROCESS%GOBP%GO:1903509	LIPOSACCHARIDE METABOLIC PROCESS%GOBP%GO:1903509		87	-0.36000824	-1.2229844	0.12033195	0.39685097	1.0	3045	tags=31%, list=20%, signal=39%	
DNA REPLICATION%REACTOME%R-HSA-69306.9	DNA REPLICATION%REACTOME%R-HSA-69306.9		136	-0.3383072	-1.2228148	0.079218104	0.39691287	1.0	5058	tags=42%, list=34%, signal=63%	
3'-UTR-MEDIATED MRNA STABILIZATION%GOBP%GO:0070935	3'-UTR-MEDIATED MRNA STABILIZATION%GOBP%GO:0070935		15	-0.51332706	-1.2227026	0.20360552	0.3968442	1.0	1369	tags=27%, list=9%, signal=29%	
SIGNALING BY CYTOSOLIC FGFR1 FUSION MUTANTS%REACTOME%R-HSA-1839117.4	SIGNALING BY CYTOSOLIC FGFR1 FUSION MUTANTS%REACTOME%R-HSA-1839117.4		16	-0.51515967	-1.222177	0.20562771	0.39766747	1.0	489	tags=13%, list=3%, signal=13%	
22Q11 2 COPY NUMBER VARIATION SYNDROME%WIKIPATHWAYS_20260211%WP4657%HOMO SAPIENS	22Q11 2 COPY NUMBER VARIATION SYNDROME%WIKIPATHWAYS_20260211%WP4657%HOMO SAPIENS		76	-0.36989954	-1.2221485	0.11899791	0.3974412	1.0	2241	tags=22%, list=15%, signal=26%	
PID_ALPHA_SYNUCLEIN_PATHWAY%MSIGDB_C2%PID_ALPHA_SYNUCLEIN_PATHWAY	PID_ALPHA_SYNUCLEIN_PATHWAY%MSIGDB_C2%PID_ALPHA_SYNUCLEIN_PATHWAY		21	-0.47727707	-1.2218795	0.18341969	0.39771187	1.0	2541	tags=38%, list=17%, signal=46%	
HOST-MEDIATED PERTURBATION OF VIRAL PROCESS%GOBP%GO:0044788	HOST-MEDIATED PERTURBATION OF VIRAL PROCESS%GOBP%GO:0044788		66	-0.37513542	-1.2218676	0.13431269	0.39744478	1.0	1210	tags=12%, list=8%, signal=13%	
LUPUS THERAPIES%WIKIPATHWAYS_20260211%WP5560%HOMO SAPIENS	LUPUS THERAPIES%WIKIPATHWAYS_20260211%WP5560%HOMO SAPIENS		16	-0.50499994	-1.2217485	0.20927835	0.39741138	1.0	2140	tags=38%, list=14%, signal=44%	
MITOCHONDRIAL TRANSPORT%GOBP%GO:0006839	MITOCHONDRIAL TRANSPORT%GOBP%GO:0006839		27	-0.44777504	-1.2215396	0.18010472	0.3975744	1.0	1551	tags=19%, list=10%, signal=21%	
IL7 SIGNALING%WIKIPATHWAYS_20260211%WP205%HOMO SAPIENS	IL7 SIGNALING%WIKIPATHWAYS_20260211%WP205%HOMO SAPIENS		17	-0.5015643	-1.2209255	0.21175279	0.3986246	1.0	5083	tags=59%, list=34%, signal=89%	
MODULATION OF HOST RESPONSES BY IFN-STIMULATED GENES%REACTOME DATABASE ID RELEASE 95%9909505	MODULATION OF HOST RESPONSES BY IFN-STIMULATED GENES%REACTOME DATABASE ID RELEASE 95%9909505		18	-0.48416144	-1.2207551	0.19574468	0.3987048	1.0	3726	tags=56%, list=25%, signal=74%	
HOMEOSTASIS OF NUMBER OF CELLS%GOBP%GO:0048872	HOMEOSTASIS OF NUMBER OF CELLS%GOBP%GO:0048872		124	-0.34224683	-1.2204646	0.097585514	0.39904577	1.0	2818	tags=27%, list=19%, signal=32%	
CLASS I MHC MEDIATED ANTIGEN PROCESSING & PRESENTATION%REACTOME DATABASE ID RELEASE 95%983169	CLASS I MHC MEDIATED ANTIGEN PROCESSING & PRESENTATION%REACTOME DATABASE ID RELEASE 95%983169		353	-0.30409712	-1.2197615	0.024489796	0.4002606	1.0	3097	tags=27%, list=21%, signal=33%	
NEGATIVE REGULATION OF LYMPHOCYTE APOPTOTIC PROCESS%GOBP%GO:0070229	NEGATIVE REGULATION OF LYMPHOCYTE APOPTOTIC PROCESS%GOBP%GO:0070229		15	-0.51668835	-1.2196695	0.2107943	0.40018064	1.0	591	tags=20%, list=4%, signal=21%	
ONE CARBON METABOLISM%WIKIPATHWAYS_20260211%WP241%HOMO SAPIENS	ONE CARBON METABOLISM%WIKIPATHWAYS_20260211%WP241%HOMO SAPIENS		17	-0.49294668	-1.2196248	0.22397476	0.39998055	1.0	2111	tags=29%, list=14%, signal=34%	
EPIGENETIC REGULATION BY WDR5-CONTAINING HISTONE MODIFYING COMPLEXES%REACTOME DATABASE ID RELEASE 95%9917777	EPIGENETIC REGULATION BY WDR5-CONTAINING HISTONE MODIFYING COMPLEXES%REACTOME DATABASE ID RELEASE 95%9917777		115	-0.34425184	-1.2188424	0.101147026	0.40136358	1.0	1952	tags=15%, list=13%, signal=17%	
PID_IL27_PATHWAY%MSIGDB_C2%PID_IL27_PATHWAY	PID_IL27_PATHWAY%MSIGDB_C2%PID_IL27_PATHWAY		19	-0.48293176	-1.2183996	0.20536636	0.4020753	1.0	2859	tags=26%, list=19%, signal=32%	
NOVEL INTRACELLULAR COMPONENTS OF RIG I LIKE RECEPTOR PATHWAY%WIKIPATHWAYS_20260211%WP3865%HOMO SAPIENS	NOVEL INTRACELLULAR COMPONENTS OF RIG I LIKE RECEPTOR PATHWAY%WIKIPATHWAYS_20260211%WP3865%HOMO SAPIENS		52	-0.39108968	-1.2183245	0.15991472	0.40195143	1.0	1018	tags=13%, list=7%, signal=14%	
REGULATION OF RAS BY GAPS%REACTOME DATABASE ID RELEASE 95%5658442	REGULATION OF RAS BY GAPS%REACTOME DATABASE ID RELEASE 95%5658442		54	-0.39008558	-1.2177815	0.15315315	0.40283325	1.0	2818	tags=37%, list=19%, signal=45%	
MODIFIED AMINO ACID METABOLIC PROCESS%GOBP%GO:0006575	MODIFIED AMINO ACID METABOLIC PROCESS%GOBP%GO:0006575		129	-0.33900622	-1.2175034	0.08793456	0.4031434	1.0	2139	tags=25%, list=14%, signal=29%	
PHOSPHATIDYLINOSITOL PHOSPHATE BIOSYNTHETIC PROCESS%GOBP%GO:0046854	PHOSPHATIDYLINOSITOL PHOSPHATE BIOSYNTHETIC PROCESS%GOBP%GO:0046854		37	-0.42005333	-1.217494	0.16381909	0.40286863	1.0	3339	tags=32%, list=22%, signal=42%	
REGULATION OF MACROPHAGE DIFFERENTIATION%GOBP%GO:0045649	REGULATION OF MACROPHAGE DIFFERENTIATION%GOBP%GO:0045649		15	-0.50553024	-1.2170944	0.20609884	0.4034804	1.0	2978	tags=33%, list=20%, signal=42%	
PID_IL3_PATHWAY%MSIGDB_C2%PID_IL3_PATHWAY	PID_IL3_PATHWAY%MSIGDB_C2%PID_IL3_PATHWAY		19	-0.4853343	-1.2169957	0.20879121	0.40341565	1.0	1845	tags=21%, list=12%, signal=24%	
NEGATIVE REGULATION OF CATABOLIC PROCESS%GOBP%GO:0009895	NEGATIVE REGULATION OF CATABOLIC PROCESS%GOBP%GO:0009895		283	-0.31076497	-1.2166648	0.054325957	0.40388122	1.0	2441	tags=18%, list=16%, signal=21%	
SENSORY PERCEPTION OF MECHANICAL STIMULUS%GOBP%GO:0050954	SENSORY PERCEPTION OF MECHANICAL STIMULUS%GOBP%GO:0050954		94	-0.35222173	-1.2154108	0.0989899	0.40635127	1.0	1949	tags=23%, list=13%, signal=27%	
INNATE IMMUNE RESPONSE IN MUCOSA%GOBP%GO:0002227	INNATE IMMUNE RESPONSE IN MUCOSA%GOBP%GO:0002227		18	-0.4812326	-1.2152241	0.21283096	0.40643358	1.0	539	tags=17%, list=4%, signal=17%	
POST COVID NEUROINFLAMMATION%WIKIPATHWAYS_20260211%WP5485%HOMO SAPIENS	POST COVID NEUROINFLAMMATION%WIKIPATHWAYS_20260211%WP5485%HOMO SAPIENS		18	-0.48866996	-1.214829	0.22076613	0.4070051	1.0	2999	tags=50%, list=20%, signal=62%	
PID_IFNG_PATHWAY%MSIGDB_C2%PID_IFNG_PATHWAY	PID_IFNG_PATHWAY%MSIGDB_C2%PID_IFNG_PATHWAY		29	-0.4438499	-1.2147217	0.1850354	0.4069233	1.0	5161	tags=48%, list=34%, signal=73%	
POSITIVE REGULATION OF DEFENSE RESPONSE TO VIRUS BY HOST%GOBP%GO:0002230	POSITIVE REGULATION OF DEFENSE RESPONSE TO VIRUS BY HOST%GOBP%GO:0002230		24	-0.46460333	-1.214381	0.19175258	0.40736973	1.0	1227	tags=17%, list=8%, signal=18%	
AMINE LIGAND-BINDING RECEPTORS%REACTOME%R-HSA-375280.4	AMINE LIGAND-BINDING RECEPTORS%REACTOME%R-HSA-375280.4		20	-0.47458428	-1.2143023	0.20842105	0.4072439	1.0	1815	tags=40%, list=12%, signal=45%	
PROTEIN IMPORT INTO MITOCHONDRIAL MATRIX%GOBP%GO:0030150	PROTEIN IMPORT INTO MITOCHONDRIAL MATRIX%GOBP%GO:0030150		22	-0.47431275	-1.213702	0.20454545	0.40828142	1.0	5159	tags=64%, list=34%, signal=97%	
HEXOSE CATABOLIC PROCESS%GOBP%GO:0019320	HEXOSE CATABOLIC PROCESS%GOBP%GO:0019320		34	-0.42163625	-1.2133998	0.17641026	0.40865004	1.0	2627	tags=29%, list=17%, signal=36%	
REGULATION OF SMOOTH MUSCLE CONTRACTION%GOBP%GO:0006940	REGULATION OF SMOOTH MUSCLE CONTRACTION%GOBP%GO:0006940		24	-0.45515114	-1.2122381	0.1981614	0.41096687	1.0	1214	tags=21%, list=8%, signal=23%	
NUCLEAR MEMBRANE REASSEMBLY%GOBP%GO:0031468	NUCLEAR MEMBRANE REASSEMBLY%GOBP%GO:0031468		25	-0.45571914	-1.2120525	0.18743563	0.4110721	1.0	4651	tags=48%, list=31%, signal=69%	
LIVER DEVELOPMENT%GOBP%GO:0001889	LIVER DEVELOPMENT%GOBP%GO:0001889		29	-0.44119847	-1.2120155	0.18495935	0.41086385	1.0	137	tags=10%, list=1%, signal=10%	
VERY LONG-CHAIN FATTY ACID METABOLIC PROCESS%GOBP%GO:0000038	VERY LONG-CHAIN FATTY ACID METABOLIC PROCESS%GOBP%GO:0000038		29	-0.43529537	-1.2118515	0.18301314	0.4109283	1.0	2855	tags=45%, list=19%, signal=55%	
DAP12 SIGNALING%REACTOME DATABASE ID RELEASE 95%2424491	DAP12 SIGNALING%REACTOME DATABASE ID RELEASE 95%2424491		23	-0.46038976	-1.2118486	0.19226857	0.4106393	1.0	3342	tags=30%, list=22%, signal=39%	
REGULATION OF CELL KILLING%GOBP%GO:0031341	REGULATION OF CELL KILLING%GOBP%GO:0031341		80	-0.35885563	-1.2116649	0.14387755	0.4107508	1.0	3735	tags=43%, list=25%, signal=56%	
TRANSCRIPTIONAL REGULATION BY SMALL RNAS%REACTOME%R-HSA-5578749.8	TRANSCRIPTIONAL REGULATION BY SMALL RNAS%REACTOME%R-HSA-5578749.8		30	-0.4374061	-1.2116332	0.18994975	0.4105331	1.0	2620	tags=20%, list=17%, signal=24%	
SIGNALING BY RETINOIC ACID%REACTOME DATABASE ID RELEASE 95%5362517	SIGNALING BY RETINOIC ACID%REACTOME DATABASE ID RELEASE 95%5362517		36	-0.41365466	-1.2110847	0.18369351	0.41145998	1.0	1324	tags=19%, list=9%, signal=21%	
NEGATIVE REGULATION OF RECEPTOR SIGNALING PATHWAY VIA JAK-STAT%GOBP%GO:0046426	NEGATIVE REGULATION OF RECEPTOR SIGNALING PATHWAY VIA JAK-STAT%GOBP%GO:0046426		17	-0.49264926	-1.2106322	0.21443515	0.41214725	1.0	1452	tags=24%, list=10%, signal=26%	
QUINONE METABOLIC PROCESS%GOBP%GO:1901661	QUINONE METABOLIC PROCESS%GOBP%GO:1901661		19	-0.4853263	-1.2103417	0.21899225	0.41250372	1.0	4908	tags=58%, list=33%, signal=86%	
CELLULAR RESPONSE TO ACIDIC PH%GOBP%GO:0071468	CELLULAR RESPONSE TO ACIDIC PH%GOBP%GO:0071468		15	-0.50777483	-1.2100654	0.22521552	0.41282395	1.0	3887	tags=60%, list=26%, signal=81%	
MONOAMINE GPCRS%WIKIPATHWAYS_20260211%WP58%HOMO SAPIENS	MONOAMINE GPCRS%WIKIPATHWAYS_20260211%WP58%HOMO SAPIENS		19	-0.48674905	-1.2099329	0.21721311	0.41281614	1.0	1815	tags=42%, list=12%, signal=48%	
REGULATION OF PROTEIN LOCALIZATION TO PLASMA MEMBRANE%GOBP%GO:1903076	REGULATION OF PROTEIN LOCALIZATION TO PLASMA MEMBRANE%GOBP%GO:1903076		98	-0.3500357	-1.2098639	0.12020726	0.4126837	1.0	2254	tags=23%, list=15%, signal=27%	
10Q22Q23 COPY NUMBER VARIATION%WIKIPATHWAYS_20260211%WP5402%HOMO SAPIENS	10Q22Q23 COPY NUMBER VARIATION%WIKIPATHWAYS_20260211%WP5402%HOMO SAPIENS		49	-0.39207482	-1.209763	0.15	0.41261455	1.0	1941	tags=18%, list=13%, signal=21%	
IMMUNE EFFECTOR PROCESS%GOBP%GO:0002252	IMMUNE EFFECTOR PROCESS%GOBP%GO:0002252		233	-0.31314063	-1.2095314	0.06339468	0.41283414	1.0	3022	tags=31%, list=20%, signal=39%	
INTRACELLULAR CHEMICAL HOMEOSTASIS%GOBP%GO:0055082	INTRACELLULAR CHEMICAL HOMEOSTASIS%GOBP%GO:0055082		377	-0.29829958	-1.2077941	0.030612245	0.4164048	1.0	2189	tags=21%, list=15%, signal=24%	
PLASMA LIPOPROTEIN PARTICLE ASSEMBLY%GOBP%GO:0034377	PLASMA LIPOPROTEIN PARTICLE ASSEMBLY%GOBP%GO:0034377		17	-0.49615532	-1.2073109	0.22604166	0.4171906	1.0	3533	tags=47%, list=24%, signal=61%	
NEGATIVE REGULATION OF HIPPO SIGNALING%GOBP%GO:0035331	NEGATIVE REGULATION OF HIPPO SIGNALING%GOBP%GO:0035331		25	-0.44709152	-1.2063186	0.20947368	0.41916937	1.0	891	tags=24%, list=6%, signal=25%	
RESPONSE TO ACIDIC PH%GOBP%GO:0010447	RESPONSE TO ACIDIC PH%GOBP%GO:0010447		17	-0.48698685	-1.2062056	0.23608248	0.41912487	1.0	3887	tags=53%, list=26%, signal=71%	
TAR SYNDROME%WIKIPATHWAYS_20260211%WP5362%HOMO SAPIENS	TAR SYNDROME%WIKIPATHWAYS_20260211%WP5362%HOMO SAPIENS		52	-0.38798565	-1.2060966	0.1496461	0.41908216	1.0	2416	tags=21%, list=16%, signal=25%	
SIGNALING BY FGFR2 IIIA TM%REACTOME%R-HSA-8851708.2	SIGNALING BY FGFR2 IIIA TM%REACTOME%R-HSA-8851708.2		19	-0.4808822	-1.2059838	0.2063655	0.41905293	1.0	1614	tags=21%, list=11%, signal=24%	
IL1 SIGNALING%WIKIPATHWAYS_20260211%WP195%HOMO SAPIENS	IL1 SIGNALING%WIKIPATHWAYS_20260211%WP195%HOMO SAPIENS		43	-0.40177894	-1.2057496	0.18135247	0.41929895	1.0	2149	tags=23%, list=14%, signal=27%	
RXR AND RAR HETERODIMERIZATION WITH OTHER NUCLEAR RECEPTOR%PATHWAY INTERACTION DATABASE NCI-NATURE CURATED DATA%RXR AND RAR HETERODIMERIZATION WITH OTHER NUCLEAR RECEPTOR	RXR AND RAR HETERODIMERIZATION WITH OTHER NUCLEAR RECEPTOR%PATHWAY INTERACTION DATABASE NCI-NATURE CURATED DATA%RXR AND RAR HETERODIMERIZATION WITH OTHER NUCLEAR RECEPTOR		25	-0.44817883	-1.2056149	0.21349446	0.41931093	1.0	2958	tags=32%, list=20%, signal=40%	
HOST PATHOGEN INTERACTION OF HUMAN CORONAVIRUSES INTERFERON INDUCTION%WIKIPATHWAYS_20260211%WP4880%HOMO SAPIENS	HOST PATHOGEN INTERACTION OF HUMAN CORONAVIRUSES INTERFERON INDUCTION%WIKIPATHWAYS_20260211%WP4880%HOMO SAPIENS		33	-0.42690557	-1.2055885	0.18946302	0.41906294	1.0	3992	tags=39%, list=27%, signal=54%	
PROTEASOME-MEDIATED UBIQUITIN-DEPENDENT PROTEIN CATABOLIC PROCESS%GOBP%GO:0043161	PROTEASOME-MEDIATED UBIQUITIN-DEPENDENT PROTEIN CATABOLIC PROCESS%GOBP%GO:0043161		368	-0.3007833	-1.2055674	0.031313132	0.4188096	1.0	3179	tags=27%, list=21%, signal=33%	
RESPIRATORY TUBE DEVELOPMENT%GOBP%GO:0030323	RESPIRATORY TUBE DEVELOPMENT%GOBP%GO:0030323		46	-0.39288485	-1.2055126	0.1670061	0.41863054	1.0	2215	tags=28%, list=15%, signal=33%	
TYPE II INTERFERON SIGNALING%WIKIPATHWAYS_20260211%WP619%HOMO SAPIENS	TYPE II INTERFERON SIGNALING%WIKIPATHWAYS_20260211%WP619%HOMO SAPIENS		27	-0.44358602	-1.2044592	0.19076306	0.42068645	1.0	5169	tags=63%, list=34%, signal=96%	
LEPTIN SIGNALING%WIKIPATHWAYS_20260211%WP2034%HOMO SAPIENS	LEPTIN SIGNALING%WIKIPATHWAYS_20260211%WP2034%HOMO SAPIENS		62	-0.37184137	-1.2043585	0.14497355	0.42061058	1.0	1643	tags=16%, list=11%, signal=18%	
WHITE FAT CELL DIFFERENTIATION%WIKIPATHWAYS_20260211%WP4149%HOMO SAPIENS	WHITE FAT CELL DIFFERENTIATION%WIKIPATHWAYS_20260211%WP4149%HOMO SAPIENS		27	-0.44326255	-1.204149	0.20309278	0.4207775	1.0	1767	tags=19%, list=12%, signal=21%	
EPIGENETIC REGULATION OF ADIPOGENESIS GENES BY MLL3 AND MLL4 COMPLEXES%REACTOME%R-HSA-9851695.2	EPIGENETIC REGULATION OF ADIPOGENESIS GENES BY MLL3 AND MLL4 COMPLEXES%REACTOME%R-HSA-9851695.2		83	-0.3556351	-1.2041463	0.13191077	0.42048934	1.0	2841	tags=19%, list=19%, signal=24%	
RESPIRATORY SYSTEM DEVELOPMENT%GOBP%GO:0060541	RESPIRATORY SYSTEM DEVELOPMENT%GOBP%GO:0060541		54	-0.3823496	-1.2037416	0.15747242	0.42110035	1.0	2215	tags=26%, list=15%, signal=30%	
INFECTION WITH MYCOBACTERIUM TUBERCULOSIS%REACTOME DATABASE ID RELEASE 95%9635486	INFECTION WITH MYCOBACTERIUM TUBERCULOSIS%REACTOME DATABASE ID RELEASE 95%9635486		27	-0.4426755	-1.2037181	0.21554404	0.42085695	1.0	4811	tags=59%, list=32%, signal=87%	
MODIFIED AMINO ACID TRANSPORT%GOBP%GO:0072337	MODIFIED AMINO ACID TRANSPORT%GOBP%GO:0072337		28	-0.43486634	-1.2034079	0.1936842	0.42128012	1.0	2475	tags=32%, list=16%, signal=38%	
NEGATIVE REGULATION OF INFLAMMATORY RESPONSE%GOBP%GO:0050728	NEGATIVE REGULATION OF INFLAMMATORY RESPONSE%GOBP%GO:0050728		131	-0.33342466	-1.2027477	0.10655738	0.4224341	1.0	2335	tags=27%, list=16%, signal=32%	
CREB1 PHOSPHORYLATION THROUGH NMDA RECEPTOR-MEDIATED ACTIVATION OF RAS SIGNALING%REACTOME%R-HSA-442742.5	CREB1 PHOSPHORYLATION THROUGH NMDA RECEPTOR-MEDIATED ACTIVATION OF RAS SIGNALING%REACTOME%R-HSA-442742.5		21	-0.46960095	-1.2025919	0.22796352	0.42246768	1.0	808	tags=19%, list=5%, signal=20%	
INTERFERON SIGNALING%REACTOME DATABASE ID RELEASE 95%913531	INTERFERON SIGNALING%REACTOME DATABASE ID RELEASE 95%913531		242	-0.30971467	-1.2018989	0.07	0.42375493	1.0	2587	tags=18%, list=17%, signal=21%	
REGULATION OF REACTIVE OXYGEN SPECIES BIOSYNTHETIC PROCESS%GOBP%GO:1903426	REGULATION OF REACTIVE OXYGEN SPECIES BIOSYNTHETIC PROCESS%GOBP%GO:1903426		27	-0.43586338	-1.20188	0.19665273	0.42349702	1.0	2958	tags=37%, list=20%, signal=46%	
GNAQ P R183Q DRIVES CAPILLARY MALFORMATION%WIKIPATHWAYS_20260211%WP5501%HOMO SAPIENS	GNAQ P R183Q DRIVES CAPILLARY MALFORMATION%WIKIPATHWAYS_20260211%WP5501%HOMO SAPIENS		20	-0.4740638	-1.2012382	0.21428572	0.4246431	1.0	2250	tags=25%, list=15%, signal=29%	
SIGNALING BY NON-RECEPTOR TYROSINE KINASES%REACTOME DATABASE ID RELEASE 95%9006927	SIGNALING BY NON-RECEPTOR TYROSINE KINASES%REACTOME DATABASE ID RELEASE 95%9006927		50	-0.3894938	-1.2009906	0.16457023	0.42490244	1.0	2801	tags=30%, list=19%, signal=37%	
ALZHEIMER 39 S DISEASE AND MIRNA EFFECTS%WIKIPATHWAYS_20260211%WP2059%HOMO SAPIENS	ALZHEIMER 39 S DISEASE AND MIRNA EFFECTS%WIKIPATHWAYS_20260211%WP2059%HOMO SAPIENS		169	-0.32125604	-1.2001452	0.09327984	0.4265605	1.0	2805	tags=26%, list=19%, signal=32%	
EPIGENETIC REGULATION OF GENE EXPRESSION BY MLL3 AND MLL4 COMPLEXES%REACTOME%R-HSA-9818564.2	EPIGENETIC REGULATION OF GENE EXPRESSION BY MLL3 AND MLL4 COMPLEXES%REACTOME%R-HSA-9818564.2		83	-0.3556351	-1.199617	0.1611877	0.42742792	1.0	2841	tags=19%, list=19%, signal=24%	
POSITIVE REGULATION OF INFLAMMASOME-MEDIATED SIGNALING PATHWAY%GOBP%GO:0141087	POSITIVE REGULATION OF INFLAMMASOME-MEDIATED SIGNALING PATHWAY%GOBP%GO:0141087		27	-0.43749028	-1.1995678	0.19298245	0.4272377	1.0	3195	tags=30%, list=21%, signal=38%	
SIGNALING BY PTK6%REACTOME DATABASE ID RELEASE 95%8848021	SIGNALING BY PTK6%REACTOME DATABASE ID RELEASE 95%8848021		50	-0.3894938	-1.1988908	0.16767676	0.4285105	1.0	2801	tags=30%, list=19%, signal=37%	
PID_KIT_PATHWAY%MSIGDB_C2%PID_KIT_PATHWAY	PID_KIT_PATHWAY%MSIGDB_C2%PID_KIT_PATHWAY		44	-0.3947975	-1.1987609	0.17991632	0.42849702	1.0	3362	tags=34%, list=22%, signal=44%	
MUSCARINIC ACETYLCHOLINE RECEPTOR 1 AND 3 SIGNALING PATHWAY%PANTHER PATHWAY%P00042	MUSCARINIC ACETYLCHOLINE RECEPTOR 1 AND 3 SIGNALING PATHWAY%PANTHER PATHWAY%P00042		33	-0.41891024	-1.197978	0.19106957	0.4300068	1.0	2606	tags=39%, list=17%, signal=48%	
ALPHA-BETA T CELL DIFFERENTIATION%GOBP%GO:0046632	ALPHA-BETA T CELL DIFFERENTIATION%GOBP%GO:0046632		58	-0.3731792	-1.1966097	0.164467	0.43292803	1.0	3022	tags=36%, list=20%, signal=45%	
MRNA CIS SPLICING, VIA SPLICEOSOME%GOBP%GO:0045292	MRNA CIS SPLICING, VIA SPLICEOSOME%GOBP%GO:0045292		22	-0.45836553	-1.1963733	0.20679012	0.43316677	1.0	2186	tags=23%, list=15%, signal=27%	
CLEAR CELL RENAL CELL CARCINOMA PATHWAYS%WIKIPATHWAYS_20260211%WP4018%HOMO SAPIENS	CLEAR CELL RENAL CELL CARCINOMA PATHWAYS%WIKIPATHWAYS_20260211%WP4018%HOMO SAPIENS		57	-0.3763105	-1.1963152	0.15580449	0.4329956	1.0	3189	tags=33%, list=21%, signal=42%	
RRNA TRANSCRIPTION%GOBP%GO:0009303	RRNA TRANSCRIPTION%GOBP%GO:0009303		29	-0.43851376	-1.1963149	0.1891892	0.4326951	1.0	4648	tags=55%, list=31%, signal=80%	
PROTEIN HOMOOLIGOMERIZATION%GOBP%GO:0051260	PROTEIN HOMOOLIGOMERIZATION%GOBP%GO:0051260		124	-0.33280614	-1.1958871	0.11844864	0.43336684	1.0	2117	tags=22%, list=14%, signal=25%	
RIBONUCLEOSIDE DIPHOSPHATE CATABOLIC PROCESS%GOBP%GO:0009191	RIBONUCLEOSIDE DIPHOSPHATE CATABOLIC PROCESS%GOBP%GO:0009191		34	-0.41856048	-1.1957422	0.19512194	0.43340057	1.0	2879	tags=32%, list=19%, signal=40%	
S PHASE%REACTOME%R-HSA-69242.5	S PHASE%REACTOME%R-HSA-69242.5		150	-0.3239748	-1.1956362	0.110552765	0.43334544	1.0	2818	tags=23%, list=19%, signal=28%	
MLL4 AND MLL3 COMPLEXES REGULATE EXPRESSION OF PPARG TARGET GENES IN ADIPOGENESIS AND HEPATIC STEATOSIS%REACTOME DATABASE ID RELEASE 95%9841922	MLL4 AND MLL3 COMPLEXES REGULATE EXPRESSION OF PPARG TARGET GENES IN ADIPOGENESIS AND HEPATIC STEATOSIS%REACTOME DATABASE ID RELEASE 95%9841922		83	-0.3556351	-1.1955976	0.15269461	0.433131	1.0	2841	tags=19%, list=19%, signal=24%	
CELLULAR RESPONSE TO TYPE II INTERFERON%GOBP%GO:0071346	CELLULAR RESPONSE TO TYPE II INTERFERON%GOBP%GO:0071346		46	-0.3955585	-1.195531	0.18291457	0.4329829	1.0	2750	tags=24%, list=18%, signal=29%	
PROTEIN PALMITOYLATION%GOBP%GO:0018345	PROTEIN PALMITOYLATION%GOBP%GO:0018345		21	-0.46886355	-1.1950849	0.21540062	0.43370587	1.0	677	tags=14%, list=5%, signal=15%	
CD4-POSITIVE, ALPHA-BETA T CELL DIFFERENTIATION%GOBP%GO:0043367	CD4-POSITIVE, ALPHA-BETA T CELL DIFFERENTIATION%GOBP%GO:0043367		52	-0.38405314	-1.1949755	0.17542017	0.43363976	1.0	3022	tags=37%, list=20%, signal=46%	
INFLAMMATORY RESPONSE%GOBP%GO:0006954	INFLAMMATORY RESPONSE%GOBP%GO:0006954		312	-0.30053765	-1.1949036	0.058884297	0.4335078	1.0	2507	tags=23%, list=17%, signal=27%	
CELL ACTIVATION%GOBP%GO:0001775	CELL ACTIVATION%GOBP%GO:0001775		482	-0.29077226	-1.1944017	0.024870466	0.4343354	1.0	3022	tags=27%, list=20%, signal=32%	
REGULATION OF APPETITE%GOBP%GO:0032098	REGULATION OF APPETITE%GOBP%GO:0032098		15	-0.5058969	-1.1933972	0.23510972	0.43634713	1.0	3487	tags=67%, list=23%, signal=87%	
POSITIVE REGULATION OF NLRP3 INFLAMMASOME COMPLEX ASSEMBLY%GOBP%GO:1900227	POSITIVE REGULATION OF NLRP3 INFLAMMASOME COMPLEX ASSEMBLY%GOBP%GO:1900227		26	-0.43848124	-1.1932716	0.2124506	0.43633538	1.0	3195	tags=31%, list=21%, signal=39%	
BUTYRATE RESPONSE FACTOR 1 (BRF1) BINDS AND DESTABILIZES MRNA%REACTOME DATABASE ID RELEASE 95%450385	BUTYRATE RESPONSE FACTOR 1 (BRF1) BINDS AND DESTABILIZES MRNA%REACTOME DATABASE ID RELEASE 95%450385		17	-0.48806086	-1.1924863	0.237	0.43783918	1.0	3664	tags=41%, list=24%, signal=54%	
REGULATION OF MITOCHONDRIAL MEMBRANE POTENTIAL%GOBP%GO:0051881	REGULATION OF MITOCHONDRIAL MEMBRANE POTENTIAL%GOBP%GO:0051881		38	-0.4118417	-1.1920873	0.20486815	0.4384559	1.0	2347	tags=32%, list=16%, signal=37%	
NEGATIVE REGULATION OF ERBB SIGNALING PATHWAY%GOBP%GO:1901185	NEGATIVE REGULATION OF ERBB SIGNALING PATHWAY%GOBP%GO:1901185		31	-0.4257872	-1.1920389	0.2031579	0.43826067	1.0	1988	tags=32%, list=13%, signal=37%	
ALZHEIMER 39 S DISEASE%WIKIPATHWAYS_20260211%WP5124%HOMO SAPIENS	ALZHEIMER 39 S DISEASE%WIKIPATHWAYS_20260211%WP5124%HOMO SAPIENS		169	-0.32125604	-1.1917527	0.10504635	0.4385948	1.0	2805	tags=26%, list=19%, signal=32%	
REGULATION OF CELLULAR LOCALIZATION%GOBP%GO:0060341	REGULATION OF CELLULAR LOCALIZATION%GOBP%GO:0060341		392	-0.29455686	-1.1916549	0.052083332	0.4385333	1.0	2580	tags=20%, list=17%, signal=24%	
POSITIVE REGULATION OF SECRETION BY CELL%GOBP%GO:1903532	POSITIVE REGULATION OF SECRETION BY CELL%GOBP%GO:1903532		170	-0.32140413	-1.191523	0.10420842	0.43853143	1.0	3104	tags=32%, list=21%, signal=40%	
PRE-MRNA SPLICING%REACTOME DATABASE ID RELEASE 95%72163	PRE-MRNA SPLICING%REACTOME DATABASE ID RELEASE 95%72163		204	-0.31513527	-1.1912051	0.09290188	0.43895608	1.0	3135	tags=24%, list=21%, signal=29%	
REGULATION OF PTEN GENE TRANSCRIPTION%REACTOME%R-HSA-8943724.2	REGULATION OF PTEN GENE TRANSCRIPTION%REACTOME%R-HSA-8943724.2		58	-0.37644932	-1.1905372	0.16464646	0.44020435	1.0	1833	tags=19%, list=12%, signal=22%	
FAS (CD95) SIGNALING PATHWAY%PATHWAY INTERACTION DATABASE NCI-NATURE CURATED DATA%FAS (CD95) SIGNALING PATHWAY	FAS (CD95) SIGNALING PATHWAY%PATHWAY INTERACTION DATABASE NCI-NATURE CURATED DATA%FAS (CD95) SIGNALING PATHWAY		35	-0.41426688	-1.1900939	0.19795918	0.4409228	1.0	2973	tags=37%, list=20%, signal=46%	
VIRAL MESSENGER RNA SYNTHESIS%REACTOME DATABASE ID RELEASE 95%168325	VIRAL MESSENGER RNA SYNTHESIS%REACTOME DATABASE ID RELEASE 95%168325		41	-0.39300838	-1.1900461	0.17737003	0.44072592	1.0	4846	tags=37%, list=32%, signal=54%	
THYROXINE THYROID HORMONE PRODUCTION%WIKIPATHWAYS_20260211%WP1981%HOMO SAPIENS	THYROXINE THYROID HORMONE PRODUCTION%WIKIPATHWAYS_20260211%WP1981%HOMO SAPIENS		16	-0.502008	-1.1895202	0.24522613	0.4416597	1.0	2192	tags=38%, list=15%, signal=44%	
PID_TRKR_PATHWAY%MSIGDB_C2%PID_TRKR_PATHWAY	PID_TRKR_PATHWAY%MSIGDB_C2%PID_TRKR_PATHWAY		48	-0.38879806	-1.1891766	0.19778001	0.44217494	1.0	1181	tags=17%, list=8%, signal=18%	
ORGANELLE LOCALIZATION BY MEMBRANE TETHERING%GOBP%GO:0140056	ORGANELLE LOCALIZATION BY MEMBRANE TETHERING%GOBP%GO:0140056		65	-0.36635423	-1.1889951	0.15310493	0.44228825	1.0	1467	tags=23%, list=10%, signal=25%	
BIOCARTA_EPO_PATHWAY%MSIGDB_C2%BIOCARTA_EPO_PATHWAY	BIOCARTA_EPO_PATHWAY%MSIGDB_C2%BIOCARTA_EPO_PATHWAY		15	-0.5074092	-1.188873	0.24070248	0.44226894	1.0	943	tags=27%, list=6%, signal=28%	
OTHER INTERLEUKIN SIGNALING%REACTOME DATABASE ID RELEASE 95%449836	OTHER INTERLEUKIN SIGNALING%REACTOME DATABASE ID RELEASE 95%449836		23	-0.45196974	-1.1888708	0.2185904	0.44197193	1.0	908	tags=17%, list=6%, signal=18%	
BIOLOGICAL PROCESS INVOLVED IN SYMBIOTIC INTERACTION%GOBP%GO:0044403	BIOLOGICAL PROCESS INVOLVED IN SYMBIOTIC INTERACTION%GOBP%GO:0044403		79	-0.35410553	-1.1888541	0.15541922	0.44171283	1.0	2596	tags=28%, list=17%, signal=33%	
LONG-TERM MEMORY%GOBP%GO:0007616	LONG-TERM MEMORY%GOBP%GO:0007616		21	-0.463373	-1.1888177	0.22713257	0.44149178	1.0	271	tags=14%, list=2%, signal=15%	
POSITIVE REGULATION OF VACUOLE ORGANIZATION%GOBP%GO:0044090	POSITIVE REGULATION OF VACUOLE ORGANIZATION%GOBP%GO:0044090		23	-0.44808832	-1.1886636	0.2298969	0.44154993	1.0	2672	tags=30%, list=18%, signal=37%	
TRANSEPITHELIAL TRANSPORT%GOBP%GO:0070633	TRANSEPITHELIAL TRANSPORT%GOBP%GO:0070633		22	-0.4603033	-1.1883086	0.2232416	0.44205445	1.0	3104	tags=41%, list=21%, signal=51%	
ESTROGEN METABOLIC PROCESS%GOBP%GO:0008210	ESTROGEN METABOLIC PROCESS%GOBP%GO:0008210		19	-0.47445622	-1.1881914	0.23380567	0.442036	1.0	2221	tags=26%, list=15%, signal=31%	
WNT SIGNALING NETWORK%PATHWAY INTERACTION DATABASE NCI-NATURE CURATED DATA%WNT SIGNALING NETWORK	WNT SIGNALING NETWORK%PATHWAY INTERACTION DATABASE NCI-NATURE CURATED DATA%WNT SIGNALING NETWORK		25	-0.4371573	-1.1880409	0.20427808	0.44207513	1.0	387	tags=16%, list=3%, signal=16%	
POSITIVE REGULATION OF T CELL MEDIATED CYTOTOXICITY%GOBP%GO:0001916	POSITIVE REGULATION OF T CELL MEDIATED CYTOTOXICITY%GOBP%GO:0001916		28	-0.428929	-1.1880097	0.22077923	0.44184685	1.0	4674	tags=57%, list=31%, signal=83%	
INTERLEUKIN-1-MEDIATED SIGNALING PATHWAY%GOBP%GO:0070498	INTERLEUKIN-1-MEDIATED SIGNALING PATHWAY%GOBP%GO:0070498		21	-0.45859814	-1.1877284	0.22265625	0.44218674	1.0	1589	tags=24%, list=11%, signal=27%	
HALLMARK_NOTCH_SIGNALING%MSIGDBHALLMARK%HALLMARK_NOTCH_SIGNALING	HALLMARK_NOTCH_SIGNALING%MSIGDBHALLMARK%HALLMARK_NOTCH_SIGNALING		23	-0.44882032	-1.1876135	0.24775225	0.4421593	1.0	1355	tags=22%, list=9%, signal=24%	
APOPTOTIC NUCLEAR CHANGES%GOBP%GO:0030262	APOPTOTIC NUCLEAR CHANGES%GOBP%GO:0030262		17	-0.48546427	-1.1875846	0.2408377	0.441928	1.0	3877	tags=41%, list=26%, signal=55%	
POSITIVE REGULATION OF ADAPTIVE IMMUNE RESPONSE BASED ON SOMATIC RECOMBINATION OF IMMUNE RECEPTORS BUILT FROM IMMUNOGLOBULIN SUPERFAMILY DOMAINS%GOBP%GO:0002824	POSITIVE REGULATION OF ADAPTIVE IMMUNE RESPONSE BASED ON SOMATIC RECOMBINATION OF IMMUNE RECEPTORS BUILT FROM IMMUNOGLOBULIN SUPERFAMILY DOMAINS%GOBP%GO:0002824		84	-0.35438964	-1.1869792	0.15599173	0.44301257	1.0	3315	tags=29%, list=22%, signal=36%	
REGULATION OF INFLAMMASOME-MEDIATED SIGNALING PATHWAY%GOBP%GO:0141085	REGULATION OF INFLAMMASOME-MEDIATED SIGNALING PATHWAY%GOBP%GO:0141085		44	-0.39173627	-1.1864219	0.17843138	0.44397938	1.0	2266	tags=23%, list=15%, signal=27%	
SUBSTANTIA NIGRA DEVELOPMENT%GOBP%GO:0021762	SUBSTANTIA NIGRA DEVELOPMENT%GOBP%GO:0021762		37	-0.40990642	-1.1863444	0.20824525	0.44387275	1.0	2477	tags=27%, list=16%, signal=32%	
LONG-CHAIN FATTY-ACYL-COA METABOLIC PROCESS%GOBP%GO:0035336	LONG-CHAIN FATTY-ACYL-COA METABOLIC PROCESS%GOBP%GO:0035336		22	-0.45337427	-1.186211	0.228125	0.44388238	1.0	3254	tags=41%, list=22%, signal=52%	
RETINOIC ACID RECEPTORS-MEDIATED SIGNALING%PATHWAY INTERACTION DATABASE NCI-NATURE CURATED DATA%RETINOIC ACID RECEPTORS-MEDIATED SIGNALING	RETINOIC ACID RECEPTORS-MEDIATED SIGNALING%PATHWAY INTERACTION DATABASE NCI-NATURE CURATED DATA%RETINOIC ACID RECEPTORS-MEDIATED SIGNALING		29	-0.4344558	-1.1858425	0.22482197	0.44442716	1.0	985	tags=17%, list=7%, signal=18%	
IL6%NETPATH%IL6	IL6%NETPATH%IL6		54	-0.3786526	-1.1857588	0.1817279	0.44432375	1.0	2294	tags=20%, list=15%, signal=24%	
PYROPTOTIC INFLAMMATORY RESPONSE%GOBP%GO:0070269	PYROPTOTIC INFLAMMATORY RESPONSE%GOBP%GO:0070269		29	-0.4308593	-1.1856375	0.221665	0.44430262	1.0	1989	tags=31%, list=13%, signal=36%	
MEMBRANE FISSION%GOBP%GO:0090148	MEMBRANE FISSION%GOBP%GO:0090148		43	-0.38987464	-1.1851518	0.19578314	0.44508782	1.0	3519	tags=33%, list=23%, signal=42%	
NEGATIVE REGULATION OF PROTEIN LOCALIZATION%GOBP%GO:1903828	NEGATIVE REGULATION OF PROTEIN LOCALIZATION%GOBP%GO:1903828		143	-0.3234734	-1.1851478	0.1122449	0.44479975	1.0	2291	tags=22%, list=15%, signal=25%	
RNA POLYMERASE II TRANSCRIPTION PRE-INITIATION AND PROMOTER OPENING%REACTOME DATABASE ID RELEASE 95%73779	RNA POLYMERASE II TRANSCRIPTION PRE-INITIATION AND PROMOTER OPENING%REACTOME DATABASE ID RELEASE 95%73779		45	-0.38467193	-1.1845825	0.19613822	0.44582778	1.0	3606	tags=31%, list=24%, signal=41%	
NEGATIVE REGULATION OF DNA-TEMPLATED DNA REPLICATION%GOBP%GO:2000104	NEGATIVE REGULATION OF DNA-TEMPLATED DNA REPLICATION%GOBP%GO:2000104		15	-0.50274414	-1.1839467	0.2429022	0.44697177	1.0	2116	tags=27%, list=14%, signal=31%	
SIGNALING EVENTS MEDIATED BY STEM CELL FACTOR RECEPTOR (C-KIT)%PATHWAY INTERACTION DATABASE NCI-NATURE CURATED DATA%SIGNALING EVENTS MEDIATED BY STEM CELL FACTOR RECEPTOR (C-KIT)	SIGNALING EVENTS MEDIATED BY STEM CELL FACTOR RECEPTOR (C-KIT)%PATHWAY INTERACTION DATABASE NCI-NATURE CURATED DATA%SIGNALING EVENTS MEDIATED BY STEM CELL FACTOR RECEPTOR (C-KIT)		51	-0.38467678	-1.1838456	0.18628454	0.44690293	1.0	3362	tags=33%, list=22%, signal=43%	
PLASMA LIPOPROTEIN PARTICLE ORGANIZATION%GOBP%GO:0071827	PLASMA LIPOPROTEIN PARTICLE ORGANIZATION%GOBP%GO:0071827		38	-0.40282792	-1.1838344	0.18860103	0.44662532	1.0	3055	tags=37%, list=20%, signal=46%	
TRNA WOBBLE BASE MODIFICATION%GOBP%GO:0002097	TRNA WOBBLE BASE MODIFICATION%GOBP%GO:0002097		27	-0.43385485	-1.1835738	0.20728008	0.44693625	1.0	2706	tags=22%, list=18%, signal=27%	
WNT SIGNALING IN KIDNEY DISEASE%WIKIPATHWAYS_20260211%WP4150%HOMO SAPIENS	WNT SIGNALING IN KIDNEY DISEASE%WIKIPATHWAYS_20260211%WP4150%HOMO SAPIENS		28	-0.42651057	-1.1833837	0.20917822	0.44708425	1.0	1018	tags=18%, list=7%, signal=19%	
RNA POL II CTD PHOSPHORYLATION AND INTERACTION WITH CE DURING HIV INFECTION%REACTOME%R-HSA-167160.4	RNA POL II CTD PHOSPHORYLATION AND INTERACTION WITH CE DURING HIV INFECTION%REACTOME%R-HSA-167160.4		26	-0.43384644	-1.183052	0.2274633	0.447553	1.0	2731	tags=27%, list=18%, signal=33%	
SIGNALING BY NOTCH3%REACTOME%R-HSA-9012852.3	SIGNALING BY NOTCH3%REACTOME%R-HSA-9012852.3		46	-0.38373938	-1.1817429	0.18116684	0.4503079	1.0	1721	tags=22%, list=11%, signal=24%	
TRANSCRIPTION ELONGATION BY RNA POLYMERASE II%GOBP%GO:0006368	TRANSCRIPTION ELONGATION BY RNA POLYMERASE II%GOBP%GO:0006368		48	-0.3872233	-1.18159	0.20450097	0.45038465	1.0	4024	tags=33%, list=27%, signal=45%	
REGULATION OF BINDING%GOBP%GO:0051098	REGULATION OF BINDING%GOBP%GO:0051098		78	-0.3505945	-1.1804253	0.1700611	0.45285508	1.0	2238	tags=22%, list=15%, signal=25%	
PID_BETA_CATENIN_DEG_PATHWAY%MSIGDB_C2%PID_BETA_CATENIN_DEG_PATHWAY	PID_BETA_CATENIN_DEG_PATHWAY%MSIGDB_C2%PID_BETA_CATENIN_DEG_PATHWAY		16	-0.48468	-1.1801019	0.24579832	0.45335093	1.0	603	tags=19%, list=4%, signal=20%	
REGULATION OF CYTOKINE PRODUCTION INVOLVED IN IMMUNE RESPONSE%GOBP%GO:0002718	REGULATION OF CYTOKINE PRODUCTION INVOLVED IN IMMUNE RESPONSE%GOBP%GO:0002718		75	-0.3585668	-1.1790832	0.1702564	0.455463	1.0	2501	tags=28%, list=17%, signal=33%	
REGULATION OF NON-CANONICAL NF-KAPPAB SIGNAL TRANSDUCTION%GOBP%GO:1901222	REGULATION OF NON-CANONICAL NF-KAPPAB SIGNAL TRANSDUCTION%GOBP%GO:1901222		63	-0.3676774	-1.1788899	0.17953862	0.45559713	1.0	1410	tags=21%, list=9%, signal=23%	
REGULATION OF CYTOPLASMIC AND NUCLEAR SMAD2 3 SIGNALING%PATHWAY INTERACTION DATABASE NCI-NATURE CURATED DATA%REGULATION OF CYTOPLASMIC AND NUCLEAR SMAD2 3 SIGNALING	REGULATION OF CYTOPLASMIC AND NUCLEAR SMAD2 3 SIGNALING%PATHWAY INTERACTION DATABASE NCI-NATURE CURATED DATA%REGULATION OF CYTOPLASMIC AND NUCLEAR SMAD2 3 SIGNALING		18	-0.47322154	-1.1788325	0.24029382	0.45542789	1.0	4791	tags=56%, list=32%, signal=81%	
DEGRADATION OF BETA CATENIN%PATHWAY INTERACTION DATABASE NCI-NATURE CURATED DATA%DEGRADATION OF BETA CATENIN	DEGRADATION OF BETA CATENIN%PATHWAY INTERACTION DATABASE NCI-NATURE CURATED DATA%DEGRADATION OF BETA CATENIN		18	-0.47016048	-1.1784652	0.24439701	0.45598745	1.0	603	tags=17%, list=4%, signal=17%	
RNA POLYMERASE II TRANSCRIPTION INITIATION%REACTOME DATABASE ID RELEASE 95%75953	RNA POLYMERASE II TRANSCRIPTION INITIATION%REACTOME DATABASE ID RELEASE 95%75953		45	-0.38467193	-1.1780552	0.18762678	0.45665365	1.0	3606	tags=31%, list=24%, signal=41%	
HORMONE BIOSYNTHETIC PROCESS%GOBP%GO:0042446	HORMONE BIOSYNTHETIC PROCESS%GOBP%GO:0042446		18	-0.46856543	-1.1774157	0.24818276	0.45782295	1.0	2378	tags=28%, list=16%, signal=33%	
UBIQUINONE METABOLIC PROCESS%GOBP%GO:0006743	UBIQUINONE METABOLIC PROCESS%GOBP%GO:0006743		18	-0.47633636	-1.1770103	0.23799796	0.4584431	1.0	4908	tags=56%, list=33%, signal=82%	
PROTEIN TRANSMEMBRANE TRANSPORT%GOBP%GO:0071806	PROTEIN TRANSMEMBRANE TRANSPORT%GOBP%GO:0071806		56	-0.37385672	-1.1768055	0.18477157	0.45861614	1.0	3914	tags=39%, list=26%, signal=53%	
REGULATION OF NEURAL PRECURSOR CELL PROLIFERATION%GOBP%GO:2000177	REGULATION OF NEURAL PRECURSOR CELL PROLIFERATION%GOBP%GO:2000177		34	-0.40449724	-1.1767274	0.22684704	0.4585054	1.0	746	tags=18%, list=5%, signal=19%	
OREXIN RECEPTOR PATHWAY%WIKIPATHWAYS_20260211%WP5094%HOMO SAPIENS	OREXIN RECEPTOR PATHWAY%WIKIPATHWAYS_20260211%WP5094%HOMO SAPIENS		57	-0.37201956	-1.1762828	0.18145162	0.45924667	1.0	2501	tags=26%, list=17%, signal=31%	
RESPONSE TO ACETYLCHOLINE%GOBP%GO:1905144	RESPONSE TO ACETYLCHOLINE%GOBP%GO:1905144		24	-0.43783838	-1.1762692	0.2149437	0.4589751	1.0	1695	tags=21%, list=11%, signal=23%	
PROTEASOMAL UBIQUITIN-INDEPENDENT PROTEIN CATABOLIC PROCESS%GOBP%GO:0010499	PROTEASOMAL UBIQUITIN-INDEPENDENT PROTEIN CATABOLIC PROCESS%GOBP%GO:0010499		19	-0.46056083	-1.1760997	0.24209486	0.4590855	1.0	2818	tags=53%, list=19%, signal=65%	
REGULATION OF DEFENSE RESPONSE TO VIRUS%GOBP%GO:0050688	REGULATION OF DEFENSE RESPONSE TO VIRUS%GOBP%GO:0050688		45	-0.38909364	-1.1760471	0.20219123	0.4588978	1.0	2688	tags=24%, list=18%, signal=30%	
ALPHA-BETA T CELL ACTIVATION%GOBP%GO:0046631	ALPHA-BETA T CELL ACTIVATION%GOBP%GO:0046631		78	-0.35336122	-1.1757183	0.1746988	0.45940012	1.0	2859	tags=31%, list=19%, signal=38%	
PYRIMIDINE METABOLISM%WIKIPATHWAYS_20260211%WP4022%HOMO SAPIENS	PYRIMIDINE METABOLISM%WIKIPATHWAYS_20260211%WP4022%HOMO SAPIENS		70	-0.3575392	-1.1755354	0.18219037	0.45953313	1.0	1757	tags=17%, list=12%, signal=19%	
NEGATIVE REGULATORS OF RIG-I MDA5 SIGNALING%REACTOME%R-HSA-936440.6	NEGATIVE REGULATORS OF RIG-I MDA5 SIGNALING%REACTOME%R-HSA-936440.6		35	-0.40678024	-1.1752831	0.21319798	0.4598121	1.0	3680	tags=34%, list=25%, signal=45%	
RETINOID METABOLIC PROCESS%GOBP%GO:0001523	RETINOID METABOLIC PROCESS%GOBP%GO:0001523		48	-0.3833501	-1.1749914	0.18585859	0.46017355	1.0	2378	tags=23%, list=16%, signal=27%	
EPO%IOB%EPO	EPO%IOB%EPO		24	-0.44449216	-1.1748774	0.23231256	0.46014056	1.0	5161	tags=58%, list=34%, signal=89%	
PID_TXA2PATHWAY%MSIGDB_C2%PID_TXA2PATHWAY	PID_TXA2PATHWAY%MSIGDB_C2%PID_TXA2PATHWAY		37	-0.40358475	-1.1731592	0.20123203	0.46394554	1.0	3210	tags=41%, list=21%, signal=51%	
POSITIVE REGULATION OF T CELL CYTOKINE PRODUCTION%GOBP%GO:0002726	POSITIVE REGULATION OF T CELL CYTOKINE PRODUCTION%GOBP%GO:0002726		23	-0.45409778	-1.1729474	0.23343849	0.4641461	1.0	2859	tags=35%, list=19%, signal=43%	
RNA POL II CTD PHOSPHORYLATION AND INTERACTION WITH CE%REACTOME%R-HSA-77075.4	RNA POL II CTD PHOSPHORYLATION AND INTERACTION WITH CE%REACTOME%R-HSA-77075.4		26	-0.43384644	-1.1727626	0.24152108	0.4642886	1.0	2731	tags=27%, list=18%, signal=33%	
PROTEASOMAL PROTEIN CATABOLIC PROCESS%GOBP%GO:0010498	PROTEASOMAL PROTEIN CATABOLIC PROCESS%GOBP%GO:0010498		445	-0.28467742	-1.1718118	0.06542056	0.46624884	1.0	3150	tags=25%, list=21%, signal=31%	
PID_RETINOIC_ACID_PATHWAY%MSIGDB_C2%PID_RETINOIC_ACID_PATHWAY	PID_RETINOIC_ACID_PATHWAY%MSIGDB_C2%PID_RETINOIC_ACID_PATHWAY		21	-0.4574232	-1.1717682	0.2462908	0.46603867	1.0	985	tags=19%, list=7%, signal=20%	
RNA POLYMERASE II HIV PROMOTER ESCAPE%REACTOME DATABASE ID RELEASE 95%167162	RNA POLYMERASE II HIV PROMOTER ESCAPE%REACTOME DATABASE ID RELEASE 95%167162		45	-0.38467193	-1.1716245	0.20394088	0.4660841	1.0	3606	tags=31%, list=24%, signal=41%	
NEGATIVE REGULATION OF POTASSIUM ION TRANSPORT%GOBP%GO:0043267	NEGATIVE REGULATION OF POTASSIUM ION TRANSPORT%GOBP%GO:0043267		17	-0.47551787	-1.1714128	0.23410696	0.46629587	1.0	2189	tags=29%, list=15%, signal=34%	
INTRACELLULAR GLUCOSE HOMEOSTASIS%GOBP%GO:0001678	INTRACELLULAR GLUCOSE HOMEOSTASIS%GOBP%GO:0001678		51	-0.37656587	-1.1714059	0.1975181	0.4660084	1.0	1363	tags=18%, list=9%, signal=19%	
EXECUTION PHASE OF APOPTOSIS%GOBP%GO:0097194	EXECUTION PHASE OF APOPTOSIS%GOBP%GO:0097194		38	-0.394678	-1.1711037	0.2048436	0.4664151	1.0	3931	tags=42%, list=26%, signal=57%	
NEGATIVE REGULATION OF TRANSPORT%GOBP%GO:0051051	NEGATIVE REGULATION OF TRANSPORT%GOBP%GO:0051051		259	-0.29971257	-1.1704137	0.09465021	0.46774095	1.0	2294	tags=22%, list=15%, signal=25%	
MELANOSOME LOCALIZATION%GOBP%GO:0032400	MELANOSOME LOCALIZATION%GOBP%GO:0032400		21	-0.45023826	-1.1703326	0.24660397	0.4676271	1.0	3487	tags=52%, list=23%, signal=68%	
TCR SIGNALING%REACTOME DATABASE ID RELEASE 95%202403	TCR SIGNALING%REACTOME DATABASE ID RELEASE 95%202403		102	-0.33616245	-1.1699064	0.16445352	0.4683494	1.0	2973	tags=27%, list=20%, signal=34%	
PLASMA LIPOPROTEIN CLEARANCE%REACTOME%R-HSA-8964043.3	PLASMA LIPOPROTEIN CLEARANCE%REACTOME%R-HSA-8964043.3		34	-0.41196093	-1.1695496	0.2208589	0.46891993	1.0	3607	tags=41%, list=24%, signal=54%	
POSITIVE REGULATION OF RECEPTOR INTERNALIZATION%GOBP%GO:0002092	POSITIVE REGULATION OF RECEPTOR INTERNALIZATION%GOBP%GO:0002092		21	-0.45611498	-1.1694635	0.2489796	0.468823	1.0	541	tags=19%, list=4%, signal=20%	
POSITIVE T CELL SELECTION%GOBP%GO:0043368	POSITIVE T CELL SELECTION%GOBP%GO:0043368		22	-0.44901493	-1.1692324	0.23742455	0.4690413	1.0	1264	tags=18%, list=8%, signal=20%	
NEGATIVE REGULATION OF TUMOR NECROSIS FACTOR SUPERFAMILY CYTOKINE PRODUCTION%GOBP%GO:1903556	NEGATIVE REGULATION OF TUMOR NECROSIS FACTOR SUPERFAMILY CYTOKINE PRODUCTION%GOBP%GO:1903556		40	-0.39337268	-1.1691653	0.20700637	0.4689031	1.0	2758	tags=35%, list=18%, signal=43%	
MIR TARGETED GENES IN LEUKOCYTES%WIKIPATHWAYS_20260211%WP2003%HOMO SAPIENS	MIR TARGETED GENES IN LEUKOCYTES%WIKIPATHWAYS_20260211%WP2003%HOMO SAPIENS		103	-0.33422855	-1.1686577	0.15415822	0.469833	1.0	2469	tags=25%, list=16%, signal=30%	
CARGO RECOGNITION FOR CLATHRIN-MEDIATED ENDOCYTOSIS%REACTOME DATABASE ID RELEASE 95%8856825	CARGO RECOGNITION FOR CLATHRIN-MEDIATED ENDOCYTOSIS%REACTOME DATABASE ID RELEASE 95%8856825		98	-0.3352075	-1.1685257	0.1595092	0.4698326	1.0	3652	tags=36%, list=24%, signal=47%	
TP53 REGULATES TRANSCRIPTION OF DNA REPAIR GENES%REACTOME%R-HSA-6796648.5	TP53 REGULATES TRANSCRIPTION OF DNA REPAIR GENES%REACTOME%R-HSA-6796648.5		60	-0.36540365	-1.1683404	0.19246031	0.46994773	1.0	2731	tags=20%, list=18%, signal=24%	
POSITIVE REGULATION OF CELL GROWTH%GOBP%GO:0030307	POSITIVE REGULATION OF CELL GROWTH%GOBP%GO:0030307		95	-0.3405807	-1.167927	0.16182171	0.47063336	1.0	1595	tags=16%, list=11%, signal=18%	
OXIDATIVE STRESS RESPONSE%WIKIPATHWAYS_20260211%WP408%HOMO SAPIENS	OXIDATIVE STRESS RESPONSE%WIKIPATHWAYS_20260211%WP408%HOMO SAPIENS		20	-0.46277937	-1.1678885	0.24109867	0.47042206	1.0	2805	tags=50%, list=19%, signal=61%	
POSITIVE REGULATION OF LIPID STORAGE%GOBP%GO:0010884	POSITIVE REGULATION OF LIPID STORAGE%GOBP%GO:0010884		15	-0.4951972	-1.1678088	0.25779626	0.4703165	1.0	2780	tags=33%, list=19%, signal=41%	
REGULATION OF MITOCHONDRIAL TRANSLATION%GOBP%GO:0070129	REGULATION OF MITOCHONDRIAL TRANSLATION%GOBP%GO:0070129		21	-0.4520213	-1.1673367	0.24415056	0.4711304	1.0	3240	tags=48%, list=22%, signal=61%	
DETECTION OF STIMULUS INVOLVED IN SENSORY PERCEPTION%GOBP%GO:0050906	DETECTION OF STIMULUS INVOLVED IN SENSORY PERCEPTION%GOBP%GO:0050906		39	-0.3928355	-1.1672308	0.20960699	0.47107404	1.0	1857	tags=28%, list=12%, signal=32%	
FAMILIAL PARTIAL LIPODYSTROPHY%WIKIPATHWAYS_20260211%WP5102%HOMO SAPIENS	FAMILIAL PARTIAL LIPODYSTROPHY%WIKIPATHWAYS_20260211%WP5102%HOMO SAPIENS		23	-0.44537267	-1.1669765	0.23134328	0.47139898	1.0	1362	tags=26%, list=9%, signal=29%	
POSITIVE REGULATION OF SECRETION%GOBP%GO:0051047	POSITIVE REGULATION OF SECRETION%GOBP%GO:0051047		176	-0.3120298	-1.1669296	0.12192724	0.4711942	1.0	3043	tags=32%, list=20%, signal=39%	
LIPID TRANSPORT%GOBP%GO:0006869	LIPID TRANSPORT%GOBP%GO:0006869		209	-0.30461884	-1.166915	0.1190234	0.47091976	1.0	2391	tags=22%, list=16%, signal=25%	
PID_HNF3A_PATHWAY%MSIGDB_C2%PID_HNF3A_PATHWAY	PID_HNF3A_PATHWAY%MSIGDB_C2%PID_HNF3A_PATHWAY		31	-0.41276798	-1.1668869	0.24182358	0.47067857	1.0	1126	tags=19%, list=7%, signal=21%	
C-TYPE LECTIN RECEPTORS (CLRS)%REACTOME%R-HSA-5621481.3	C-TYPE LECTIN RECEPTORS (CLRS)%REACTOME%R-HSA-5621481.3		114	-0.32958853	-1.1665583	0.15075377	0.47116324	1.0	2995	tags=30%, list=20%, signal=37%	
PIGMENT GRANULE LOCALIZATION%GOBP%GO:0051875	PIGMENT GRANULE LOCALIZATION%GOBP%GO:0051875		21	-0.45023826	-1.1663767	0.25198412	0.47128308	1.0	3487	tags=52%, list=23%, signal=68%	
T-HELPER CELL DIFFERENTIATION%GOBP%GO:0042093	T-HELPER CELL DIFFERENTIATION%GOBP%GO:0042093		48	-0.37881085	-1.1663697	0.20626895	0.47099224	1.0	3022	tags=35%, list=20%, signal=44%	
RNA POLYMERASE II PROMOTER ESCAPE%REACTOME%R-HSA-73776.5	RNA POLYMERASE II PROMOTER ESCAPE%REACTOME%R-HSA-73776.5		45	-0.38467193	-1.1660014	0.20630081	0.471596	1.0	3606	tags=31%, list=24%, signal=41%	
TYROBP CAUSAL NETWORK IN MICROGLIA%WIKIPATHWAYS_20260211%WP3945%HOMO SAPIENS	TYROBP CAUSAL NETWORK IN MICROGLIA%WIKIPATHWAYS_20260211%WP3945%HOMO SAPIENS		51	-0.3762763	-1.1655216	0.20175439	0.47244582	1.0	2630	tags=39%, list=18%, signal=47%	
PID_IL8_CXCR1_PATHWAY%MSIGDB_C2%PID_IL8_CXCR1_PATHWAY	PID_IL8_CXCR1_PATHWAY%MSIGDB_C2%PID_IL8_CXCR1_PATHWAY		17	-0.4791355	-1.1653965	0.25910932	0.47243023	1.0	2422	tags=41%, list=16%, signal=49%	
ABC-FAMILY PROTEINS MEDIATED TRANSPORT%REACTOME%R-HSA-382556.6	ABC-FAMILY PROTEINS MEDIATED TRANSPORT%REACTOME%R-HSA-382556.6		86	-0.34561354	-1.1650512	0.1678535	0.4729632	1.0	2818	tags=34%, list=19%, signal=41%	
CELLULAR RESPONSE TO ACETYLCHOLINE%GOBP%GO:1905145	CELLULAR RESPONSE TO ACETYLCHOLINE%GOBP%GO:1905145		24	-0.43783838	-1.1649758	0.23725286	0.47283918	1.0	1695	tags=21%, list=11%, signal=23%	
REGULATION OF SECRETION BY CELL%GOBP%GO:1903530	REGULATION OF SECRETION BY CELL%GOBP%GO:1903530		332	-0.29152477	-1.1643481	0.08784474	0.47408503	1.0	2546	tags=26%, list=17%, signal=31%	
RECEPTOR RECYCLING%GOBP%GO:0001881	RECEPTOR RECYCLING%GOBP%GO:0001881		20	-0.4506456	-1.1642308	0.2560241	0.47404113	1.0	2499	tags=35%, list=17%, signal=42%	
IRON UPTAKE AND TRANSPORT%REACTOME DATABASE ID RELEASE 95%917937	IRON UPTAKE AND TRANSPORT%REACTOME DATABASE ID RELEASE 95%917937		53	-0.37344787	-1.1641014	0.2037037	0.47406027	1.0	2528	tags=34%, list=17%, signal=41%	
SARS-COV-1-HOST INTERACTIONS%REACTOME%R-HSA-9692914.3	SARS-COV-1-HOST INTERACTIONS%REACTOME%R-HSA-9692914.3		94	-0.33922398	-1.1638732	0.16232465	0.4742902	1.0	3680	tags=28%, list=25%, signal=36%	
MRNA 3'-END PROCESSING%GOBP%GO:0031124	MRNA 3'-END PROCESSING%GOBP%GO:0031124		33	-0.40556243	-1.1636425	0.22335026	0.47452834	1.0	3102	tags=18%, list=21%, signal=23%	
MRNA CAPPING%REACTOME DATABASE ID RELEASE 95%72086	MRNA CAPPING%REACTOME DATABASE ID RELEASE 95%72086		28	-0.4259421	-1.1635138	0.22577423	0.47451696	1.0	2731	tags=25%, list=18%, signal=30%	
GANGLIOSIDE METABOLIC PROCESS%GOBP%GO:0001573	GANGLIOSIDE METABOLIC PROCESS%GOBP%GO:0001573		20	-0.45733455	-1.1630296	0.26321137	0.47539666	1.0	2833	tags=40%, list=19%, signal=49%	
BIOCARTA_NKCELLS_PATHWAY%MSIGDB_C2%BIOCARTA_NKCELLS_PATHWAY	BIOCARTA_NKCELLS_PATHWAY%MSIGDB_C2%BIOCARTA_NKCELLS_PATHWAY		17	-0.46860257	-1.1619819	0.25360826	0.4776106	1.0	4674	tags=65%, list=31%, signal=94%	
ANTIGEN PROCESSING: UBIQUITINATION & PROTEASOME DEGRADATION%REACTOME DATABASE ID RELEASE 95%983168	ANTIGEN PROCESSING: UBIQUITINATION & PROTEASOME DEGRADATION%REACTOME DATABASE ID RELEASE 95%983168		278	-0.29716212	-1.1619369	0.10227273	0.47740862	1.0	2251	tags=19%, list=15%, signal=22%	
SIGNALING EVENTS MEDIATED BY VEGFR1 AND VEGFR2%PATHWAY INTERACTION DATABASE NCI-NATURE CURATED DATA%SIGNALING EVENTS MEDIATED BY VEGFR1 AND VEGFR2	SIGNALING EVENTS MEDIATED BY VEGFR1 AND VEGFR2%PATHWAY INTERACTION DATABASE NCI-NATURE CURATED DATA%SIGNALING EVENTS MEDIATED BY VEGFR1 AND VEGFR2		66	-0.3570719	-1.1610234	0.19558676	0.47927535	1.0	2347	tags=23%, list=16%, signal=27%	
DOPAMINERGIC NEURON DIFFERENTIATION%GOBP%GO:0071542	DOPAMINERGIC NEURON DIFFERENTIATION%GOBP%GO:0071542		17	-0.4720756	-1.1608008	0.25678498	0.4794907	1.0	387	tags=18%, list=3%, signal=18%	
FOLIC ACID-CONTAINING COMPOUND METABOLIC PROCESS%GOBP%GO:0006760	FOLIC ACID-CONTAINING COMPOUND METABOLIC PROCESS%GOBP%GO:0006760		22	-0.44590634	-1.160793	0.23818707	0.4791987	1.0	2475	tags=36%, list=16%, signal=43%	
PURINE-CONTAINING COMPOUND CATABOLIC PROCESS%GOBP%GO:0072523	PURINE-CONTAINING COMPOUND CATABOLIC PROCESS%GOBP%GO:0072523		70	-0.35542575	-1.160687	0.17927462	0.47914004	1.0	2879	tags=29%, list=19%, signal=35%	
SIGNALLING TO ERKS%REACTOME DATABASE ID RELEASE 95%187687	SIGNALLING TO ERKS%REACTOME DATABASE ID RELEASE 95%187687		30	-0.4163563	-1.1601087	0.24792531	0.48026496	1.0	3342	tags=37%, list=22%, signal=47%	
PLATELET ACTIVATION, SIGNALING AND AGGREGATION%REACTOME DATABASE ID RELEASE 95%76002	PLATELET ACTIVATION, SIGNALING AND AGGREGATION%REACTOME DATABASE ID RELEASE 95%76002		229	-0.30180392	-1.1593422	0.12665986	0.4818239	1.0	2274	tags=24%, list=15%, signal=27%	
POSITIVE REGULATION OF PROTEIN LOCALIZATION%GOBP%GO:1903829	POSITIVE REGULATION OF PROTEIN LOCALIZATION%GOBP%GO:1903829		320	-0.29072538	-1.1592195	0.084816754	0.48181182	1.0	2548	tags=21%, list=17%, signal=25%	
REGULATION OF CANONICAL NF-KAPPAB SIGNAL TRANSDUCTION%GOBP%GO:0043122	REGULATION OF CANONICAL NF-KAPPAB SIGNAL TRANSDUCTION%GOBP%GO:0043122		284	-0.29745075	-1.1590618	0.10728745	0.48186243	1.0	1907	tags=17%, list=13%, signal=19%	
RUNX1 REGULATES TRANSCRIPTION OF GENES INVOLVED IN DIFFERENTIATION OF HSCS%REACTOME%R-HSA-8939236.2	RUNX1 REGULATES TRANSCRIPTION OF GENES INVOLVED IN DIFFERENTIATION OF HSCS%REACTOME%R-HSA-8939236.2		69	-0.35130918	-1.158833	0.19784947	0.4821155	1.0	2818	tags=33%, list=19%, signal=41%	
PID_NFAT_3PATHWAY%MSIGDB_C2%PID_NFAT_3PATHWAY	PID_NFAT_3PATHWAY%MSIGDB_C2%PID_NFAT_3PATHWAY		41	-0.39515775	-1.158736	0.22927329	0.48206025	1.0	2250	tags=24%, list=15%, signal=29%	
NEGATIVE REGULATION OF CELL MIGRATION INVOLVED IN SPROUTING ANGIOGENESIS%GOBP%GO:0090051	NEGATIVE REGULATION OF CELL MIGRATION INVOLVED IN SPROUTING ANGIOGENESIS%GOBP%GO:0090051		15	-0.4861629	-1.1585875	0.27646455	0.4821189	1.0	3558	tags=40%, list=24%, signal=52%	
HIV TRANSCRIPTION INITIATION%REACTOME DATABASE ID RELEASE 95%167161	HIV TRANSCRIPTION INITIATION%REACTOME DATABASE ID RELEASE 95%167161		45	-0.38467193	-1.1584853	0.21646342	0.4820804	1.0	3606	tags=31%, list=24%, signal=41%	
IL5%NETPATH%IL5	IL5%NETPATH%IL5		36	-0.39784598	-1.1578704	0.22177419	0.48326775	1.0	2226	tags=25%, list=15%, signal=29%	
16P13 11 COPY NUMBER VARIATION SYNDROME %WIKIPATHWAYS_20260211%WP5502%HOMO SAPIENS	16P13 11 COPY NUMBER VARIATION SYNDROME %WIKIPATHWAYS_20260211%WP5502%HOMO SAPIENS		25	-0.43337238	-1.1578554	0.24895397	0.48299426	1.0	2762	tags=36%, list=18%, signal=44%	
LAGGING STRAND SYNTHESIS%REACTOME%R-HSA-69186.4	LAGGING STRAND SYNTHESIS%REACTOME%R-HSA-69186.4		20	-0.45485982	-1.157811	0.2502629	0.48278958	1.0	3648	tags=30%, list=24%, signal=40%	
T CELL ACTIVATION%GOBP%GO:0042110	T CELL ACTIVATION%GOBP%GO:0042110		200	-0.30504572	-1.157746	0.1097561	0.48263368	1.0	2305	tags=21%, list=15%, signal=24%	
RNA POLYMERASE II TRANSCRIPTION INITIATION AND PROMOTER CLEARANCE%REACTOME%R-HSA-76042.5	RNA POLYMERASE II TRANSCRIPTION INITIATION AND PROMOTER CLEARANCE%REACTOME%R-HSA-76042.5		45	-0.38467193	-1.1574311	0.21765296	0.48308194	1.0	3606	tags=31%, list=24%, signal=41%	
NEGATIVE REGULATION OF TRANSMEMBRANE TRANSPORT%GOBP%GO:0034763	NEGATIVE REGULATION OF TRANSMEMBRANE TRANSPORT%GOBP%GO:0034763		68	-0.35677093	-1.157138	0.19641076	0.48348078	1.0	3480	tags=34%, list=23%, signal=44%	
CYCLIN E ASSOCIATED EVENTS DURING G1 S TRANSITION%REACTOME%R-HSA-69202.5	CYCLIN E ASSOCIATED EVENTS DURING G1 S TRANSITION%REACTOME%R-HSA-69202.5		73	-0.3501559	-1.1566626	0.18555667	0.48434323	1.0	2818	tags=34%, list=19%, signal=42%	
REGULATION OF FATTY ACID OXIDATION%GOBP%GO:0046320	REGULATION OF FATTY ACID OXIDATION%GOBP%GO:0046320		25	-0.43792212	-1.1564597	0.26498422	0.48452836	1.0	1062	tags=24%, list=7%, signal=26%	
RIBOSOMAL LARGE SUBUNIT BIOGENESIS%GOBP%GO:0042273	RIBOSOMAL LARGE SUBUNIT BIOGENESIS%GOBP%GO:0042273		74	-0.34719497	-1.1560532	0.20148462	0.48519683	1.0	4881	tags=36%, list=32%, signal=54%	
PROTEIN UBIQUITINATION%GOBP%GO:0016567	PROTEIN UBIQUITINATION%GOBP%GO:0016567		403	-0.28410798	-1.155978	0.07535642	0.48507062	1.0	3124	tags=25%, list=21%, signal=30%	
LIPID LOCALIZATION%GOBP%GO:0010876	LIPID LOCALIZATION%GOBP%GO:0010876		210	-0.30358034	-1.1559612	0.12298387	0.48481005	1.0	2391	tags=21%, list=16%, signal=25%	
REGULATION OF TORC1 SIGNALING%GOBP%GO:1903432	REGULATION OF TORC1 SIGNALING%GOBP%GO:1903432		97	-0.3344896	-1.1553276	0.17943338	0.48608112	1.0	2843	tags=26%, list=19%, signal=32%	
REGULATION OF PROTEIN LOCALIZATION TO CELL SURFACE%GOBP%GO:2000008	REGULATION OF PROTEIN LOCALIZATION TO CELL SURFACE%GOBP%GO:2000008		33	-0.407379	-1.1548357	0.23541248	0.48696885	1.0	1592	tags=24%, list=11%, signal=27%	
NEGATIVE REGULATION OF INTERLEUKIN-1 PRODUCTION%GOBP%GO:0032692	NEGATIVE REGULATION OF INTERLEUKIN-1 PRODUCTION%GOBP%GO:0032692		26	-0.4285805	-1.1544858	0.24598393	0.48751143	1.0	2312	tags=50%, list=15%, signal=59%	
LEUKOCYTE ACTIVATION INVOLVED IN IMMUNE RESPONSE%GOBP%GO:0002366	LEUKOCYTE ACTIVATION INVOLVED IN IMMUNE RESPONSE%GOBP%GO:0002366		123	-0.32200173	-1.154279	0.15611814	0.4877091	1.0	3093	tags=33%, list=21%, signal=42%	
IL2 SIGNALING%WIKIPATHWAYS_20260211%WP49%HOMO SAPIENS	IL2 SIGNALING%WIKIPATHWAYS_20260211%WP49%HOMO SAPIENS		32	-0.407826	-1.1540837	0.2484787	0.4878793	1.0	2226	tags=22%, list=15%, signal=26%	
RNA MODIFICATION%GOBP%GO:0009451	RNA MODIFICATION%GOBP%GO:0009451		155	-0.31249195	-1.1529499	0.15384616	0.4903894	1.0	3197	tags=23%, list=21%, signal=28%	
REGULATION OF CYTOKINE-MEDIATED SIGNALING PATHWAY%GOBP%GO:0001959	REGULATION OF CYTOKINE-MEDIATED SIGNALING PATHWAY%GOBP%GO:0001959		136	-0.32085145	-1.1529385	0.14720812	0.49011132	1.0	2538	tags=25%, list=17%, signal=30%	
VIRAL PROCESS%GOBP%GO:0016032	VIRAL PROCESS%GOBP%GO:0016032		164	-0.30899778	-1.152732	0.14784394	0.49031404	1.0	2999	tags=25%, list=20%, signal=31%	
EGFR1%IOB%EGFR1	EGFR1%IOB%EGFR1		339	-0.28779486	-1.1523786	0.08551308	0.49085572	1.0	2672	tags=21%, list=18%, signal=25%	
POSITIVE REGULATION OF G PROTEIN-COUPLED RECEPTOR SIGNALING PATHWAY%GOBP%GO:0045745	POSITIVE REGULATION OF G PROTEIN-COUPLED RECEPTOR SIGNALING PATHWAY%GOBP%GO:0045745		24	-0.43311146	-1.1519582	0.25995806	0.49157977	1.0	2192	tags=33%, list=15%, signal=39%	
RRNA PROCESSING%REACTOME%R-HSA-72312.5	RRNA PROCESSING%REACTOME%R-HSA-72312.5		204	-0.30323008	-1.1515378	0.13645224	0.49229264	1.0	5175	tags=37%, list=34%, signal=56%	
IRON ION TRANSPORT%GOBP%GO:0006826	IRON ION TRANSPORT%GOBP%GO:0006826		34	-0.39923868	-1.1514643	0.25604838	0.4921678	1.0	2117	tags=24%, list=14%, signal=27%	
PHOSPHATIDYLINOSITOL DEPHOSPHORYLATION%GOBP%GO:0046856	PHOSPHATIDYLINOSITOL DEPHOSPHORYLATION%GOBP%GO:0046856		19	-0.4568635	-1.151146	0.27318045	0.49266952	1.0	1089	tags=26%, list=7%, signal=28%	
POSITIVE REGULATION OF LIPID LOCALIZATION%GOBP%GO:1905954	POSITIVE REGULATION OF LIPID LOCALIZATION%GOBP%GO:1905954		63	-0.3578424	-1.1511351	0.21026157	0.49238726	1.0	2936	tags=30%, list=20%, signal=37%	
SARS-COV-1 INFECTION%REACTOME%R-HSA-9678108.8	SARS-COV-1 INFECTION%REACTOME%R-HSA-9678108.8		138	-0.3184413	-1.1509804	0.17019027	0.49244028	1.0	3680	tags=27%, list=25%, signal=35%	
TCF DEPENDENT SIGNALING IN RESPONSE TO WNT%REACTOME%R-HSA-201681.3	TCF DEPENDENT SIGNALING IN RESPONSE TO WNT%REACTOME%R-HSA-201681.3		165	-0.3111373	-1.1508857	0.15917969	0.49236396	1.0	2818	tags=24%, list=19%, signal=29%	
PROCESSING OF CAPPED INTRON-CONTAINING PRE-MRNA%REACTOME DATABASE ID RELEASE 95%72203	PROCESSING OF CAPPED INTRON-CONTAINING PRE-MRNA%REACTOME DATABASE ID RELEASE 95%72203		286	-0.293468	-1.1508244	0.1098081	0.49221084	1.0	3156	tags=21%, list=21%, signal=26%	
T CELL DIFFERENTIATION INVOLVED IN IMMUNE RESPONSE%GOBP%GO:0002292	T CELL DIFFERENTIATION INVOLVED IN IMMUNE RESPONSE%GOBP%GO:0002292		40	-0.3842033	-1.1503924	0.21556886	0.4929769	1.0	3022	tags=43%, list=20%, signal=53%	
ANATOMICAL STRUCTURE MATURATION%GOBP%GO:0071695	ANATOMICAL STRUCTURE MATURATION%GOBP%GO:0071695		85	-0.34113973	-1.1500847	0.18469387	0.4934219	1.0	2148	tags=24%, list=14%, signal=27%	
LATE ENDOSOMAL MICROAUTOPHAGY%REACTOME DATABASE ID RELEASE 95%9615710	LATE ENDOSOMAL MICROAUTOPHAGY%REACTOME DATABASE ID RELEASE 95%9615710		32	-0.40956852	-1.1497818	0.24166666	0.4938542	1.0	2231	tags=22%, list=15%, signal=26%	
SARS-COV-2 ACTIVATES MODULATES INNATE AND ADAPTIVE IMMUNE RESPONSES%REACTOME%R-HSA-9705671.5	SARS-COV-2 ACTIVATES MODULATES INNATE AND ADAPTIVE IMMUNE RESPONSES%REACTOME%R-HSA-9705671.5		100	-0.33426702	-1.1495932	0.17695473	0.49402598	1.0	4160	tags=31%, list=28%, signal=43%	
ACTIVATED NOTCH1 TRANSMITS SIGNAL TO THE NUCLEUS%REACTOME DATABASE ID RELEASE 95%2122948	ACTIVATED NOTCH1 TRANSMITS SIGNAL TO THE NUCLEUS%REACTOME DATABASE ID RELEASE 95%2122948		30	-0.41254646	-1.1493615	0.24191968	0.49428448	1.0	1798	tags=27%, list=12%, signal=30%	
CARDIAC MUSCLE TISSUE MORPHOGENESIS%GOBP%GO:0055008	CARDIAC MUSCLE TISSUE MORPHOGENESIS%GOBP%GO:0055008		34	-0.40139803	-1.1492258	0.24697581	0.49429938	1.0	2061	tags=24%, list=14%, signal=27%	
DITERPENOID METABOLIC PROCESS%GOBP%GO:0016101	DITERPENOID METABOLIC PROCESS%GOBP%GO:0016101		50	-0.37309647	-1.1489534	0.23862487	0.494685	1.0	2378	tags=22%, list=16%, signal=26%	
GRANULOCYTE MIGRATION%GOBP%GO:0097530	GRANULOCYTE MIGRATION%GOBP%GO:0097530		63	-0.3566586	-1.148507	0.216	0.49548343	1.0	2359	tags=25%, list=16%, signal=30%	
ASSEMBLY OF THE HIV VIRION%REACTOME DATABASE ID RELEASE 95%175474	ASSEMBLY OF THE HIV VIRION%REACTOME DATABASE ID RELEASE 95%175474		16	-0.47580844	-1.1484973	0.28350514	0.49519932	1.0	3605	tags=44%, list=24%, signal=58%	
FORMATION OF TC-NER PRE-INCISION COMPLEX%REACTOME%R-HSA-6781823.4	FORMATION OF TC-NER PRE-INCISION COMPLEX%REACTOME%R-HSA-6781823.4		49	-0.37112978	-1.1481545	0.23076923	0.49573913	1.0	3135	tags=31%, list=21%, signal=39%	
HIPPO SIGNALING%GOBP%GO:0035329	HIPPO SIGNALING%GOBP%GO:0035329		22	-0.43965003	-1.1471146	0.27138644	0.4979999	1.0	1657	tags=27%, list=11%, signal=31%	
POSITIVE REGULATION OF VIRAL LIFE CYCLE%GOBP%GO:1903902	POSITIVE REGULATION OF VIRAL LIFE CYCLE%GOBP%GO:1903902		20	-0.44727746	-1.1469531	0.2742915	0.49807838	1.0	3538	tags=35%, list=24%, signal=46%	
PEPTIDE TRANSPORT%GOBP%GO:0015833	PEPTIDE TRANSPORT%GOBP%GO:0015833		38	-0.39150286	-1.146889	0.23030303	0.4979315	1.0	2679	tags=29%, list=18%, signal=35%	
APOPTOSIS%REACTOME DATABASE ID RELEASE 95%109581	APOPTOSIS%REACTOME DATABASE ID RELEASE 95%109581		159	-0.30878127	-1.146519	0.15416667	0.49854857	1.0	2818	tags=27%, list=19%, signal=33%	
TRANSITION METAL ION TRANSPORT%GOBP%GO:0000041	TRANSITION METAL ION TRANSPORT%GOBP%GO:0000041		66	-0.35432214	-1.1465027	0.206041	0.4982744	1.0	2117	tags=20%, list=14%, signal=23%	
MRNA TRANSCRIPTION BY RNA POLYMERASE II%GOBP%GO:0042789	MRNA TRANSCRIPTION BY RNA POLYMERASE II%GOBP%GO:0042789		35	-0.40033397	-1.1458585	0.25826445	0.4995412	1.0	3885	tags=29%, list=26%, signal=38%	
TARGET OF RAPAMYCIN SIGNALING%WIKIPATHWAYS_20260211%WP1471%HOMO SAPIENS	TARGET OF RAPAMYCIN SIGNALING%WIKIPATHWAYS_20260211%WP1471%HOMO SAPIENS		31	-0.403062	-1.1458243	0.24973433	0.49931678	1.0	1595	tags=19%, list=11%, signal=22%	
TRANSCRIPTION BY RNA POLYMERASE II%GOBP%GO:0006366	TRANSCRIPTION BY RNA POLYMERASE II%GOBP%GO:0006366		285	-0.2927245	-1.1457169	0.11666667	0.4992784	1.0	2904	tags=20%, list=19%, signal=24%	
CHROMOSOME CONDENSATION%GOBP%GO:0030261	CHROMOSOME CONDENSATION%GOBP%GO:0030261		28	-0.4212987	-1.1456482	0.2525355	0.499126	1.0	1553	tags=18%, list=10%, signal=20%	
CELLULAR RESPONSE TO BIOTIC STIMULUS%GOBP%GO:0071216	CELLULAR RESPONSE TO BIOTIC STIMULUS%GOBP%GO:0071216		139	-0.31545642	-1.1451885	0.16880552	0.49993575	1.0	3148	tags=30%, list=21%, signal=38%	
SLC-MEDIATED TRANSPORT OF ORGANIC ANIONS%REACTOME%R-HSA-9955298.1	SLC-MEDIATED TRANSPORT OF ORGANIC ANIONS%REACTOME%R-HSA-9955298.1		25	-0.42843857	-1.1449115	0.26577044	0.5003265	1.0	873	tags=20%, list=6%, signal=21%	
POSITIVE REGULATION OF PROTEOLYSIS%GOBP%GO:0045862	POSITIVE REGULATION OF PROTEOLYSIS%GOBP%GO:0045862		55	-0.3625724	-1.143572	0.2293307	0.50341153	1.0	3043	tags=36%, list=20%, signal=45%	
HORMONE SECRETION%GOBP%GO:0046879	HORMONE SECRETION%GOBP%GO:0046879		25	-0.423261	-1.1433448	0.27795193	0.50367033	1.0	2312	tags=28%, list=15%, signal=33%	
ACTIVATION OF IMMUNE RESPONSE%GOBP%GO:0002253	ACTIVATION OF IMMUNE RESPONSE%GOBP%GO:0002253		303	-0.29017666	-1.1431185	0.11064718	0.5039366	1.0	2664	tags=23%, list=18%, signal=28%	
P38 SIGNALING MEDIATED BY MAPKAP KINASES%PATHWAY INTERACTION DATABASE NCI-NATURE CURATED DATA%P38 SIGNALING MEDIATED BY MAPKAP KINASES	P38 SIGNALING MEDIATED BY MAPKAP KINASES%PATHWAY INTERACTION DATABASE NCI-NATURE CURATED DATA%P38 SIGNALING MEDIATED BY MAPKAP KINASES		20	-0.44523078	-1.1422381	0.28629032	0.5058577	1.0	882	tags=15%, list=6%, signal=16%	
REGULATION OF PYRUVATE METABOLISM%REACTOME DATABASE ID RELEASE 95%9861718	REGULATION OF PYRUVATE METABOLISM%REACTOME DATABASE ID RELEASE 95%9861718		30	-0.40776604	-1.1417736	0.25726143	0.50672764	1.0	1062	tags=13%, list=7%, signal=14%	
TRANSCRIPTION BY RNA POLYMERASE III%GOBP%GO:0006383	TRANSCRIPTION BY RNA POLYMERASE III%GOBP%GO:0006383		40	-0.37941968	-1.1417372	0.23608248	0.5065037	1.0	2657	tags=23%, list=18%, signal=27%	
8P23 1 COPY NUMBER VARIATION SYNDROME%WIKIPATHWAYS_20260211%WP5346%HOMO SAPIENS	8P23 1 COPY NUMBER VARIATION SYNDROME%WIKIPATHWAYS_20260211%WP5346%HOMO SAPIENS		36	-0.39386868	-1.1416909	0.25518674	0.506308	1.0	2122	tags=22%, list=14%, signal=26%	
PID_TCR_CALCIUM_PATHWAY%MSIGDB_C2%PID_TCR_CALCIUM_PATHWAY	PID_TCR_CALCIUM_PATHWAY%MSIGDB_C2%PID_TCR_CALCIUM_PATHWAY		21	-0.44620004	-1.1415123	0.27958116	0.50644886	1.0	765	tags=14%, list=5%, signal=15%	
VESICLE DOCKING%GOBP%GO:0048278	VESICLE DOCKING%GOBP%GO:0048278		50	-0.37061197	-1.1414802	0.22372529	0.5062138	1.0	1467	tags=22%, list=10%, signal=24%	
LONG-CHAIN FATTY ACID BIOSYNTHETIC PROCESS%GOBP%GO:0042759	LONG-CHAIN FATTY ACID BIOSYNTHETIC PROCESS%GOBP%GO:0042759		19	-0.45514214	-1.14091	0.2776089	0.50735635	1.0	2498	tags=37%, list=17%, signal=44%	
REGULATION OF PROTEIN MODIFICATION BY SMALL PROTEIN CONJUGATION OR REMOVAL%GOBP%GO:1903320	REGULATION OF PROTEIN MODIFICATION BY SMALL PROTEIN CONJUGATION OR REMOVAL%GOBP%GO:1903320		184	-0.3041184	-1.1406647	0.14855434	0.5076711	1.0	2346	tags=16%, list=16%, signal=18%	
B CELL RECEPTOR SIGNALING%WIKIPATHWAYS_20260211%WP23%HOMO SAPIENS	B CELL RECEPTOR SIGNALING%WIKIPATHWAYS_20260211%WP23%HOMO SAPIENS		80	-0.3375136	-1.1404133	0.18623482	0.50798446	1.0	1643	tags=18%, list=11%, signal=20%	
CELLULAR RESPONSE TO EXTERNAL STIMULUS%GOBP%GO:0071496	CELLULAR RESPONSE TO EXTERNAL STIMULUS%GOBP%GO:0071496		53	-0.36444333	-1.1403338	0.2182377	0.5078726	1.0	1491	tags=25%, list=10%, signal=27%	
SYNAPTIC VESICLE CYTOSKELETAL TRANSPORT%GOBP%GO:0099514	SYNAPTIC VESICLE CYTOSKELETAL TRANSPORT%GOBP%GO:0099514		17	-0.46304032	-1.1392528	0.28703704	0.5102418	1.0	3117	tags=35%, list=21%, signal=44%	
FC RECEPTOR SIGNALING PATHWAY%GOBP%GO:0038093	FC RECEPTOR SIGNALING PATHWAY%GOBP%GO:0038093		47	-0.37290928	-1.1392136	0.23789908	0.5100293	1.0	2265	tags=28%, list=15%, signal=32%	
REGULATION OF INTRACELLULAR STEROID HORMONE RECEPTOR SIGNALING PATHWAY%GOBP%GO:0033143	REGULATION OF INTRACELLULAR STEROID HORMONE RECEPTOR SIGNALING PATHWAY%GOBP%GO:0033143		59	-0.36020568	-1.1391371	0.23038729	0.5099243	1.0	984	tags=10%, list=7%, signal=11%	
REGULATION OF CD8-POSITIVE, ALPHA-BETA T CELL ACTIVATION%GOBP%GO:2001185	REGULATION OF CD8-POSITIVE, ALPHA-BETA T CELL ACTIVATION%GOBP%GO:2001185		20	-0.44378307	-1.1390332	0.27272728	0.5098634	1.0	1522	tags=30%, list=10%, signal=33%	
SIGNALING EVENTS MEDIATED BY HEPATOCYTE GROWTH FACTOR RECEPTOR (C-MET)%PATHWAY INTERACTION DATABASE NCI-NATURE CURATED DATA%SIGNALING EVENTS MEDIATED BY HEPATOCYTE GROWTH FACTOR RECEPTOR (C-MET)	SIGNALING EVENTS MEDIATED BY HEPATOCYTE GROWTH FACTOR RECEPTOR (C-MET)%PATHWAY INTERACTION DATABASE NCI-NATURE CURATED DATA%SIGNALING EVENTS MEDIATED BY HEPATOCYTE GROWTH FACTOR RECEPTOR (C-MET)		80	-0.33738878	-1.1389257	0.20930232	0.50982225	1.0	1615	tags=18%, list=11%, signal=20%	
REGULATION OF RESPONSE TO CYTOKINE STIMULUS%GOBP%GO:0060759	REGULATION OF RESPONSE TO CYTOKINE STIMULUS%GOBP%GO:0060759		147	-0.31045428	-1.1388955	0.1627907	0.5095902	1.0	2538	tags=24%, list=17%, signal=29%	
ACTIVATION OF NMDA RECEPTORS AND POSTSYNAPTIC EVENTS%REACTOME%R-HSA-442755.9	ACTIVATION OF NMDA RECEPTORS AND POSTSYNAPTIC EVENTS%REACTOME%R-HSA-442755.9		59	-0.35570914	-1.1387484	0.2264914	0.5096604	1.0	808	tags=12%, list=5%, signal=12%	
VENTRICULAR CARDIAC MUSCLE TISSUE DEVELOPMENT%GOBP%GO:0003229	VENTRICULAR CARDIAC MUSCLE TISSUE DEVELOPMENT%GOBP%GO:0003229		33	-0.39647776	-1.1381974	0.25757575	0.5107389	1.0	1507	tags=18%, list=10%, signal=20%	
POSITIVE REGULATION OF CELL DIVISION%GOBP%GO:0051781	POSITIVE REGULATION OF CELL DIVISION%GOBP%GO:0051781		41	-0.385068	-1.1380972	0.23723723	0.51068467	1.0	1167	tags=10%, list=8%, signal=11%	
OBSOLETE POSITIVE REGULATION OF PROTEIN TARGETING TO MITOCHONDRION%GOBP%GO:1903955	OBSOLETE POSITIVE REGULATION OF PROTEIN TARGETING TO MITOCHONDRION%GOBP%GO:1903955		29	-0.41071394	-1.1376672	0.27863777	0.5114753	1.0	2810	tags=28%, list=19%, signal=34%	
RESPONSE OF MTB TO PHAGOCYTOSIS%REACTOME%R-HSA-9637690.3	RESPONSE OF MTB TO PHAGOCYTOSIS%REACTOME%R-HSA-9637690.3		23	-0.4332159	-1.1376477	0.2808425	0.5112104	1.0	4811	tags=61%, list=32%, signal=89%	
RSV-HOST INTERACTIONS%REACTOME%R-HSA-9833110.2	RSV-HOST INTERACTIONS%REACTOME%R-HSA-9833110.2		82	-0.33515704	-1.1375811	0.2185904	0.51106304	1.0	4118	tags=40%, list=27%, signal=55%	
INTRACELLULAR ZINC ION HOMEOSTASIS%GOBP%GO:0006882	INTRACELLULAR ZINC ION HOMEOSTASIS%GOBP%GO:0006882		23	-0.43797648	-1.1372763	0.27319586	0.5115138	1.0	2153	tags=26%, list=14%, signal=30%	
REGULATION OF SECRETION%GOBP%GO:0051046	REGULATION OF SECRETION%GOBP%GO:0051046		358	-0.28270876	-1.1369917	0.09045725	0.51192695	1.0	2546	tags=26%, list=17%, signal=30%	
CELLULAR RESPONSE TO PEPTIDE HORMONE STIMULUS%GOBP%GO:0071375	CELLULAR RESPONSE TO PEPTIDE HORMONE STIMULUS%GOBP%GO:0071375		149	-0.30927098	-1.1366488	0.16666667	0.51249075	1.0	1643	tags=17%, list=11%, signal=19%	
ARF6 SIGNALING EVENTS%PATHWAY INTERACTION DATABASE NCI-NATURE CURATED DATA%ARF6 SIGNALING EVENTS	ARF6 SIGNALING EVENTS%PATHWAY INTERACTION DATABASE NCI-NATURE CURATED DATA%ARF6 SIGNALING EVENTS		34	-0.3936284	-1.1366345	0.26618704	0.5122216	1.0	2604	tags=32%, list=17%, signal=39%	
2'-DEOXYRIBONUCLEOTIDE METABOLIC PROCESS%GOBP%GO:0009394	2'-DEOXYRIBONUCLEOTIDE METABOLIC PROCESS%GOBP%GO:0009394		31	-0.40352935	-1.136599	0.2688391	0.5119994	1.0	3395	tags=26%, list=23%, signal=33%	
PIGMENT BIOSYNTHETIC PROCESS%GOBP%GO:0046148	PIGMENT BIOSYNTHETIC PROCESS%GOBP%GO:0046148		26	-0.42065865	-1.13652	0.25867507	0.51188534	1.0	2974	tags=27%, list=20%, signal=34%	
WARBURG EFFECT MODULATED BY DEUBIQUITINATING ENZYMES AND THEIR SUBSTRATES%WIKIPATHWAYS_20260211%WP5216%HOMO SAPIENS	WARBURG EFFECT MODULATED BY DEUBIQUITINATING ENZYMES AND THEIR SUBSTRATES%WIKIPATHWAYS_20260211%WP5216%HOMO SAPIENS		20	-0.4410931	-1.1362495	0.28456914	0.51224035	1.0	2347	tags=25%, list=16%, signal=30%	
XENOBIOTIC METABOLIC PROCESS%GOBP%GO:0006805	XENOBIOTIC METABOLIC PROCESS%GOBP%GO:0006805		87	-0.3337234	-1.136086	0.2185904	0.5123367	1.0	1653	tags=16%, list=11%, signal=18%	
NUCLEOSOME DISASSEMBLY%GOBP%GO:0006337	NUCLEOSOME DISASSEMBLY%GOBP%GO:0006337		20	-0.44782275	-1.1353983	0.27209532	0.5137561	1.0	709	tags=10%, list=5%, signal=10%	
P53-DEPENDENT G1 DNA DAMAGE RESPONSE%REACTOME%R-HSA-69563.6	P53-DEPENDENT G1 DNA DAMAGE RESPONSE%REACTOME%R-HSA-69563.6		53	-0.36295706	-1.1350961	0.22277722	0.5142023	1.0	2818	tags=36%, list=19%, signal=44%	
NEGATIVE REGULATION OF PROTEASOMAL UBIQUITIN-DEPENDENT PROTEIN CATABOLIC PROCESS%GOBP%GO:0032435	NEGATIVE REGULATION OF PROTEASOMAL UBIQUITIN-DEPENDENT PROTEIN CATABOLIC PROCESS%GOBP%GO:0032435		36	-0.3874633	-1.1349689	0.25670102	0.51422274	1.0	1490	tags=17%, list=10%, signal=18%	
T CELL MEDIATED IMMUNITY%GOBP%GO:0002456	T CELL MEDIATED IMMUNITY%GOBP%GO:0002456		17	-0.45924264	-1.1348765	0.2801205	0.5141549	1.0	2637	tags=35%, list=18%, signal=43%	
DISRUPTION OF CELL IN ANOTHER ORGANISM%GOBP%GO:0141061	DISRUPTION OF CELL IN ANOTHER ORGANISM%GOBP%GO:0141061		26	-0.41953373	-1.1347214	0.2721585	0.5142411	1.0	1285	tags=15%, list=9%, signal=17%	
REGULATION OF RECEPTOR SIGNALING PATHWAY VIA JAK-STAT%GOBP%GO:0046425	REGULATION OF RECEPTOR SIGNALING PATHWAY VIA JAK-STAT%GOBP%GO:0046425		47	-0.3720519	-1.134214	0.25789472	0.5152305	1.0	2661	tags=21%, list=18%, signal=26%	
CELLULAR RESPONSE TO MECHANICAL STIMULUS%GOBP%GO:0071260	CELLULAR RESPONSE TO MECHANICAL STIMULUS%GOBP%GO:0071260		53	-0.36444333	-1.1341351	0.24747474	0.5151102	1.0	1491	tags=25%, list=10%, signal=27%	
REGULATION OF SPROUTING ANGIOGENESIS%GOBP%GO:1903670	REGULATION OF SPROUTING ANGIOGENESIS%GOBP%GO:1903670		37	-0.38966247	-1.1341262	0.2521645	0.5148184	1.0	3081	tags=41%, list=21%, signal=51%	
REGULATION OF UBIQUITIN-PROTEIN TRANSFERASE ACTIVITY%GOBP%GO:0051438	REGULATION OF UBIQUITIN-PROTEIN TRANSFERASE ACTIVITY%GOBP%GO:0051438		15	-0.48596606	-1.1337876	0.30374753	0.5153809	1.0	449	tags=13%, list=3%, signal=14%	
TRANSCRIPTION-COUPLED NUCLEOTIDE EXCISION REPAIR (TC-NER)%REACTOME%R-HSA-6781827.3	TRANSCRIPTION-COUPLED NUCLEOTIDE EXCISION REPAIR (TC-NER)%REACTOME%R-HSA-6781827.3		74	-0.34027773	-1.1336122	0.21501014	0.51551884	1.0	3757	tags=31%, list=25%, signal=41%	
PROTEIN LOCALIZATION TO MEMBRANE%GOBP%GO:0072657	PROTEIN LOCALIZATION TO MEMBRANE%GOBP%GO:0072657		228	-0.29401836	-1.133418	0.1440501	0.51568854	1.0	2693	tags=24%, list=18%, signal=28%	
ETHER LIPID METABOLIC PROCESS%GOBP%GO:0046485	ETHER LIPID METABOLIC PROCESS%GOBP%GO:0046485		22	-0.4338222	-1.1332071	0.25842696	0.51590633	1.0	1748	tags=23%, list=12%, signal=26%	
THYROID HORMONES PRODUCTION AND PERIPHERAL DOWNSTREAM SIGNALING EFFECTS%WIKIPATHWAYS_20260211%WP4746%HOMO SAPIENS	THYROID HORMONES PRODUCTION AND PERIPHERAL DOWNSTREAM SIGNALING EFFECTS%WIKIPATHWAYS_20260211%WP4746%HOMO SAPIENS		68	-0.34525675	-1.1329985	0.21993834	0.5161253	1.0	2012	tags=26%, list=13%, signal=30%	
KILLING OF CELLS OF ANOTHER ORGANISM%GOBP%GO:0031640	KILLING OF CELLS OF ANOTHER ORGANISM%GOBP%GO:0031640		26	-0.41953373	-1.1323926	0.28373015	0.5173358	1.0	1285	tags=15%, list=9%, signal=17%	
BIOCARTA_NKT_PATHWAY%MSIGDB_C2%BIOCARTA_NKT_PATHWAY	BIOCARTA_NKT_PATHWAY%MSIGDB_C2%BIOCARTA_NKT_PATHWAY		16	-0.47058523	-1.1322815	0.28716904	0.5172981	1.0	2507	tags=25%, list=17%, signal=30%	
MAP KINASE ACTIVATION%REACTOME%R-HSA-450294.5	MAP KINASE ACTIVATION%REACTOME%R-HSA-450294.5		62	-0.3535092	-1.1320575	0.24020101	0.517541	1.0	1905	tags=16%, list=13%, signal=18%	
POSITIVE REGULATION OF CYTOKINE PRODUCTION INVOLVED IN INFLAMMATORY RESPONSE%GOBP%GO:1900017	POSITIVE REGULATION OF CYTOKINE PRODUCTION INVOLVED IN INFLAMMATORY RESPONSE%GOBP%GO:1900017		21	-0.4375837	-1.1318729	0.28796843	0.5177125	1.0	3148	tags=38%, list=21%, signal=48%	
INTRACELLULAR SIGNALING BY SECOND MESSENGERS%REACTOME%R-HSA-9006925.5	INTRACELLULAR SIGNALING BY SECOND MESSENGERS%REACTOME%R-HSA-9006925.5		272	-0.29010776	-1.1316835	0.1381781	0.5178876	1.0	2898	tags=26%, list=19%, signal=31%	
ACTIN FILAMENT BUNDLE ORGANIZATION%GOBP%GO:0061572	ACTIN FILAMENT BUNDLE ORGANIZATION%GOBP%GO:0061572		56	-0.35151094	-1.1313186	0.23406374	0.5185061	1.0	1655	tags=20%, list=11%, signal=22%	
PID_EPHA2_FWD_PATHWAY%MSIGDB_C2%PID_EPHA2_FWD_PATHWAY	PID_EPHA2_FWD_PATHWAY%MSIGDB_C2%PID_EPHA2_FWD_PATHWAY		15	-0.47268185	-1.1304036	0.3076142	0.52052367	1.0	1615	tags=27%, list=11%, signal=30%	
BIOCARTA_ATRBRCA_PATHWAY%MSIGDB_C2%BIOCARTA_ATRBRCA_PATHWAY	BIOCARTA_ATRBRCA_PATHWAY%MSIGDB_C2%BIOCARTA_ATRBRCA_PATHWAY		19	-0.44870004	-1.1303822	0.28630278	0.5202645	1.0	1310	tags=16%, list=9%, signal=17%	
ANTEROGRADE SYNAPTIC VESICLE TRANSPORT%GOBP%GO:0048490	ANTEROGRADE SYNAPTIC VESICLE TRANSPORT%GOBP%GO:0048490		17	-0.46304032	-1.1301512	0.29737905	0.52055305	1.0	3117	tags=35%, list=21%, signal=44%	
RIBOSOMAL LARGE SUBUNIT ASSEMBLY%GOBP%GO:0000027	RIBOSOMAL LARGE SUBUNIT ASSEMBLY%GOBP%GO:0000027		22	-0.42850336	-1.1299944	0.26841575	0.52062756	1.0	5362	tags=59%, list=36%, signal=92%	
TRNA PROCESSING%GOBP%GO:0008033	TRNA PROCESSING%GOBP%GO:0008033		124	-0.31638867	-1.1297148	0.18965517	0.52104944	1.0	4113	tags=30%, list=27%, signal=41%	
BLOOD GROUP SYSTEMS BIOSYNTHESIS%REACTOME%R-HSA-9033658.3	BLOOD GROUP SYSTEMS BIOSYNTHESIS%REACTOME%R-HSA-9033658.3		15	-0.46654812	-1.1296688	0.29090908	0.5208509	1.0	3279	tags=40%, list=22%, signal=51%	
TARGETED AGENTS IN TRIPLE NEGATIVE BREAST CANCER%WIKIPATHWAYS_20260211%WP5215%HOMO SAPIENS	TARGETED AGENTS IN TRIPLE NEGATIVE BREAST CANCER%WIKIPATHWAYS_20260211%WP5215%HOMO SAPIENS		32	-0.39983833	-1.1296227	0.28292182	0.52065915	1.0	2149	tags=22%, list=14%, signal=25%	
P53-DEPENDENT G1 S DNA DAMAGE CHECKPOINT%REACTOME DATABASE ID RELEASE 95%69580	P53-DEPENDENT G1 S DNA DAMAGE CHECKPOINT%REACTOME DATABASE ID RELEASE 95%69580		53	-0.36295706	-1.1294733	0.25462013	0.5207374	1.0	2818	tags=36%, list=19%, signal=44%	
REGULATION OF D-GLUCOSE IMPORT ACROSS PLASMA MEMBRANE%GOBP%GO:0046324	REGULATION OF D-GLUCOSE IMPORT ACROSS PLASMA MEMBRANE%GOBP%GO:0046324		31	-0.40593427	-1.1294068	0.26957384	0.5205967	1.0	825	tags=16%, list=5%, signal=17%	
RHOJ GTPASE CYCLE%REACTOME DATABASE ID RELEASE 95%9013409	RHOJ GTPASE CYCLE%REACTOME DATABASE ID RELEASE 95%9013409		54	-0.35973394	-1.129365	0.24799196	0.52038753	1.0	2450	tags=24%, list=16%, signal=29%	
CLATHRIN-MEDIATED ENDOCYTOSIS%REACTOME%R-HSA-8856828.5	CLATHRIN-MEDIATED ENDOCYTOSIS%REACTOME%R-HSA-8856828.5		135	-0.31410024	-1.1290367	0.20766774	0.5209096	1.0	2322	tags=23%, list=15%, signal=27%	
ORGANOPHOSPHATE ESTER TRANSPORT%GOBP%GO:0015748	ORGANOPHOSPHATE ESTER TRANSPORT%GOBP%GO:0015748		121	-0.31675103	-1.1290143	0.18954918	0.52065605	1.0	2410	tags=24%, list=16%, signal=28%	
TRNA PROCESSING%REACTOME DATABASE ID RELEASE 95%72306	TRNA PROCESSING%REACTOME DATABASE ID RELEASE 95%72306		107	-0.32257006	-1.1289434	0.19137749	0.5205387	1.0	4300	tags=32%, list=29%, signal=44%	
REGULATION OF HIPPO SIGNALING%GOBP%GO:0035330	REGULATION OF HIPPO SIGNALING%GOBP%GO:0035330		43	-0.38073647	-1.1288968	0.26069248	0.52034956	1.0	2240	tags=30%, list=15%, signal=35%	
REGULATION OF CHOLESTEROL BIOSYNTHETIC PROCESS%GOBP%GO:0045540	REGULATION OF CHOLESTEROL BIOSYNTHETIC PROCESS%GOBP%GO:0045540		22	-0.43211874	-1.1283845	0.2943038	0.52135235	1.0	1211	tags=23%, list=8%, signal=25%	
NOTCH3 INTRACELLULAR DOMAIN REGULATES TRANSCRIPTION%REACTOME%R-HSA-9013508.2	NOTCH3 INTRACELLULAR DOMAIN REGULATES TRANSCRIPTION%REACTOME%R-HSA-9013508.2		22	-0.43018422	-1.1283656	0.2825397	0.5210951	1.0	1352	tags=18%, list=9%, signal=20%	
MALE MEIOTIC NUCLEAR DIVISION%GOBP%GO:0007140	MALE MEIOTIC NUCLEAR DIVISION%GOBP%GO:0007140		17	-0.45239547	-1.1279652	0.30165288	0.5218149	1.0	2393	tags=24%, list=16%, signal=28%	
PHOSPHATIDIC ACID BIOSYNTHETIC PROCESS%GOBP%GO:0006654	PHOSPHATIDIC ACID BIOSYNTHETIC PROCESS%GOBP%GO:0006654		30	-0.40186366	-1.1278995	0.2701613	0.5216634	1.0	925	tags=23%, list=6%, signal=25%	
T-HELPER 17 CELL DIFFERENTIATION%GOBP%GO:0072539	T-HELPER 17 CELL DIFFERENTIATION%GOBP%GO:0072539		24	-0.43207145	-1.1276909	0.28863868	0.52189934	1.0	4440	tags=63%, list=30%, signal=89%	
PEPTIDYL-TYROSINE DEPHOSPHORYLATION%GOBP%GO:0035335	PEPTIDYL-TYROSINE DEPHOSPHORYLATION%GOBP%GO:0035335		17	-0.4689224	-1.1269912	0.29386893	0.5233399	1.0	1988	tags=29%, list=13%, signal=34%	
LIPOPROTEIN METABOLIC PROCESS%GOBP%GO:0042157	LIPOPROTEIN METABOLIC PROCESS%GOBP%GO:0042157		42	-0.37777755	-1.1265819	0.2661208	0.52405065	1.0	2059	tags=19%, list=14%, signal=22%	
MRNA DECAY BY 3' TO 5' EXORIBONUCLEASE%REACTOME%R-HSA-429958.5	MRNA DECAY BY 3' TO 5' EXORIBONUCLEASE%REACTOME%R-HSA-429958.5		16	-0.47027943	-1.126281	0.3054137	0.52451164	1.0	4898	tags=50%, list=33%, signal=74%	
CLASS I PI3K SIGNALING EVENTS%PATHWAY INTERACTION DATABASE NCI-NATURE CURATED DATA%CLASS I PI3K SIGNALING EVENTS	CLASS I PI3K SIGNALING EVENTS%PATHWAY INTERACTION DATABASE NCI-NATURE CURATED DATA%CLASS I PI3K SIGNALING EVENTS		45	-0.37155363	-1.1262013	0.24763903	0.5244026	1.0	1690	tags=22%, list=11%, signal=25%	
CYTOPLASMIC RIBOSOMAL PROTEINS%WIKIPATHWAYS_20260211%WP477%HOMO SAPIENS	CYTOPLASMIC RIBOSOMAL PROTEINS%WIKIPATHWAYS_20260211%WP477%HOMO SAPIENS		85	-0.33446747	-1.1261928	0.23229167	0.5241175	1.0	5463	tags=41%, list=36%, signal=64%	
REGULATION OF NUCLEOCYTOPLASMIC TRANSPORT%GOBP%GO:0046822	REGULATION OF NUCLEOCYTOPLASMIC TRANSPORT%GOBP%GO:0046822		79	-0.33743638	-1.1259031	0.23971194	0.52452326	1.0	2501	tags=16%, list=17%, signal=20%	
RAB GERANYLGERANYLATION%REACTOME%R-HSA-8873719.4	RAB GERANYLGERANYLATION%REACTOME%R-HSA-8873719.4		63	-0.34594667	-1.1251842	0.22699386	0.5260118	1.0	1661	tags=21%, list=11%, signal=23%	
PEROXISOME ORGANIZATION%GOBP%GO:0007031	PEROXISOME ORGANIZATION%GOBP%GO:0007031		31	-0.39999577	-1.1251441	0.28629443	0.5257959	1.0	2778	tags=32%, list=18%, signal=39%	
ARP2/3 COMPLEX-MEDIATED ACTIN NUCLEATION%GOBP%GO:0034314	ARP2/3 COMPLEX-MEDIATED ACTIN NUCLEATION%GOBP%GO:0034314		15	-0.47243944	-1.1251149	0.31364563	0.52556604	1.0	2216	tags=47%, list=15%, signal=55%	
GLYCOLYSIS%BIOCYC%PWY66-400	GLYCOLYSIS%BIOCYC%PWY66-400		19	-0.45117846	-1.12464	0.2858684	0.5264771	1.0	2879	tags=32%, list=19%, signal=39%	
NEGATIVE REGULATION OF HEMOSTASIS%GOBP%GO:1900047	NEGATIVE REGULATION OF HEMOSTASIS%GOBP%GO:1900047		34	-0.39533356	-1.1245737	0.27624872	0.52633244	1.0	2545	tags=32%, list=17%, signal=39%	
HALLMARK_ESTROGEN_RESPONSE_LATE%MSIGDBHALLMARK%HALLMARK_ESTROGEN_RESPONSE_LATE	HALLMARK_ESTROGEN_RESPONSE_LATE%MSIGDBHALLMARK%HALLMARK_ESTROGEN_RESPONSE_LATE		158	-0.30343342	-1.1241518	0.19179487	0.52710515	1.0	1126	tags=15%, list=7%, signal=16%	
NEGATIVE REGULATION OF EXTRINSIC APOPTOTIC SIGNALING PATHWAY IN ABSENCE OF LIGAND%GOBP%GO:2001240	NEGATIVE REGULATION OF EXTRINSIC APOPTOTIC SIGNALING PATHWAY IN ABSENCE OF LIGAND%GOBP%GO:2001240		23	-0.4242585	-1.1240548	0.30070636	0.527046	1.0	1396	tags=22%, list=9%, signal=24%	
COPII-COATED VESICLE BUDDING%GOBP%GO:0090114	COPII-COATED VESICLE BUDDING%GOBP%GO:0090114		39	-0.38254133	-1.1239929	0.26680896	0.5268941	1.0	2548	tags=31%, list=17%, signal=37%	
REGULATED NECROSIS%REACTOME DATABASE ID RELEASE 95%5218859	REGULATED NECROSIS%REACTOME DATABASE ID RELEASE 95%5218859		58	-0.35079762	-1.1235315	0.24948665	0.5277932	1.0	2501	tags=24%, list=17%, signal=29%	
RIP-MEDIATED NFKB ACTIVATION VIA ZBP1%REACTOME DATABASE ID RELEASE 95%1810476	RIP-MEDIATED NFKB ACTIVATION VIA ZBP1%REACTOME DATABASE ID RELEASE 95%1810476		17	-0.46468788	-1.1233593	0.30588236	0.5279119	1.0	1369	tags=18%, list=9%, signal=19%	
SKELETAL MUSCLE CONTRACTION%GOBP%GO:0003009	SKELETAL MUSCLE CONTRACTION%GOBP%GO:0003009		21	-0.43761182	-1.1228753	0.27859238	0.52883345	1.0	2573	tags=33%, list=17%, signal=40%	
INTERLEUKIN SIGNALING PATHWAY%PANTHER PATHWAY%P00036	INTERLEUKIN SIGNALING PATHWAY%PANTHER PATHWAY%P00036		76	-0.3343081	-1.1224476	0.24183674	0.52957994	1.0	1690	tags=20%, list=11%, signal=22%	
HALLMARK_INTERFERON_GAMMA_RESPONSE%MSIGDBHALLMARK%HALLMARK_INTERFERON_GAMMA_RESPONSE	HALLMARK_INTERFERON_GAMMA_RESPONSE%MSIGDBHALLMARK%HALLMARK_INTERFERON_GAMMA_RESPONSE		171	-0.30030975	-1.1223783	0.18069816	0.5294607	1.0	2362	tags=25%, list=16%, signal=29%	
GLUCOCORTICOID RECEPTOR REGULATORY NETWORK%PATHWAY INTERACTION DATABASE NCI-NATURE CURATED DATA%GLUCOCORTICOID RECEPTOR REGULATORY NETWORK	GLUCOCORTICOID RECEPTOR REGULATORY NETWORK%PATHWAY INTERACTION DATABASE NCI-NATURE CURATED DATA%GLUCOCORTICOID RECEPTOR REGULATORY NETWORK		70	-0.34170946	-1.1222504	0.24124125	0.5294705	1.0	1643	tags=16%, list=11%, signal=18%	
POLYMERASE SWITCHING ON THE C-STRAND OF THE TELOMERE%REACTOME DATABASE ID RELEASE 95%174411	POLYMERASE SWITCHING ON THE C-STRAND OF THE TELOMERE%REACTOME DATABASE ID RELEASE 95%174411		25	-0.42101988	-1.1220843	0.30234933	0.52957773	1.0	3648	tags=32%, list=24%, signal=42%	
CXCR3-MEDIATED SIGNALING EVENTS%PATHWAY INTERACTION DATABASE NCI-NATURE CURATED DATA%CXCR3-MEDIATED SIGNALING EVENTS	CXCR3-MEDIATED SIGNALING EVENTS%PATHWAY INTERACTION DATABASE NCI-NATURE CURATED DATA%CXCR3-MEDIATED SIGNALING EVENTS		38	-0.38216048	-1.1220739	0.27474746	0.52929866	1.0	1690	tags=24%, list=11%, signal=27%	
LEUKOCYTE DEGRANULATION%GOBP%GO:0043299	LEUKOCYTE DEGRANULATION%GOBP%GO:0043299		22	-0.42928758	-1.121632	0.2763562	0.5300986	1.0	3476	tags=41%, list=23%, signal=53%	
MACROPHAGE DIFFERENTIATION%GOBP%GO:0030225	MACROPHAGE DIFFERENTIATION%GOBP%GO:0030225		28	-0.41058964	-1.1214094	0.29789367	0.5303634	1.0	948	tags=11%, list=6%, signal=11%	
CELL REDOX HOMEOSTASIS%GOBP%GO:0045454	CELL REDOX HOMEOSTASIS%GOBP%GO:0045454		37	-0.39076933	-1.121178	0.27235356	0.5306629	1.0	4206	tags=51%, list=28%, signal=71%	
CALCIUM-ION REGULATED EXOCYTOSIS%GOBP%GO:0017156	CALCIUM-ION REGULATED EXOCYTOSIS%GOBP%GO:0017156		23	-0.42297545	-1.1211094	0.2990556	0.5305267	1.0	2789	tags=30%, list=19%, signal=37%	
TBC RABGAPS%REACTOME%R-HSA-8854214.2	TBC RABGAPS%REACTOME%R-HSA-8854214.2		43	-0.37220514	-1.1210816	0.2616452	0.5302838	1.0	1674	tags=23%, list=11%, signal=26%	
REGULATION OF VASCULAR PERMEABILITY%GOBP%GO:0043114	REGULATION OF VASCULAR PERMEABILITY%GOBP%GO:0043114		36	-0.38577646	-1.1209306	0.2804391	0.53034997	1.0	2884	tags=36%, list=19%, signal=45%	
INTRACELLULAR PROTEIN TRANSPORT%GOBP%GO:0006886	INTRACELLULAR PROTEIN TRANSPORT%GOBP%GO:0006886		382	-0.27817497	-1.1208618	0.1294964	0.53021437	1.0	3140	tags=22%, list=21%, signal=27%	
REGULATION OF STEROL BIOSYNTHETIC PROCESS%GOBP%GO:0106118	REGULATION OF STEROL BIOSYNTHETIC PROCESS%GOBP%GO:0106118		22	-0.43211874	-1.1208345	0.30383795	0.5299705	1.0	1211	tags=23%, list=8%, signal=25%	
NUCLEOTIDE EXCISION REPAIR%REACTOME%R-HSA-5696398.4	NUCLEOTIDE EXCISION REPAIR%REACTOME%R-HSA-5696398.4		106	-0.3216101	-1.1207248	0.22401614	0.5299416	1.0	3648	tags=27%, list=24%, signal=36%	
SIGNALING BY ERBB2%REACTOME DATABASE ID RELEASE 95%1227986	SIGNALING BY ERBB2%REACTOME DATABASE ID RELEASE 95%1227986		46	-0.36927715	-1.1205062	0.27568135	0.53019226	1.0	2524	tags=28%, list=17%, signal=34%	
SYNAPTIC VESICLE TRANSPORT ALONG MICROTUBULE%GOBP%GO:0099517	SYNAPTIC VESICLE TRANSPORT ALONG MICROTUBULE%GOBP%GO:0099517		17	-0.46304032	-1.1204761	0.31692308	0.52995235	1.0	3117	tags=35%, list=21%, signal=44%	
LYMPHOCYTE DIFFERENTIATION%GOBP%GO:0030098	LYMPHOCYTE DIFFERENTIATION%GOBP%GO:0030098		167	-0.3036524	-1.1203122	0.18998979	0.530089	1.0	2191	tags=20%, list=15%, signal=23%	
REGULATION OF ALCOHOL BIOSYNTHETIC PROCESS%GOBP%GO:1902930	REGULATION OF ALCOHOL BIOSYNTHETIC PROCESS%GOBP%GO:1902930		38	-0.38264668	-1.1197996	0.26806283	0.5310871	1.0	1214	tags=18%, list=8%, signal=20%	
INTRACELLULAR MONOATOMIC CATION HOMEOSTASIS%GOBP%GO:0030003	INTRACELLULAR MONOATOMIC CATION HOMEOSTASIS%GOBP%GO:0030003		301	-0.2820288	-1.1196127	0.13241106	0.53125685	1.0	2189	tags=21%, list=15%, signal=24%	
REGULATION OF HETEROTYPIC CELL-CELL ADHESION%GOBP%GO:0034114	REGULATION OF HETEROTYPIC CELL-CELL ADHESION%GOBP%GO:0034114		19	-0.44631082	-1.1194248	0.2944215	0.53141695	1.0	3113	tags=42%, list=21%, signal=53%	
CELLULAR HOMEOSTASIS%GOBP%GO:0019725	CELLULAR HOMEOSTASIS%GOBP%GO:0019725		466	-0.27241847	-1.1190628	0.116842106	0.5319807	1.0	2189	tags=20%, list=15%, signal=22%	
POSITIVE REGULATION OF ENDOCYTOSIS%GOBP%GO:0045807	POSITIVE REGULATION OF ENDOCYTOSIS%GOBP%GO:0045807		120	-0.31301117	-1.1188079	0.22301425	0.53233576	1.0	1908	tags=21%, list=13%, signal=24%	
POSITIVE REGULATION OF VIRAL PROCESS%GOBP%GO:0048524	POSITIVE REGULATION OF VIRAL PROCESS%GOBP%GO:0048524		55	-0.35804173	-1.1186097	0.26	0.5325164	1.0	2999	tags=25%, list=20%, signal=32%	
INTERLEUKIN 1 IL 1 STRUCTURAL PATHWAY%WIKIPATHWAYS_20260211%WP2637%HOMO SAPIENS	INTERLEUKIN 1 IL 1 STRUCTURAL PATHWAY%WIKIPATHWAYS_20260211%WP2637%HOMO SAPIENS		40	-0.37767896	-1.1184928	0.2767419	0.5325074	1.0	1369	tags=18%, list=9%, signal=19%	
REGULATION OF PROTEIN LOCALIZATION TO CELL PERIPHERY%GOBP%GO:1904375	REGULATION OF PROTEIN LOCALIZATION TO CELL PERIPHERY%GOBP%GO:1904375		117	-0.3153928	-1.1183324	0.20353064	0.5326238	1.0	2254	tags=21%, list=15%, signal=25%	
SARS-COV-2 MODULATES HOST TRANSLATION MACHINERY%REACTOME DATABASE ID RELEASE 95%9754678	SARS-COV-2 MODULATES HOST TRANSLATION MACHINERY%REACTOME DATABASE ID RELEASE 95%9754678		49	-0.36451802	-1.1181642	0.2584964	0.53273386	1.0	5644	tags=51%, list=38%, signal=81%	
REGULATORY NCRNA-MEDIATED GENE SILENCING%GOBP%GO:0031047	REGULATORY NCRNA-MEDIATED GENE SILENCING%GOBP%GO:0031047		84	-0.33113593	-1.1178925	0.24236038	0.53313637	1.0	891	tags=8%, list=6%, signal=9%	
REGULATION OF NOTCH SIGNALING PATHWAY%GOBP%GO:0008593	REGULATION OF NOTCH SIGNALING PATHWAY%GOBP%GO:0008593		66	-0.34487852	-1.1177042	0.23312883	0.53331804	1.0	1721	tags=24%, list=11%, signal=27%	
ZBP1(DAI) MEDIATED INDUCTION OF TYPE I IFNS%REACTOME DATABASE ID RELEASE 95%1606322	ZBP1(DAI) MEDIATED INDUCTION OF TYPE I IFNS%REACTOME DATABASE ID RELEASE 95%1606322		20	-0.43779308	-1.1174605	0.30729702	0.5336369	1.0	3726	tags=35%, list=25%, signal=46%	
MONOCARBOXYLIC ACID BIOSYNTHETIC PROCESS%GOBP%GO:0072330	MONOCARBOXYLIC ACID BIOSYNTHETIC PROCESS%GOBP%GO:0072330		110	-0.31642973	-1.1168689	0.23535565	0.53484905	1.0	2239	tags=24%, list=15%, signal=28%	
DEOXYRIBONUCLEOTIDE CATABOLIC PROCESS%GOBP%GO:0009264	DEOXYRIBONUCLEOTIDE CATABOLIC PROCESS%GOBP%GO:0009264		20	-0.44297978	-1.1166666	0.30030334	0.53505373	1.0	3395	tags=30%, list=23%, signal=39%	
POSITIVE REGULATION OF INTERLEUKIN-17 PRODUCTION%GOBP%GO:0032740	POSITIVE REGULATION OF INTERLEUKIN-17 PRODUCTION%GOBP%GO:0032740		17	-0.4631637	-1.1163304	0.30861723	0.5356219	1.0	2859	tags=41%, list=19%, signal=51%	
OSTEOCLAST DIFFERENTIATION%GOBP%GO:0030316	OSTEOCLAST DIFFERENTIATION%GOBP%GO:0030316		29	-0.40303	-1.1158389	0.29867482	0.5365507	1.0	1615	tags=34%, list=11%, signal=39%	
CELL ACTIVATION INVOLVED IN IMMUNE RESPONSE%GOBP%GO:0002263	CELL ACTIVATION INVOLVED IN IMMUNE RESPONSE%GOBP%GO:0002263		128	-0.31182662	-1.1153498	0.19504644	0.5374874	1.0	3093	tags=32%, list=21%, signal=40%	
REGULATORY CIRCUITS OF STAT3 SIGNALING%WIKIPATHWAYS_20260211%WP4538%HOMO SAPIENS	REGULATORY CIRCUITS OF STAT3 SIGNALING%WIKIPATHWAYS_20260211%WP4538%HOMO SAPIENS		67	-0.3402485	-1.1147931	0.23780487	0.5386519	1.0	2021	tags=18%, list=13%, signal=21%	
NEGATIVE REGULATION OF BLOOD COAGULATION%GOBP%GO:0030195	NEGATIVE REGULATION OF BLOOD COAGULATION%GOBP%GO:0030195		34	-0.39533356	-1.1147269	0.2838384	0.5385016	1.0	2545	tags=32%, list=17%, signal=39%	
POSITIVE REGULATION OF ERAD PATHWAY%GOBP%GO:1904294	POSITIVE REGULATION OF ERAD PATHWAY%GOBP%GO:1904294		16	-0.45607218	-1.1142379	0.30921704	0.53942984	1.0	2455	tags=31%, list=16%, signal=37%	
RESPONSE TO OXIDATIVE STRESS%GOBP%GO:0006979	RESPONSE TO OXIDATIVE STRESS%GOBP%GO:0006979		253	-0.28727123	-1.1141926	0.1772541	0.53923494	1.0	2761	tags=26%, list=18%, signal=32%	
HALLMARK_COMPLEMENT%MSIGDBHALLMARK%HALLMARK_COMPLEMENT	HALLMARK_COMPLEMENT%MSIGDBHALLMARK%HALLMARK_COMPLEMENT		133	-0.30788192	-1.114111	0.2289282	0.5391418	1.0	2436	tags=25%, list=16%, signal=29%	
SIGNALING BY CSF1 (M-CSF) IN MYELOID CELLS%REACTOME DATABASE ID RELEASE 95%9680350	SIGNALING BY CSF1 (M-CSF) IN MYELOID CELLS%REACTOME DATABASE ID RELEASE 95%9680350		30	-0.39981875	-1.1140758	0.2910995	0.53892565	1.0	1690	tags=20%, list=11%, signal=22%	
DENGUE VIRUS ACTIVATES MODULATES INNATE AND ADAPTIVE IMMUNE RESPONSES%REACTOME DATABASE ID RELEASE 95%9920588	DENGUE VIRUS ACTIVATES MODULATES INNATE AND ADAPTIVE IMMUNE RESPONSES%REACTOME DATABASE ID RELEASE 95%9920588		28	-0.40582293	-1.1139015	0.30216536	0.53905576	1.0	1633	tags=21%, list=11%, signal=24%	
METABOLISM OF FOLATE AND PTERINES%REACTOME%R-HSA-196757.8	METABOLISM OF FOLATE AND PTERINES%REACTOME%R-HSA-196757.8		16	-0.46195588	-1.1138484	0.30959752	0.5388763	1.0	2475	tags=38%, list=16%, signal=45%	
FC-GAMMA RECEPTOR SIGNALING PATHWAY INVOLVED IN PHAGOCYTOSIS%GOBP%GO:0038096	FC-GAMMA RECEPTOR SIGNALING PATHWAY INVOLVED IN PHAGOCYTOSIS%GOBP%GO:0038096		22	-0.43003288	-1.1134161	0.303681	0.539714	1.0	2250	tags=32%, list=15%, signal=37%	
REGULATION OF PRODUCTION OF MOLECULAR MEDIATOR OF IMMUNE RESPONSE%GOBP%GO:0002700	REGULATION OF PRODUCTION OF MOLECULAR MEDIATOR OF IMMUNE RESPONSE%GOBP%GO:0002700		113	-0.3151654	-1.1132962	0.218107	0.5397023	1.0	2501	tags=26%, list=17%, signal=31%	
PI3K AKT MTOR VITAMIN D3 SIGNALING%WIKIPATHWAYS_20260211%WP4141%HOMO SAPIENS	PI3K AKT MTOR VITAMIN D3 SIGNALING%WIKIPATHWAYS_20260211%WP4141%HOMO SAPIENS		18	-0.4461242	-1.1129547	0.3125	0.54027104	1.0	1643	tags=28%, list=11%, signal=31%	
BODY FLUID SECRETION%GOBP%GO:0007589	BODY FLUID SECRETION%GOBP%GO:0007589		18	-0.44294384	-1.1125453	0.3	0.54102916	1.0	1353	tags=22%, list=9%, signal=24%	
ORGANELLE LOCALIZATION%GOBP%GO:0051640	ORGANELLE LOCALIZATION%GOBP%GO:0051640		440	-0.27275497	-1.1121393	0.14103924	0.54176396	1.0	3214	tags=26%, list=21%, signal=32%	
STRESS-ACTIVATED PROTEIN KINASE SIGNALING CASCADE%GOBP%GO:0031098	STRESS-ACTIVATED PROTEIN KINASE SIGNALING CASCADE%GOBP%GO:0031098		17	-0.45590776	-1.1117392	0.30682978	0.54247284	1.0	1273	tags=24%, list=8%, signal=26%	
SECRETORY GRANULE ORGANIZATION%GOBP%GO:0033363	SECRETORY GRANULE ORGANIZATION%GOBP%GO:0033363		41	-0.3723424	-1.1115006	0.27830687	0.5427775	1.0	1914	tags=24%, list=13%, signal=28%	
REGULATION OF GROWTH%GOBP%GO:0040008	REGULATION OF GROWTH%GOBP%GO:0040008		332	-0.2766872	-1.1107705	0.14714715	0.54435885	1.0	2237	tags=19%, list=15%, signal=22%	
NF KB SIGNALING AND ARTD FAMILY MEMBERS%WIKIPATHWAYS_20260211%WP5527%HOMO SAPIENS	NF KB SIGNALING AND ARTD FAMILY MEMBERS%WIKIPATHWAYS_20260211%WP5527%HOMO SAPIENS		25	-0.41596395	-1.1107241	0.29083666	0.54416907	1.0	1643	tags=20%, list=11%, signal=22%	
INFLAMMASOMES%REACTOME%R-HSA-622312.3	INFLAMMASOMES%REACTOME%R-HSA-622312.3		21	-0.4272754	-1.1103435	0.30524153	0.5448498	1.0	1254	tags=19%, list=8%, signal=21%	
GLUCOSE METABOLISM%REACTOME DATABASE ID RELEASE 95%70326	GLUCOSE METABOLISM%REACTOME DATABASE ID RELEASE 95%70326		68	-0.339095	-1.1102008	0.2587269	0.544912	1.0	3353	tags=24%, list=22%, signal=30%	
CDC42 SIGNALING EVENTS%PATHWAY INTERACTION DATABASE NCI-NATURE CURATED DATA%CDC42 SIGNALING EVENTS	CDC42 SIGNALING EVENTS%PATHWAY INTERACTION DATABASE NCI-NATURE CURATED DATA%CDC42 SIGNALING EVENTS		67	-0.3409927	-1.1101204	0.25796178	0.5448139	1.0	2250	tags=25%, list=15%, signal=30%	
IL18 SIGNALING%WIKIPATHWAYS_20260211%WP4754%HOMO SAPIENS	IL18 SIGNALING%WIKIPATHWAYS_20260211%WP4754%HOMO SAPIENS		42	-0.3731883	-1.1097993	0.30264446	0.5453061	1.0	2973	tags=33%, list=20%, signal=41%	
ORGANELLE DISASSEMBLY%GOBP%GO:1903008	ORGANELLE DISASSEMBLY%GOBP%GO:1903008		73	-0.33762193	-1.1095632	0.2478903	0.5456045	1.0	2496	tags=18%, list=17%, signal=21%	
BIOCARTA_IGF1R_PATHWAY%MSIGDB_C2%BIOCARTA_IGF1R_PATHWAY	BIOCARTA_IGF1R_PATHWAY%MSIGDB_C2%BIOCARTA_IGF1R_PATHWAY		17	-0.45152658	-1.1093824	0.319	0.5457526	1.0	909	tags=18%, list=6%, signal=19%	
POSTSYNAPTIC SIGNAL TRANSDUCTION%GOBP%GO:0098926	POSTSYNAPTIC SIGNAL TRANSDUCTION%GOBP%GO:0098926		25	-0.41244358	-1.1093408	0.32194617	0.5455464	1.0	1695	tags=20%, list=11%, signal=23%	
MONOCYTE DIFFERENTIATION%GOBP%GO:0030224	MONOCYTE DIFFERENTIATION%GOBP%GO:0030224		16	-0.45862007	-1.1091065	0.32385787	0.5458642	1.0	1944	tags=25%, list=13%, signal=29%	
NEGATIVE REGULATION OF DNA-TEMPLATED TRANSCRIPTION, ELONGATION%GOBP%GO:0032785	NEGATIVE REGULATION OF DNA-TEMPLATED TRANSCRIPTION, ELONGATION%GOBP%GO:0032785		23	-0.4228242	-1.1088829	0.30890054	0.54613346	1.0	3481	tags=26%, list=23%, signal=34%	
REGULATION OF PROTEIN STABILITY%GOBP%GO:0031647	REGULATION OF PROTEIN STABILITY%GOBP%GO:0031647		298	-0.27992955	-1.1086352	0.17065556	0.5464641	1.0	2349	tags=16%, list=16%, signal=19%	
2-OXOGLUTARATE METABOLIC PROCESS%GOBP%GO:0006103	2-OXOGLUTARATE METABOLIC PROCESS%GOBP%GO:0006103		15	-0.46281192	-1.1084871	0.33545646	0.5465397	1.0	4281	tags=53%, list=29%, signal=75%	
2Q13 COPY NUMBER VARIATION SYNDROME%WIKIPATHWAYS_20260211%WP5222%HOMO SAPIENS	2Q13 COPY NUMBER VARIATION SYNDROME%WIKIPATHWAYS_20260211%WP5222%HOMO SAPIENS		38	-0.37927797	-1.1080307	0.29216868	0.547443	1.0	2504	tags=26%, list=17%, signal=32%	
ACYL CHAIN REMODELLING OF PS%REACTOME%R-HSA-1482801.5	ACYL CHAIN REMODELLING OF PS%REACTOME%R-HSA-1482801.5		19	-0.4426568	-1.1072849	0.3257965	0.54907197	1.0	428	tags=21%, list=3%, signal=22%	
CD28 CO-STIMULATION%REACTOME DATABASE ID RELEASE 95%389356	CD28 CO-STIMULATION%REACTOME DATABASE ID RELEASE 95%389356		45	-0.36204165	-1.1070032	0.2845771	0.5494924	1.0	1690	tags=18%, list=11%, signal=20%	
EGF RECEPTOR (ERBB1) SIGNALING PATHWAY%PATHWAY INTERACTION DATABASE NCI-NATURE CURATED DATA%EGF RECEPTOR (ERBB1) SIGNALING PATHWAY	EGF RECEPTOR (ERBB1) SIGNALING PATHWAY%PATHWAY INTERACTION DATABASE NCI-NATURE CURATED DATA%EGF RECEPTOR (ERBB1) SIGNALING PATHWAY		32	-0.39513656	-1.10668	0.29469547	0.5500299	1.0	1690	tags=19%, list=11%, signal=21%	
CXCR4%IOB%CXCR4	CXCR4%IOB%CXCR4		61	-0.34258255	-1.1065671	0.27139875	0.550009	1.0	2973	tags=23%, list=20%, signal=28%	
NEGATIVE REGULATION OF SIGNAL TRANSDUCTION IN ABSENCE OF LIGAND%GOBP%GO:1901099	NEGATIVE REGULATION OF SIGNAL TRANSDUCTION IN ABSENCE OF LIGAND%GOBP%GO:1901099		23	-0.4242585	-1.1062806	0.2975815	0.5504439	1.0	1396	tags=22%, list=9%, signal=24%	
STRESS-ACTIVATED MAPK CASCADE%GOBP%GO:0051403	STRESS-ACTIVATED MAPK CASCADE%GOBP%GO:0051403		15	-0.46425703	-1.1059577	0.32642487	0.5509494	1.0	1273	tags=27%, list=8%, signal=29%	
THE NLRP3 INFLAMMASOME%REACTOME%R-HSA-844456.10	THE NLRP3 INFLAMMASOME%REACTOME%R-HSA-844456.10		16	-0.46179554	-1.1054808	0.3218274	0.55189425	1.0	2183	tags=25%, list=15%, signal=29%	
REGULATION OF SYNAPTIC VESICLE EXOCYTOSIS%GOBP%GO:2000300	REGULATION OF SYNAPTIC VESICLE EXOCYTOSIS%GOBP%GO:2000300		21	-0.42658252	-1.1052679	0.31921488	0.5521226	1.0	1181	tags=19%, list=8%, signal=21%	
ENERGY METABOLISM%WIKIPATHWAYS_20260211%WP1541%HOMO SAPIENS	ENERGY METABOLISM%WIKIPATHWAYS_20260211%WP1541%HOMO SAPIENS		39	-0.37409368	-1.1048101	0.2965368	0.55299014	1.0	1643	tags=13%, list=11%, signal=14%	
NRF2 PATHWAY%WIKIPATHWAYS_20260211%WP2884%HOMO SAPIENS	NRF2 PATHWAY%WIKIPATHWAYS_20260211%WP2884%HOMO SAPIENS		84	-0.32477602	-1.1046033	0.25765577	0.55321914	1.0	2498	tags=21%, list=17%, signal=26%	
CERAMIDE BIOSYNTHETIC PROCESS%GOBP%GO:0046513	CERAMIDE BIOSYNTHETIC PROCESS%GOBP%GO:0046513		42	-0.36713874	-1.1043792	0.28543308	0.55351025	1.0	3273	tags=33%, list=22%, signal=43%	
GLUTATHIONE-MEDIATED DETOXIFICATION I%BIOCYC%PWY-4061	GLUTATHIONE-MEDIATED DETOXIFICATION I%BIOCYC%PWY-4061		17	-0.45061177	-1.1041324	0.33227175	0.5538489	1.0	2498	tags=29%, list=17%, signal=35%	
REGULATION OF ADAPTIVE IMMUNE RESPONSE%GOBP%GO:0002819	REGULATION OF ADAPTIVE IMMUNE RESPONSE%GOBP%GO:0002819		160	-0.2993779	-1.1040872	0.23195876	0.553664	1.0	3315	tags=28%, list=22%, signal=36%	
REGULATION OF SPINDLE CHECKPOINT%GOBP%GO:0090231	REGULATION OF SPINDLE CHECKPOINT%GOBP%GO:0090231		32	-0.39028943	-1.1034533	0.2988741	0.55499053	1.0	1956	tags=16%, list=13%, signal=18%	
INTRACELLULAR MONOATOMIC ION HOMEOSTASIS%GOBP%GO:0006873	INTRACELLULAR MONOATOMIC ION HOMEOSTASIS%GOBP%GO:0006873		303	-0.2812287	-1.1034187	0.185567	0.55476266	1.0	2189	tags=20%, list=15%, signal=23%	
PID_RAS_PATHWAY%MSIGDB_C2%PID_RAS_PATHWAY	PID_RAS_PATHWAY%MSIGDB_C2%PID_RAS_PATHWAY		23	-0.41954404	-1.1033771	0.30625	0.55455744	1.0	909	tags=22%, list=6%, signal=23%	
REGULATION OF ALPHA-BETA T CELL PROLIFERATION%GOBP%GO:0046640	REGULATION OF ALPHA-BETA T CELL PROLIFERATION%GOBP%GO:0046640		21	-0.42973596	-1.1033216	0.32406417	0.5543872	1.0	2859	tags=48%, list=19%, signal=59%	
FC RECEPTOR MEDIATED STIMULATORY SIGNALING PATHWAY%GOBP%GO:0002431	FC RECEPTOR MEDIATED STIMULATORY SIGNALING PATHWAY%GOBP%GO:0002431		24	-0.41476604	-1.1032976	0.30181086	0.5541403	1.0	2250	tags=33%, list=15%, signal=39%	
PID_ERBB1_DOWNSTREAM_PATHWAY%MSIGDB_C2%PID_ERBB1_DOWNSTREAM_PATHWAY	PID_ERBB1_DOWNSTREAM_PATHWAY%MSIGDB_C2%PID_ERBB1_DOWNSTREAM_PATHWAY		83	-0.32421198	-1.1023827	0.24412666	0.5562022	1.0	2216	tags=22%, list=15%, signal=25%	
GLYCOSPHINGOLIPID BIOSYNTHETIC PROCESS%GOBP%GO:0006688	GLYCOSPHINGOLIPID BIOSYNTHETIC PROCESS%GOBP%GO:0006688		37	-0.3760196	-1.1021844	0.28527918	0.556426	1.0	3045	tags=35%, list=20%, signal=44%	
NEGATIVE REGULATION OF EPIDERMAL GROWTH FACTOR RECEPTOR SIGNALING PATHWAY%GOBP%GO:0042059	NEGATIVE REGULATION OF EPIDERMAL GROWTH FACTOR RECEPTOR SIGNALING PATHWAY%GOBP%GO:0042059		28	-0.4027651	-1.1017685	0.32238805	0.557219	1.0	1806	tags=29%, list=12%, signal=32%	
SIGNALING BY MET%REACTOME DATABASE ID RELEASE 95%6806834	SIGNALING BY MET%REACTOME DATABASE ID RELEASE 95%6806834		63	-0.34291163	-1.1017215	0.28529122	0.5570322	1.0	1849	tags=19%, list=12%, signal=22%	
REGULATION OF TOLL-LIKE RECEPTOR SIGNALING PATHWAY%GOBP%GO:0034121	REGULATION OF TOLL-LIKE RECEPTOR SIGNALING PATHWAY%GOBP%GO:0034121		27	-0.40712765	-1.1015394	0.31921488	0.5572131	1.0	1576	tags=19%, list=10%, signal=21%	
SUPERPATHWAY OF INOSITOL PHOSPHATE COMPOUNDS%BIOCYC%PWY-6371	SUPERPATHWAY OF INOSITOL PHOSPHATE COMPOUNDS%BIOCYC%PWY-6371		64	-0.3391651	-1.1003011	0.27806926	0.5601855	1.0	1191	tags=17%, list=8%, signal=19%	
DIOL BIOSYNTHETIC PROCESS%GOBP%GO:0034312	DIOL BIOSYNTHETIC PROCESS%GOBP%GO:0034312		18	-0.44445565	-1.099711	0.33100697	0.5614305	1.0	1319	tags=22%, list=9%, signal=24%	
DETECTION OF EXTERNAL STIMULUS%GOBP%GO:0009581	DETECTION OF EXTERNAL STIMULUS%GOBP%GO:0009581		52	-0.35213447	-1.0995317	0.2874494	0.56160223	1.0	2629	tags=35%, list=18%, signal=42%	
NUCLEOTIDE-EXCISION REPAIR%GOBP%GO:0006289	NUCLEOTIDE-EXCISION REPAIR%GOBP%GO:0006289		56	-0.34534597	-1.0989354	0.2922607	0.56287646	1.0	2070	tags=14%, list=14%, signal=17%	
ESTABLISHMENT OF EPITHELIAL CELL POLARITY%GOBP%GO:0090162	ESTABLISHMENT OF EPITHELIAL CELL POLARITY%GOBP%GO:0090162		17	-0.44655985	-1.0987428	0.33122364	0.5630682	1.0	1625	tags=24%, list=11%, signal=26%	
REGULATION OF MITOTIC SPINDLE CHECKPOINT%GOBP%GO:1903504	REGULATION OF MITOTIC SPINDLE CHECKPOINT%GOBP%GO:1903504		31	-0.39209044	-1.0980681	0.3156823	0.56451714	1.0	1956	tags=16%, list=13%, signal=19%	
BMP SIGNALING IN EYELID DEVELOPMENT%WIKIPATHWAYS_20260211%WP3927%HOMO SAPIENS	BMP SIGNALING IN EYELID DEVELOPMENT%WIKIPATHWAYS_20260211%WP3927%HOMO SAPIENS		18	-0.44521144	-1.0978379	0.32668066	0.5648195	1.0	1018	tags=22%, list=7%, signal=24%	
INTEGRIN SIGNALING%REACTOME DATABASE ID RELEASE 95%354192	INTEGRIN SIGNALING%REACTOME DATABASE ID RELEASE 95%354192		25	-0.40876913	-1.0975786	0.31740975	0.56517935	1.0	2762	tags=44%, list=18%, signal=54%	
BCR%NETPATH%BCR	BCR%NETPATH%BCR		85	-0.32365882	-1.0974864	0.2725451	0.56510955	1.0	1643	tags=16%, list=11%, signal=18%	
SARS COV 2 INNATE IMMUNITY EVASION AND CELL SPECIFIC IMMUNE RESPONSE%WIKIPATHWAYS_20260211%WP5039%HOMO SAPIENS	SARS COV 2 INNATE IMMUNITY EVASION AND CELL SPECIFIC IMMUNE RESPONSE%WIKIPATHWAYS_20260211%WP5039%HOMO SAPIENS		60	-0.34671694	-1.0969371	0.2943677	0.56621486	1.0	1835	tags=17%, list=12%, signal=19%	
PI3K CASCADE%REACTOME DATABASE ID RELEASE 95%109704	PI3K CASCADE%REACTOME DATABASE ID RELEASE 95%109704		25	-0.40731147	-1.0969039	0.3065173	0.5659874	1.0	2206	tags=28%, list=15%, signal=33%	
PROTEIN EXPORT FROM NUCLEUS%GOBP%GO:0006611	PROTEIN EXPORT FROM NUCLEUS%GOBP%GO:0006611		24	-0.41006657	-1.0966828	0.32886598	0.56627524	1.0	2653	tags=25%, list=18%, signal=30%	
NEGATIVE REGULATION OF TRANSCRIPTION ELONGATION BY RNA POLYMERASE II%GOBP%GO:0034244	NEGATIVE REGULATION OF TRANSCRIPTION ELONGATION BY RNA POLYMERASE II%GOBP%GO:0034244		17	-0.44180235	-1.0950893	0.3218391	0.57019335	1.0	3481	tags=29%, list=23%, signal=38%	
RRNA PROCESSING IN THE MITOCHONDRION%REACTOME%R-HSA-8868766.4	RRNA PROCESSING IN THE MITOCHONDRION%REACTOME%R-HSA-8868766.4		16	-0.45671725	-1.0950277	0.34817815	0.5700486	1.0	4077	tags=44%, list=27%, signal=60%	
HALLMARK_PEROXISOME%MSIGDBHALLMARK%HALLMARK_PEROXISOME	HALLMARK_PEROXISOME%MSIGDBHALLMARK%HALLMARK_PEROXISOME		77	-0.33075744	-1.0949	0.27592954	0.5700668	1.0	1885	tags=23%, list=13%, signal=27%	
ERK1 ERK2 PATHWAY%REACTOME DATABASE ID RELEASE 95%5684996	ERK1 ERK2 PATHWAY%REACTOME DATABASE ID RELEASE 95%5684996		230	-0.2839579	-1.0946683	0.20851064	0.5703511	1.0	2251	tags=22%, list=15%, signal=26%	
NEGATIVE REGULATION OF COAGULATION%GOBP%GO:0050819	NEGATIVE REGULATION OF COAGULATION%GOBP%GO:0050819		36	-0.37569606	-1.0944812	0.32103688	0.5705423	1.0	2545	tags=31%, list=17%, signal=37%	
BIOCARTA_IL12_PATHWAY%MSIGDB_C2%BIOCARTA_IL12_PATHWAY	BIOCARTA_IL12_PATHWAY%MSIGDB_C2%BIOCARTA_IL12_PATHWAY		16	-0.44932833	-1.0944775	0.32810968	0.5702378	1.0	2859	tags=25%, list=19%, signal=31%	
DENGUE VIRUS MODULATES APOPTOSIS%REACTOME%R-HSA-9920951.1	DENGUE VIRUS MODULATES APOPTOSIS%REACTOME%R-HSA-9920951.1		16	-0.45824662	-1.0942315	0.3347324	0.5705755	1.0	1595	tags=19%, list=11%, signal=21%	
RIBOSOME DISASSEMBLY%GOBP%GO:0032790	RIBOSOME DISASSEMBLY%GOBP%GO:0032790		45	-0.36100024	-1.0941969	0.30978808	0.5703524	1.0	3708	tags=31%, list=25%, signal=41%	
ACTIVATION OF HOX GENES DURING DIFFERENTIATION%REACTOME%R-HSA-5619507.5	ACTIVATION OF HOX GENES DURING DIFFERENTIATION%REACTOME%R-HSA-5619507.5		72	-0.33169872	-1.0937876	0.25595856	0.5711164	1.0	2620	tags=17%, list=17%, signal=20%	
ACTIVATION OF ANTERIOR HOX GENES IN HINDBRAIN DEVELOPMENT DURING EARLY EMBRYOGENESIS%REACTOME%R-HSA-5617472.4	ACTIVATION OF ANTERIOR HOX GENES IN HINDBRAIN DEVELOPMENT DURING EARLY EMBRYOGENESIS%REACTOME%R-HSA-5617472.4		72	-0.33169872	-1.0933238	0.28947368	0.5720415	1.0	2620	tags=17%, list=17%, signal=20%	
BIOCARTA_PYK2_PATHWAY%MSIGDB_C2%BIOCARTA_PYK2_PATHWAY	BIOCARTA_PYK2_PATHWAY%MSIGDB_C2%BIOCARTA_PYK2_PATHWAY		23	-0.418179	-1.0931972	0.32886598	0.57206464	1.0	2801	tags=30%, list=19%, signal=37%	
MONOATOMIC ANION TRANSPORT%GOBP%GO:0006820	MONOATOMIC ANION TRANSPORT%GOBP%GO:0006820		77	-0.33015332	-1.092814	0.2782258	0.57280314	1.0	2224	tags=19%, list=15%, signal=23%	
FRUCTOSURIA%SMPDB%SMP0000561	FRUCTOSURIA%SMPDB%SMP0000561		16	-0.44564947	-1.0922511	0.34888437	0.57395595	1.0	4130	tags=44%, list=27%, signal=60%	
EXOCYTOSIS%GOBP%GO:0006887	EXOCYTOSIS%GOBP%GO:0006887		158	-0.29563457	-1.0916611	0.22703274	0.57520175	1.0	1467	tags=16%, list=10%, signal=18%	
PHOSPHATIDYLINOSITOL 3-KINASE/PROTEIN KINASE B SIGNAL TRANSDUCTION%GOBP%GO:0043491	PHOSPHATIDYLINOSITOL 3-KINASE/PROTEIN KINASE B SIGNAL TRANSDUCTION%GOBP%GO:0043491		40	-0.3712612	-1.0916086	0.3090909	0.57502556	1.0	2394	tags=25%, list=16%, signal=30%	
NEURODEGENERATION WITH BRAIN IRON ACCUMULATION NBIA SUBTYPES PATHWAY%WIKIPATHWAYS_20260211%WP4577%HOMO SAPIENS	NEURODEGENERATION WITH BRAIN IRON ACCUMULATION NBIA SUBTYPES PATHWAY%WIKIPATHWAYS_20260211%WP4577%HOMO SAPIENS		35	-0.3746955	-1.0914487	0.31462926	0.5751502	1.0	2043	tags=23%, list=14%, signal=26%	
SYNDECAN-3-MEDIATED SIGNALING EVENTS%PATHWAY INTERACTION DATABASE NCI-NATURE CURATED DATA%SYNDECAN-3-MEDIATED SIGNALING EVENTS	SYNDECAN-3-MEDIATED SIGNALING EVENTS%PATHWAY INTERACTION DATABASE NCI-NATURE CURATED DATA%SYNDECAN-3-MEDIATED SIGNALING EVENTS		17	-0.43959635	-1.0912597	0.34960938	0.5753286	1.0	2054	tags=29%, list=14%, signal=34%	
CELLULAR RESPONSE TO NERVE GROWTH FACTOR STIMULUS%GOBP%GO:1990090	CELLULAR RESPONSE TO NERVE GROWTH FACTOR STIMULUS%GOBP%GO:1990090		23	-0.41143316	-1.090986	0.33466935	0.57572216	1.0	2025	tags=26%, list=13%, signal=30%	
NEGATIVE REGULATION OF SECRETION%GOBP%GO:0051048	NEGATIVE REGULATION OF SECRETION%GOBP%GO:0051048		87	-0.3185874	-1.0908848	0.2855691	0.5756848	1.0	2501	tags=30%, list=17%, signal=36%	
TRANSCRIPTION ACTIVATION RNA POLYMERASE I AND KAT2A B AND INHIBITION NURD COMPLEX %WIKIPATHWAYS_20260211%WP5565%HOMO SAPIENS	TRANSCRIPTION ACTIVATION RNA POLYMERASE I AND KAT2A B AND INHIBITION NURD COMPLEX %WIKIPATHWAYS_20260211%WP5565%HOMO SAPIENS		45	-0.35937393	-1.0897251	0.30253807	0.5784061	1.0	3739	tags=38%, list=25%, signal=50%	
PROTEIN MODIFICATION BY SMALL PROTEIN CONJUGATION%GOBP%GO:0032446	PROTEIN MODIFICATION BY SMALL PROTEIN CONJUGATION%GOBP%GO:0032446		472	-0.26459277	-1.0897055	0.16596639	0.57813483	1.0	3139	tags=24%, list=21%, signal=29%	
RRNA PROCESSING IN THE NUCLEUS AND CYTOSOL%REACTOME%R-HSA-8868773.5	RRNA PROCESSING IN THE NUCLEUS AND CYTOSOL%REACTOME%R-HSA-8868773.5		188	-0.28860617	-1.0893664	0.24179104	0.57869107	1.0	5175	tags=36%, list=34%, signal=54%	
CELLULAR RESPONSE TO INTERLEUKIN-1%GOBP%GO:0071347	CELLULAR RESPONSE TO INTERLEUKIN-1%GOBP%GO:0071347		55	-0.34431738	-1.0892025	0.29358718	0.57882434	1.0	1904	tags=20%, list=13%, signal=23%	
REGULATION OF ENDOCYTOSIS%GOBP%GO:0030100	REGULATION OF ENDOCYTOSIS%GOBP%GO:0030100		217	-0.28428933	-1.0890312	0.22830579	0.57895637	1.0	1908	tags=19%, list=13%, signal=22%	
INHIBITION OF DNA RECOMBINATION AT TELOMERE%REACTOME DATABASE ID RELEASE 95%9670095	INHIBITION OF DNA RECOMBINATION AT TELOMERE%REACTOME DATABASE ID RELEASE 95%9670095		33	-0.38195232	-1.0887492	0.32397193	0.5794354	1.0	2836	tags=24%, list=19%, signal=30%	
SIGNALING EVENTS MEDIATED BY PTP1B%PATHWAY INTERACTION DATABASE NCI-NATURE CURATED DATA%SIGNALING EVENTS MEDIATED BY PTP1B	SIGNALING EVENTS MEDIATED BY PTP1B%PATHWAY INTERACTION DATABASE NCI-NATURE CURATED DATA%SIGNALING EVENTS MEDIATED BY PTP1B		48	-0.35521537	-1.0883337	0.3009212	0.58020276	1.0	2187	tags=25%, list=15%, signal=29%	
LIPID METABOLISM IN SENESCENT CELLS%WIKIPATHWAYS_20260211%WP5149%HOMO SAPIENS	LIPID METABOLISM IN SENESCENT CELLS%WIKIPATHWAYS_20260211%WP5149%HOMO SAPIENS		16	-0.4521363	-1.0880884	0.33793837	0.58051986	1.0	428	tags=19%, list=3%, signal=19%	
KETONE BIOSYNTHETIC PROCESS%GOBP%GO:0042181	KETONE BIOSYNTHETIC PROCESS%GOBP%GO:0042181		22	-0.41087297	-1.088074	0.34004238	0.5802419	1.0	4908	tags=55%, list=33%, signal=81%	
HALLMARK_ANDROGEN_RESPONSE%MSIGDBHALLMARK%HALLMARK_ANDROGEN_RESPONSE	HALLMARK_ANDROGEN_RESPONSE%MSIGDBHALLMARK%HALLMARK_ANDROGEN_RESPONSE		69	-0.32850745	-1.0879822	0.2858546	0.58016866	1.0	973	tags=16%, list=6%, signal=17%	
ER-NUCLEUS SIGNALING PATHWAY%GOBP%GO:0006984	ER-NUCLEUS SIGNALING PATHWAY%GOBP%GO:0006984		28	-0.39109462	-1.0877949	0.3256059	0.5803507	1.0	1871	tags=25%, list=12%, signal=29%	
HALLMARK_IL6_JAK_STAT3_SIGNALING%MSIGDBHALLMARK%HALLMARK_IL6_JAK_STAT3_SIGNALING	HALLMARK_IL6_JAK_STAT3_SIGNALING%MSIGDBHALLMARK%HALLMARK_IL6_JAK_STAT3_SIGNALING		75	-0.33165383	-1.0877564	0.2760364	0.58013976	1.0	2754	tags=24%, list=18%, signal=29%	
NEGATIVE REGULATION OF TUMOR NECROSIS FACTOR PRODUCTION%GOBP%GO:0032720	NEGATIVE REGULATION OF TUMOR NECROSIS FACTOR PRODUCTION%GOBP%GO:0032720		38	-0.37353787	-1.0875957	0.30995935	0.58024275	1.0	2758	tags=34%, list=18%, signal=42%	
HISTONE MRNA CATABOLIC PROCESS%GOBP%GO:0071044	HISTONE MRNA CATABOLIC PROCESS%GOBP%GO:0071044		22	-0.41679478	-1.0868721	0.33958334	0.5819047	1.0	4997	tags=55%, list=33%, signal=82%	
NEGATIVE REGULATION OF MONOATOMIC ION TRANSPORT%GOBP%GO:0043271	NEGATIVE REGULATION OF MONOATOMIC ION TRANSPORT%GOBP%GO:0043271		60	-0.34334928	-1.0868353	0.29555085	0.5816858	1.0	2250	tags=22%, list=15%, signal=25%	
REGULATION OF RHOA ACTIVITY%PATHWAY INTERACTION DATABASE NCI-NATURE CURATED DATA%REGULATION OF RHOA ACTIVITY	REGULATION OF RHOA ACTIVITY%PATHWAY INTERACTION DATABASE NCI-NATURE CURATED DATA%REGULATION OF RHOA ACTIVITY		44	-0.36124992	-1.0867708	0.30876493	0.58153945	1.0	3552	tags=36%, list=24%, signal=47%	
SYMBIONT ENTRY INTO HOST CELL%GOBP%GO:0046718	SYMBIONT ENTRY INTO HOST CELL%GOBP%GO:0046718		40	-0.36494574	-1.0865365	0.31536114	0.58185524	1.0	2223	tags=25%, list=15%, signal=29%	
ZYMOGEN ACTIVATION%GOBP%GO:0031638	ZYMOGEN ACTIVATION%GOBP%GO:0031638		26	-0.39995822	-1.0843885	0.33539096	0.5873097	1.0	1628	tags=19%, list=11%, signal=22%	
BIOCARTA_EIF4_PATHWAY%MSIGDB_C2%BIOCARTA_EIF4_PATHWAY	BIOCARTA_EIF4_PATHWAY%MSIGDB_C2%BIOCARTA_EIF4_PATHWAY		20	-0.4211217	-1.0839366	0.33367452	0.58821857	1.0	2192	tags=25%, list=15%, signal=29%	
SYMBIONT ENTRY INTO HOST%GOBP%GO:0044409	SYMBIONT ENTRY INTO HOST%GOBP%GO:0044409		40	-0.36494574	-1.083362	0.31724137	0.58948135	1.0	2223	tags=25%, list=15%, signal=29%	
REGULATION OF MITOTIC CELL CYCLE SPINDLE ASSEMBLY CHECKPOINT%GOBP%GO:0090266	REGULATION OF MITOTIC CELL CYCLE SPINDLE ASSEMBLY CHECKPOINT%GOBP%GO:0090266		31	-0.39209044	-1.0832607	0.33739838	0.5894306	1.0	1956	tags=16%, list=13%, signal=19%	
RECOGNITION OF DNA DAMAGE BY PCNA-CONTAINING REPLICATION COMPLEX%REACTOME DATABASE ID RELEASE 95%110314	RECOGNITION OF DNA DAMAGE BY PCNA-CONTAINING REPLICATION COMPLEX%REACTOME DATABASE ID RELEASE 95%110314		29	-0.38918772	-1.0827782	0.3292683	0.59043705	1.0	5397	tags=55%, list=36%, signal=86%	
CCR7%IOB%CCR7	CCR7%IOB%CCR7		15	-0.45898056	-1.0827396	0.34541792	0.5902215	1.0	1643	tags=27%, list=11%, signal=30%	
REGULATION OF POST-TRANSLATIONAL PROTEIN MODIFICATION%GOBP%GO:1901873	REGULATION OF POST-TRANSLATIONAL PROTEIN MODIFICATION%GOBP%GO:1901873		188	-0.28813243	-1.0824528	0.24798387	0.59066844	1.0	2346	tags=15%, list=16%, signal=18%	
NEGATIVE REGULATION OF THE PI3K AKT NETWORK%REACTOME%R-HSA-199418.5	NEGATIVE REGULATION OF THE PI3K AKT NETWORK%REACTOME%R-HSA-199418.5		96	-0.3151127	-1.0823252	0.29141104	0.5906919	1.0	2206	tags=20%, list=15%, signal=23%	
BIOCARTA_HER2_PATHWAY%MSIGDB_C2%BIOCARTA_HER2_PATHWAY	BIOCARTA_HER2_PATHWAY%MSIGDB_C2%BIOCARTA_HER2_PATHWAY		21	-0.42055959	-1.0820616	0.3396985	0.5911064	1.0	909	tags=14%, list=6%, signal=15%	
INTRACELLULAR SIGNALLING THROUGH ADENOSINE RECEPTOR A2B AND ADENOSINE%SMPDB%SMP0000321	INTRACELLULAR SIGNALLING THROUGH ADENOSINE RECEPTOR A2B AND ADENOSINE%SMPDB%SMP0000321		37	-0.37239692	-1.0819652	0.33436534	0.5910522	1.0	1578	tags=16%, list=11%, signal=18%	
RESPONSE TO NERVE GROWTH FACTOR%GOBP%GO:1990089	RESPONSE TO NERVE GROWTH FACTOR%GOBP%GO:1990089		23	-0.41143316	-1.0814111	0.3542914	0.5922609	1.0	2025	tags=26%, list=13%, signal=30%	
REGULATION OF CELL DIVISION%GOBP%GO:0051302	REGULATION OF CELL DIVISION%GOBP%GO:0051302		118	-0.30483994	-1.0812105	0.27634194	0.5924817	1.0	2250	tags=19%, list=15%, signal=22%	
DETECTION OF ABIOTIC STIMULUS%GOBP%GO:0009582	DETECTION OF ABIOTIC STIMULUS%GOBP%GO:0009582		54	-0.34444723	-1.0809808	0.29979676	0.5928014	1.0	2629	tags=33%, list=18%, signal=40%	
FRUCTOSE AND MANNOSE DEGRADATION%SMPDB%SMP0000064	FRUCTOSE AND MANNOSE DEGRADATION%SMPDB%SMP0000064		16	-0.44564947	-1.0806745	0.3629707	0.59330577	1.0	4130	tags=44%, list=27%, signal=60%	
PROTEIN-CONTAINING COMPLEX REMODELING%GOBP%GO:0034367	PROTEIN-CONTAINING COMPLEX REMODELING%GOBP%GO:0034367		27	-0.3979825	-1.0805619	0.3472367	0.5932926	1.0	3055	tags=41%, list=20%, signal=51%	
NUCLEOBASE METABOLIC PROCESS%GOBP%GO:0009112	NUCLEOBASE METABOLIC PROCESS%GOBP%GO:0009112		23	-0.41029003	-1.0803462	0.34468085	0.5935524	1.0	2297	tags=26%, list=15%, signal=31%	
NUCLEAR EVENTS STIMULATED BY ALK SIGNALING IN CANCER%REACTOME DATABASE ID RELEASE 95%9725371	NUCLEAR EVENTS STIMULATED BY ALK SIGNALING IN CANCER%REACTOME DATABASE ID RELEASE 95%9725371		32	-0.37595892	-1.080167	0.3319838	0.59371114	1.0	2637	tags=25%, list=18%, signal=30%	
VITAMIN D IN INFLAMMATORY DISEASES%WIKIPATHWAYS_20260211%WP4482%HOMO SAPIENS	VITAMIN D IN INFLAMMATORY DISEASES%WIKIPATHWAYS_20260211%WP4482%HOMO SAPIENS		19	-0.43099877	-1.0800425	0.36724314	0.5937327	1.0	523	tags=11%, list=3%, signal=11%	
REGULATION OF DNA STRAND ELONGATION%GOBP%GO:0060382	REGULATION OF DNA STRAND ELONGATION%GOBP%GO:0060382		17	-0.4417811	-1.0799088	0.35526314	0.5937824	1.0	1443	tags=18%, list=10%, signal=20%	
PROTEIN-LIPID COMPLEX REMODELING%GOBP%GO:0034368	PROTEIN-LIPID COMPLEX REMODELING%GOBP%GO:0034368		26	-0.3987597	-1.07932	0.34876543	0.59508127	1.0	3055	tags=42%, list=20%, signal=53%	
PLASMA LIPOPROTEIN PARTICLE REMODELING%GOBP%GO:0034369	PLASMA LIPOPROTEIN PARTICLE REMODELING%GOBP%GO:0034369		26	-0.3987597	-1.0787749	0.3488132	0.5962401	1.0	3055	tags=42%, list=20%, signal=53%	
REGULATION OF TRANSLATION IN RESPONSE TO STRESS%GOBP%GO:0043555	REGULATION OF TRANSLATION IN RESPONSE TO STRESS%GOBP%GO:0043555		17	-0.43919498	-1.078751	0.34945706	0.5959813	1.0	446	tags=12%, list=3%, signal=12%	
L-AMINO ACID TRANSPORT%GOBP%GO:0015807	L-AMINO ACID TRANSPORT%GOBP%GO:0015807		40	-0.36135226	-1.0782436	0.33830845	0.5970454	1.0	1837	tags=25%, list=12%, signal=28%	
15Q11Q13 COPY NUMBER VARIATION%WIKIPATHWAYS_20260211%WP5407%HOMO SAPIENS	15Q11Q13 COPY NUMBER VARIATION%WIKIPATHWAYS_20260211%WP5407%HOMO SAPIENS		35	-0.37161314	-1.0781904	0.3179959	0.5968635	1.0	3707	tags=34%, list=25%, signal=45%	
VEGFA-VEGFR2 PATHWAY%REACTOME DATABASE ID RELEASE 95%4420097	VEGFA-VEGFR2 PATHWAY%REACTOME DATABASE ID RELEASE 95%4420097		90	-0.31787074	-1.0775625	0.30232558	0.59828824	1.0	3529	tags=34%, list=23%, signal=45%	
NRF2 ARE REGULATION%WIKIPATHWAYS_20260211%WP4357%HOMO SAPIENS	NRF2 ARE REGULATION%WIKIPATHWAYS_20260211%WP4357%HOMO SAPIENS		21	-0.42018902	-1.0775346	0.36726546	0.59805185	1.0	2521	tags=43%, list=17%, signal=51%	
RHOA GTPASE CYCLE%REACTOME DATABASE ID RELEASE 95%8980692	RHOA GTPASE CYCLE%REACTOME DATABASE ID RELEASE 95%8980692		146	-0.29381877	-1.0773891	0.27453026	0.59814274	1.0	3460	tags=31%, list=23%, signal=40%	
NEGATIVE REGULATION OF LIPID METABOLIC PROCESS%GOBP%GO:0045833	NEGATIVE REGULATION OF LIPID METABOLIC PROCESS%GOBP%GO:0045833		69	-0.3291019	-1.07704	0.32032853	0.5987626	1.0	1356	tags=16%, list=9%, signal=17%	
EPO SIGNALING PATHWAY%PATHWHIZ%PW070692	EPO SIGNALING PATHWAY%PATHWHIZ%PW070692		16	-0.4443988	-1.0770227	0.371	0.5984904	1.0	943	tags=25%, list=6%, signal=27%	
INTERFERON GAMMA SIGNALING%REACTOME%R-HSA-877300.9	INTERFERON GAMMA SIGNALING%REACTOME%R-HSA-877300.9		88	-0.3153245	-1.076852	0.29511467	0.5986355	1.0	2529	tags=19%, list=17%, signal=23%	
NEGATIVE REGULATION OF COLD-INDUCED THERMOGENESIS%GOBP%GO:0120163	NEGATIVE REGULATION OF COLD-INDUCED THERMOGENESIS%GOBP%GO:0120163		44	-0.35866636	-1.0762758	0.32186234	0.5998827	1.0	3083	tags=41%, list=21%, signal=51%	
RNA POLYMERASE III TRANSCRIPTION%REACTOME%R-HSA-74158.4	RNA POLYMERASE III TRANSCRIPTION%REACTOME%R-HSA-74158.4		41	-0.3612819	-1.0761585	0.31445906	0.5998822	1.0	2657	tags=24%, list=18%, signal=30%	
POSITIVE REGULATION OF SMALL MOLECULE METABOLIC PROCESS%GOBP%GO:0062013	POSITIVE REGULATION OF SMALL MOLECULE METABOLIC PROCESS%GOBP%GO:0062013		107	-0.30811754	-1.0760309	0.30113053	0.5999091	1.0	3408	tags=34%, list=23%, signal=43%	
RESPONSE TO INTERLEUKIN-1%GOBP%GO:0070555	RESPONSE TO INTERLEUKIN-1%GOBP%GO:0070555		69	-0.33158633	-1.0757929	0.3172775	0.60024786	1.0	2750	tags=25%, list=18%, signal=30%	
NEGATIVE REGULATION OF SECRETION BY CELL%GOBP%GO:1903531	NEGATIVE REGULATION OF SECRETION BY CELL%GOBP%GO:1903531		79	-0.31882137	-1.0754753	0.31505483	0.60082245	1.0	2501	tags=29%, list=17%, signal=35%	
MONOATOMIC CATION HOMEOSTASIS%GOBP%GO:0055080	MONOATOMIC CATION HOMEOSTASIS%GOBP%GO:0055080		337	-0.26873174	-1.0753629	0.22604166	0.6008419	1.0	2189	tags=20%, list=15%, signal=23%	
FRUCTOSE INTOLERANCE, HEREDITARY%PATHWHIZ%PW000702	FRUCTOSE INTOLERANCE, HEREDITARY%PATHWHIZ%PW000702		16	-0.44564947	-1.0750363	0.36570862	0.6014129	1.0	4130	tags=44%, list=27%, signal=60%	
POSITIVE REGULATION OF AMYLOID PRECURSOR PROTEIN CATABOLIC PROCESS%GOBP%GO:1902993	POSITIVE REGULATION OF AMYLOID PRECURSOR PROTEIN CATABOLIC PROCESS%GOBP%GO:1902993		20	-0.41791272	-1.0749003	0.36889333	0.6014715	1.0	2754	tags=45%, list=18%, signal=55%	
ESTABLISHMENT OF PROTEIN LOCALIZATION TO VACUOLE%GOBP%GO:0072666	ESTABLISHMENT OF PROTEIN LOCALIZATION TO VACUOLE%GOBP%GO:0072666		47	-0.34938678	-1.0741656	0.33232322	0.6031486	1.0	3117	tags=28%, list=21%, signal=35%	
POSITIVE REGULATION OF ERK1 AND ERK2 CASCADE%GOBP%GO:0070374	POSITIVE REGULATION OF ERK1 AND ERK2 CASCADE%GOBP%GO:0070374		128	-0.29797986	-1.0739794	0.28733265	0.60334796	1.0	2769	tags=27%, list=18%, signal=32%	
POSITIVE REGULATION OF LAMELLIPODIUM ORGANIZATION%GOBP%GO:1902745	POSITIVE REGULATION OF LAMELLIPODIUM ORGANIZATION%GOBP%GO:1902745		29	-0.38809556	-1.0732363	0.34148827	0.6050684	1.0	3873	tags=41%, list=26%, signal=56%	
HISTONE MRNA METABOLIC PROCESS%GOBP%GO:0008334	HISTONE MRNA METABOLIC PROCESS%GOBP%GO:0008334		28	-0.39064923	-1.0732273	0.3336714	0.6047721	1.0	5311	tags=54%, list=35%, signal=83%	
NEGATIVE REGULATION OF ENDOPLASMIC RETICULUM UNFOLDED PROTEIN RESPONSE%GOBP%GO:1900102	NEGATIVE REGULATION OF ENDOPLASMIC RETICULUM UNFOLDED PROTEIN RESPONSE%GOBP%GO:1900102		17	-0.43911505	-1.0726717	0.34737924	0.605958	1.0	1871	tags=24%, list=12%, signal=27%	
ANTIGEN PROCESSING AND PRESENTATION OF ENDOGENOUS PEPTIDE ANTIGEN%GOBP%GO:0002483	ANTIGEN PROCESSING AND PRESENTATION OF ENDOGENOUS PEPTIDE ANTIGEN%GOBP%GO:0002483		20	-0.4164402	-1.0720422	0.35445544	0.6073374	1.0	4743	tags=60%, list=32%, signal=88%	
CCR5%IOB%CCR5	CCR5%IOB%CCR5		25	-0.39933696	-1.0720007	0.3480826	0.6071335	1.0	909	tags=16%, list=6%, signal=17%	
ESTABLISHMENT OF PIGMENT GRANULE LOCALIZATION%GOBP%GO:0051905	ESTABLISHMENT OF PIGMENT GRANULE LOCALIZATION%GOBP%GO:0051905		18	-0.42972893	-1.0715854	0.35700196	0.60790634	1.0	3487	tags=50%, list=23%, signal=65%	
ENDONUCLEOLYTIC CLEAVAGE OF TRICISTRONIC RRNA TRANSCRIPT (SSU-RRNA, 5.8S RRNA, LSU-RRNA)%GOBP%GO:0000479	ENDONUCLEOLYTIC CLEAVAGE OF TRICISTRONIC RRNA TRANSCRIPT (SSU-RRNA, 5.8S RRNA, LSU-RRNA)%GOBP%GO:0000479		20	-0.42346874	-1.0715781	0.34851694	0.6076059	1.0	4454	tags=40%, list=30%, signal=57%	
OLIGOSACCHARIDE METABOLIC PROCESS%GOBP%GO:0009311	OLIGOSACCHARIDE METABOLIC PROCESS%GOBP%GO:0009311		40	-0.36003464	-1.0715197	0.32198143	0.6074551	1.0	2833	tags=33%, list=19%, signal=40%	
CELLULAR RESPONSE TO MOLECULE OF BACTERIAL ORIGIN%GOBP%GO:0071219	CELLULAR RESPONSE TO MOLECULE OF BACTERIAL ORIGIN%GOBP%GO:0071219		119	-0.30207688	-1.0713903	0.3013416	0.6074815	1.0	2859	tags=27%, list=19%, signal=33%	
DISEASES OF METABOLISM%REACTOME%R-HSA-5668914.11	DISEASES OF METABOLISM%REACTOME%R-HSA-5668914.11		240	-0.27598175	-1.0709324	0.24900399	0.6084233	1.0	1394	tags=16%, list=9%, signal=18%	
RAF MAP KINASE CASCADE%REACTOME%R-HSA-5673001.12	RAF MAP KINASE CASCADE%REACTOME%R-HSA-5673001.12		225	-0.27872664	-1.0708716	0.2611399	0.60827523	1.0	2251	tags=22%, list=15%, signal=26%	
INSULIN RECEPTOR SIGNALLING CASCADE%REACTOME DATABASE ID RELEASE 95%74751	INSULIN RECEPTOR SIGNALLING CASCADE%REACTOME DATABASE ID RELEASE 95%74751		33	-0.37524265	-1.0708585	0.33709016	0.60798925	1.0	2206	tags=24%, list=15%, signal=28%	
IMPORT ACROSS PLASMA MEMBRANE%GOBP%GO:0098739	IMPORT ACROSS PLASMA MEMBRANE%GOBP%GO:0098739		124	-0.2965196	-1.0703621	0.30280957	0.6090165	1.0	1758	tags=18%, list=12%, signal=20%	
OSTEOBLAST DIFFERENTIATION AND RELATED DISEASES%WIKIPATHWAYS_20260211%WP4787%HOMO SAPIENS	OSTEOBLAST DIFFERENTIATION AND RELATED DISEASES%WIKIPATHWAYS_20260211%WP4787%HOMO SAPIENS		84	-0.31495935	-1.0696739	0.3148718	0.6105773	1.0	2250	tags=23%, list=15%, signal=26%	
REGULATION OF RIG-I SIGNALING PATHWAY%GOBP%GO:0039535	REGULATION OF RIG-I SIGNALING PATHWAY%GOBP%GO:0039535		19	-0.42941916	-1.06962	0.3653846	0.61040795	1.0	2493	tags=26%, list=17%, signal=32%	
IL23-MEDIATED SIGNALING EVENTS%PATHWAY INTERACTION DATABASE NCI-NATURE CURATED DATA%IL23-MEDIATED SIGNALING EVENTS	IL23-MEDIATED SIGNALING EVENTS%PATHWAY INTERACTION DATABASE NCI-NATURE CURATED DATA%IL23-MEDIATED SIGNALING EVENTS		28	-0.3885179	-1.0695574	0.35004917	0.6102595	1.0	2859	tags=29%, list=19%, signal=35%	
IL3-MEDIATED SIGNALING EVENTS%PATHWAY INTERACTION DATABASE NCI-NATURE CURATED DATA%IL3-MEDIATED SIGNALING EVENTS	IL3-MEDIATED SIGNALING EVENTS%PATHWAY INTERACTION DATABASE NCI-NATURE CURATED DATA%IL3-MEDIATED SIGNALING EVENTS		24	-0.40307567	-1.0691769	0.34397528	0.61096084	1.0	2129	tags=21%, list=14%, signal=24%	
DNA-TEMPLATED TRANSCRIPTION%GOBP%GO:0006351	DNA-TEMPLATED TRANSCRIPTION%GOBP%GO:0006351		374	-0.26484334	-1.0690572	0.23363546	0.6109608	1.0	2904	tags=18%, list=19%, signal=22%	
CYTOSOLIC TRANSPORT%GOBP%GO:0016482	CYTOSOLIC TRANSPORT%GOBP%GO:0016482		119	-0.30041695	-1.0688618	0.29497907	0.6111686	1.0	2357	tags=22%, list=16%, signal=26%	
FBXL10 ENHANCEMENT OF MAP ERK SIGNALING IN DIFFUSE LARGE B CELL LYMPHOMA%WIKIPATHWAYS_20260211%WP4553%HOMO SAPIENS	FBXL10 ENHANCEMENT OF MAP ERK SIGNALING IN DIFFUSE LARGE B CELL LYMPHOMA%WIKIPATHWAYS_20260211%WP4553%HOMO SAPIENS		15	-0.43894747	-1.068428	0.35817805	0.6120152	1.0	2620	tags=27%, list=17%, signal=32%	
DETECTION OF MECHANICAL STIMULUS%GOBP%GO:0050982	DETECTION OF MECHANICAL STIMULUS%GOBP%GO:0050982		28	-0.38274232	-1.0682775	0.35089463	0.6121022	1.0	2629	tags=39%, list=18%, signal=48%	
BIOCARTA_IL6_PATHWAY%MSIGDB_C2%BIOCARTA_IL6_PATHWAY	BIOCARTA_IL6_PATHWAY%MSIGDB_C2%BIOCARTA_IL6_PATHWAY		18	-0.43172428	-1.0681199	0.36673346	0.6122244	1.0	909	tags=17%, list=6%, signal=18%	
POSITIVE REGULATION OF CYTOKINESIS%GOBP%GO:0032467	POSITIVE REGULATION OF CYTOKINESIS%GOBP%GO:0032467		34	-0.37169886	-1.0676463	0.35138005	0.61319846	1.0	1167	tags=9%, list=8%, signal=10%	
HEDGEHOG 'ON' STATE%REACTOME%R-HSA-5632684.2	HEDGEHOG 'ON' STATE%REACTOME%R-HSA-5632684.2		71	-0.32702762	-1.0675213	0.32415903	0.6132133	1.0	2251	tags=32%, list=15%, signal=38%	
G1 S DNA DAMAGE CHECKPOINTS%REACTOME DATABASE ID RELEASE 95%69615	G1 S DNA DAMAGE CHECKPOINTS%REACTOME DATABASE ID RELEASE 95%69615		67	-0.32633722	-1.0669112	0.32331607	0.61457694	1.0	2818	tags=33%, list=19%, signal=40%	
TNF STRESS RELATED SIGNALING%PATHWHIZ%PW064784	TNF STRESS RELATED SIGNALING%PATHWHIZ%PW064784		22	-0.4090613	-1.0668594	0.34933606	0.61440235	1.0	3726	tags=32%, list=25%, signal=42%	
RNA POLYMERASE III ABORTIVE AND RETRACTIVE INITIATION%REACTOME%R-HSA-749476.4	RNA POLYMERASE III ABORTIVE AND RETRACTIVE INITIATION%REACTOME%R-HSA-749476.4		41	-0.3612819	-1.0665953	0.34384537	0.61478674	1.0	2657	tags=24%, list=18%, signal=30%	
MIDBRAIN DEVELOPMENT%GOBP%GO:0030901	MIDBRAIN DEVELOPMENT%GOBP%GO:0030901		56	-0.337048	-1.0661783	0.3219107	0.6156084	1.0	2561	tags=23%, list=17%, signal=28%	
UBIQUINONE BIOSYNTHETIC PROCESS%GOBP%GO:0006744	UBIQUINONE BIOSYNTHETIC PROCESS%GOBP%GO:0006744		16	-0.43995866	-1.0658076	0.3646245	0.6163407	1.0	4908	tags=56%, list=33%, signal=83%	
CYTOKINETIC PROCESS%GOBP%GO:0032506	CYTOKINETIC PROCESS%GOBP%GO:0032506		43	-0.3584045	-1.0654329	0.34472048	0.6170244	1.0	2532	tags=23%, list=17%, signal=28%	
UB-SPECIFIC PROCESSING PROTEASES%REACTOME DATABASE ID RELEASE 95%5689880	UB-SPECIFIC PROCESSING PROTEASES%REACTOME DATABASE ID RELEASE 95%5689880		158	-0.29103884	-1.0653474	0.30974358	0.6169383	1.0	2251	tags=18%, list=15%, signal=21%	
LONG-CHAIN FATTY-ACYL-COA BIOSYNTHETIC PROCESS%GOBP%GO:0035338	LONG-CHAIN FATTY-ACYL-COA BIOSYNTHETIC PROCESS%GOBP%GO:0035338		17	-0.435898	-1.0651903	0.35706913	0.61704355	1.0	3254	tags=41%, list=22%, signal=53%	
TNFALPHA%IOB%TNFALPHA	TNFALPHA%IOB%TNFALPHA		162	-0.28498897	-1.0650153	0.2816616	0.6172243	1.0	1035	tags=9%, list=7%, signal=9%	
NOTCH SIGNALING%WIKIPATHWAYS_20260211%WP268%HOMO SAPIENS	NOTCH SIGNALING%WIKIPATHWAYS_20260211%WP268%HOMO SAPIENS		33	-0.37361652	-1.0643471	0.34854773	0.61872816	1.0	2200	tags=24%, list=15%, signal=28%	
RNA POLYMERASE I TRANSCRIPTION TERMINATION%REACTOME DATABASE ID RELEASE 95%73863	RNA POLYMERASE I TRANSCRIPTION TERMINATION%REACTOME DATABASE ID RELEASE 95%73863		30	-0.38651803	-1.0642897	0.35900104	0.6185627	1.0	3886	tags=33%, list=26%, signal=45%	
PHASE I - FUNCTIONALIZATION OF COMPOUNDS%REACTOME%R-HSA-211945.8	PHASE I - FUNCTIONALIZATION OF COMPOUNDS%REACTOME%R-HSA-211945.8		79	-0.31901884	-1.0641896	0.3362573	0.6185081	1.0	2291	tags=19%, list=15%, signal=22%	
PEPTIDE CATABOLIC PROCESS%GOBP%GO:0043171	PEPTIDE CATABOLIC PROCESS%GOBP%GO:0043171		19	-0.4220902	-1.0640821	0.35962147	0.61847436	1.0	602	tags=16%, list=4%, signal=16%	
NEGATIVE REGULATION OF LYMPHOCYTE MEDIATED IMMUNITY%GOBP%GO:0002707	NEGATIVE REGULATION OF LYMPHOCYTE MEDIATED IMMUNITY%GOBP%GO:0002707		49	-0.34300262	-1.063931	0.3460722	0.6185787	1.0	2416	tags=27%, list=16%, signal=32%	
REGULATION OF RAS FAMILY ACTIVATION%PATHWAY INTERACTION DATABASE NCI-NATURE CURATED DATA%REGULATION OF RAS FAMILY ACTIVATION	REGULATION OF RAS FAMILY ACTIVATION%PATHWAY INTERACTION DATABASE NCI-NATURE CURATED DATA%REGULATION OF RAS FAMILY ACTIVATION		30	-0.38346413	-1.0636204	0.34158415	0.6191049	1.0	909	tags=17%, list=6%, signal=18%	
QUINONE BIOSYNTHETIC PROCESS%GOBP%GO:1901663	QUINONE BIOSYNTHETIC PROCESS%GOBP%GO:1901663		16	-0.43995866	-1.0635918	0.3781855	0.61885446	1.0	4908	tags=56%, list=33%, signal=83%	
PROTEIN COMPLEX OLIGOMERIZATION%GOBP%GO:0051259	PROTEIN COMPLEX OLIGOMERIZATION%GOBP%GO:0051259		173	-0.2833638	-1.0632691	0.29737905	0.6194152	1.0	1157	tags=12%, list=8%, signal=13%	
ALPHA-BETA T CELL ACTIVATION INVOLVED IN IMMUNE RESPONSE%GOBP%GO:0002287	ALPHA-BETA T CELL ACTIVATION INVOLVED IN IMMUNE RESPONSE%GOBP%GO:0002287		39	-0.36512363	-1.0632452	0.35455436	0.6191492	1.0	3022	tags=41%, list=20%, signal=51%	
ESTABLISHMENT OF MELANOSOME LOCALIZATION%GOBP%GO:0032401	ESTABLISHMENT OF MELANOSOME LOCALIZATION%GOBP%GO:0032401		18	-0.42972893	-1.0628568	0.3888889	0.61990255	1.0	3487	tags=50%, list=23%, signal=65%	
TRK RECEPTOR SIGNALING MEDIATED BY THE MAPK PATHWAY%PATHWAY INTERACTION DATABASE NCI-NATURE CURATED DATA%TRK RECEPTOR SIGNALING MEDIATED BY THE MAPK PATHWAY	TRK RECEPTOR SIGNALING MEDIATED BY THE MAPK PATHWAY%PATHWAY INTERACTION DATABASE NCI-NATURE CURATED DATA%TRK RECEPTOR SIGNALING MEDIATED BY THE MAPK PATHWAY		33	-0.3741632	-1.0628026	0.36713997	0.61973935	1.0	1181	tags=15%, list=8%, signal=16%	
SIGNALING BY SCF-KIT%REACTOME%R-HSA-1433557.6	SIGNALING BY SCF-KIT%REACTOME%R-HSA-1433557.6		38	-0.36277565	-1.062627	0.3506356	0.6198986	1.0	3427	tags=29%, list=23%, signal=37%	
PROTEIN LOCALIZATION TO PHAGOPHORE ASSEMBLY SITE%GOBP%GO:0034497	PROTEIN LOCALIZATION TO PHAGOPHORE ASSEMBLY SITE%GOBP%GO:0034497		16	-0.44255945	-1.0617967	0.375	0.62186736	1.0	1713	tags=13%, list=11%, signal=14%	
PID_AURORA_A_PATHWAY%MSIGDB_C2%PID_AURORA_A_PATHWAY	PID_AURORA_A_PATHWAY%MSIGDB_C2%PID_AURORA_A_PATHWAY		24	-0.3961824	-1.0613067	0.35354573	0.62287396	1.0	1643	tags=21%, list=11%, signal=23%	
XENOBIOTIC TRANSPORT%GOBP%GO:0042908	XENOBIOTIC TRANSPORT%GOBP%GO:0042908		29	-0.3841394	-1.0612346	0.3645726	0.62276006	1.0	403	tags=14%, list=3%, signal=14%	
CD4-POSITIVE, ALPHA-BETA T CELL ACTIVATION%GOBP%GO:0035710	CD4-POSITIVE, ALPHA-BETA T CELL ACTIVATION%GOBP%GO:0035710		56	-0.34284875	-1.0610962	0.3467742	0.6228018	1.0	3022	tags=34%, list=20%, signal=42%	
BIOCARTA_INFLAM_PATHWAY%MSIGDB_C2%BIOCARTA_INFLAM_PATHWAY	BIOCARTA_INFLAM_PATHWAY%MSIGDB_C2%BIOCARTA_INFLAM_PATHWAY		17	-0.42844728	-1.061011	0.36967808	0.62271553	1.0	823	tags=12%, list=5%, signal=12%	
POSITIVE REGULATION OF MITOCHONDRIAL FISSION%GOBP%GO:0090141	POSITIVE REGULATION OF MITOCHONDRIAL FISSION%GOBP%GO:0090141		19	-0.42067403	-1.0607419	0.37857142	0.6231601	1.0	3458	tags=42%, list=23%, signal=55%	
SIGNALING BY VEGF%REACTOME%R-HSA-194138.4	SIGNALING BY VEGF%REACTOME%R-HSA-194138.4		100	-0.30884284	-1.0606546	0.33679834	0.6230781	1.0	3532	tags=34%, list=24%, signal=44%	
B-WICH COMPLEX POSITIVELY REGULATES RRNA EXPRESSION%REACTOME%R-HSA-5250924.4	B-WICH COMPLEX POSITIVELY REGULATES RRNA EXPRESSION%REACTOME%R-HSA-5250924.4		43	-0.35301918	-1.0604165	0.3397231	0.6234353	1.0	4002	tags=33%, list=27%, signal=44%	
PID_CD8_TCR_PATHWAY%MSIGDB_C2%PID_CD8_TCR_PATHWAY	PID_CD8_TCR_PATHWAY%MSIGDB_C2%PID_CD8_TCR_PATHWAY		44	-0.35409433	-1.060129	0.35354573	0.6239187	1.0	3362	tags=30%, list=22%, signal=38%	
CONSTITUTIVE ANDROSTANE RECEPTOR PATHWAY%WIKIPATHWAYS_20260211%WP2875%HOMO SAPIENS	CONSTITUTIVE ANDROSTANE RECEPTOR PATHWAY%WIKIPATHWAYS_20260211%WP2875%HOMO SAPIENS		17	-0.43757394	-1.0600142	0.37385088	0.62390864	1.0	803	tags=18%, list=5%, signal=19%	
REGULATION OF POLYSACCHARIDE METABOLIC PROCESS%GOBP%GO:0032881	REGULATION OF POLYSACCHARIDE METABOLIC PROCESS%GOBP%GO:0032881		30	-0.3823448	-1.0598729	0.35778895	0.6239694	1.0	1643	tags=27%, list=11%, signal=30%	
PHOTODYNAMIC THERAPY INDUCED UNFOLDED PROTEIN RESPONSE%WIKIPATHWAYS_20260211%WP3613%HOMO SAPIENS	PHOTODYNAMIC THERAPY INDUCED UNFOLDED PROTEIN RESPONSE%WIKIPATHWAYS_20260211%WP3613%HOMO SAPIENS		20	-0.41803068	-1.0598582	0.36804855	0.623682	1.0	2702	tags=30%, list=18%, signal=37%	
REGULATION OF PLATELET AGGREGATION%GOBP%GO:0090330	REGULATION OF PLATELET AGGREGATION%GOBP%GO:0090330		23	-0.4059222	-1.0596929	0.3602422	0.62382036	1.0	2226	tags=35%, list=15%, signal=41%	
POSITIVE REGULATION OF MACROPHAGE ACTIVATION%GOBP%GO:0043032	POSITIVE REGULATION OF MACROPHAGE ACTIVATION%GOBP%GO:0043032		15	-0.43884215	-1.059326	0.3794872	0.6245101	1.0	11	tags=7%, list=0%, signal=7%	
SIGNALING BY NOTCH%REACTOME%R-HSA-157118.7	SIGNALING BY NOTCH%REACTOME%R-HSA-157118.7		173	-0.28141817	-1.0591552	0.2816754	0.6246781	1.0	2251	tags=21%, list=15%, signal=24%	
PROTEIN ACYLATION%GOBP%GO:0043543	PROTEIN ACYLATION%GOBP%GO:0043543		49	-0.3440635	-1.0583804	0.35619244	0.62648815	1.0	1490	tags=12%, list=10%, signal=14%	
TIGHT JUNCTION INTERACTIONS%REACTOME DATABASE ID RELEASE 95%420029	TIGHT JUNCTION INTERACTIONS%REACTOME DATABASE ID RELEASE 95%420029		24	-0.39767805	-1.0581911	0.38282079	0.6266871	1.0	1040	tags=25%, list=7%, signal=27%	
PID_FAS_PATHWAY%MSIGDB_C2%PID_FAS_PATHWAY	PID_FAS_PATHWAY%MSIGDB_C2%PID_FAS_PATHWAY		31	-0.37708768	-1.0580584	0.3670103	0.6267188	1.0	2973	tags=35%, list=20%, signal=44%	
E-CADHERIN SIGNALING IN KERATINOCYTES%PATHWAY INTERACTION DATABASE NCI-NATURE CURATED DATA%E-CADHERIN SIGNALING IN KERATINOCYTES	E-CADHERIN SIGNALING IN KERATINOCYTES%PATHWAY INTERACTION DATABASE NCI-NATURE CURATED DATA%E-CADHERIN SIGNALING IN KERATINOCYTES		20	-0.41367054	-1.0574795	0.37048194	0.6280106	1.0	2801	tags=40%, list=19%, signal=49%	
GPCR LIGAND BINDING%REACTOME DATABASE ID RELEASE 95%500792	GPCR LIGAND BINDING%REACTOME DATABASE ID RELEASE 95%500792		268	-0.27077532	-1.0573905	0.28881988	0.62793046	1.0	1710	tags=17%, list=11%, signal=19%	
LYMPHOCYTE ACTIVATION%GOBP%GO:0046649	LYMPHOCYTE ACTIVATION%GOBP%GO:0046649		308	-0.26636392	-1.0571499	0.27402863	0.628272	1.0	3022	tags=24%, list=20%, signal=30%	
SIGNALING BY FGFR IN DISEASE%REACTOME DATABASE ID RELEASE 95%1226099	SIGNALING BY FGFR IN DISEASE%REACTOME DATABASE ID RELEASE 95%1226099		50	-0.34149736	-1.0571184	0.34034035	0.6280378	1.0	2504	tags=20%, list=17%, signal=24%	
GLYCOSPHINGOLIPID METABOLIC PROCESS%GOBP%GO:0006687	GLYCOSPHINGOLIPID METABOLIC PROCESS%GOBP%GO:0006687		54	-0.33691695	-1.0568529	0.35714287	0.6284392	1.0	3045	tags=31%, list=20%, signal=39%	
POSITIVE REGULATION OF NERVOUS SYSTEM PROCESS%GOBP%GO:0031646	POSITIVE REGULATION OF NERVOUS SYSTEM PROCESS%GOBP%GO:0031646		20	-0.41407642	-1.0564768	0.3644068	0.62916404	1.0	750	tags=25%, list=5%, signal=26%	
PID_IL8_CXCR2_PATHWAY%MSIGDB_C2%PID_IL8_CXCR2_PATHWAY	PID_IL8_CXCR2_PATHWAY%MSIGDB_C2%PID_IL8_CXCR2_PATHWAY		23	-0.40298322	-1.0564247	0.38123167	0.62897915	1.0	3210	tags=39%, list=21%, signal=50%	
REGULATION OF PROGRAMMED NECROTIC CELL DEATH%GOBP%GO:0062098	REGULATION OF PROGRAMMED NECROTIC CELL DEATH%GOBP%GO:0062098		25	-0.392205	-1.0563359	0.37437934	0.6289105	1.0	664	tags=12%, list=4%, signal=13%	
MONOATOMIC ION HOMEOSTASIS%GOBP%GO:0050801	MONOATOMIC ION HOMEOSTASIS%GOBP%GO:0050801		343	-0.26331773	-1.055796	0.26391754	0.6300364	1.0	2189	tags=20%, list=15%, signal=23%	
INTEGRATED STRESS RESPONSE SIGNALING%GOBP%GO:0140467	INTEGRATED STRESS RESPONSE SIGNALING%GOBP%GO:0140467		36	-0.3656123	-1.0557652	0.363	0.6297957	1.0	1767	tags=17%, list=12%, signal=19%	
TRABECULA MORPHOGENESIS%GOBP%GO:0061383	TRABECULA MORPHOGENESIS%GOBP%GO:0061383		21	-0.4087695	-1.0556093	0.37350598	0.62991923	1.0	2335	tags=29%, list=16%, signal=34%	
HALLMARK_MYC_TARGETS_V1%MSIGDBHALLMARK%HALLMARK_MYC_TARGETS_V1	HALLMARK_MYC_TARGETS_V1%MSIGDBHALLMARK%HALLMARK_MYC_TARGETS_V1		150	-0.2881579	-1.0544193	0.3059777	0.6329356	1.0	4300	tags=29%, list=29%, signal=41%	
TRANSCRIPTION INITIATION-COUPLED CHROMATIN REMODELING%GOBP%GO:0045815	TRANSCRIPTION INITIATION-COUPLED CHROMATIN REMODELING%GOBP%GO:0045815		50	-0.3424161	-1.0543275	0.38130254	0.6328752	1.0	568	tags=10%, list=4%, signal=10%	
REGULATION OF T CELL CYTOKINE PRODUCTION%GOBP%GO:0002724	REGULATION OF T CELL CYTOKINE PRODUCTION%GOBP%GO:0002724		34	-0.36597225	-1.0538961	0.35974973	0.63375247	1.0	2501	tags=26%, list=17%, signal=32%	
ORGANOPHOSPHATE CATABOLIC PROCESS%GOBP%GO:0046434	ORGANOPHOSPHATE CATABOLIC PROCESS%GOBP%GO:0046434		130	-0.2942104	-1.0537804	0.31936127	0.63374	1.0	2778	tags=24%, list=18%, signal=29%	
VITAMIN METABOLIC PROCESS%GOBP%GO:0006766	VITAMIN METABOLIC PROCESS%GOBP%GO:0006766		16	-0.4393685	-1.0535299	0.39381444	0.63413304	1.0	3785	tags=38%, list=25%, signal=50%	
MATURATION OF SSU-RRNA FROM TRICISTRONIC RRNA TRANSCRIPT (SSU-RRNA, 5.8S RRNA, LSU-RRNA)%GOBP%GO:0000462	MATURATION OF SSU-RRNA FROM TRICISTRONIC RRNA TRANSCRIPT (SSU-RRNA, 5.8S RRNA, LSU-RRNA)%GOBP%GO:0000462		28	-0.3812152	-1.0532926	0.36983472	0.6344884	1.0	5336	tags=46%, list=36%, signal=72%	
ANTIBACTERIAL HUMORAL RESPONSE%GOBP%GO:0019731	ANTIBACTERIAL HUMORAL RESPONSE%GOBP%GO:0019731		33	-0.3715603	-1.0529379	0.3626943	0.6351472	1.0	1628	tags=21%, list=11%, signal=24%	
MEMORY%GOBP%GO:0007613	MEMORY%GOBP%GO:0007613		47	-0.3426245	-1.0528222	0.3669355	0.63514966	1.0	498	tags=11%, list=3%, signal=11%	
POSITIVE REGULATION OF MICROTUBULE POLYMERIZATION%GOBP%GO:0031116	POSITIVE REGULATION OF MICROTUBULE POLYMERIZATION%GOBP%GO:0031116		28	-0.38976857	-1.0527825	0.3869611	0.6349335	1.0	2189	tags=25%, list=15%, signal=29%	
ACTIN FILAMENT-BASED MOVEMENT%GOBP%GO:0030048	ACTIN FILAMENT-BASED MOVEMENT%GOBP%GO:0030048		81	-0.3148478	-1.052748	0.3611971	0.6346997	1.0	1636	tags=20%, list=11%, signal=22%	
MULTICELLULAR ORGANISMAL-LEVEL HOMEOSTASIS%GOBP%GO:0048871	MULTICELLULAR ORGANISMAL-LEVEL HOMEOSTASIS%GOBP%GO:0048871		331	-0.26305914	-1.0522482	0.2826087	0.6357847	1.0	2465	tags=22%, list=16%, signal=25%	
REGULATION OF AMYLOID-BETA CLEARANCE%GOBP%GO:1900221	REGULATION OF AMYLOID-BETA CLEARANCE%GOBP%GO:1900221		15	-0.4413669	-1.0517395	0.3810021	0.6368929	1.0	2754	tags=33%, list=18%, signal=41%	
TRANSCRIPTIONAL REGULATION BY RUNX1%REACTOME DATABASE ID RELEASE 95%8878171	TRANSCRIPTIONAL REGULATION BY RUNX1%REACTOME DATABASE ID RELEASE 95%8878171		171	-0.28279355	-1.0510205	0.31751055	0.63858163	1.0	2275	tags=20%, list=15%, signal=24%	
PROTEIN LOCALIZATION TO LYSOSOME%GOBP%GO:0061462	PROTEIN LOCALIZATION TO LYSOSOME%GOBP%GO:0061462		42	-0.35324025	-1.0508744	0.37139916	0.6386844	1.0	4811	tags=48%, list=32%, signal=70%	
IRS-MEDIATED SIGNALLING%REACTOME DATABASE ID RELEASE 95%112399	IRS-MEDIATED SIGNALLING%REACTOME DATABASE ID RELEASE 95%112399		28	-0.37626392	-1.0508689	0.36973947	0.6383756	1.0	2206	tags=25%, list=15%, signal=29%	
LYMPHOCYTE COSTIMULATION%GOBP%GO:0031294	LYMPHOCYTE COSTIMULATION%GOBP%GO:0031294		37	-0.35865334	-1.0502746	0.36192468	0.63971716	1.0	2580	tags=32%, list=17%, signal=39%	
PYRIMIDINE-CONTAINING COMPOUND CATABOLIC PROCESS%GOBP%GO:0072529	PYRIMIDINE-CONTAINING COMPOUND CATABOLIC PROCESS%GOBP%GO:0072529		22	-0.40066347	-1.0497981	0.37960044	0.6406913	1.0	1653	tags=18%, list=11%, signal=20%	
RIBONUCLEOSIDE DIPHOSPHATE METABOLIC PROCESS%GOBP%GO:0009185	RIBONUCLEOSIDE DIPHOSPHATE METABOLIC PROCESS%GOBP%GO:0009185		43	-0.35247737	-1.0494564	0.3678862	0.6413221	1.0	2879	tags=26%, list=19%, signal=32%	
NEGATIVE REGULATION OF LIPID CATABOLIC PROCESS%GOBP%GO:0050995	NEGATIVE REGULATION OF LIPID CATABOLIC PROCESS%GOBP%GO:0050995		17	-0.42990047	-1.0493006	0.39662027	0.641434	1.0	3471	tags=47%, list=23%, signal=61%	
RAC1 PAK1 P38 MMP2 PATHWAY%WIKIPATHWAYS_20260211%WP3303%HOMO SAPIENS	RAC1 PAK1 P38 MMP2 PATHWAY%WIKIPATHWAYS_20260211%WP3303%HOMO SAPIENS		54	-0.33263972	-1.0491512	0.34904715	0.64153725	1.0	1018	tags=13%, list=7%, signal=14%	
BASIGIN INTERACTIONS%REACTOME DATABASE ID RELEASE 95%210991	BASIGIN INTERACTIONS%REACTOME DATABASE ID RELEASE 95%210991		22	-0.4010044	-1.0490259	0.3721393	0.6415597	1.0	2319	tags=32%, list=15%, signal=38%	
G PROTEIN-COUPLED RECEPTOR SIGNALING PATHWAY, COUPLED TO CYCLIC NUCLEOTIDE SECOND MESSENGER%GOBP%GO:0007187	G PROTEIN-COUPLED RECEPTOR SIGNALING PATHWAY, COUPLED TO CYCLIC NUCLEOTIDE SECOND MESSENGER%GOBP%GO:0007187		28	-0.3775515	-1.0487738	0.36730576	0.6419567	1.0	1710	tags=25%, list=11%, signal=28%	
NRIF SIGNALS CELL DEATH FROM THE NUCLEUS%REACTOME%R-HSA-205043.3	NRIF SIGNALS CELL DEATH FROM THE NUCLEUS%REACTOME%R-HSA-205043.3		16	-0.43678027	-1.0486584	0.38871795	0.64195293	1.0	1355	tags=19%, list=9%, signal=21%	
NEGATIVE REGULATION OF LIPID LOCALIZATION%GOBP%GO:1905953	NEGATIVE REGULATION OF LIPID LOCALIZATION%GOBP%GO:1905953		28	-0.38485664	-1.0484241	0.38894472	0.6423137	1.0	2958	tags=43%, list=20%, signal=53%	
NEGATIVE REGULATION OF RESPONSE TO WOUNDING%GOBP%GO:1903035	NEGATIVE REGULATION OF RESPONSE TO WOUNDING%GOBP%GO:1903035		63	-0.32324672	-1.0483264	0.35926306	0.64225435	1.0	2846	tags=30%, list=19%, signal=37%	
EGFR1%NETPATH%EGFR1	EGFR1%NETPATH%EGFR1		318	-0.26257503	-1.0482606	0.28282827	0.6421216	1.0	2672	tags=20%, list=18%, signal=24%	
MRNA PROCESSING%GOBP%GO:0006397	MRNA PROCESSING%GOBP%GO:0006397		314	-0.26329303	-1.0481081	0.29678068	0.6422318	1.0	3295	tags=21%, list=22%, signal=26%	
CLASS A 1 (RHODOPSIN-LIKE RECEPTORS)%REACTOME%R-HSA-373076.10	CLASS A 1 (RHODOPSIN-LIKE RECEPTORS)%REACTOME%R-HSA-373076.10		191	-0.27634764	-1.0479149	0.327818	0.6424387	1.0	1214	tags=14%, list=8%, signal=15%	
RESPONSE TO PEPTIDE HORMONE%GOBP%GO:0043434	RESPONSE TO PEPTIDE HORMONE%GOBP%GO:0043434		179	-0.2786758	-1.0478624	0.3244576	0.6422696	1.0	1643	tags=16%, list=11%, signal=18%	
REGULATION OF ADAPTIVE IMMUNE RESPONSE BASED ON SOMATIC RECOMBINATION OF IMMUNE RECEPTORS BUILT FROM IMMUNOGLOBULIN SUPERFAMILY DOMAINS%GOBP%GO:0002822	REGULATION OF ADAPTIVE IMMUNE RESPONSE BASED ON SOMATIC RECOMBINATION OF IMMUNE RECEPTORS BUILT FROM IMMUNOGLOBULIN SUPERFAMILY DOMAINS%GOBP%GO:0002822		148	-0.28606674	-1.0473468	0.329718	0.6434017	1.0	3315	tags=27%, list=22%, signal=34%	
NEGATIVE REGULATION OF AUTOPHAGY%GOBP%GO:0010507	NEGATIVE REGULATION OF AUTOPHAGY%GOBP%GO:0010507		76	-0.31558493	-1.0468833	0.3619565	0.64438885	1.0	2441	tags=16%, list=16%, signal=19%	
PID_RAC1_PATHWAY%MSIGDB_C2%PID_RAC1_PATHWAY	PID_RAC1_PATHWAY%MSIGDB_C2%PID_RAC1_PATHWAY		42	-0.35025844	-1.0466794	0.387	0.64462876	1.0	2805	tags=33%, list=19%, signal=41%	
NEGATIVE REGULATION OF INTERLEUKIN-1 BETA PRODUCTION%GOBP%GO:0032691	NEGATIVE REGULATION OF INTERLEUKIN-1 BETA PRODUCTION%GOBP%GO:0032691		21	-0.40604198	-1.0465839	0.38036808	0.6445737	1.0	2312	tags=48%, list=15%, signal=56%	
CELLULAR RESPONSE TO CHEMICAL STRESS%GOBP%GO:0062197	CELLULAR RESPONSE TO CHEMICAL STRESS%GOBP%GO:0062197		190	-0.27696094	-1.0465297	0.32756868	0.64440215	1.0	2699	tags=23%, list=18%, signal=28%	
REGULATORY NCRNA PROCESSING%GOBP%GO:0070918	REGULATORY NCRNA PROCESSING%GOBP%GO:0070918		47	-0.3388511	-1.0459353	0.3773774	0.64578235	1.0	731	tags=6%, list=5%, signal=7%	
HALLMARK_PANCREAS_BETA_CELLS%MSIGDBHALLMARK%HALLMARK_PANCREAS_BETA_CELLS	HALLMARK_PANCREAS_BETA_CELLS%MSIGDBHALLMARK%HALLMARK_PANCREAS_BETA_CELLS		16	-0.43244195	-1.0455546	0.41139898	0.6465018	1.0	2763	tags=31%, list=18%, signal=38%	
POSITIVE REGULATION OF AUTOPHAGOSOME ASSEMBLY%GOBP%GO:2000786	POSITIVE REGULATION OF AUTOPHAGOSOME ASSEMBLY%GOBP%GO:2000786		19	-0.41386622	-1.0455323	0.38733125	0.6462345	1.0	2672	tags=26%, list=18%, signal=32%	
LONG-TERM POTENTIATION%REACTOME%R-HSA-9620244.3	LONG-TERM POTENTIATION%REACTOME%R-HSA-9620244.3		15	-0.4422789	-1.045202	0.3939394	0.6468368	1.0	494	tags=13%, list=3%, signal=14%	
GPI ANCHOR BIOSYNTHETIC PROCESS%GOBP%GO:0006506	GPI ANCHOR BIOSYNTHETIC PROCESS%GOBP%GO:0006506		25	-0.38786364	-1.0451714	0.38360325	0.6465931	1.0	3800	tags=36%, list=25%, signal=48%	
NEGATIVE REGULATION OF UBIQUITIN-DEPENDENT PROTEIN CATABOLIC PROCESS%GOBP%GO:2000059	NEGATIVE REGULATION OF UBIQUITIN-DEPENDENT PROTEIN CATABOLIC PROCESS%GOBP%GO:2000059		49	-0.3426329	-1.0450674	0.37202072	0.6465556	1.0	2275	tags=18%, list=15%, signal=22%	
FOXA1 TRANSCRIPTION FACTOR NETWORK%PATHWAY INTERACTION DATABASE NCI-NATURE CURATED DATA%FOXA1 TRANSCRIPTION FACTOR NETWORK	FOXA1 TRANSCRIPTION FACTOR NETWORK%PATHWAY INTERACTION DATABASE NCI-NATURE CURATED DATA%FOXA1 TRANSCRIPTION FACTOR NETWORK		38	-0.3592161	-1.0443939	0.39583334	0.64809847	1.0	512	tags=13%, list=3%, signal=14%	
PHOSPHATIDYLINOSITOL BIOSYNTHETIC PROCESS%GOBP%GO:0006661	PHOSPHATIDYLINOSITOL BIOSYNTHETIC PROCESS%GOBP%GO:0006661		103	-0.29936975	-1.0443156	0.34338522	0.6479886	1.0	2876	tags=24%, list=19%, signal=30%	
FGF23 SIGNALING IN HYPOPHOSPHATEMIC RICKETS AND RELATED DISORDERS%WIKIPATHWAYS_20260211%WP4790%HOMO SAPIENS	FGF23 SIGNALING IN HYPOPHOSPHATEMIC RICKETS AND RELATED DISORDERS%WIKIPATHWAYS_20260211%WP4790%HOMO SAPIENS		16	-0.43293187	-1.0436835	0.39502487	0.6494063	1.0	1709	tags=25%, list=11%, signal=28%	
ANTIGEN PROCESSING AND PRESENTATION OF ENDOGENOUS PEPTIDE ANTIGEN VIA MHC CLASS I%GOBP%GO:0019885	ANTIGEN PROCESSING AND PRESENTATION OF ENDOGENOUS PEPTIDE ANTIGEN VIA MHC CLASS I%GOBP%GO:0019885		18	-0.42318094	-1.043507	0.38753653	0.6495504	1.0	4743	tags=67%, list=32%, signal=97%	
T CELL COSTIMULATION%GOBP%GO:0031295	T CELL COSTIMULATION%GOBP%GO:0031295		36	-0.3633003	-1.0434809	0.383	0.64930093	1.0	2580	tags=33%, list=17%, signal=40%	
PIGMENT GRANULE TRANSPORT%GOBP%GO:0051904	PIGMENT GRANULE TRANSPORT%GOBP%GO:0051904		17	-0.42557994	-1.0426086	0.40062112	0.65144694	1.0	663	tags=18%, list=4%, signal=18%	
INTERACTIONS OF NATURAL KILLER CELLS IN PANCREATIC CANCER%WIKIPATHWAYS_20260211%WP5092%HOMO SAPIENS	INTERACTIONS OF NATURAL KILLER CELLS IN PANCREATIC CANCER%WIKIPATHWAYS_20260211%WP5092%HOMO SAPIENS		24	-0.38916856	-1.042541	0.39917696	0.65131825	1.0	2754	tags=29%, list=18%, signal=36%	
RESPONSE TO STARVATION%GOBP%GO:0042594	RESPONSE TO STARVATION%GOBP%GO:0042594		157	-0.28398114	-1.0424191	0.32958034	0.6513464	1.0	2634	tags=18%, list=18%, signal=21%	
GOLGI TO PLASMA MEMBRANE PROTEIN TRANSPORT%GOBP%GO:0043001	GOLGI TO PLASMA MEMBRANE PROTEIN TRANSPORT%GOBP%GO:0043001		30	-0.36941254	-1.0423827	0.38119835	0.6511303	1.0	3651	tags=40%, list=24%, signal=53%	
REGULATION OF TOR SIGNALING%GOBP%GO:0032006	REGULATION OF TOR SIGNALING%GOBP%GO:0032006		142	-0.28577048	-1.0421909	0.34280118	0.6513397	1.0	2594	tags=22%, list=17%, signal=26%	
RESPONSE TO MECHANICAL STIMULUS%GOBP%GO:0009612	RESPONSE TO MECHANICAL STIMULUS%GOBP%GO:0009612		98	-0.30541295	-1.041953	0.34120172	0.65171045	1.0	1609	tags=22%, list=11%, signal=25%	
PROTEIN TARGETING%GOBP%GO:0006605	PROTEIN TARGETING%GOBP%GO:0006605		144	-0.28539404	-1.0418136	0.3377282	0.65179354	1.0	2891	tags=21%, list=19%, signal=26%	
FC-EPSILON RECEPTOR SIGNALING PATHWAY%GOBP%GO:0038095	FC-EPSILON RECEPTOR SIGNALING PATHWAY%GOBP%GO:0038095		22	-0.39564884	-1.0413721	0.3910891	0.65271336	1.0	1273	tags=23%, list=8%, signal=25%	
SECRETION%GOBP%GO:0046903	SECRETION%GOBP%GO:0046903		276	-0.26416382	-1.0413543	0.32553193	0.65243816	1.0	2637	tags=24%, list=18%, signal=29%	
PID_FOXM1_PATHWAY%MSIGDB_C2%PID_FOXM1_PATHWAY	PID_FOXM1_PATHWAY%MSIGDB_C2%PID_FOXM1_PATHWAY		35	-0.35594833	-1.0408312	0.38274112	0.6535792	1.0	765	tags=14%, list=5%, signal=15%	
POSITIVE REGULATION OF INTERLEUKIN-10 PRODUCTION%GOBP%GO:0032733	POSITIVE REGULATION OF INTERLEUKIN-10 PRODUCTION%GOBP%GO:0032733		29	-0.38096085	-1.0408021	0.3942116	0.6533384	1.0	2750	tags=34%, list=18%, signal=42%	
REGULATION OF ERBB SIGNALING PATHWAY%GOBP%GO:1901184	REGULATION OF ERBB SIGNALING PATHWAY%GOBP%GO:1901184		69	-0.32122418	-1.040169	0.3580247	0.6548018	1.0	2145	tags=25%, list=14%, signal=29%	
INTRACELLULAR TRAFFICKING PROTEINS INVOLVED IN CMT NEUROPATHY%WIKIPATHWAYS_20260211%WP4856%HOMO SAPIENS	INTRACELLULAR TRAFFICKING PROTEINS INVOLVED IN CMT NEUROPATHY%WIKIPATHWAYS_20260211%WP4856%HOMO SAPIENS		22	-0.40033856	-1.0397325	0.37821782	0.6556809	1.0	1434	tags=18%, list=10%, signal=20%	
AURORA A SIGNALING%PATHWAY INTERACTION DATABASE NCI-NATURE CURATED DATA%AURORA A SIGNALING	AURORA A SIGNALING%PATHWAY INTERACTION DATABASE NCI-NATURE CURATED DATA%AURORA A SIGNALING		31	-0.3697003	-1.0391933	0.37664974	0.656887	1.0	1643	tags=19%, list=11%, signal=22%	
NEGATIVE REGULATION OF BLOOD VESSEL ENDOTHELIAL CELL MIGRATION%GOBP%GO:0043537	NEGATIVE REGULATION OF BLOOD VESSEL ENDOTHELIAL CELL MIGRATION%GOBP%GO:0043537		33	-0.3675798	-1.0384648	0.38949454	0.65863043	1.0	2754	tags=33%, list=18%, signal=41%	
POSITIVE REGULATION OF STEROID BIOSYNTHETIC PROCESS%GOBP%GO:0010893	POSITIVE REGULATION OF STEROID BIOSYNTHETIC PROCESS%GOBP%GO:0010893		20	-0.40407762	-1.037539	0.40320963	0.66098	1.0	3295	tags=40%, list=22%, signal=51%	
TELOMERE MAINTENANCE%REACTOME DATABASE ID RELEASE 95%157579	TELOMERE MAINTENANCE%REACTOME DATABASE ID RELEASE 95%157579		76	-0.3125223	-1.0374912	0.38032454	0.6607948	1.0	3660	tags=25%, list=24%, signal=33%	
CYTOKINES AND INFLAMMATORY RESPONSE%WIKIPATHWAYS_20260211%WP530%HOMO SAPIENS	CYTOKINES AND INFLAMMATORY RESPONSE%WIKIPATHWAYS_20260211%WP530%HOMO SAPIENS		18	-0.41540933	-1.0374911	0.3979798	0.6604685	1.0	823	tags=11%, list=5%, signal=12%	
REGULATION OF POLYSACCHARIDE BIOSYNTHETIC PROCESS%GOBP%GO:0032885	REGULATION OF POLYSACCHARIDE BIOSYNTHETIC PROCESS%GOBP%GO:0032885		27	-0.38255543	-1.0373929	0.38022426	0.66041666	1.0	1643	tags=26%, list=11%, signal=29%	
HALLMARK_PROTEIN_SECRETION%MSIGDBHALLMARK%HALLMARK_PROTEIN_SECRETION	HALLMARK_PROTEIN_SECRETION%MSIGDBHALLMARK%HALLMARK_PROTEIN_SECRETION		81	-0.3101122	-1.0370935	0.38617885	0.6609344	1.0	3909	tags=37%, list=26%, signal=50%	
PHAGOCYTOSIS, ENGULFMENT%GOBP%GO:0006911	PHAGOCYTOSIS, ENGULFMENT%GOBP%GO:0006911		23	-0.3930248	-1.0370517	0.40602285	0.66073626	1.0	2881	tags=39%, list=19%, signal=48%	
GPI ANCHOR METABOLIC PROCESS%GOBP%GO:0006505	GPI ANCHOR METABOLIC PROCESS%GOBP%GO:0006505		25	-0.38786364	-1.0369495	0.37906504	0.6606889	1.0	3800	tags=36%, list=25%, signal=48%	
IMMUNE RESPONSE-ACTIVATING CELL SURFACE RECEPTOR SIGNALING PATHWAY%GOBP%GO:0002429	IMMUNE RESPONSE-ACTIVATING CELL SURFACE RECEPTOR SIGNALING PATHWAY%GOBP%GO:0002429		190	-0.27402773	-1.0364593	0.340185	0.6617766	1.0	2295	tags=19%, list=15%, signal=22%	
POSITIVE REGULATION OF GENE EXPRESSION, EPIGENETIC%GOBP%GO:0141137	POSITIVE REGULATION OF GENE EXPRESSION, EPIGENETIC%GOBP%GO:0141137		53	-0.33159673	-1.036249	0.37550607	0.6620283	1.0	568	tags=9%, list=4%, signal=10%	
MELANOSOME TRANSPORT%GOBP%GO:0032402	MELANOSOME TRANSPORT%GOBP%GO:0032402		17	-0.42557994	-1.0359721	0.4176707	0.6624935	1.0	663	tags=18%, list=4%, signal=18%	
PID_IL2_1PATHWAY%MSIGDB_C2%PID_IL2_1PATHWAY	PID_IL2_1PATHWAY%MSIGDB_C2%PID_IL2_1PATHWAY		48	-0.33775014	-1.0358448	0.39716312	0.6625277	1.0	2250	tags=19%, list=15%, signal=22%	
EPITHELIAL CELL MIGRATION%GOBP%GO:0010631	EPITHELIAL CELL MIGRATION%GOBP%GO:0010631		18	-0.41883105	-1.0357921	0.40188876	0.6623449	1.0	557	tags=11%, list=4%, signal=12%	
REGULATION OF PROTEOLYSIS%GOBP%GO:0030162	REGULATION OF PROTEOLYSIS%GOBP%GO:0030162		108	-0.2973661	-1.0353801	0.3699187	0.66319555	1.0	3043	tags=30%, list=20%, signal=37%	
CD4-POSITIVE OR CD8-POSITIVE, ALPHA-BETA T CELL LINEAGE COMMITMENT%GOBP%GO:0043369	CD4-POSITIVE OR CD8-POSITIVE, ALPHA-BETA T CELL LINEAGE COMMITMENT%GOBP%GO:0043369		16	-0.42641386	-1.0351609	0.4062165	0.66349113	1.0	1264	tags=19%, list=8%, signal=20%	
MAJOR PATHWAY OF RRNA PROCESSING IN THE NUCLEOLUS AND CYTOSOL%REACTOME%R-HSA-6791226.5	MAJOR PATHWAY OF RRNA PROCESSING IN THE NUCLEOLUS AND CYTOSOL%REACTOME%R-HSA-6791226.5		178	-0.27395955	-1.0346724	0.36420396	0.66455746	1.0	5175	tags=35%, list=34%, signal=53%	
PDGFR-BETA SIGNALING PATHWAY%PATHWAY INTERACTION DATABASE NCI-NATURE CURATED DATA%PDGFR-BETA SIGNALING PATHWAY	PDGFR-BETA SIGNALING PATHWAY%PATHWAY INTERACTION DATABASE NCI-NATURE CURATED DATA%PDGFR-BETA SIGNALING PATHWAY		125	-0.288713	-1.0345917	0.3506764	0.66444814	1.0	2250	tags=23%, list=15%, signal=27%	
NEPHRIN NEPH1 SIGNALING IN THE KIDNEY PODOCYTE%PATHWAY INTERACTION DATABASE NCI-NATURE CURATED DATA%NEPHRIN NEPH1 SIGNALING IN THE KIDNEY PODOCYTE	NEPHRIN NEPH1 SIGNALING IN THE KIDNEY PODOCYTE%PATHWAY INTERACTION DATABASE NCI-NATURE CURATED DATA%NEPHRIN NEPH1 SIGNALING IN THE KIDNEY PODOCYTE		26	-0.3826775	-1.0341154	0.4125	0.66546834	1.0	2009	tags=27%, list=13%, signal=31%	
IL1%NETPATH%IL1	IL1%NETPATH%IL1		36	-0.36163107	-1.0341105	0.39278752	0.6651577	1.0	1682	tags=19%, list=11%, signal=22%	
PHAGOCYTOSIS%GOBP%GO:0006909	PHAGOCYTOSIS%GOBP%GO:0006909		110	-0.2943298	-1.0336596	0.3735692	0.6661061	1.0	2664	tags=27%, list=18%, signal=33%	
ASTROCYTE DEVELOPMENT%GOBP%GO:0014002	ASTROCYTE DEVELOPMENT%GOBP%GO:0014002		19	-0.40418592	-1.0335051	0.4090909	0.66623276	1.0	2754	tags=37%, list=18%, signal=45%	
INTRACELLULAR RECEPTOR SIGNALING PATHWAY%GOBP%GO:0030522	INTRACELLULAR RECEPTOR SIGNALING PATHWAY%GOBP%GO:0030522		135	-0.2848247	-1.0331898	0.369863	0.6668384	1.0	1412	tags=14%, list=9%, signal=15%	
REGULATION OF LIPID CATABOLIC PROCESS%GOBP%GO:0050994	REGULATION OF LIPID CATABOLIC PROCESS%GOBP%GO:0050994		37	-0.3544132	-1.0331618	0.41004184	0.6665907	1.0	3699	tags=49%, list=25%, signal=64%	
ARGININE METABOLIC PROCESS%GOBP%GO:0006525	ARGININE METABOLIC PROCESS%GOBP%GO:0006525		15	-0.43725482	-1.0330405	0.4113475	0.6666051	1.0	2538	tags=40%, list=17%, signal=48%	
GRANULOCYTE CHEMOTAXIS%GOBP%GO:0071621	GRANULOCYTE CHEMOTAXIS%GOBP%GO:0071621		57	-0.3246883	-1.032951	0.38076153	0.6665222	1.0	2359	tags=25%, list=16%, signal=29%	
POSITIVE REGULATION OF PROTEIN TRANSPORT%GOBP%GO:0051222	POSITIVE REGULATION OF PROTEIN TRANSPORT%GOBP%GO:0051222		166	-0.27738905	-1.0324901	0.3678392	0.66749424	1.0	2548	tags=23%, list=17%, signal=27%	
SYNTHESIS OF GLYCOSYLPHOSPHATIDYLINOSITOL (GPI)%REACTOME%R-HSA-162710.6	SYNTHESIS OF GLYCOSYLPHOSPHATIDYLINOSITOL (GPI)%REACTOME%R-HSA-162710.6		16	-0.42563835	-1.0319408	0.39312568	0.6687275	1.0	3019	tags=31%, list=20%, signal=39%	
ACTIN FILAMENT ORGANIZATION%GOBP%GO:0007015	ACTIN FILAMENT ORGANIZATION%GOBP%GO:0007015		230	-0.26677984	-1.0316576	0.34552845	0.66919184	1.0	2458	tags=23%, list=16%, signal=28%	
PROTEIN POLYMERIZATION%GOBP%GO:0051258	PROTEIN POLYMERIZATION%GOBP%GO:0051258		87	-0.30445153	-1.0306821	0.37793666	0.6716848	1.0	2801	tags=24%, list=19%, signal=29%	
REGULATION OF DNA-TEMPLATED TRANSCRIPTION INITIATION%GOBP%GO:2000142	REGULATION OF DNA-TEMPLATED TRANSCRIPTION INITIATION%GOBP%GO:2000142		80	-0.3090662	-1.0303931	0.39014372	0.67218477	1.0	4060	tags=31%, list=27%, signal=43%	
REGULATION OF ARP2/3 COMPLEX-MEDIATED ACTIN NUCLEATION%GOBP%GO:0034315	REGULATION OF ARP2/3 COMPLEX-MEDIATED ACTIN NUCLEATION%GOBP%GO:0034315		26	-0.38331586	-1.0295306	0.39334026	0.67435384	1.0	1515	tags=15%, list=10%, signal=17%	
T CELL MIGRATION%GOBP%GO:0072678	T CELL MIGRATION%GOBP%GO:0072678		20	-0.40197492	-1.0291338	0.4072539	0.6751799	1.0	1809	tags=25%, list=12%, signal=28%	
CELLULAR RESPONSE TO INTERFERON-BETA%GOBP%GO:0035458	CELLULAR RESPONSE TO INTERFERON-BETA%GOBP%GO:0035458		21	-0.40055373	-1.0289402	0.4032258	0.675387	1.0	2605	tags=24%, list=17%, signal=29%	
NEURODEGENERATIVE DISEASES%REACTOME DATABASE ID RELEASE 95%8863678	NEURODEGENERATIVE DISEASES%REACTOME DATABASE ID RELEASE 95%8863678		19	-0.40461186	-1.0287312	0.41304347	0.6756658	1.0	1248	tags=16%, list=8%, signal=17%	
EPITHELIUM MIGRATION%GOBP%GO:0090132	EPITHELIUM MIGRATION%GOBP%GO:0090132		19	-0.40778917	-1.0287081	0.4114114	0.6754049	1.0	557	tags=11%, list=4%, signal=11%	
CARBOHYDRATE DERIVATIVE CATABOLIC PROCESS%GOBP%GO:1901136	CARBOHYDRATE DERIVATIVE CATABOLIC PROCESS%GOBP%GO:1901136		147	-0.27992785	-1.0285953	0.3886063	0.67539644	1.0	2141	tags=18%, list=14%, signal=20%	
REGULATION OF VIRAL ENTRY INTO HOST CELL%GOBP%GO:0046596	REGULATION OF VIRAL ENTRY INTO HOST CELL%GOBP%GO:0046596		15	-0.4312811	-1.0284725	0.4097363	0.6754292	1.0	3538	tags=40%, list=24%, signal=52%	
MEMBRANE INVAGINATION%GOBP%GO:0010324	MEMBRANE INVAGINATION%GOBP%GO:0010324		39	-0.34810832	-1.0283839	0.39422086	0.67536366	1.0	2961	tags=36%, list=20%, signal=45%	
AMINOGLYCAN METABOLIC PROCESS%GOBP%GO:0006022	AMINOGLYCAN METABOLIC PROCESS%GOBP%GO:0006022		49	-0.3341186	-1.0280122	0.4034034	0.67609787	1.0	777	tags=12%, list=5%, signal=13%	
POSITIVE REGULATION OF CANONICAL NF-KAPPAB SIGNAL TRANSDUCTION%GOBP%GO:0043123	POSITIVE REGULATION OF CANONICAL NF-KAPPAB SIGNAL TRANSDUCTION%GOBP%GO:0043123		210	-0.27004898	-1.0275524	0.37169042	0.67710173	1.0	1980	tags=17%, list=13%, signal=19%	
POSITIVE REGULATION OF PROTEIN LOCALIZATION TO NUCLEUS%GOBP%GO:1900182	POSITIVE REGULATION OF PROTEIN LOCALIZATION TO NUCLEUS%GOBP%GO:1900182		67	-0.31497186	-1.0274743	0.39813858	0.67700166	1.0	1819	tags=12%, list=12%, signal=14%	
PROTEIN-LIPID COMPLEX ORGANIZATION%GOBP%GO:0071825	PROTEIN-LIPID COMPLEX ORGANIZATION%GOBP%GO:0071825		40	-0.34214333	-1.0274179	0.4098522	0.6768344	1.0	3055	tags=35%, list=20%, signal=44%	
CELLULAR RESPONSE TO AMINO ACID STIMULUS%GOBP%GO:0071230	CELLULAR RESPONSE TO AMINO ACID STIMULUS%GOBP%GO:0071230		39	-0.34455988	-1.027272	0.41097307	0.67690915	1.0	1766	tags=18%, list=12%, signal=20%	
CHLORIDE TRANSPORT%GOBP%GO:0006821	CHLORIDE TRANSPORT%GOBP%GO:0006821		65	-0.31811738	-1.0272115	0.397541	0.6767641	1.0	2224	tags=20%, list=15%, signal=23%	
THE ROLE OF NEF IN HIV-1 REPLICATION AND DISEASE PATHOGENESIS%REACTOME%R-HSA-164952.3	THE ROLE OF NEF IN HIV-1 REPLICATION AND DISEASE PATHOGENESIS%REACTOME%R-HSA-164952.3		27	-0.3761297	-1.0268408	0.40434334	0.67749417	1.0	2801	tags=30%, list=19%, signal=36%	
GLYCOLYSIS AND GLUCONEOGENESIS%WIKIPATHWAYS_20260211%WP534%HOMO SAPIENS	GLYCOLYSIS AND GLUCONEOGENESIS%WIKIPATHWAYS_20260211%WP534%HOMO SAPIENS		22	-0.39831617	-1.0267011	0.41482967	0.6775544	1.0	3175	tags=41%, list=21%, signal=52%	
CO-INHIBITION BY CTLA4%REACTOME DATABASE ID RELEASE 95%389513	CO-INHIBITION BY CTLA4%REACTOME DATABASE ID RELEASE 95%389513		20	-0.40394756	-1.0265869	0.41456017	0.6775507	1.0	1098	tags=15%, list=7%, signal=16%	
COMMON PATHWAYS UNDERLYING DRUG ADDICTION%WIKIPATHWAYS_20260211%WP2636%HOMO SAPIENS	COMMON PATHWAYS UNDERLYING DRUG ADDICTION%WIKIPATHWAYS_20260211%WP2636%HOMO SAPIENS		24	-0.38941774	-1.0265629	0.39800996	0.6772919	1.0	2192	tags=29%, list=15%, signal=34%	
ERBB1 DOWNSTREAM SIGNALING%PATHWAY INTERACTION DATABASE NCI-NATURE CURATED DATA%ERBB1 DOWNSTREAM SIGNALING	ERBB1 DOWNSTREAM SIGNALING%PATHWAY INTERACTION DATABASE NCI-NATURE CURATED DATA%ERBB1 DOWNSTREAM SIGNALING		101	-0.2970671	-1.0261862	0.3811787	0.6780242	1.0	2216	tags=21%, list=15%, signal=24%	
BICARBONATE TRANSPORT%GOBP%GO:0015701	BICARBONATE TRANSPORT%GOBP%GO:0015701		17	-0.4214084	-1.0260426	0.40103093	0.67808527	1.0	1761	tags=29%, list=12%, signal=33%	
REGULATION OF PHOSPHOLIPID METABOLIC PROCESS%GOBP%GO:1903725	REGULATION OF PHOSPHOLIPID METABOLIC PROCESS%GOBP%GO:1903725		22	-0.40001592	-1.0259467	0.412666	0.6780233	1.0	1575	tags=23%, list=10%, signal=25%	
MAMMARY GLAND DEVELOPMENT PREGNANCY AND LACTATION STAGE 3 OF 4%WIKIPATHWAYS_20260211%WP2817%HOMO SAPIENS	MAMMARY GLAND DEVELOPMENT PREGNANCY AND LACTATION STAGE 3 OF 4%WIKIPATHWAYS_20260211%WP2817%HOMO SAPIENS		33	-0.35983443	-1.0252992	0.4198953	0.6795508	1.0	140	tags=6%, list=1%, signal=6%	
T CELL LINEAGE COMMITMENT%GOBP%GO:0002360	T CELL LINEAGE COMMITMENT%GOBP%GO:0002360		16	-0.42641386	-1.0251269	0.41777325	0.6797003	1.0	1264	tags=19%, list=8%, signal=20%	
REGULATION OF ENDOCYTIC RECYCLING%GOBP%GO:2001135	REGULATION OF ENDOCYTIC RECYCLING%GOBP%GO:2001135		19	-0.40643632	-1.0245684	0.41223672	0.6809897	1.0	2025	tags=26%, list=13%, signal=30%	
POSITIVE REGULATION OF INTERLEUKIN-4 PRODUCTION%GOBP%GO:0032753	POSITIVE REGULATION OF INTERLEUKIN-4 PRODUCTION%GOBP%GO:0032753		20	-0.4044054	-1.0240881	0.41354167	0.68202955	1.0	1202	tags=25%, list=8%, signal=27%	
LYSOSOMAL MEMBRANE ORGANIZATION%GOBP%GO:0097212	LYSOSOMAL MEMBRANE ORGANIZATION%GOBP%GO:0097212		18	-0.41210464	-1.024075	0.4290061	0.6817412	1.0	2231	tags=28%, list=15%, signal=33%	
REGULATION OF PROTEIN TYROSINE KINASE ACTIVITY%GOBP%GO:0061097	REGULATION OF PROTEIN TYROSINE KINASE ACTIVITY%GOBP%GO:0061097		21	-0.38801107	-1.0240462	0.4203629	0.68150353	1.0	4254	tags=43%, list=28%, signal=60%	
NEGATIVE REGULATION OF ORGANELLE ORGANIZATION%GOBP%GO:0010639	NEGATIVE REGULATION OF ORGANELLE ORGANIZATION%GOBP%GO:0010639		256	-0.26362666	-1.0235363	0.36004162	0.68262845	1.0	2189	tags=17%, list=15%, signal=19%	
PID_MTOR_4PATHWAY%MSIGDB_C2%PID_MTOR_4PATHWAY	PID_MTOR_4PATHWAY%MSIGDB_C2%PID_MTOR_4PATHWAY		57	-0.32224473	-1.0233257	0.42650104	0.682905	1.0	2192	tags=18%, list=15%, signal=20%	
RORA,B,C AND NR1D1 (REV-ERBA) REGULATE GENE EXPRESSION%REACTOME DATABASE ID RELEASE 95%9933387	RORA,B,C AND NR1D1 (REV-ERBA) REGULATE GENE EXPRESSION%REACTOME DATABASE ID RELEASE 95%9933387		24	-0.38052744	-1.0221484	0.42084563	0.6859504	1.0	358	tags=8%, list=2%, signal=9%	
ASTROCYTE DIFFERENTIATION%GOBP%GO:0048708	ASTROCYTE DIFFERENTIATION%GOBP%GO:0048708		20	-0.4037112	-1.0218585	0.43605235	0.6864429	1.0	2754	tags=35%, list=18%, signal=43%	
DEREGULATED CDK5 TRIGGERS MULTIPLE NEURODEGENERATIVE PATHWAYS IN ALZHEIMER'S DISEASE MODELS%REACTOME DATABASE ID RELEASE 95%8862803	DEREGULATED CDK5 TRIGGERS MULTIPLE NEURODEGENERATIVE PATHWAYS IN ALZHEIMER'S DISEASE MODELS%REACTOME DATABASE ID RELEASE 95%8862803		19	-0.40461186	-1.0217943	0.4155983	0.68630576	1.0	1248	tags=16%, list=8%, signal=17%	
NEGATIVE REGULATION OF INTERLEUKIN-6 PRODUCTION%GOBP%GO:0032715	NEGATIVE REGULATION OF INTERLEUKIN-6 PRODUCTION%GOBP%GO:0032715		30	-0.36627442	-1.0215122	0.42176166	0.6867795	1.0	468	tags=13%, list=3%, signal=14%	
FGFR2 MUTANT RECEPTOR ACTIVATION%REACTOME DATABASE ID RELEASE 95%1839126	FGFR2 MUTANT RECEPTOR ACTIVATION%REACTOME DATABASE ID RELEASE 95%1839126		23	-0.39100358	-1.021369	0.44036698	0.68685406	1.0	2504	tags=26%, list=17%, signal=31%	
HEART TRABECULA MORPHOGENESIS%GOBP%GO:0061384	HEART TRABECULA MORPHOGENESIS%GOBP%GO:0061384		18	-0.4081377	-1.0211651	0.41269842	0.68711245	1.0	4353	tags=50%, list=29%, signal=70%	
NEGATIVE REGULATION OF PHAGOCYTOSIS%GOBP%GO:0050765	NEGATIVE REGULATION OF PHAGOCYTOSIS%GOBP%GO:0050765		15	-0.42150915	-1.0203216	0.42886388	0.68918943	1.0	3034	tags=40%, list=20%, signal=50%	
MEMBRANE ASSEMBLY%GOBP%GO:0071709	MEMBRANE ASSEMBLY%GOBP%GO:0071709		52	-0.3259454	-1.0200719	0.41573033	0.6895819	1.0	3694	tags=37%, list=25%, signal=48%	
INTEGRATION OF ENERGY METABOLISM%REACTOME%R-HSA-163685.7	INTEGRATION OF ENERGY METABOLISM%REACTOME%R-HSA-163685.7		91	-0.29750732	-1.020005	0.3987854	0.68944514	1.0	2763	tags=31%, list=18%, signal=37%	
PATHOGENIC ESCHERICHIA COLI INFECTION%WIKIPATHWAYS_20260211%WP2272%HOMO SAPIENS	PATHOGENIC ESCHERICHIA COLI INFECTION%WIKIPATHWAYS_20260211%WP2272%HOMO SAPIENS		38	-0.34949884	-1.0198603	0.42440042	0.6895317	1.0	2664	tags=34%, list=18%, signal=41%	
DOWNREGULATION OF ERBB2 SIGNALING%REACTOME%R-HSA-8863795.3	DOWNREGULATION OF ERBB2 SIGNALING%REACTOME%R-HSA-8863795.3		27	-0.37606305	-1.0197474	0.43413174	0.6895327	1.0	2332	tags=26%, list=16%, signal=31%	
GENE AND PROTEIN EXPRESSION BY JAK-STAT SIGNALING AFTER INTERLEUKIN-12 STIMULATION%REACTOME DATABASE ID RELEASE 95%8950505	GENE AND PROTEIN EXPRESSION BY JAK-STAT SIGNALING AFTER INTERLEUKIN-12 STIMULATION%REACTOME DATABASE ID RELEASE 95%8950505		34	-0.35406998	-1.0190806	0.4294606	0.69111115	1.0	3845	tags=35%, list=26%, signal=47%	
LXRS REGULATE GENE EXPRESSION LINKED TO CHOLESTEROL TRANSPORT AND EFFLUX%REACTOME DATABASE ID RELEASE 95%9029569	LXRS REGULATE GENE EXPRESSION LINKED TO CHOLESTEROL TRANSPORT AND EFFLUX%REACTOME DATABASE ID RELEASE 95%9029569		32	-0.3589297	-1.0188584	0.43571427	0.6914365	1.0	2985	tags=25%, list=20%, signal=31%	
TCR SIGNALING IN NAIVE CD8+ T CELLS%PATHWAY INTERACTION DATABASE NCI-NATURE CURATED DATA%TCR SIGNALING IN NAIVE CD8+ T CELLS	TCR SIGNALING IN NAIVE CD8+ T CELLS%PATHWAY INTERACTION DATABASE NCI-NATURE CURATED DATA%TCR SIGNALING IN NAIVE CD8+ T CELLS		53	-0.3226664	-1.018722	0.41749504	0.69152766	1.0	2637	tags=21%, list=18%, signal=25%	
REGULATION OF MEMBRANE DEPOLARIZATION%GOBP%GO:0003254	REGULATION OF MEMBRANE DEPOLARIZATION%GOBP%GO:0003254		29	-0.3685219	-1.0187024	0.4350913	0.6912487	1.0	2778	tags=38%, list=18%, signal=46%	
REGULATION OF CARBOHYDRATE METABOLIC PROCESS%GOBP%GO:0006109	REGULATION OF CARBOHYDRATE METABOLIC PROCESS%GOBP%GO:0006109		118	-0.28375527	-1.0183585	0.39979756	0.69191283	1.0	1924	tags=18%, list=13%, signal=20%	
BETA-CATENIN INDEPENDENT WNT SIGNALING%REACTOME%R-HSA-3858494.5	BETA-CATENIN INDEPENDENT WNT SIGNALING%REACTOME%R-HSA-3858494.5		122	-0.2856882	-1.0183377	0.38659793	0.6916414	1.0	2818	tags=30%, list=19%, signal=36%	
MTOR SIGNALING PATHWAY%PATHWAY INTERACTION DATABASE NCI-NATURE CURATED DATA%MTOR SIGNALING PATHWAY	MTOR SIGNALING PATHWAY%PATHWAY INTERACTION DATABASE NCI-NATURE CURATED DATA%MTOR SIGNALING PATHWAY		66	-0.31455806	-1.0182099	0.40615386	0.6916589	1.0	1595	tags=15%, list=11%, signal=17%	
INTERFERON MEDIATED SIGNALING%WIKIPATHWAYS_20260211%WP4558%HOMO SAPIENS	INTERFERON MEDIATED SIGNALING%WIKIPATHWAYS_20260211%WP4558%HOMO SAPIENS		15	-0.42543614	-1.018036	0.42755103	0.6918339	1.0	5003	tags=53%, list=33%, signal=80%	
KISSPEPTIN KISSPEPTIN RECEPTOR SYSTEM IN THE OVARY%WIKIPATHWAYS_20260211%WP4871%HOMO SAPIENS	KISSPEPTIN KISSPEPTIN RECEPTOR SYSTEM IN THE OVARY%WIKIPATHWAYS_20260211%WP4871%HOMO SAPIENS		25	-0.3792017	-1.0176193	0.41649693	0.6926962	1.0	2422	tags=32%, list=16%, signal=38%	
REGULATION OF RESPONSE TO WOUNDING%GOBP%GO:1903034	REGULATION OF RESPONSE TO WOUNDING%GOBP%GO:1903034		115	-0.28729182	-1.0175544	0.41591138	0.6925448	1.0	2250	tags=22%, list=15%, signal=25%	
GPCRS CLASS A RHODOPSIN LIKE%WIKIPATHWAYS_20260211%WP455%HOMO SAPIENS	GPCRS CLASS A RHODOPSIN LIKE%WIKIPATHWAYS_20260211%WP455%HOMO SAPIENS		108	-0.28950834	-1.0171561	0.40980393	0.69335395	1.0	1815	tags=19%, list=12%, signal=21%	
PID_MAPK_TRK_PATHWAY%MSIGDB_C2%PID_MAPK_TRK_PATHWAY	PID_MAPK_TRK_PATHWAY%MSIGDB_C2%PID_MAPK_TRK_PATHWAY		27	-0.3699763	-1.0169666	0.41633064	0.6935598	1.0	1181	tags=15%, list=8%, signal=16%	
ESTROGEN SIGNALING%WIKIPATHWAYS_20260211%WP712%HOMO SAPIENS	ESTROGEN SIGNALING%WIKIPATHWAYS_20260211%WP712%HOMO SAPIENS		17	-0.4159408	-1.0169305	0.43008474	0.69332874	1.0	4064	tags=35%, list=27%, signal=48%	
MAINTENANCE OF PROTEIN LOCALIZATION IN ORGANELLE%GOBP%GO:0072595	MAINTENANCE OF PROTEIN LOCALIZATION IN ORGANELLE%GOBP%GO:0072595		34	-0.355378	-1.0166323	0.41285297	0.69387907	1.0	2098	tags=24%, list=14%, signal=27%	
CCR1%IOB%CCR1	CCR1%IOB%CCR1		22	-0.3958444	-1.016484	0.42668024	0.6939756	1.0	2735	tags=23%, list=18%, signal=28%	
TIGHT JUNCTION ORGANIZATION%GOBP%GO:0120193	TIGHT JUNCTION ORGANIZATION%GOBP%GO:0120193		38	-0.34869507	-1.0161839	0.41860464	0.6945294	1.0	3920	tags=39%, list=26%, signal=53%	
CELLULAR RESPONSE TO ENVIRONMENTAL STIMULUS%GOBP%GO:0104004	CELLULAR RESPONSE TO ENVIRONMENTAL STIMULUS%GOBP%GO:0104004		220	-0.26460472	-1.0160702	0.39484537	0.6945306	1.0	1640	tags=15%, list=11%, signal=17%	
TNFALPHA%NETPATH%TNFALPHA	TNFALPHA%NETPATH%TNFALPHA		165	-0.27408412	-1.0159746	0.39009288	0.6944878	1.0	1035	tags=8%, list=7%, signal=9%	
SEROTONIN HTR1 GROUP AND FOS PATHWAY%WIKIPATHWAYS_20260211%WP722%HOMO SAPIENS	SEROTONIN HTR1 GROUP AND FOS PATHWAY%WIKIPATHWAYS_20260211%WP722%HOMO SAPIENS		24	-0.38536713	-1.0158924	0.42642644	0.6943878	1.0	1578	tags=25%, list=11%, signal=28%	
RETROGRADE TRANSPORT, ENDOSOME TO GOLGI%GOBP%GO:0042147	RETROGRADE TRANSPORT, ENDOSOME TO GOLGI%GOBP%GO:0042147		88	-0.30125648	-1.01573	0.4017769	0.6945203	1.0	2357	tags=23%, list=16%, signal=27%	
REGULATION OF EPIDERMAL GROWTH FACTOR RECEPTOR SIGNALING PATHWAY%GOBP%GO:0042058	REGULATION OF EPIDERMAL GROWTH FACTOR RECEPTOR SIGNALING PATHWAY%GOBP%GO:0042058		64	-0.31562236	-1.0157162	0.4106583	0.6942297	1.0	2145	tags=25%, list=14%, signal=29%	
POSITIVE REGULATION OF NITRIC OXIDE BIOSYNTHETIC PROCESS%GOBP%GO:0045429	POSITIVE REGULATION OF NITRIC OXIDE BIOSYNTHETIC PROCESS%GOBP%GO:0045429		27	-0.3744749	-1.0155573	0.4278297	0.694374	1.0	2754	tags=37%, list=18%, signal=45%	
MONOCARBOXYLIC ACID TRANSPORT%GOBP%GO:0015718	MONOCARBOXYLIC ACID TRANSPORT%GOBP%GO:0015718		89	-0.29641697	-1.0151145	0.4202608	0.695326	1.0	1576	tags=17%, list=10%, signal=19%	
BETA-CATENIN PHOSPHORYLATION CASCADE%REACTOME%R-HSA-196299.3	BETA-CATENIN PHOSPHORYLATION CASCADE%REACTOME%R-HSA-196299.3		17	-0.41779283	-1.0148895	0.44257426	0.6956363	1.0	2008	tags=24%, list=13%, signal=27%	
CELLULAR RESPONSE TO ABIOTIC STIMULUS%GOBP%GO:0071214	CELLULAR RESPONSE TO ABIOTIC STIMULUS%GOBP%GO:0071214		220	-0.26460472	-1.0139706	0.4107884	0.69792867	1.0	1640	tags=15%, list=11%, signal=17%	
NEGATIVE REGULATION OF PROTEIN LOCALIZATION TO PLASMA MEMBRANE%GOBP%GO:1903077	NEGATIVE REGULATION OF PROTEIN LOCALIZATION TO PLASMA MEMBRANE%GOBP%GO:1903077		27	-0.36891648	-1.013896	0.4410569	0.6978071	1.0	2966	tags=30%, list=20%, signal=37%	
L-ALPHA-AMINO ACID TRANSMEMBRANE TRANSPORT%GOBP%GO:1902475	L-ALPHA-AMINO ACID TRANSMEMBRANE TRANSPORT%GOBP%GO:1902475		34	-0.35482493	-1.0131586	0.43032786	0.6996222	1.0	1837	tags=24%, list=12%, signal=27%	
MITOCHONDRIAL UNFOLDED PROTEIN RESPONSE (UPRMT)%REACTOME%R-HSA-9841251.1	MITOCHONDRIAL UNFOLDED PROTEIN RESPONSE (UPRMT)%REACTOME%R-HSA-9841251.1		16	-0.4181827	-1.0131501	0.42870998	0.6993198	1.0	830	tags=13%, list=6%, signal=13%	
POSITIVE REGULATION OF NEURON APOPTOTIC PROCESS%GOBP%GO:0043525	POSITIVE REGULATION OF NEURON APOPTOTIC PROCESS%GOBP%GO:0043525		36	-0.34887862	-1.0129715	0.41206545	0.69951713	1.0	1767	tags=22%, list=12%, signal=25%	
RAS SIGNALING PATHWAY%SMPDB%SMP0063784	RAS SIGNALING PATHWAY%SMPDB%SMP0063784		24	-0.3813813	-1.0127512	0.4330218	0.69983053	1.0	3663	tags=42%, list=24%, signal=55%	
VITAMIN TRANSPORT%GOBP%GO:0051180	VITAMIN TRANSPORT%GOBP%GO:0051180		39	-0.34689477	-1.0123823	0.43818003	0.70055896	1.0	232	tags=10%, list=2%, signal=10%	
PID_ERBB1_INTERNALIZATION_PATHWAY%MSIGDB_C2%PID_ERBB1_INTERNALIZATION_PATHWAY	PID_ERBB1_INTERNALIZATION_PATHWAY%MSIGDB_C2%PID_ERBB1_INTERNALIZATION_PATHWAY		33	-0.35533392	-1.0120056	0.4271047	0.701307	1.0	1615	tags=21%, list=11%, signal=24%	
RAS PROTEIN SIGNAL TRANSDUCTION%GOBP%GO:0007265	RAS PROTEIN SIGNAL TRANSDUCTION%GOBP%GO:0007265		62	-0.3151019	-1.011867	0.42252067	0.7013945	1.0	1939	tags=21%, list=13%, signal=24%	
PHOSPHATIDYLINOSITOL METABOLIC PROCESS%GOBP%GO:0046488	PHOSPHATIDYLINOSITOL METABOLIC PROCESS%GOBP%GO:0046488		124	-0.2805596	-1.0116242	0.4243028	0.7017744	1.0	3154	tags=27%, list=21%, signal=34%	
MEASLES VIRUS INFECTION%WIKIPATHWAYS_20260211%WP4630%HOMO SAPIENS	MEASLES VIRUS INFECTION%WIKIPATHWAYS_20260211%WP4630%HOMO SAPIENS		97	-0.29468554	-1.0116236	0.42462844	0.7014454	1.0	3992	tags=33%, list=27%, signal=45%	
SENSORY PERCEPTION OF SOUND%GOBP%GO:0007605	SENSORY PERCEPTION OF SOUND%GOBP%GO:0007605		87	-0.29943836	-1.0114946	0.4199796	0.7014963	1.0	2247	tags=23%, list=15%, signal=27%	
VISUAL PHOTOTRANSDUCTION%REACTOME%R-HSA-2187338.3	VISUAL PHOTOTRANSDUCTION%REACTOME%R-HSA-2187338.3		64	-0.31071466	-1.0114139	0.41546392	0.70140445	1.0	999	tags=13%, list=7%, signal=13%	
ALPHA 6 BETA 4 SIGNALING%WIKIPATHWAYS_20260211%WP244%HOMO SAPIENS	ALPHA 6 BETA 4 SIGNALING%WIKIPATHWAYS_20260211%WP244%HOMO SAPIENS		25	-0.3823586	-1.011376	0.42989692	0.70119405	1.0	2192	tags=28%, list=15%, signal=33%	
ACTIN-MEDIATED CELL CONTRACTION%GOBP%GO:0070252	ACTIN-MEDIATED CELL CONTRACTION%GOBP%GO:0070252		61	-0.31781295	-1.0107888	0.41787943	0.7025342	1.0	936	tags=16%, list=6%, signal=17%	
MRNA SPLICING, VIA SPLICEOSOME%GOBP%GO:0000398	MRNA SPLICING, VIA SPLICEOSOME%GOBP%GO:0000398		246	-0.26118416	-1.0107831	0.42137718	0.70221865	1.0	3135	tags=21%, list=21%, signal=26%	
PID_MET_PATHWAY%MSIGDB_C2%PID_MET_PATHWAY	PID_MET_PATHWAY%MSIGDB_C2%PID_MET_PATHWAY		64	-0.31464523	-1.0105723	0.43076923	0.70250696	1.0	2149	tags=20%, list=14%, signal=24%	
POLYOL METABOLIC PROCESS%GOBP%GO:0019751	POLYOL METABOLIC PROCESS%GOBP%GO:0019751		67	-0.31042776	-1.0104874	0.43514645	0.70242184	1.0	1319	tags=15%, list=9%, signal=16%	
PROTEIN-DNA COMPLEX DISASSEMBLY%GOBP%GO:0032986	PROTEIN-DNA COMPLEX DISASSEMBLY%GOBP%GO:0032986		22	-0.3849171	-1.0101644	0.44672132	0.7030124	1.0	709	tags=9%, list=5%, signal=10%	
MRNA METABOLIC PROCESS%GOBP%GO:0016071	MRNA METABOLIC PROCESS%GOBP%GO:0016071		469	-0.24573676	-1.0100912	0.4049844	0.70289314	1.0	3295	tags=20%, list=22%, signal=25%	
POSITIVE REGULATION OF INTERLEUKIN-2 PRODUCTION%GOBP%GO:0032743	POSITIVE REGULATION OF INTERLEUKIN-2 PRODUCTION%GOBP%GO:0032743		39	-0.33625475	-1.0099298	0.4312115	0.7030215	1.0	3188	tags=38%, list=21%, signal=49%	
POSITIVE REGULATION OF PROTEIN PROCESSING%GOBP%GO:0010954	POSITIVE REGULATION OF PROTEIN PROCESSING%GOBP%GO:0010954		17	-0.41227522	-1.0089109	0.44707093	0.7056163	1.0	3043	tags=35%, list=20%, signal=44%	
WNT SIGNALING AND PLURIPOTENCY%WIKIPATHWAYS_20260211%WP399%HOMO SAPIENS	WNT SIGNALING AND PLURIPOTENCY%WIKIPATHWAYS_20260211%WP399%HOMO SAPIENS		79	-0.30288184	-1.0082487	0.42372882	0.70722115	1.0	2625	tags=23%, list=17%, signal=27%	
RNA SPLICING, VIA TRANSESTERIFICATION REACTIONS WITH BULGED ADENOSINE AS NUCLEOPHILE%GOBP%GO:0000377	RNA SPLICING, VIA TRANSESTERIFICATION REACTIONS WITH BULGED ADENOSINE AS NUCLEOPHILE%GOBP%GO:0000377		246	-0.26118416	-1.0081426	0.41574168	0.7072015	1.0	3135	tags=21%, list=21%, signal=26%	
INTERLEUKIN-12 SIGNALING%REACTOME%R-HSA-9020591.3	INTERLEUKIN-12 SIGNALING%REACTOME%R-HSA-9020591.3		41	-0.3362776	-1.0078198	0.43168318	0.7077876	1.0	3845	tags=32%, list=26%, signal=43%	
POSITIVE REGULATION OF PROTEIN MATURATION%GOBP%GO:1903319	POSITIVE REGULATION OF PROTEIN MATURATION%GOBP%GO:1903319		18	-0.405265	-1.007396	0.43789473	0.70868486	1.0	3043	tags=33%, list=20%, signal=42%	
NEGATIVE REGULATION OF WOUND HEALING%GOBP%GO:0061045	NEGATIVE REGULATION OF WOUND HEALING%GOBP%GO:0061045		49	-0.32436594	-1.0072637	0.42726347	0.708736	1.0	2846	tags=29%, list=19%, signal=35%	
DIFFERENTIATION OF WHITE AND BROWN ADIPOCYTE%WIKIPATHWAYS_20260211%WP2895%HOMO SAPIENS	DIFFERENTIATION OF WHITE AND BROWN ADIPOCYTE%WIKIPATHWAYS_20260211%WP2895%HOMO SAPIENS		17	-0.40577596	-1.0070939	0.42857143	0.7089142	1.0	1957	tags=24%, list=13%, signal=27%	
ENDOCYTOSIS%GOBP%GO:0006897	ENDOCYTOSIS%GOBP%GO:0006897		361	-0.24905816	-1.0070566	0.41530612	0.7086961	1.0	2731	tags=24%, list=18%, signal=29%	
NEGATIVE REGULATION OF DNA REPLICATION%GOBP%GO:0008156	NEGATIVE REGULATION OF DNA REPLICATION%GOBP%GO:0008156		24	-0.38226056	-1.0069379	0.44190666	0.7087031	1.0	2262	tags=25%, list=15%, signal=29%	
PID_TRAIL_PATHWAY%MSIGDB_C2%PID_TRAIL_PATHWAY	PID_TRAIL_PATHWAY%MSIGDB_C2%PID_TRAIL_PATHWAY		25	-0.38039872	-1.0064135	0.44650206	0.7099106	1.0	1340	tags=16%, list=9%, signal=18%	
REGULATION OF CYTOKINE PRODUCTION INVOLVED IN INFLAMMATORY RESPONSE%GOBP%GO:1900015	REGULATION OF CYTOKINE PRODUCTION INVOLVED IN INFLAMMATORY RESPONSE%GOBP%GO:1900015		49	-0.3260223	-1.0064069	0.44278607	0.709597	1.0	3148	tags=35%, list=21%, signal=44%	
REGULATION OF RECEPTOR SIGNALING PATHWAY VIA STAT%GOBP%GO:1904892	REGULATION OF RECEPTOR SIGNALING PATHWAY VIA STAT%GOBP%GO:1904892		56	-0.3218674	-1.0063994	0.43248945	0.7092869	1.0	3349	tags=25%, list=22%, signal=32%	
REGULATION OF PROTEIN IMPORT INTO NUCLEUS%GOBP%GO:0042306	REGULATION OF PROTEIN IMPORT INTO NUCLEUS%GOBP%GO:0042306		39	-0.3415891	-1.0062951	0.42046607	0.70925695	1.0	1030	tags=10%, list=7%, signal=11%	
PID_FCER1_PATHWAY%MSIGDB_C2%PID_FCER1_PATHWAY	PID_FCER1_PATHWAY%MSIGDB_C2%PID_FCER1_PATHWAY		51	-0.32417455	-1.0055068	0.43711966	0.7112148	1.0	1202	tags=16%, list=8%, signal=17%	
HOST PATHOGEN INTERACTION OF HUMAN CORONAVIRUSES APOPTOSIS%WIKIPATHWAYS_20260211%WP4864%HOMO SAPIENS	HOST PATHOGEN INTERACTION OF HUMAN CORONAVIRUSES APOPTOSIS%WIKIPATHWAYS_20260211%WP4864%HOMO SAPIENS		17	-0.41198397	-1.0053444	0.44604316	0.71135694	1.0	773	tags=18%, list=5%, signal=19%	
UNSATURATED FATTY ACID BIOSYNTHETIC PROCESS%GOBP%GO:0006636	UNSATURATED FATTY ACID BIOSYNTHETIC PROCESS%GOBP%GO:0006636		26	-0.37356105	-1.005157	0.44489384	0.7115756	1.0	2184	tags=31%, list=15%, signal=36%	
REGULATION OF STEROID METABOLIC PROCESS%GOBP%GO:0019218	REGULATION OF STEROID METABOLIC PROCESS%GOBP%GO:0019218		63	-0.3137253	-1.005084	0.43098313	0.71145606	1.0	1479	tags=16%, list=10%, signal=18%	
PROCESSING OF INTRONLESS PRE-MRNAS%REACTOME DATABASE ID RELEASE 95%77595	PROCESSING OF INTRONLESS PRE-MRNAS%REACTOME DATABASE ID RELEASE 95%77595		19	-0.39808258	-1.0050648	0.46686748	0.71117705	1.0	4997	tags=42%, list=33%, signal=63%	
SIGNALING BY FGFR%REACTOME%R-HSA-190236.4	SIGNALING BY FGFR%REACTOME%R-HSA-190236.4		69	-0.3034338	-1.0046976	0.4181818	0.7119116	1.0	2555	tags=20%, list=17%, signal=24%	
VITAMIN A AND CAROTENOID METABOLISM%WIKIPATHWAYS_20260211%WP716%HOMO SAPIENS	VITAMIN A AND CAROTENOID METABOLISM%WIKIPATHWAYS_20260211%WP716%HOMO SAPIENS		30	-0.36026424	-1.0046227	0.42089844	0.71180725	1.0	1576	tags=20%, list=10%, signal=22%	
NCRNAS IN WNT SIGNALING IN HEPATOCELLULAR CARCINOMA%WIKIPATHWAYS_20260211%WP4336%HOMO SAPIENS	NCRNAS IN WNT SIGNALING IN HEPATOCELLULAR CARCINOMA%WIKIPATHWAYS_20260211%WP4336%HOMO SAPIENS		68	-0.31103992	-1.0043367	0.43819097	0.7123173	1.0	387	tags=9%, list=3%, signal=9%	
SUPERPATHWAY OF METHIONINE DEGRADATION%BIOCYC%PWY-5328	SUPERPATHWAY OF METHIONINE DEGRADATION%BIOCYC%PWY-5328		18	-0.40009198	-1.0040468	0.44375646	0.71284646	1.0	3463	tags=44%, list=23%, signal=58%	
DETOXIFICATION%GOBP%GO:0098754	DETOXIFICATION%GOBP%GO:0098754		66	-0.3096589	-1.0040371	0.4407827	0.71254283	1.0	1260	tags=14%, list=8%, signal=15%	
REGULATION OF NERVOUS SYSTEM PROCESS%GOBP%GO:0031644	REGULATION OF NERVOUS SYSTEM PROCESS%GOBP%GO:0031644		61	-0.3179412	-1.0039675	0.44455445	0.7124149	1.0	1257	tags=20%, list=8%, signal=21%	
POSITIVE REGULATION OF PROTEIN LOCALIZATION TO PLASMA MEMBRANE%GOBP%GO:1903078	POSITIVE REGULATION OF PROTEIN LOCALIZATION TO PLASMA MEMBRANE%GOBP%GO:1903078		54	-0.3174004	-1.003783	0.43762782	0.712612	1.0	1902	tags=20%, list=13%, signal=23%	
POSITIVE REGULATION OF ORGANELLE ASSEMBLY%GOBP%GO:1902117	POSITIVE REGULATION OF ORGANELLE ASSEMBLY%GOBP%GO:1902117		71	-0.305382	-1.0037456	0.43717548	0.7123887	1.0	1903	tags=13%, list=13%, signal=14%	
METABOLISM OF STEROID HORMONES%REACTOME%R-HSA-196071.5	METABOLISM OF STEROID HORMONES%REACTOME%R-HSA-196071.5		22	-0.3802022	-1.0032734	0.4492032	0.7134236	1.0	3544	tags=50%, list=24%, signal=65%	
REGULATION OF ENDOPLASMIC RETICULUM UNFOLDED PROTEIN RESPONSE%GOBP%GO:1900101	REGULATION OF ENDOPLASMIC RETICULUM UNFOLDED PROTEIN RESPONSE%GOBP%GO:1900101		31	-0.35663077	-1.003164	0.42959917	0.7134233	1.0	3975	tags=45%, list=26%, signal=61%	
TRANSCRIPTION REGULATION BY BZIP TRANSCRIPTION FACTOR%PANTHER PATHWAY%P00055	TRANSCRIPTION REGULATION BY BZIP TRANSCRIPTION FACTOR%PANTHER PATHWAY%P00055		43	-0.33688655	-1.0028758	0.4358178	0.71392995	1.0	2904	tags=21%, list=19%, signal=26%	
RESPONSE TO ISCHEMIA%GOBP%GO:0002931	RESPONSE TO ISCHEMIA%GOBP%GO:0002931		25	-0.37285793	-1.0027286	0.46022156	0.71400285	1.0	1938	tags=20%, list=13%, signal=23%	
ACTIN NUCLEATION%GOBP%GO:0045010	ACTIN NUCLEATION%GOBP%GO:0045010		18	-0.4041855	-1.0027007	0.45670104	0.7137473	1.0	2216	tags=39%, list=15%, signal=46%	
PHASE 0 - RAPID DEPOLARISATION%REACTOME%R-HSA-5576892.4	PHASE 0 - RAPID DEPOLARISATION%REACTOME%R-HSA-5576892.4		26	-0.37584582	-1.0022844	0.45630082	0.7146373	1.0	691	tags=15%, list=5%, signal=16%	
NUCLEOBASE-CONTAINING COMPOUND CATABOLIC PROCESS%GOBP%GO:0034655	NUCLEOBASE-CONTAINING COMPOUND CATABOLIC PROCESS%GOBP%GO:0034655		313	-0.25242457	-1.0019243	0.43962848	0.7153814	1.0	3395	tags=23%, list=23%, signal=29%	
TRANSCRIPTIONAL REGULATION BY TP53%REACTOME%R-HSA-3700989.8	TRANSCRIPTIONAL REGULATION BY TP53%REACTOME%R-HSA-3700989.8		345	-0.25060347	-1.001803	0.43212435	0.71540517	1.0	1903	tags=13%, list=13%, signal=14%	
POSITIVE REGULATION OF PROTEIN UBIQUITINATION%GOBP%GO:0031398	POSITIVE REGULATION OF PROTEIN UBIQUITINATION%GOBP%GO:0031398		82	-0.2985387	-1.0015124	0.43924302	0.7159219	1.0	2102	tags=13%, list=14%, signal=16%	
POSITIVE REGULATION OF VIRAL GENOME REPLICATION%GOBP%GO:0045070	POSITIVE REGULATION OF VIRAL GENOME REPLICATION%GOBP%GO:0045070		27	-0.36885425	-1.0012754	0.4527311	0.7163016	1.0	2353	tags=22%, list=16%, signal=26%	
TYROSINE KINASE INHIBITORS IN GLIOBLASTOMA%WIKIPATHWAYS_20260211%WP5494%HOMO SAPIENS	TYROSINE KINASE INHIBITORS IN GLIOBLASTOMA%WIKIPATHWAYS_20260211%WP5494%HOMO SAPIENS		22	-0.38312814	-1.0012012	0.44568527	0.7161902	1.0	1510	tags=14%, list=10%, signal=15%	
RNA SPLICING, VIA TRANSESTERIFICATION REACTIONS%GOBP%GO:0000375	RNA SPLICING, VIA TRANSESTERIFICATION REACTIONS%GOBP%GO:0000375		251	-0.25893766	-1.0010984	0.44360903	0.71616566	1.0	3135	tags=21%, list=21%, signal=26%	
REGULATION OF GLYCOLYTIC PROCESS%GOBP%GO:0006110	REGULATION OF GLYCOLYTIC PROCESS%GOBP%GO:0006110		39	-0.33558184	-1.0010911	0.4308779	0.7158534	1.0	3628	tags=44%, list=24%, signal=57%	
DNA CONFORMATION CHANGE%GOBP%GO:0071103	DNA CONFORMATION CHANGE%GOBP%GO:0071103		17	-0.4094288	-1.0001806	0.44580778	0.7181728	1.0	70	tags=6%, list=0%, signal=6%	
CELLULAR RESPONSE TO XENOBIOTIC STIMULUS%GOBP%GO:0071466	CELLULAR RESPONSE TO XENOBIOTIC STIMULUS%GOBP%GO:0071466		107	-0.2844176	-1.0001148	0.4445535	0.71804017	1.0	2501	tags=21%, list=17%, signal=24%	
TRANSLATIONAL ELONGATION%GOBP%GO:0006414	TRANSLATIONAL ELONGATION%GOBP%GO:0006414		57	-0.31770268	-1.0000845	0.44827586	0.7177947	1.0	2496	tags=21%, list=17%, signal=25%	
FILOPODIUM ASSEMBLY%GOBP%GO:0046847	FILOPODIUM ASSEMBLY%GOBP%GO:0046847		18	-0.39822486	-0.99994093	0.4564533	0.7178734	1.0	3665	tags=33%, list=24%, signal=44%	
1P36 COPY NUMBER VARIATION SYNDROME%WIKIPATHWAYS_20260211%WP5345%HOMO SAPIENS	1P36 COPY NUMBER VARIATION SYNDROME%WIKIPATHWAYS_20260211%WP5345%HOMO SAPIENS		80	-0.2973216	-0.9995947	0.44421273	0.7185381	1.0	2530	tags=26%, list=17%, signal=31%	
BICELLULAR TIGHT JUNCTION ASSEMBLY%GOBP%GO:0070830	BICELLULAR TIGHT JUNCTION ASSEMBLY%GOBP%GO:0070830		28	-0.3665701	-0.9993868	0.45379877	0.71879905	1.0	3920	tags=39%, list=26%, signal=53%	
INACTIVATION, RECOVERY AND REGULATION OF THE PHOTOTRANSDUCTION CASCADE%REACTOME DATABASE ID RELEASE 95%2514859	INACTIVATION, RECOVERY AND REGULATION OF THE PHOTOTRANSDUCTION CASCADE%REACTOME DATABASE ID RELEASE 95%2514859		17	-0.41241646	-0.999203	0.45997867	0.71899605	1.0	2268	tags=24%, list=15%, signal=28%	
NEURAL PRECURSOR CELL PROLIFERATION%GOBP%GO:0061351	NEURAL PRECURSOR CELL PROLIFERATION%GOBP%GO:0061351		33	-0.35118455	-0.99917555	0.458	0.7187432	1.0	387	tags=12%, list=3%, signal=12%	
PID_NFAT_TFPATHWAY%MSIGDB_C2%PID_NFAT_TFPATHWAY	PID_NFAT_TFPATHWAY%MSIGDB_C2%PID_NFAT_TFPATHWAY		35	-0.34523967	-0.9990509	0.4429599	0.7187832	1.0	765	tags=17%, list=5%, signal=18%	
ODONTOGENESIS OF DENTIN-CONTAINING TOOTH%GOBP%GO:0042475	ODONTOGENESIS OF DENTIN-CONTAINING TOOTH%GOBP%GO:0042475		20	-0.39203507	-0.99858415	0.44294605	0.719805	1.0	1247	tags=25%, list=8%, signal=27%	
MULTICELLULAR ORGANISMAL-LEVEL CHEMICAL HOMEOSTASIS%GOBP%GO:0140962	MULTICELLULAR ORGANISMAL-LEVEL CHEMICAL HOMEOSTASIS%GOBP%GO:0140962		55	-0.31465647	-0.9983562	0.443	0.7201471	1.0	2898	tags=35%, list=19%, signal=43%	
FOXM1 TRANSCRIPTION FACTOR NETWORK%PATHWAY INTERACTION DATABASE NCI-NATURE CURATED DATA%FOXM1 TRANSCRIPTION FACTOR NETWORK	FOXM1 TRANSCRIPTION FACTOR NETWORK%PATHWAY INTERACTION DATABASE NCI-NATURE CURATED DATA%FOXM1 TRANSCRIPTION FACTOR NETWORK		39	-0.3436201	-0.9983473	0.45240533	0.71984315	1.0	765	tags=13%, list=5%, signal=13%	
REGULATION OF RECEPTOR INTERNALIZATION%GOBP%GO:0002090	REGULATION OF RECEPTOR INTERNALIZATION%GOBP%GO:0002090		47	-0.328306	-0.9981826	0.43535355	0.7200041	1.0	1798	tags=19%, list=12%, signal=22%	
AMINO ACID TRANSPORT%GOBP%GO:0006865	AMINO ACID TRANSPORT%GOBP%GO:0006865		75	-0.30204573	-0.9980775	0.43434343	0.719974	1.0	2319	tags=27%, list=15%, signal=31%	
ENERGY RESERVE METABOLIC PROCESS%GOBP%GO:0006112	ENERGY RESERVE METABOLIC PROCESS%GOBP%GO:0006112		38	-0.34351048	-0.99785227	0.45549738	0.7202859	1.0	1752	tags=21%, list=12%, signal=24%	
PID_FANCONI_PATHWAY%MSIGDB_C2%PID_FANCONI_PATHWAY	PID_FANCONI_PATHWAY%MSIGDB_C2%PID_FANCONI_PATHWAY		41	-0.33482465	-0.9977193	0.44772968	0.7203482	1.0	3759	tags=20%, list=25%, signal=26%	
REGULATION OF PROTEIN LOCALIZATION TO MEMBRANE%GOBP%GO:1905475	REGULATION OF PROTEIN LOCALIZATION TO MEMBRANE%GOBP%GO:1905475		125	-0.28000256	-0.99768806	0.4587156	0.7201175	1.0	2254	tags=20%, list=15%, signal=23%	
NEGATIVE REGULATION OF INFLAMMASOME-MEDIATED SIGNALING PATHWAY%GOBP%GO:0141086	NEGATIVE REGULATION OF INFLAMMASOME-MEDIATED SIGNALING PATHWAY%GOBP%GO:0141086		15	-0.42612737	-0.9975673	0.4737924	0.7201384	1.0	1254	tags=27%, list=8%, signal=29%	
RESCUE OF STALLED CYTOSOLIC RIBOSOME%GOBP%GO:0072344	RESCUE OF STALLED CYTOSOLIC RIBOSOME%GOBP%GO:0072344		37	-0.3400563	-0.99672717	0.45679012	0.7222685	1.0	2496	tags=22%, list=17%, signal=26%	
CELLULAR RESPONSE TO STARVATION%GOBP%GO:0009267	CELLULAR RESPONSE TO STARVATION%GOBP%GO:0009267		140	-0.27406695	-0.99644166	0.4574359	0.72281075	1.0	2150	tags=15%, list=14%, signal=17%	
MUSCULOSKELETAL MOVEMENT%GOBP%GO:0050881	MUSCULOSKELETAL MOVEMENT%GOBP%GO:0050881		23	-0.37649685	-0.9962162	0.44799176	0.7231345	1.0	2573	tags=30%, list=17%, signal=37%	
PID_INTEGRIN_A9B1_PATHWAY%MSIGDB_C2%PID_INTEGRIN_A9B1_PATHWAY	PID_INTEGRIN_A9B1_PATHWAY%MSIGDB_C2%PID_INTEGRIN_A9B1_PATHWAY		18	-0.3985347	-0.99620205	0.46220303	0.7228467	1.0	1615	tags=28%, list=11%, signal=31%	
CORTICAL CYTOSKELETON ORGANIZATION%GOBP%GO:0030865	CORTICAL CYTOSKELETON ORGANIZATION%GOBP%GO:0030865		41	-0.33774257	-0.9958729	0.4585366	0.7234527	1.0	2801	tags=20%, list=19%, signal=24%	
MULTICELLULAR ORGANISMAL MOVEMENT%GOBP%GO:0050879	MULTICELLULAR ORGANISMAL MOVEMENT%GOBP%GO:0050879		23	-0.37649685	-0.9954865	0.47291666	0.72423387	1.0	2573	tags=30%, list=17%, signal=37%	
RNA TRANSPORT%GOBP%GO:0050658	RNA TRANSPORT%GOBP%GO:0050658		97	-0.28946695	-0.9952595	0.45794392	0.7245823	1.0	3242	tags=21%, list=22%, signal=26%	
FERTILIZATION%GOBP%GO:0009566	FERTILIZATION%GOBP%GO:0009566		56	-0.316655	-0.99491465	0.46631578	0.7252404	1.0	2714	tags=21%, list=18%, signal=26%	
PID_CMYB_PATHWAY%MSIGDB_C2%PID_CMYB_PATHWAY	PID_CMYB_PATHWAY%MSIGDB_C2%PID_CMYB_PATHWAY		63	-0.307402	-0.99437195	0.46289062	0.72645724	1.0	2641	tags=22%, list=18%, signal=27%	
ROLE OF CALCINEURIN-DEPENDENT NFAT SIGNALING IN LYMPHOCYTES%PATHWAY INTERACTION DATABASE NCI-NATURE CURATED DATA%ROLE OF CALCINEURIN-DEPENDENT NFAT SIGNALING IN LYMPHOCYTES	ROLE OF CALCINEURIN-DEPENDENT NFAT SIGNALING IN LYMPHOCYTES%PATHWAY INTERACTION DATABASE NCI-NATURE CURATED DATA%ROLE OF CALCINEURIN-DEPENDENT NFAT SIGNALING IN LYMPHOCYTES		51	-0.3245455	-0.9943718	0.46328852	0.7261271	1.0	1664	tags=20%, list=11%, signal=22%	
NUCLEIC ACID TRANSPORT%GOBP%GO:0050657	NUCLEIC ACID TRANSPORT%GOBP%GO:0050657		97	-0.28946695	-0.9934495	0.47893113	0.72848594	1.0	3242	tags=21%, list=22%, signal=26%	
SIGNALING BY WNT%REACTOME DATABASE ID RELEASE 95%195721	SIGNALING BY WNT%REACTOME DATABASE ID RELEASE 95%195721		252	-0.25460386	-0.9932562	0.46379852	0.7287138	1.0	2818	tags=23%, list=19%, signal=27%	
CELLULAR RESPONSE TO CARBOHYDRATE STIMULUS%GOBP%GO:0071322	CELLULAR RESPONSE TO CARBOHYDRATE STIMULUS%GOBP%GO:0071322		39	-0.33599767	-0.9931432	0.47137013	0.72870123	1.0	1214	tags=15%, list=8%, signal=17%	
POSITIVE REGULATION OF GROWTH%GOBP%GO:0045927	POSITIVE REGULATION OF GROWTH%GOBP%GO:0045927		125	-0.27644292	-0.9930929	0.46953046	0.72852886	1.0	2022	tags=15%, list=13%, signal=17%	
RHOQ GTPASE CYCLE%REACTOME DATABASE ID RELEASE 95%9013406	RHOQ GTPASE CYCLE%REACTOME DATABASE ID RELEASE 95%9013406		58	-0.30913463	-0.9924675	0.46693388	0.7300458	1.0	3349	tags=31%, list=22%, signal=40%	
RIBOSOME ASSEMBLY%GOBP%GO:0042255	RIBOSOME ASSEMBLY%GOBP%GO:0042255		56	-0.31078118	-0.99246216	0.46201232	0.7297304	1.0	5155	tags=50%, list=34%, signal=76%	
ENDOTHELIAL CELL PROLIFERATION%GOBP%GO:0001935	ENDOTHELIAL CELL PROLIFERATION%GOBP%GO:0001935		18	-0.40247214	-0.99210435	0.48230535	0.7304563	1.0	2335	tags=33%, list=16%, signal=39%	
INORGANIC ANION TRANSPORT%GOBP%GO:0015698	INORGANIC ANION TRANSPORT%GOBP%GO:0015698		83	-0.29447627	-0.9915462	0.4646997	0.7317217	1.0	2235	tags=19%, list=15%, signal=23%	
REGULATION OF RNA STABILITY%GOBP%GO:0043487	REGULATION OF RNA STABILITY%GOBP%GO:0043487		170	-0.2681889	-0.991318	0.48206753	0.73208106	1.0	1487	tags=11%, list=10%, signal=12%	
RIBOSOME-ASSOCIATED UBIQUITIN-DEPENDENT PROTEIN CATABOLIC PROCESS%GOBP%GO:1990116	RIBOSOME-ASSOCIATED UBIQUITIN-DEPENDENT PROTEIN CATABOLIC PROCESS%GOBP%GO:1990116		17	-0.40668583	-0.99108285	0.47346938	0.73242724	1.0	3000	tags=35%, list=20%, signal=44%	
INTERLEUKIN-10 SIGNALING%REACTOME%R-HSA-6783783.5	INTERLEUKIN-10 SIGNALING%REACTOME%R-HSA-6783783.5		44	-0.32954508	-0.990562	0.47623864	0.7336232	1.0	1058	tags=9%, list=7%, signal=10%	
BLOOD BASED NEUROINFLAMMATION MARKERS %WIKIPATHWAYS_20260211%WP5548%HOMO SAPIENS	BLOOD BASED NEUROINFLAMMATION MARKERS %WIKIPATHWAYS_20260211%WP5548%HOMO SAPIENS		17	-0.41118234	-0.99038315	0.4691745	0.73379976	1.0	2754	tags=35%, list=18%, signal=43%	
PLASMA MEMBRANE ORGANIZATION%GOBP%GO:0007009	PLASMA MEMBRANE ORGANIZATION%GOBP%GO:0007009		93	-0.28629318	-0.99036074	0.44707093	0.73354036	1.0	2357	tags=24%, list=16%, signal=28%	
POSITIVE REGULATION OF PROTEIN IMPORT INTO NUCLEUS%GOBP%GO:0042307	POSITIVE REGULATION OF PROTEIN IMPORT INTO NUCLEUS%GOBP%GO:0042307		26	-0.36240998	-0.98985076	0.48110315	0.7346856	1.0	2450	tags=19%, list=16%, signal=23%	
OXYMORPHONE ACTION PATHWAY%PATHWHIZ%PW000418	OXYMORPHONE ACTION PATHWAY%PATHWHIZ%PW000418		20	-0.3834603	-0.9895808	0.46625766	0.7351377	1.0	2012	tags=25%, list=13%, signal=29%	
REGULATION OF PURINE NUCLEOTIDE CATABOLIC PROCESS%GOBP%GO:0033121	REGULATION OF PURINE NUCLEOTIDE CATABOLIC PROCESS%GOBP%GO:0033121		39	-0.33558184	-0.98939073	0.46168768	0.73535347	1.0	3628	tags=44%, list=24%, signal=57%	
CITALOPRAM ACTION PATHWAY%PATHWHIZ%PW000426	CITALOPRAM ACTION PATHWAY%PATHWHIZ%PW000426		25	-0.3671471	-0.9891182	0.47759673	0.73582006	1.0	739	tags=16%, list=5%, signal=17%	
FCERI MEDIATED MAPK ACTIVATION%REACTOME DATABASE ID RELEASE 95%2871796	FCERI MEDIATED MAPK ACTIVATION%REACTOME DATABASE ID RELEASE 95%2871796		25	-0.36977544	-0.9887362	0.48262164	0.73659503	1.0	3691	tags=36%, list=25%, signal=48%	
ACYLGLYCEROL HOMEOSTASIS%GOBP%GO:0055090	ACYLGLYCEROL HOMEOSTASIS%GOBP%GO:0055090		27	-0.35661328	-0.98865783	0.46035016	0.7364832	1.0	3020	tags=44%, list=20%, signal=56%	
VASODILATION%GOBP%GO:0042311	VASODILATION%GOBP%GO:0042311		19	-0.38594016	-0.9882917	0.4587738	0.7372213	1.0	1615	tags=26%, list=11%, signal=29%	
PID_IL1_PATHWAY%MSIGDB_C2%PID_IL1_PATHWAY	PID_IL1_PATHWAY%MSIGDB_C2%PID_IL1_PATHWAY		26	-0.3678767	-0.9882576	0.47853404	0.7369986	1.0	1369	tags=15%, list=9%, signal=17%	
ANTIGEN PROCESSING AND PRESENTATION%GOBP%GO:0019882	ANTIGEN PROCESSING AND PRESENTATION%GOBP%GO:0019882		84	-0.29092106	-0.98822254	0.46975806	0.7367694	1.0	3315	tags=26%, list=22%, signal=33%	
REMIFENTANIL ACTION PATHWAY%PATHWHIZ%PW000422	REMIFENTANIL ACTION PATHWAY%PATHWHIZ%PW000422		20	-0.3834603	-0.9881698	0.4642857	0.73659724	1.0	2012	tags=25%, list=13%, signal=29%	
RESPONSE TO AMINO ACID%GOBP%GO:0043200	RESPONSE TO AMINO ACID%GOBP%GO:0043200		41	-0.33230987	-0.98814	0.45284873	0.73635304	1.0	1766	tags=17%, list=12%, signal=19%	
PROPARACAINE ACTION PATHWAY%PATHWHIZ%PW000409	PROPARACAINE ACTION PATHWAY%PATHWHIZ%PW000409		20	-0.3834603	-0.9877631	0.4679958	0.7371078	1.0	2012	tags=25%, list=13%, signal=29%	
LEVORPHANOL ACTION PATHWAY%SMPDB%SMP0000673	LEVORPHANOL ACTION PATHWAY%SMPDB%SMP0000673		20	-0.3834603	-0.98767227	0.46231157	0.73703444	1.0	2012	tags=25%, list=13%, signal=29%	
INFLUENZA INFECTION%REACTOME%R-HSA-168255.6	INFLUENZA INFECTION%REACTOME%R-HSA-168255.6		151	-0.26942408	-0.9875208	0.48197734	0.7371492	1.0	5496	tags=42%, list=37%, signal=65%	
PROTEIN TETRAMERIZATION%GOBP%GO:0051262	PROTEIN TETRAMERIZATION%GOBP%GO:0051262		74	-0.29597306	-0.9874387	0.46875	0.737057	1.0	1090	tags=14%, list=7%, signal=14%	
THE PHOTOTRANSDUCTION CASCADE%REACTOME%R-HSA-2514856.3	THE PHOTOTRANSDUCTION CASCADE%REACTOME%R-HSA-2514856.3		18	-0.3964704	-0.9873502	0.46750525	0.7369687	1.0	2268	tags=22%, list=15%, signal=26%	
NALTREXONE ACTION PATHWAY%PATHWHIZ%PW000664	NALTREXONE ACTION PATHWAY%PATHWHIZ%PW000664		20	-0.3834603	-0.98655933	0.46475995	0.73893976	1.0	2012	tags=25%, list=13%, signal=29%	
BUPRENORPHINE ACTION PATHWAY%SMPDB%SMP0000684	BUPRENORPHINE ACTION PATHWAY%SMPDB%SMP0000684		20	-0.3834603	-0.98643905	0.47330594	0.7389542	1.0	2012	tags=25%, list=13%, signal=29%	
REGULATION OF MAP KINASE ACTIVITY%GOBP%GO:0043405	REGULATION OF MAP KINASE ACTIVITY%GOBP%GO:0043405		54	-0.31321856	-0.9862854	0.46865672	0.739071	1.0	1663	tags=15%, list=11%, signal=17%	
LUNG FIBROSIS%WIKIPATHWAYS_20260211%WP3624%HOMO SAPIENS	LUNG FIBROSIS%WIKIPATHWAYS_20260211%WP3624%HOMO SAPIENS		47	-0.32395503	-0.9861481	0.4874119	0.7391278	1.0	1182	tags=19%, list=8%, signal=21%	
REGULATION OF PLATELET ACTIVATION%GOBP%GO:0010543	REGULATION OF PLATELET ACTIVATION%GOBP%GO:0010543		41	-0.33084244	-0.9855004	0.4891945	0.74071753	1.0	2490	tags=29%, list=17%, signal=35%	
REGULATION OF NUCLEOTIDE CATABOLIC PROCESS%GOBP%GO:0030811	REGULATION OF NUCLEOTIDE CATABOLIC PROCESS%GOBP%GO:0030811		39	-0.33558184	-0.98540825	0.4848485	0.7406615	1.0	3628	tags=44%, list=24%, signal=57%	
PRILOCAINE ACTION PATHWAY%PATHWHIZ%PW000407	PRILOCAINE ACTION PATHWAY%PATHWHIZ%PW000407		20	-0.3834603	-0.985039	0.4569672	0.7413965	1.0	2012	tags=25%, list=13%, signal=29%	
ALFENTANIL ACTION PATHWAY%PATHWHIZ%PW000419	ALFENTANIL ACTION PATHWAY%PATHWHIZ%PW000419		20	-0.3834603	-0.9849064	0.48163265	0.7414599	1.0	2012	tags=25%, list=13%, signal=29%	
PROCAINE ACTION PATHWAY%PATHWHIZ%PW000408	PROCAINE ACTION PATHWAY%PATHWHIZ%PW000408		20	-0.3834603	-0.9846466	0.48705655	0.7419007	1.0	2012	tags=25%, list=13%, signal=29%	
POSITIVE REGULATION OF STEROID METABOLIC PROCESS%GOBP%GO:0045940	POSITIVE REGULATION OF STEROID METABOLIC PROCESS%GOBP%GO:0045940		26	-0.36309063	-0.9842352	0.47064778	0.74279046	1.0	3595	tags=38%, list=24%, signal=50%	
APICAL JUNCTION ASSEMBLY%GOBP%GO:0043297	APICAL JUNCTION ASSEMBLY%GOBP%GO:0043297		35	-0.34409633	-0.98382354	0.484	0.74362856	1.0	3920	tags=34%, list=26%, signal=46%	
EPITHELIAL CELL PROLIFERATION%GOBP%GO:0050673	EPITHELIAL CELL PROLIFERATION%GOBP%GO:0050673		42	-0.33214635	-0.98362267	0.48538622	0.7438999	1.0	2335	tags=24%, list=16%, signal=28%	
METHADYL ACETATE ACTION PATHWAY%PATHWHIZ%PW000655	METHADYL ACETATE ACTION PATHWAY%PATHWHIZ%PW000655		20	-0.3834603	-0.9831471	0.47095436	0.7449542	1.0	2012	tags=25%, list=13%, signal=29%	
REGULATION OF T CELL DIFFERENTIATION IN THYMUS%GOBP%GO:0033081	REGULATION OF T CELL DIFFERENTIATION IN THYMUS%GOBP%GO:0033081		15	-0.4176978	-0.98263586	0.48541668	0.74613607	1.0	1601	tags=20%, list=11%, signal=22%	
CIRCADIAN CLOCK%REACTOME DATABASE ID RELEASE 95%9909396	CIRCADIAN CLOCK%REACTOME DATABASE ID RELEASE 95%9909396		106	-0.2812179	-0.9826221	0.48117155	0.74584466	1.0	2275	tags=20%, list=15%, signal=23%	
REGULATION OF ERK1 AND ERK2 CASCADE%GOBP%GO:0070372	REGULATION OF ERK1 AND ERK2 CASCADE%GOBP%GO:0070372		192	-0.262459	-0.98256713	0.5072614	0.74567455	1.0	2769	tags=27%, list=18%, signal=32%	
APOPTOTIC PROCESS%GOBP%GO:0006915	APOPTOTIC PROCESS%GOBP%GO:0006915		462	-0.23801185	-0.98226994	0.51033056	0.746195	1.0	2362	tags=19%, list=16%, signal=22%	
STATIN INHIBITION OF CHOLESTEROL PRODUCTION%WIKIPATHWAYS_20260211%WP430%HOMO SAPIENS	STATIN INHIBITION OF CHOLESTEROL PRODUCTION%WIKIPATHWAYS_20260211%WP430%HOMO SAPIENS		17	-0.40570647	-0.9822616	0.46969697	0.74588364	1.0	2780	tags=41%, list=19%, signal=50%	
POSITIVE REGULATION OF CHOLESTEROL METABOLIC PROCESS%GOBP%GO:0090205	POSITIVE REGULATION OF CHOLESTEROL METABOLIC PROCESS%GOBP%GO:0090205		19	-0.38858134	-0.98195773	0.48626652	0.7464346	1.0	3595	tags=42%, list=24%, signal=55%	
REGULATION OF DEFENSE RESPONSE TO VIRUS BY HOST%GOBP%GO:0050691	REGULATION OF DEFENSE RESPONSE TO VIRUS BY HOST%GOBP%GO:0050691		32	-0.34580624	-0.9818156	0.4633166	0.74651724	1.0	2353	tags=22%, list=16%, signal=26%	
CELLULAR RESPONSE TO GLUCOSE STIMULUS%GOBP%GO:0071333	CELLULAR RESPONSE TO GLUCOSE STIMULUS%GOBP%GO:0071333		32	-0.35023022	-0.9813066	0.47330594	0.747652	1.0	1214	tags=16%, list=8%, signal=17%	
LYMPHOCYTE HOMEOSTASIS%GOBP%GO:0002260	LYMPHOCYTE HOMEOSTASIS%GOBP%GO:0002260		41	-0.33360174	-0.9811467	0.48423195	0.74777895	1.0	3428	tags=41%, list=23%, signal=54%	
SPHINGOLIPID BIOSYNTHETIC PROCESS%GOBP%GO:0030148	SPHINGOLIPID BIOSYNTHETIC PROCESS%GOBP%GO:0030148		85	-0.2908061	-0.98093075	0.49389002	0.74810004	1.0	3344	tags=31%, list=22%, signal=39%	
PID_IL12_STAT4_PATHWAY%MSIGDB_C2%PID_IL12_STAT4_PATHWAY	PID_IL12_STAT4_PATHWAY%MSIGDB_C2%PID_IL12_STAT4_PATHWAY		25	-0.36663786	-0.9808308	0.48335016	0.748058	1.0	2859	tags=24%, list=19%, signal=30%	
MUSCLE ORGAN MORPHOGENESIS%GOBP%GO:0048644	MUSCLE ORGAN MORPHOGENESIS%GOBP%GO:0048644		38	-0.3346301	-0.9808101	0.48601037	0.7477869	1.0	2061	tags=21%, list=14%, signal=24%	
TRIGLYCERIDE HOMEOSTASIS%GOBP%GO:0070328	TRIGLYCERIDE HOMEOSTASIS%GOBP%GO:0070328		27	-0.35661328	-0.9807147	0.46313605	0.74773526	1.0	3020	tags=44%, list=20%, signal=56%	
ENDOPLASMIC RETICULUM STRESS RESPONSE IN CORONAVIRUS INFECTION%WIKIPATHWAYS_20260211%WP4861%HOMO SAPIENS	ENDOPLASMIC RETICULUM STRESS RESPONSE IN CORONAVIRUS INFECTION%WIKIPATHWAYS_20260211%WP4861%HOMO SAPIENS		38	-0.33439106	-0.9805773	0.48181817	0.74781775	1.0	3029	tags=29%, list=20%, signal=36%	
PID_TCR_PATHWAY%MSIGDB_C2%PID_TCR_PATHWAY	PID_TCR_PATHWAY%MSIGDB_C2%PID_TCR_PATHWAY		53	-0.31504866	-0.9805237	0.4746114	0.7476428	1.0	2580	tags=21%, list=17%, signal=25%	
KETOBEMIDONE ACTION PATHWAY%SMPDB%SMP0000690	KETOBEMIDONE ACTION PATHWAY%SMPDB%SMP0000690		20	-0.3834603	-0.9804489	0.4831579	0.7475248	1.0	2012	tags=25%, list=13%, signal=29%	
HYDROCODONE ACTION PATHWAY%SMPDB%SMP0000411	HYDROCODONE ACTION PATHWAY%SMPDB%SMP0000411		20	-0.3834603	-0.9801868	0.4952381	0.7479299	1.0	2012	tags=25%, list=13%, signal=29%	
POSITIVE REGULATION OF PROTEIN LOCALIZATION TO CELL PERIPHERY%GOBP%GO:1904377	POSITIVE REGULATION OF PROTEIN LOCALIZATION TO CELL PERIPHERY%GOBP%GO:1904377		63	-0.30678374	-0.98009235	0.4888438	0.7478677	1.0	1902	tags=19%, list=13%, signal=22%	
PROPOXYPHENE ACTION PATHWAY%PATHWHIZ%PW000649	PROPOXYPHENE ACTION PATHWAY%PATHWHIZ%PW000649		20	-0.3834603	-0.9795188	0.4848485	0.7491857	1.0	2012	tags=25%, list=13%, signal=29%	
PENTAZOCINE ACTION PATHWAY%SMPDB%SMP0000686	PENTAZOCINE ACTION PATHWAY%SMPDB%SMP0000686		20	-0.3834603	-0.97942334	0.49217936	0.74913514	1.0	2012	tags=25%, list=13%, signal=29%	
IMMUNOGLOBULIN MEDIATED IMMUNE RESPONSE%GOBP%GO:0016064	IMMUNOGLOBULIN MEDIATED IMMUNE RESPONSE%GOBP%GO:0016064		44	-0.323037	-0.97935766	0.48268625	0.74900377	1.0	3093	tags=32%, list=21%, signal=40%	
VASCULAR PROCESS IN CIRCULATORY SYSTEM%GOBP%GO:0003018	VASCULAR PROCESS IN CIRCULATORY SYSTEM%GOBP%GO:0003018		173	-0.26229236	-0.9793403	0.5153061	0.7487192	1.0	1628	tags=16%, list=11%, signal=17%	
POSITIVE REGULATION OF MAPK CASCADE%GOBP%GO:0043410	POSITIVE REGULATION OF MAPK CASCADE%GOBP%GO:0043410		322	-0.24655819	-0.97915137	0.4979339	0.7489442	1.0	2545	tags=21%, list=17%, signal=25%	
3-METHYLTHIOFENTANYL ACTION PATHWAY%PATHWHIZ%PW000656	3-METHYLTHIOFENTANYL ACTION PATHWAY%PATHWHIZ%PW000656		20	-0.3834603	-0.9790453	0.48622882	0.74892724	1.0	2012	tags=25%, list=13%, signal=29%	
PLATELET AGGREGATION (PLUG FORMATION)%REACTOME%R-HSA-76009.4	PLATELET AGGREGATION (PLUG FORMATION)%REACTOME%R-HSA-76009.4		30	-0.3548551	-0.978728	0.48855722	0.7495035	1.0	2762	tags=40%, list=18%, signal=49%	
GLYCOSPHINGOLIPID BIOSYNTHESIS%REACTOME DATABASE ID RELEASE 95%9840309	GLYCOSPHINGOLIPID BIOSYNTHESIS%REACTOME DATABASE ID RELEASE 95%9840309		17	-0.39657694	-0.9784879	0.47574818	0.749874	1.0	2833	tags=35%, list=19%, signal=43%	
METHYLATION%GOBP%GO:0032259	METHYLATION%GOBP%GO:0032259		121	-0.2723888	-0.9781102	0.48873654	0.7506288	1.0	3197	tags=22%, list=21%, signal=28%	
PROTEIN SYNTHESIS: SERINE%PATHWHIZ%PW120517	PROTEIN SYNTHESIS: SERINE%PATHWHIZ%PW120517		79	-0.29237074	-0.97804636	0.5035461	0.75048065	1.0	5690	tags=47%, list=38%, signal=75%	
TAK1-DEPENDENT IKK AND NF-KAPPA-B ACTIVATION%REACTOME%R-HSA-445989.10	TAK1-DEPENDENT IKK AND NF-KAPPA-B ACTIVATION%REACTOME%R-HSA-445989.10		43	-0.3275028	-0.978012	0.49083504	0.7502444	1.0	619	tags=7%, list=4%, signal=7%	
MEPIVACAINE ACTION PATHWAY%PATHWHIZ%PW000405	MEPIVACAINE ACTION PATHWAY%PATHWHIZ%PW000405		20	-0.3834603	-0.97795993	0.47803348	0.7500645	1.0	2012	tags=25%, list=13%, signal=29%	
REGULATION OF STEROID BIOSYNTHETIC PROCESS%GOBP%GO:0050810	REGULATION OF STEROID BIOSYNTHETIC PROCESS%GOBP%GO:0050810		48	-0.31380293	-0.977928	0.49419218	0.74982995	1.0	3295	tags=31%, list=22%, signal=40%	
BUPIVACAINE ACTION PATHWAY%SMPDB%SMP0000393	BUPIVACAINE ACTION PATHWAY%SMPDB%SMP0000393		20	-0.3834603	-0.97776395	0.47241727	0.7499748	1.0	2012	tags=25%, list=13%, signal=29%	
PROTEIN HOMOTETRAMERIZATION%GOBP%GO:0051289	PROTEIN HOMOTETRAMERIZATION%GOBP%GO:0051289		54	-0.31180525	-0.9777342	0.49224406	0.74973315	1.0	1090	tags=17%, list=7%, signal=18%	
MAST CELL ACTIVATION%GOBP%GO:0045576	MAST CELL ACTIVATION%GOBP%GO:0045576		15	-0.41496193	-0.9776912	0.47600392	0.7495295	1.0	2490	tags=27%, list=17%, signal=32%	
FRUCTOSE AND MANNOSE DEGRADATION%SMPDB%SMP0087197	FRUCTOSE AND MANNOSE DEGRADATION%SMPDB%SMP0087197		15	-0.4150383	-0.97761273	0.48923078	0.7494216	1.0	4130	tags=40%, list=27%, signal=55%	
LEVALLORPHAN ACTION PATHWAY%SMPDB%SMP0000683	LEVALLORPHAN ACTION PATHWAY%SMPDB%SMP0000683		20	-0.3834603	-0.9773096	0.5025484	0.74996346	1.0	2012	tags=25%, list=13%, signal=29%	
HOST-MEDIATED ACTIVATION OF VIRAL TRANSCRIPTION%GOBP%GO:0043923	HOST-MEDIATED ACTIVATION OF VIRAL TRANSCRIPTION%GOBP%GO:0043923		17	-0.40172085	-0.97729504	0.4837728	0.74967587	1.0	975	tags=12%, list=6%, signal=13%	
ANILERIDINE ACTION PATHWAY%SMPDB%SMP0000674	ANILERIDINE ACTION PATHWAY%SMPDB%SMP0000674		20	-0.3834603	-0.97683585	0.4861702	0.7506564	1.0	2012	tags=25%, list=13%, signal=29%	
CHLOROPROCAINE ACTION PATHWAY%SMPDB%SMP0000394	CHLOROPROCAINE ACTION PATHWAY%SMPDB%SMP0000394		20	-0.3834603	-0.97662467	0.46625766	0.7509454	1.0	2012	tags=25%, list=13%, signal=29%	
CELLULAR RESPONSE TO OXIDATIVE STRESS%GOBP%GO:0034599	CELLULAR RESPONSE TO OXIDATIVE STRESS%GOBP%GO:0034599		152	-0.26597506	-0.9764701	0.4989899	0.75105536	1.0	2699	tags=24%, list=18%, signal=29%	
NEGATIVE REGULATION OF LIPID TRANSPORT%GOBP%GO:0032369	NEGATIVE REGULATION OF LIPID TRANSPORT%GOBP%GO:0032369		17	-0.3947286	-0.9762569	0.4853683	0.7513547	1.0	1793	tags=35%, list=12%, signal=40%	
RESPONSE TO INTERFERON-ALPHA%GOBP%GO:0035455	RESPONSE TO INTERFERON-ALPHA%GOBP%GO:0035455		18	-0.38875893	-0.9759322	0.49635795	0.7519789	1.0	3992	tags=44%, list=27%, signal=60%	
ROPIVACAINE ACTION PATHWAY%PATHWHIZ%PW000410	ROPIVACAINE ACTION PATHWAY%PATHWHIZ%PW000410		20	-0.3834603	-0.9759264	0.49173555	0.75166494	1.0	2012	tags=25%, list=13%, signal=29%	
LIDOCAINE (LOCAL ANAESTHETIC) ACTION PATHWAY%SMPDB%SMP0000398	LIDOCAINE (LOCAL ANAESTHETIC) ACTION PATHWAY%SMPDB%SMP0000398		20	-0.3834603	-0.9759082	0.48733535	0.7513871	1.0	2012	tags=25%, list=13%, signal=29%	
IL12-MEDIATED SIGNALING EVENTS%PATHWAY INTERACTION DATABASE NCI-NATURE CURATED DATA%IL12-MEDIATED SIGNALING EVENTS	IL12-MEDIATED SIGNALING EVENTS%PATHWAY INTERACTION DATABASE NCI-NATURE CURATED DATA%IL12-MEDIATED SIGNALING EVENTS		57	-0.3101038	-0.9756543	0.5159301	0.7518068	1.0	2859	tags=18%, list=19%, signal=22%	
CYTOPLASMIC TRANSLATIONAL ELONGATION%GOBP%GO:0002182	CYTOPLASMIC TRANSLATIONAL ELONGATION%GOBP%GO:0002182		37	-0.3400563	-0.9756236	0.48163265	0.75156844	1.0	2496	tags=22%, list=17%, signal=26%	
LEVOMETHADYL ACETATE ACTION ACTION PATHWAY%SMPDB%SMP0000677	LEVOMETHADYL ACETATE ACTION ACTION PATHWAY%SMPDB%SMP0000677		20	-0.3834603	-0.9755348	0.50260144	0.75148654	1.0	2012	tags=25%, list=13%, signal=29%	
RUNX1 REGULATES GENES INVOLVED IN MEGAKARYOCYTE DIFFERENTIATION AND PLATELET FUNCTION%REACTOME DATABASE ID RELEASE 95%8936459	RUNX1 REGULATES GENES INVOLVED IN MEGAKARYOCYTE DIFFERENTIATION AND PLATELET FUNCTION%REACTOME DATABASE ID RELEASE 95%8936459		49	-0.3188764	-0.97542137	0.48397437	0.7514964	1.0	614	tags=8%, list=4%, signal=8%	
REGULATION OF BLOOD COAGULATION%GOBP%GO:0030193	REGULATION OF BLOOD COAGULATION%GOBP%GO:0030193		49	-0.31431234	-0.9752329	0.49636552	0.7516938	1.0	2940	tags=31%, list=20%, signal=38%	
GLYCOSYLPHOSPHATIDYL INOSITOL ANCHOR PATHWAY%WIKIPATHWAYS_20260211%WP5505%HOMO SAPIENS	GLYCOSYLPHOSPHATIDYL INOSITOL ANCHOR PATHWAY%WIKIPATHWAYS_20260211%WP5505%HOMO SAPIENS		23	-0.3640214	-0.97495246	0.49585062	0.7521804	1.0	3019	tags=35%, list=20%, signal=43%	
CODEINE ACTION PATHWAY%PATHWHIZ%PW000411	CODEINE ACTION PATHWAY%PATHWHIZ%PW000411		21	-0.37318778	-0.9749476	0.49367088	0.7518624	1.0	2012	tags=24%, list=13%, signal=27%	
DIOL METABOLIC PROCESS%GOBP%GO:0034311	DIOL METABOLIC PROCESS%GOBP%GO:0034311		27	-0.35611764	-0.974874	0.49842933	0.75174797	1.0	1319	tags=19%, list=9%, signal=20%	
DEZOCINE ACTION PATHWAY%PATHWHIZ%PW000653	DEZOCINE ACTION PATHWAY%PATHWHIZ%PW000653		20	-0.3834603	-0.9748114	0.49544996	0.7516073	1.0	2012	tags=25%, list=13%, signal=29%	
POSITIVE REGULATION OF INTERLEUKIN-12 PRODUCTION%GOBP%GO:0032735	POSITIVE REGULATION OF INTERLEUKIN-12 PRODUCTION%GOBP%GO:0032735		27	-0.36153778	-0.97470474	0.47390395	0.7515866	1.0	3148	tags=41%, list=21%, signal=51%	
LEVOBUPIVACAINE ACTION PATHWAY%PATHWHIZ%PW000403	LEVOBUPIVACAINE ACTION PATHWAY%PATHWHIZ%PW000403		20	-0.3834603	-0.9746533	0.4796748	0.7514078	1.0	2012	tags=25%, list=13%, signal=29%	
TIE2 SIGNALING%REACTOME DATABASE ID RELEASE 95%210993	TIE2 SIGNALING%REACTOME DATABASE ID RELEASE 95%210993		15	-0.41524693	-0.9745613	0.4886598	0.75133926	1.0	3427	tags=47%, list=23%, signal=60%	
MATURATION OF 5.8S RRNA FROM TRICISTRONIC RRNA TRANSCRIPT (SSU-RRNA, 5.8S RRNA, LSU-RRNA)%GOBP%GO:0000466	MATURATION OF 5.8S RRNA FROM TRICISTRONIC RRNA TRANSCRIPT (SSU-RRNA, 5.8S RRNA, LSU-RRNA)%GOBP%GO:0000466		28	-0.35673574	-0.97448814	0.48347107	0.75122845	1.0	4454	tags=43%, list=30%, signal=61%	
DRUG ADME%REACTOME DATABASE ID RELEASE 95%9748784	DRUG ADME%REACTOME DATABASE ID RELEASE 95%9748784		63	-0.30292764	-0.9744234	0.49745157	0.7510922	1.0	1447	tags=14%, list=10%, signal=16%	
SUFENTANIL ACTION PATHWAY%PATHWHIZ%PW000423	SUFENTANIL ACTION PATHWAY%PATHWHIZ%PW000423		20	-0.3834603	-0.9743723	0.47918782	0.75091255	1.0	2012	tags=25%, list=13%, signal=29%	
MEMBRANE BIOGENESIS%GOBP%GO:0044091	MEMBRANE BIOGENESIS%GOBP%GO:0044091		55	-0.30730832	-0.97415733	0.4796748	0.751223	1.0	3694	tags=36%, list=25%, signal=48%	
NEGATIVE REGULATION OF CHEMOKINE PRODUCTION%GOBP%GO:0032682	NEGATIVE REGULATION OF CHEMOKINE PRODUCTION%GOBP%GO:0032682		17	-0.39616573	-0.9741543	0.4824825	0.750905	1.0	3548	tags=53%, list=24%, signal=69%	
RNA SPLICING, VIA ENDONUCLEOLYTIC CLEAVAGE AND LIGATION%GOBP%GO:0000394	RNA SPLICING, VIA ENDONUCLEOLYTIC CLEAVAGE AND LIGATION%GOBP%GO:0000394		15	-0.40527076	-0.9741112	0.4792531	0.7507079	1.0	2372	tags=20%, list=16%, signal=24%	
REGULATION OF LONG-TERM SYNAPTIC POTENTIATION%GOBP%GO:1900271	REGULATION OF LONG-TERM SYNAPTIC POTENTIATION%GOBP%GO:1900271		25	-0.36427268	-0.973399	0.48293173	0.7524123	1.0	1643	tags=24%, list=11%, signal=27%	
DIBUCAINE ACTION PATHWAY%SMPDB%SMP0000396	DIBUCAINE ACTION PATHWAY%SMPDB%SMP0000396		20	-0.3834603	-0.97288513	0.48196393	0.75357884	1.0	2012	tags=25%, list=13%, signal=29%	
HYDROMORPHONE ACTION PATHWAY%PATHWHIZ%PW000416	HYDROMORPHONE ACTION PATHWAY%PATHWHIZ%PW000416		20	-0.3834603	-0.972759	0.4879833	0.753621	1.0	2012	tags=25%, list=13%, signal=29%	
SYNTHESIS OF VERY LONG-CHAIN FATTY ACYL-COAS%REACTOME DATABASE ID RELEASE 95%75876	SYNTHESIS OF VERY LONG-CHAIN FATTY ACYL-COAS%REACTOME DATABASE ID RELEASE 95%75876		21	-0.37885264	-0.9724969	0.47834843	0.75406873	1.0	1566	tags=24%, list=10%, signal=27%	
MUSCLE TISSUE MORPHOGENESIS%GOBP%GO:0060415	MUSCLE TISSUE MORPHOGENESIS%GOBP%GO:0060415		38	-0.3346301	-0.972417	0.484375	0.7539658	1.0	2061	tags=21%, list=14%, signal=24%	
SLC TRANSPORTER DISORDERS%REACTOME%R-HSA-5619102.9	SLC TRANSPORTER DISORDERS%REACTOME%R-HSA-5619102.9		72	-0.29633224	-0.97234166	0.49837133	0.75386244	1.0	1247	tags=11%, list=8%, signal=12%	
FENTANYL ACTION PATHWAY%PATHWHIZ%PW000421	FENTANYL ACTION PATHWAY%PATHWHIZ%PW000421		20	-0.3834603	-0.9723161	0.48290154	0.7536144	1.0	2012	tags=25%, list=13%, signal=29%	
COCAINE ACTION PATHWAY%SMPDB%SMP0000395	COCAINE ACTION PATHWAY%SMPDB%SMP0000395		20	-0.3834603	-0.9720503	0.4934935	0.7540458	1.0	2012	tags=25%, list=13%, signal=29%	
SYNTHESIS OF BILE ACIDS AND BILE SALTS VIA 7ALPHA-HYDROXYCHOLESTEROL%REACTOME%R-HSA-193368.4	SYNTHESIS OF BILE ACIDS AND BILE SALTS VIA 7ALPHA-HYDROXYCHOLESTEROL%REACTOME%R-HSA-193368.4		16	-0.39916638	-0.9716544	0.49083504	0.754862	1.0	1744	tags=25%, list=12%, signal=28%	
AMYLOID FIBER FORMATION%REACTOME DATABASE ID RELEASE 95%977225	AMYLOID FIBER FORMATION%REACTOME DATABASE ID RELEASE 95%977225		54	-0.31008604	-0.97154886	0.49841604	0.7548452	1.0	1736	tags=17%, list=12%, signal=19%	
LISTERIA MONOCYTOGENES ENTRY INTO HOST CELLS%REACTOME%R-HSA-8876384.4	LISTERIA MONOCYTOGENES ENTRY INTO HOST CELLS%REACTOME%R-HSA-8876384.4		19	-0.386618	-0.9715038	0.47987616	0.75465894	1.0	1615	tags=21%, list=11%, signal=24%	
NEGATIVE REGULATION OF CATION TRANSMEMBRANE TRANSPORT%GOBP%GO:1904063	NEGATIVE REGULATION OF CATION TRANSMEMBRANE TRANSPORT%GOBP%GO:1904063		45	-0.32092106	-0.97110397	0.5005258	0.7554701	1.0	2250	tags=20%, list=15%, signal=23%	
OXYCODONE ACTION PATHWAY%SMPDB%SMP0000409	OXYCODONE ACTION PATHWAY%SMPDB%SMP0000409		20	-0.3834603	-0.9710716	0.5025961	0.75523776	1.0	2012	tags=25%, list=13%, signal=29%	
T CELL ACTIVATION INVOLVED IN IMMUNE RESPONSE%GOBP%GO:0002286	T CELL ACTIVATION INVOLVED IN IMMUNE RESPONSE%GOBP%GO:0002286		55	-0.30752534	-0.97093654	0.49305555	0.7553073	1.0	3022	tags=36%, list=20%, signal=45%	
FORMATION OF WDR5-CONTAINING HISTONE-MODIFYING COMPLEXES%REACTOME%R-HSA-9772755.2	FORMATION OF WDR5-CONTAINING HISTONE-MODIFYING COMPLEXES%REACTOME%R-HSA-9772755.2		42	-0.32914454	-0.9708469	0.491353	0.7552465	1.0	2302	tags=19%, list=15%, signal=22%	
SIGNALING BY NTRK1 (TRKA)%REACTOME%R-HSA-187037.4	SIGNALING BY NTRK1 (TRKA)%REACTOME%R-HSA-187037.4		104	-0.27875754	-0.9705882	0.5073892	0.7556577	1.0	1845	tags=17%, list=12%, signal=20%	
CARFENTANIL ACTION PATHWAY%SMPDB%SMP0000414	CARFENTANIL ACTION PATHWAY%SMPDB%SMP0000414		20	-0.3834603	-0.9705493	0.47623968	0.755442	1.0	2012	tags=25%, list=13%, signal=29%	
ESTABLISHMENT OF PROTEIN LOCALIZATION TO PLASMA MEMBRANE%GOBP%GO:0061951	ESTABLISHMENT OF PROTEIN LOCALIZATION TO PLASMA MEMBRANE%GOBP%GO:0061951		43	-0.325398	-0.9704082	0.4894068	0.75551605	1.0	3651	tags=37%, list=24%, signal=49%	
PROGRAMMED CELL DEATH%GOBP%GO:0012501	PROGRAMMED CELL DEATH%GOBP%GO:0012501		495	-0.23480311	-0.970077	0.5764331	0.75614536	1.0	2362	tags=19%, list=16%, signal=22%	
CASPASE ACTIVATION VIA EXTRINSIC APOPTOTIC SIGNALLING PATHWAY%REACTOME DATABASE ID RELEASE 95%5357769	CASPASE ACTIVATION VIA EXTRINSIC APOPTOTIC SIGNALLING PATHWAY%REACTOME DATABASE ID RELEASE 95%5357769		24	-0.36230764	-0.9698829	0.4893401	0.7563821	1.0	2664	tags=29%, list=18%, signal=35%	
DIHYDROMORPHINE ACTION PATHWAY%PATHWHIZ%PW000666	DIHYDROMORPHINE ACTION PATHWAY%PATHWHIZ%PW000666		20	-0.3834603	-0.96933174	0.494	0.75766575	1.0	2012	tags=25%, list=13%, signal=29%	
ETHYLMORPHINE ACTION PATHWAY%SMPDB%SMP0000681	ETHYLMORPHINE ACTION PATHWAY%SMPDB%SMP0000681		20	-0.3834603	-0.9692777	0.51494026	0.7574919	1.0	2012	tags=25%, list=13%, signal=29%	
NEGATIVE REGULATION OF ESTABLISHMENT OF PROTEIN LOCALIZATION%GOBP%GO:1904950	NEGATIVE REGULATION OF ESTABLISHMENT OF PROTEIN LOCALIZATION%GOBP%GO:1904950		77	-0.29127112	-0.96915185	0.5045685	0.75750965	1.0	2580	tags=23%, list=17%, signal=28%	
NUCLEAR RNA SURVEILLANCE%GOBP%GO:0071027	NUCLEAR RNA SURVEILLANCE%GOBP%GO:0071027		34	-0.33811855	-0.9690736	0.5154845	0.75740075	1.0	3749	tags=32%, list=25%, signal=43%	
RESPONSE TO NUTRIENT LEVELS%GOBP%GO:0031667	RESPONSE TO NUTRIENT LEVELS%GOBP%GO:0031667		235	-0.25125825	-0.96883917	0.56149733	0.75774944	1.0	2958	tags=21%, list=20%, signal=26%	
SYNAPTIC VESICLE TRANSPORT%GOBP%GO:0048489	SYNAPTIC VESICLE TRANSPORT%GOBP%GO:0048489		38	-0.33032984	-0.96843797	0.49001053	0.758575	1.0	2045	tags=21%, list=14%, signal=24%	
DIMETHYLTHIAMBUTENE ACTION PATHWAY%SMPDB%SMP0000680	DIMETHYLTHIAMBUTENE ACTION PATHWAY%SMPDB%SMP0000680		20	-0.3834603	-0.96809846	0.50445986	0.7592518	1.0	2012	tags=25%, list=13%, signal=29%	
RRNA METHYLATION%GOBP%GO:0031167	RRNA METHYLATION%GOBP%GO:0031167		22	-0.37003377	-0.9679648	0.5056295	0.75931126	1.0	2689	tags=27%, list=18%, signal=33%	
ANTIGEN PROCESSING AND PRESENTATION OF PEPTIDE ANTIGEN%GOBP%GO:0048002	ANTIGEN PROCESSING AND PRESENTATION OF PEPTIDE ANTIGEN%GOBP%GO:0048002		59	-0.30338985	-0.96777624	0.48863637	0.7595217	1.0	4318	tags=39%, list=29%, signal=54%	
REGULATION OF EXPRESSION OF SLITS AND ROBOS%REACTOME%R-HSA-9010553.2	REGULATION OF EXPRESSION OF SLITS AND ROBOS%REACTOME%R-HSA-9010553.2		149	-0.2646235	-0.9676915	0.5343915	0.7594298	1.0	4722	tags=38%, list=31%, signal=55%	
DIPHENOXYLATE ACTION PATHWAY%SMPDB%SMP0000675	DIPHENOXYLATE ACTION PATHWAY%SMPDB%SMP0000675		20	-0.3834603	-0.9676307	0.5037037	0.7592929	1.0	2012	tags=25%, list=13%, signal=29%	
PEPTIDYL-AMINO ACID MODIFICATION%GOBP%GO:0018193	PEPTIDYL-AMINO ACID MODIFICATION%GOBP%GO:0018193		248	-0.24603659	-0.9675901	0.5798755	0.7590812	1.0	2274	tags=17%, list=15%, signal=20%	
MORPHINE ACTION PATHWAY%PATHWHIZ%PW000412	MORPHINE ACTION PATHWAY%PATHWHIZ%PW000412		31	-0.341604	-0.96724325	0.50050557	0.7597573	1.0	2012	tags=19%, list=13%, signal=22%	
REGULATION OF NATURAL KILLER CELL ACTIVATION%GOBP%GO:0032814	REGULATION OF NATURAL KILLER CELL ACTIVATION%GOBP%GO:0032814		22	-0.3721222	-0.9672258	0.5067218	0.7594792	1.0	2859	tags=36%, list=19%, signal=45%	
RNA SPLICING%GOBP%GO:0008380	RNA SPLICING%GOBP%GO:0008380		293	-0.24601018	-0.96716684	0.5679663	0.75931543	1.0	3135	tags=20%, list=21%, signal=25%	
POSITIVE REGULATION OF LIPID TRANSPORT%GOBP%GO:0032370	POSITIVE REGULATION OF LIPID TRANSPORT%GOBP%GO:0032370		50	-0.3156107	-0.9671559	0.5152151	0.759022	1.0	2936	tags=28%, list=20%, signal=35%	
ESCITALOPRAM ACTION PATHWAY%PATHWHIZ%PW000427	ESCITALOPRAM ACTION PATHWAY%PATHWHIZ%PW000427		20	-0.3834603	-0.9667866	0.502045	0.7597097	1.0	2012	tags=25%, list=13%, signal=29%	
ALVIMOPAN ACTION PATHWAY%SMPDB%SMP0000685	ALVIMOPAN ACTION PATHWAY%SMPDB%SMP0000685		20	-0.3834603	-0.96661645	0.5086646	0.759871	1.0	2012	tags=25%, list=13%, signal=29%	
BENZOCAINE ACTION PATHWAY%SMPDB%SMP0000392	BENZOCAINE ACTION PATHWAY%SMPDB%SMP0000392		20	-0.3834603	-0.966301	0.48521915	0.7604196	1.0	2012	tags=25%, list=13%, signal=29%	
NEGATIVE REGULATION OF PROTEIN LOCALIZATION TO CELL PERIPHERY%GOBP%GO:1904376	NEGATIVE REGULATION OF PROTEIN LOCALIZATION TO CELL PERIPHERY%GOBP%GO:1904376		29	-0.35257214	-0.9661765	0.49751243	0.76044	1.0	2966	tags=28%, list=20%, signal=34%	
REGULATION OF PROTEIN TARGETING%GOBP%GO:1903533	REGULATION OF PROTEIN TARGETING%GOBP%GO:1903533		24	-0.3638832	-0.9660397	0.5108055	0.76050514	1.0	3342	tags=38%, list=22%, signal=48%	
DESIPRAMINE ACTION PATHWAY%PATHWHIZ%PW000425	DESIPRAMINE ACTION PATHWAY%PATHWHIZ%PW000425		21	-0.37318778	-0.96603674	0.506653	0.76019	1.0	2012	tags=24%, list=13%, signal=27%	
ACTIN FILAMENT BUNDLE ASSEMBLY%GOBP%GO:0051017	ACTIN FILAMENT BUNDLE ASSEMBLY%GOBP%GO:0051017		53	-0.3096817	-0.9653786	0.5090726	0.7617813	1.0	1655	tags=17%, list=11%, signal=19%	
NALBUPHINE ACTION PATHWAY%SMPDB%SMP0000691	NALBUPHINE ACTION PATHWAY%SMPDB%SMP0000691		20	-0.3834603	-0.9652231	0.5034347	0.7619054	1.0	2012	tags=25%, list=13%, signal=29%	
TRANSCRIPTIONAL REGULATION BY RUNX2%REACTOME DATABASE ID RELEASE 95%8878166	TRANSCRIPTIONAL REGULATION BY RUNX2%REACTOME DATABASE ID RELEASE 95%8878166		99	-0.27984142	-0.9652224	0.533543	0.7615831	1.0	2348	tags=26%, list=16%, signal=31%	
GASTRULATION%REACTOME DATABASE ID RELEASE 95%9758941	GASTRULATION%REACTOME DATABASE ID RELEASE 95%9758941		89	-0.2826498	-0.9648202	0.51724136	0.76242876	1.0	2251	tags=25%, list=15%, signal=29%	
REGULATION OF PROTEIN TARGETING TO MEMBRANE%GOBP%GO:0090313	REGULATION OF PROTEIN TARGETING TO MEMBRANE%GOBP%GO:0090313		24	-0.3638832	-0.9646409	0.49544996	0.7626236	1.0	3342	tags=38%, list=22%, signal=48%	
REGULATION OF HEMOSTASIS%GOBP%GO:1900046	REGULATION OF HEMOSTASIS%GOBP%GO:1900046		50	-0.31129596	-0.9645601	0.5092593	0.7625468	1.0	2940	tags=30%, list=20%, signal=37%	
POSITIVE REGULATION OF ALCOHOL BIOSYNTHETIC PROCESS%GOBP%GO:1902932	POSITIVE REGULATION OF ALCOHOL BIOSYNTHETIC PROCESS%GOBP%GO:1902932		20	-0.37838718	-0.96448493	0.49741468	0.7624451	1.0	1214	tags=20%, list=8%, signal=22%	
PYRIMIDINE NUCLEOTIDE BIOSYNTHETIC PROCESS%GOBP%GO:0006221	PYRIMIDINE NUCLEOTIDE BIOSYNTHETIC PROCESS%GOBP%GO:0006221		19	-0.3837687	-0.9643546	0.5036649	0.7624998	1.0	2079	tags=26%, list=14%, signal=31%	
NALOXONE ACTION PATHWAY%SMPDB%SMP0000688	NALOXONE ACTION PATHWAY%SMPDB%SMP0000688		20	-0.3834603	-0.96432734	0.51076925	0.76224726	1.0	2012	tags=25%, list=13%, signal=29%	
PYRIMIDINE-CONTAINING COMPOUND BIOSYNTHETIC PROCESS%GOBP%GO:0072528	PYRIMIDINE-CONTAINING COMPOUND BIOSYNTHETIC PROCESS%GOBP%GO:0072528		26	-0.35826752	-0.9643267	0.509375	0.7619245	1.0	2079	tags=19%, list=14%, signal=22%	
NEURON FUNCTION%SMPDB%SMP0000224	NEURON FUNCTION%SMPDB%SMP0000224		20	-0.3834603	-0.964067	0.516129	0.76235837	1.0	2012	tags=25%, list=13%, signal=29%	
SEALING OF THE NUCLEAR ENVELOPE (NE) BY ESCRT-III%REACTOME%R-HSA-9668328.2	SEALING OF THE NUCLEAR ENVELOPE (NE) BY ESCRT-III%REACTOME%R-HSA-9668328.2		23	-0.3612091	-0.9640124	0.50992686	0.7621879	1.0	2231	tags=30%, list=15%, signal=36%	
POSITIVE REGULATION OF G2/M TRANSITION OF MITOTIC CELL CYCLE%GOBP%GO:0010971	POSITIVE REGULATION OF G2/M TRANSITION OF MITOTIC CELL CYCLE%GOBP%GO:0010971		20	-0.37319756	-0.9628823	0.5305918	0.76509786	1.0	72	tags=5%, list=0%, signal=5%	
PID_P38_ALPHA_BETA_PATHWAY%MSIGDB_C2%PID_P38_ALPHA_BETA_PATHWAY	PID_P38_ALPHA_BETA_PATHWAY%MSIGDB_C2%PID_P38_ALPHA_BETA_PATHWAY		22	-0.36869407	-0.96278536	0.5112195	0.7650641	1.0	4124	tags=45%, list=27%, signal=63%	
CERAMIDE CATABOLIC PROCESS%GOBP%GO:0046514	CERAMIDE CATABOLIC PROCESS%GOBP%GO:0046514		15	-0.3961979	-0.96246505	0.4995169	0.7656631	1.0	2722	tags=27%, list=18%, signal=33%	
RETROGRADE VESICLE-MEDIATED TRANSPORT, GOLGI TO ENDOPLASMIC RETICULUM%GOBP%GO:0006890	RETROGRADE VESICLE-MEDIATED TRANSPORT, GOLGI TO ENDOPLASMIC RETICULUM%GOBP%GO:0006890		48	-0.30967027	-0.96206284	0.4980315	0.7665134	1.0	3503	tags=29%, list=23%, signal=38%	
NEGATIVE REGULATION OF PROTEIN LOCALIZATION TO MEMBRANE%GOBP%GO:1905476	NEGATIVE REGULATION OF PROTEIN LOCALIZATION TO MEMBRANE%GOBP%GO:1905476		28	-0.35388362	-0.96172637	0.5240586	0.7671704	1.0	2966	tags=29%, list=20%, signal=36%	
RAS SIGNALING%WIKIPATHWAYS_20260211%WP4223%HOMO SAPIENS	RAS SIGNALING%WIKIPATHWAYS_20260211%WP4223%HOMO SAPIENS		128	-0.2685166	-0.9615592	0.5472482	0.7673429	1.0	2192	tags=19%, list=15%, signal=22%	
UREA CYCLE AND ASSOCIATED PATHWAYS%WIKIPATHWAYS_20260211%WP4595%HOMO SAPIENS	UREA CYCLE AND ASSOCIATED PATHWAYS%WIKIPATHWAYS_20260211%WP4595%HOMO SAPIENS		16	-0.39554036	-0.9614102	0.51428574	0.7674276	1.0	2538	tags=38%, list=17%, signal=45%	
DEREGULATING CELLULAR METABOLISM THROUGH NON GENOTOXIC CARCINOGENS%WIKIPATHWAYS_20260211%WP5571%HOMO SAPIENS	DEREGULATING CELLULAR METABOLISM THROUGH NON GENOTOXIC CARCINOGENS%WIKIPATHWAYS_20260211%WP5571%HOMO SAPIENS		18	-0.38138616	-0.96085095	0.51746035	0.7686966	1.0	1510	tags=22%, list=10%, signal=25%	
METHADONE ACTION PATHWAY%PATHWHIZ%PW000414	METHADONE ACTION PATHWAY%PATHWHIZ%PW000414		23	-0.36348367	-0.9608064	0.5045872	0.7684884	1.0	2012	tags=22%, list=13%, signal=25%	
NEGATIVE REGULATION OF CYTOKINE PRODUCTION%GOBP%GO:0001818	NEGATIVE REGULATION OF CYTOKINE PRODUCTION%GOBP%GO:0001818		212	-0.25268063	-0.9607331	0.5741525	0.7683651	1.0	3146	tags=28%, list=21%, signal=35%	
P38 MAPK SIGNALING%WIKIPATHWAYS_20260211%WP400%HOMO SAPIENS	P38 MAPK SIGNALING%WIKIPATHWAYS_20260211%WP400%HOMO SAPIENS		27	-0.35117984	-0.9606813	0.50695187	0.7681844	1.0	909	tags=11%, list=6%, signal=12%	
OOCYTE DEVELOPMENT%GOBP%GO:0048599	OOCYTE DEVELOPMENT%GOBP%GO:0048599		17	-0.38819355	-0.9601877	0.5179283	0.76927936	1.0	2148	tags=24%, list=14%, signal=27%	
REGULATION OF CELL CYCLE CHECKPOINT%GOBP%GO:1901976	REGULATION OF CELL CYCLE CHECKPOINT%GOBP%GO:1901976		54	-0.30740434	-0.9601627	0.5188199	0.769032	1.0	1956	tags=13%, list=13%, signal=15%	
ESTABLISHMENT OF ORGANELLE LOCALIZATION%GOBP%GO:0051656	ESTABLISHMENT OF ORGANELLE LOCALIZATION%GOBP%GO:0051656		272	-0.24421471	-0.9599594	0.5869336	0.7692764	1.0	3210	tags=24%, list=21%, signal=30%	
SPLICEOSOMAL COMPLEX ASSEMBLY%GOBP%GO:0000245	SPLICEOSOMAL COMPLEX ASSEMBLY%GOBP%GO:0000245		72	-0.29175404	-0.9598724	0.54016066	0.76918864	1.0	4535	tags=39%, list=30%, signal=55%	
SPERM-EGG RECOGNITION%GOBP%GO:0035036	SPERM-EGG RECOGNITION%GOBP%GO:0035036		16	-0.3974456	-0.95984095	0.51449275	0.76895493	1.0	1812	tags=13%, list=12%, signal=14%	
TCR SIGNALING IN NAIVE CD4+ T CELLS%PATHWAY INTERACTION DATABASE NCI-NATURE CURATED DATA%TCR SIGNALING IN NAIVE CD4+ T CELLS	TCR SIGNALING IN NAIVE CD4+ T CELLS%PATHWAY INTERACTION DATABASE NCI-NATURE CURATED DATA%TCR SIGNALING IN NAIVE CD4+ T CELLS		66	-0.29420057	-0.95978963	0.5590313	0.768779	1.0	2973	tags=23%, list=20%, signal=28%	
RHOH GTPASE CYCLE%REACTOME%R-HSA-9013407.3	RHOH GTPASE CYCLE%REACTOME%R-HSA-9013407.3		35	-0.33355933	-0.95978373	0.51689863	0.76846963	1.0	2668	tags=34%, list=18%, signal=42%	
OXYBUPROCAINE ACTION PATHWAY%SMPDB%SMP0000400	OXYBUPROCAINE ACTION PATHWAY%SMPDB%SMP0000400		20	-0.3834603	-0.9593187	0.5222337	0.7694419	1.0	2012	tags=25%, list=13%, signal=29%	
REGULATION OF APOPTOTIC SIGNALING PATHWAY%GOBP%GO:2001233	REGULATION OF APOPTOTIC SIGNALING PATHWAY%GOBP%GO:2001233		252	-0.24658959	-0.95872957	0.60612243	0.7707988	1.0	1913	tags=17%, list=13%, signal=19%	
MACROPHAGE STIMULATING PROTEIN MSP SIGNALING%WIKIPATHWAYS_20260211%WP5353%HOMO SAPIENS	MACROPHAGE STIMULATING PROTEIN MSP SIGNALING%WIKIPATHWAYS_20260211%WP5353%HOMO SAPIENS		79	-0.28580514	-0.95838165	0.5391753	0.77147293	1.0	1643	tags=18%, list=11%, signal=20%	
REGULATION OF MRNA STABILITY%GOBP%GO:0043488	REGULATION OF MRNA STABILITY%GOBP%GO:0043488		158	-0.2609621	-0.9583676	0.57954544	0.7711918	1.0	1487	tags=11%, list=10%, signal=12%	
RNA POLYMERASE II TRANSCRIBES SNRNA GENES%REACTOME%R-HSA-6807505.4	RNA POLYMERASE II TRANSCRIBES SNRNA GENES%REACTOME%R-HSA-6807505.4		73	-0.28759426	-0.9583243	0.5109127	0.770996	1.0	2657	tags=14%, list=18%, signal=17%	
PLASMA MEMBRANE INVAGINATION%GOBP%GO:0099024	PLASMA MEMBRANE INVAGINATION%GOBP%GO:0099024		32	-0.33959997	-0.9582839	0.50416666	0.77078587	1.0	2881	tags=38%, list=19%, signal=46%	
POSITIVE REGULATION OF CHOLESTEROL TRANSPORT%GOBP%GO:0032376	POSITIVE REGULATION OF CHOLESTEROL TRANSPORT%GOBP%GO:0032376		29	-0.33983296	-0.958252	0.49389002	0.770546	1.0	1793	tags=17%, list=12%, signal=20%	
IMPAIRED BRCA2 BINDING TO RAD51%REACTOME DATABASE ID RELEASE 95%9709570	IMPAIRED BRCA2 BINDING TO RAD51%REACTOME DATABASE ID RELEASE 95%9709570		35	-0.33093697	-0.9579302	0.5085427	0.77115166	1.0	744	tags=6%, list=5%, signal=6%	
TRAMADOL ACTION ACTION PATHWAY%SMPDB%SMP0000671	TRAMADOL ACTION ACTION PATHWAY%SMPDB%SMP0000671		20	-0.3834603	-0.9578988	0.51317173	0.7709171	1.0	2012	tags=25%, list=13%, signal=29%	
ADIPOGENESIS%WIKIPATHWAYS_20260211%WP236%HOMO SAPIENS	ADIPOGENESIS%WIKIPATHWAYS_20260211%WP236%HOMO SAPIENS		99	-0.27347076	-0.9578891	0.5503018	0.77062327	1.0	2026	tags=17%, list=13%, signal=20%	
EGFR DOWNREGULATION%REACTOME DATABASE ID RELEASE 95%182971	EGFR DOWNREGULATION%REACTOME DATABASE ID RELEASE 95%182971		30	-0.34545377	-0.9578589	0.51197606	0.77038974	1.0	1179	tags=17%, list=8%, signal=18%	
REGULATION OF MESENCHYMAL CELL PROLIFERATION%GOBP%GO:0010464	REGULATION OF MESENCHYMAL CELL PROLIFERATION%GOBP%GO:0010464		15	-0.40152374	-0.95772135	0.5182987	0.77045065	1.0	131	tags=13%, list=1%, signal=13%	
AMINO ACID IMPORT ACROSS PLASMA MEMBRANE%GOBP%GO:0089718	AMINO ACID IMPORT ACROSS PLASMA MEMBRANE%GOBP%GO:0089718		28	-0.34411705	-0.95751864	0.5326425	0.7707003	1.0	1594	tags=21%, list=11%, signal=24%	
IMIPRAMINE ACTION PATHWAY%SMPDB%SMP0000422	IMIPRAMINE ACTION PATHWAY%SMPDB%SMP0000422		21	-0.37318775	-0.9575132	0.5255767	0.7703926	1.0	2012	tags=24%, list=13%, signal=27%	
AKT SIGNALING AND ARTD FAMILY MEMBERS%WIKIPATHWAYS_20260211%WP5531%HOMO SAPIENS	AKT SIGNALING AND ARTD FAMILY MEMBERS%WIKIPATHWAYS_20260211%WP5531%HOMO SAPIENS		26	-0.35539493	-0.95723426	0.50674975	0.7708478	1.0	1643	tags=15%, list=11%, signal=17%	
NEGATIVE REGULATION OF OSTEOBLAST DIFFERENTIATION%GOBP%GO:0045668	NEGATIVE REGULATION OF OSTEOBLAST DIFFERENTIATION%GOBP%GO:0045668		33	-0.33948836	-0.9569068	0.52156055	0.7714629	1.0	1643	tags=21%, list=11%, signal=24%	
TRANSLATION FACTORS%WIKIPATHWAYS_20260211%WP107%HOMO SAPIENS	TRANSLATION FACTORS%WIKIPATHWAYS_20260211%WP107%HOMO SAPIENS		39	-0.32882494	-0.956774	0.52395517	0.77152014	1.0	4370	tags=36%, list=29%, signal=50%	
NUCLEOTIDE SALVAGE%REACTOME%R-HSA-8956321.3	NUCLEOTIDE SALVAGE%REACTOME%R-HSA-8956321.3		22	-0.3664365	-0.95671296	0.5152471	0.77137184	1.0	3039	tags=27%, list=20%, signal=34%	
NEGATIVE REGULATION OF MONOATOMIC ION TRANSMEMBRANE TRANSPORT%GOBP%GO:0034766	NEGATIVE REGULATION OF MONOATOMIC ION TRANSMEMBRANE TRANSPORT%GOBP%GO:0034766		47	-0.31236026	-0.95651877	0.528403	0.7716032	1.0	3480	tags=32%, list=23%, signal=41%	
LEUKOCYTE CHEMOTAXIS%GOBP%GO:0030595	LEUKOCYTE CHEMOTAXIS%GOBP%GO:0030595		102	-0.27760303	-0.9562827	0.5415385	0.7719473	1.0	2884	tags=26%, list=19%, signal=33%	
POSITIVE REGULATION OF MUSCLE CONTRACTION%GOBP%GO:0045933	POSITIVE REGULATION OF MUSCLE CONTRACTION%GOBP%GO:0045933		22	-0.3651111	-0.95596594	0.52653927	0.7725418	1.0	1683	tags=32%, list=11%, signal=36%	
REGULATION OF CELL SIZE%GOBP%GO:0008361	REGULATION OF CELL SIZE%GOBP%GO:0008361		89	-0.28022972	-0.95568895	0.5302594	0.7730132	1.0	3217	tags=28%, list=21%, signal=36%	
REGULATION OF ESTABLISHMENT OF CELL POLARITY%GOBP%GO:2000114	REGULATION OF ESTABLISHMENT OF CELL POLARITY%GOBP%GO:2000114		20	-0.3729405	-0.9556839	0.5448137	0.77270246	1.0	353	tags=10%, list=2%, signal=10%	
REGULATION OF BLOOD PRESSURE%GOBP%GO:0008217	REGULATION OF BLOOD PRESSURE%GOBP%GO:0008217		78	-0.2881055	-0.95558774	0.55588824	0.7726506	1.0	1640	tags=18%, list=11%, signal=20%	
ANTERIOR/POSTERIOR PATTERN SPECIFICATION%GOBP%GO:0009952	ANTERIOR/POSTERIOR PATTERN SPECIFICATION%GOBP%GO:0009952		61	-0.30072135	-0.95490885	0.5360603	0.77424675	1.0	731	tags=8%, list=5%, signal=9%	
CELLULAR RESPONSE TO HEXOSE STIMULUS%GOBP%GO:0071331	CELLULAR RESPONSE TO HEXOSE STIMULUS%GOBP%GO:0071331		34	-0.3321101	-0.9546642	0.5167513	0.77459574	1.0	543	tags=12%, list=4%, signal=12%	
CATECHOLAMINE METABOLIC PROCESS%GOBP%GO:0006584	CATECHOLAMINE METABOLIC PROCESS%GOBP%GO:0006584		17	-0.38976124	-0.9546087	0.51221997	0.7744294	1.0	803	tags=24%, list=5%, signal=25%	
IL6 SIGNALING%WIKIPATHWAYS_20260211%WP364%HOMO SAPIENS	IL6 SIGNALING%WIKIPATHWAYS_20260211%WP364%HOMO SAPIENS		35	-0.33107072	-0.95455134	0.5361876	0.7742709	1.0	2149	tags=20%, list=14%, signal=23%	
POSITIVE REGULATION OF APOPTOTIC SIGNALING PATHWAY%GOBP%GO:2001235	POSITIVE REGULATION OF APOPTOTIC SIGNALING PATHWAY%GOBP%GO:2001235		89	-0.27571404	-0.95449513	0.5294118	0.774109	1.0	1913	tags=18%, list=13%, signal=20%	
PID_IL23_PATHWAY%MSIGDB_C2%PID_IL23_PATHWAY	PID_IL23_PATHWAY%MSIGDB_C2%PID_IL23_PATHWAY		24	-0.36204407	-0.95408344	0.5283401	0.77499026	1.0	2859	tags=25%, list=19%, signal=31%	
REGULATION OF INTERLEUKIN-10 PRODUCTION%GOBP%GO:0032653	REGULATION OF INTERLEUKIN-10 PRODUCTION%GOBP%GO:0032653		44	-0.3115666	-0.9538806	0.5305466	0.77526003	1.0	2346	tags=32%, list=16%, signal=38%	
POSITIVE REGULATION OF TRANSCRIPTION ELONGATION BY RNA POLYMERASE II%GOBP%GO:0032968	POSITIVE REGULATION OF TRANSCRIPTION ELONGATION BY RNA POLYMERASE II%GOBP%GO:0032968		49	-0.3112397	-0.95357454	0.5206693	0.7758064	1.0	1136	tags=10%, list=8%, signal=11%	
SELENOCYSTEINE SYNTHESIS%REACTOME DATABASE ID RELEASE 95%2408557	SELENOCYSTEINE SYNTHESIS%REACTOME DATABASE ID RELEASE 95%2408557		90	-0.27946904	-0.9533595	0.5714286	0.77611077	1.0	5463	tags=41%, list=36%, signal=64%	
SEGMENTATION%GOBP%GO:0035282	SEGMENTATION%GOBP%GO:0035282		22	-0.36655352	-0.9532867	0.52012384	0.7759978	1.0	731	tags=9%, list=5%, signal=10%	
REGULATION OF RESPONSE TO TUMOR CELL%GOBP%GO:0002834	REGULATION OF RESPONSE TO TUMOR CELL%GOBP%GO:0002834		27	-0.3572007	-0.9531772	0.5324803	0.77598095	1.0	2416	tags=22%, list=16%, signal=26%	
RESPONSE OF EIF2AK4 (GCN2) TO AMINO ACID DEFICIENCY%REACTOME%R-HSA-9633012.4	RESPONSE OF EIF2AK4 (GCN2) TO AMINO ACID DEFICIENCY%REACTOME%R-HSA-9633012.4		98	-0.2741075	-0.95317507	0.5408163	0.7756651	1.0	4722	tags=30%, list=31%, signal=43%	
NUCLEAR EVENTS (KINASE AND TRANSCRIPTION FACTOR ACTIVATION)%REACTOME%R-HSA-198725.4	NUCLEAR EVENTS (KINASE AND TRANSCRIPTION FACTOR ACTIVATION)%REACTOME%R-HSA-198725.4		56	-0.30184066	-0.9530397	0.5443299	0.7757239	1.0	1845	tags=18%, list=12%, signal=20%	
JNK CASCADE%GOBP%GO:0007254	JNK CASCADE%GOBP%GO:0007254		30	-0.3436755	-0.95260894	0.5393145	0.77664816	1.0	2836	tags=33%, list=19%, signal=41%	
MODIFIED AMINO ACID BIOSYNTHETIC PROCESS%GOBP%GO:0042398	MODIFIED AMINO ACID BIOSYNTHETIC PROCESS%GOBP%GO:0042398		27	-0.35233393	-0.95258397	0.53046954	0.7763993	1.0	2139	tags=22%, list=14%, signal=26%	
POSITIVE REGULATION OF AMYLOID-BETA FORMATION%GOBP%GO:1902004	POSITIVE REGULATION OF AMYLOID-BETA FORMATION%GOBP%GO:1902004		16	-0.39252654	-0.95226526	0.5452609	0.7770124	1.0	2754	tags=44%, list=18%, signal=54%	
CELLULAR RESPONSE TO LIPOPOLYSACCHARIDE%GOBP%GO:0071222	CELLULAR RESPONSE TO LIPOPOLYSACCHARIDE%GOBP%GO:0071222		109	-0.27098233	-0.9522493	0.5588526	0.7767366	1.0	2859	tags=27%, list=19%, signal=33%	
PID_IL12_2PATHWAY%MSIGDB_C2%PID_IL12_2PATHWAY	PID_IL12_2PATHWAY%MSIGDB_C2%PID_IL12_2PATHWAY		48	-0.30801016	-0.9516588	0.5492813	0.778116	1.0	1923	tags=13%, list=13%, signal=14%	
G13 SIGNALING%WIKIPATHWAYS_20260211%WP524%HOMO SAPIENS	G13 SIGNALING%WIKIPATHWAYS_20260211%WP524%HOMO SAPIENS		26	-0.35102463	-0.951465	0.5206787	0.77834165	1.0	2801	tags=23%, list=19%, signal=28%	
CELLULAR RESPONSE TO MONOSACCHARIDE STIMULUS%GOBP%GO:0071326	CELLULAR RESPONSE TO MONOSACCHARIDE STIMULUS%GOBP%GO:0071326		34	-0.3321101	-0.9512712	0.5317623	0.7785618	1.0	543	tags=12%, list=4%, signal=12%	
CELLULAR RESPONSE TO UV%GOBP%GO:0034644	CELLULAR RESPONSE TO UV%GOBP%GO:0034644		71	-0.29150635	-0.9511738	0.54334676	0.77851796	1.0	1329	tags=14%, list=9%, signal=15%	
REGULATION OF BODY FLUID LEVELS%GOBP%GO:0050878	REGULATION OF BODY FLUID LEVELS%GOBP%GO:0050878		209	-0.2506982	-0.95105827	0.5952869	0.77850866	1.0	2545	tags=23%, list=17%, signal=28%	
GLYCOLYTIC PROCESS THROUGH GLUCOSE-6-PHOSPHATE%GOBP%GO:0061620	GLYCOLYTIC PROCESS THROUGH GLUCOSE-6-PHOSPHATE%GOBP%GO:0061620		16	-0.39268062	-0.95070416	0.5311871	0.7791787	1.0	4170	tags=44%, list=28%, signal=61%	
ESTABLISHMENT OF RNA LOCALIZATION%GOBP%GO:0051236	ESTABLISHMENT OF RNA LOCALIZATION%GOBP%GO:0051236		99	-0.27336854	-0.9506596	0.5694737	0.77899545	1.0	3242	tags=20%, list=22%, signal=26%	
PROTEIN SYNTHESIS: TYROSINE%PATHWHIZ%PW120527	PROTEIN SYNTHESIS: TYROSINE%PATHWHIZ%PW120527		79	-0.28562054	-0.9503436	0.55211556	0.77956724	1.0	5690	tags=47%, list=38%, signal=75%	
CELL MATURATION%GOBP%GO:0048469	CELL MATURATION%GOBP%GO:0048469		63	-0.29540992	-0.95021224	0.5346734	0.7796148	1.0	2148	tags=22%, list=14%, signal=26%	
REGULATION OF CELLULAR RESPONSE TO STRESS%GOBP%GO:0080135	REGULATION OF CELLULAR RESPONSE TO STRESS%GOBP%GO:0080135		437	-0.2323837	-0.9494854	0.65784115	0.78137827	1.0	2827	tags=19%, list=19%, signal=23%	
ACTOMYOSIN STRUCTURE ORGANIZATION%GOBP%GO:0031032	ACTOMYOSIN STRUCTURE ORGANIZATION%GOBP%GO:0031032		93	-0.2764417	-0.9492702	0.54845154	0.78165424	1.0	2573	tags=22%, list=17%, signal=26%	
DNA DAMAGE BYPASS%REACTOME DATABASE ID RELEASE 95%73893	DNA DAMAGE BYPASS%REACTOME DATABASE ID RELEASE 95%73893		46	-0.31163839	-0.9492122	0.5389863	0.7814928	1.0	3648	tags=28%, list=24%, signal=37%	
BIOCARTA_VDR_PATHWAY%MSIGDB_C2%BIOCARTA_VDR_PATHWAY	BIOCARTA_VDR_PATHWAY%MSIGDB_C2%BIOCARTA_VDR_PATHWAY		21	-0.3663998	-0.94884807	0.52732795	0.7822287	1.0	1924	tags=10%, list=13%, signal=11%	
RESPONSE TO OSMOTIC STRESS%GOBP%GO:0006970	RESPONSE TO OSMOTIC STRESS%GOBP%GO:0006970		48	-0.3104483	-0.9487198	0.5485189	0.7822628	1.0	1595	tags=19%, list=11%, signal=21%	
INSULIN IGF PATHWAY-MITOGEN ACTIVATED PROTEIN KINASE KINASE MAP KINASE CASCADE%PANTHER PATHWAY%P00032	INSULIN IGF PATHWAY-MITOGEN ACTIVATED PROTEIN KINASE KINASE MAP KINASE CASCADE%PANTHER PATHWAY%P00032		25	-0.35222423	-0.9487075	0.53705585	0.7819795	1.0	808	tags=12%, list=5%, signal=13%	
TRANSLATION OF STRUCTURAL PROTEINS%REACTOME%R-HSA-9683701.6	TRANSLATION OF STRUCTURAL PROTEINS%REACTOME%R-HSA-9683701.6		29	-0.3439704	-0.9486294	0.53428864	0.781877	1.0	2896	tags=24%, list=19%, signal=30%	
RESPONSE TO ELEVATED PLATELET CYTOSOLIC CA2+%REACTOME DATABASE ID RELEASE 95%76005	RESPONSE TO ELEVATED PLATELET CYTOSOLIC CA2+%REACTOME DATABASE ID RELEASE 95%76005		118	-0.2677473	-0.9483689	0.57884026	0.78228766	1.0	1761	tags=18%, list=12%, signal=20%	
PHOSPHORYLATION OF CD3 AND TCR ZETA CHAINS%REACTOME%R-HSA-202427.8	PHOSPHORYLATION OF CD3 AND TCR ZETA CHAINS%REACTOME%R-HSA-202427.8		19	-0.37795427	-0.9482085	0.5298886	0.7824107	1.0	3169	tags=16%, list=21%, signal=20%	
DARPP-32 EVENTS%REACTOME DATABASE ID RELEASE 95%180024	DARPP-32 EVENTS%REACTOME DATABASE ID RELEASE 95%180024		21	-0.36276636	-0.948194	0.5331197	0.78212917	1.0	666	tags=10%, list=4%, signal=10%	
GLYCOLYTIC PROCESS THROUGH FRUCTOSE-6-PHOSPHATE%GOBP%GO:0061615	GLYCOLYTIC PROCESS THROUGH FRUCTOSE-6-PHOSPHATE%GOBP%GO:0061615		16	-0.39268062	-0.9477402	0.54253113	0.78306663	1.0	4170	tags=44%, list=28%, signal=61%	
ALPHA-SYNUCLEIN SIGNALING%PATHWAY INTERACTION DATABASE NCI-NATURE CURATED DATA%ALPHA-SYNUCLEIN SIGNALING	ALPHA-SYNUCLEIN SIGNALING%PATHWAY INTERACTION DATABASE NCI-NATURE CURATED DATA%ALPHA-SYNUCLEIN SIGNALING		29	-0.3416091	-0.94737905	0.554664	0.78376544	1.0	2541	tags=34%, list=17%, signal=41%	
POSITIVE REGULATION OF MICROTUBULE POLYMERIZATION OR DEPOLYMERIZATION%GOBP%GO:0031112	POSITIVE REGULATION OF MICROTUBULE POLYMERIZATION OR DEPOLYMERIZATION%GOBP%GO:0031112		32	-0.3323698	-0.9468678	0.536157	0.78493184	1.0	2189	tags=22%, list=15%, signal=26%	
PHOTODYNAMIC THERAPY INDUCED NFE2L2 NRF2 SURVIVAL SIGNALING%WIKIPATHWAYS_20260211%WP3612%HOMO SAPIENS	PHOTODYNAMIC THERAPY INDUCED NFE2L2 NRF2 SURVIVAL SIGNALING%WIKIPATHWAYS_20260211%WP3612%HOMO SAPIENS		20	-0.37318298	-0.9467055	0.52139306	0.7850788	1.0	2205	tags=25%, list=15%, signal=29%	
FLUOXETINE ACTION PATHWAY%PATHWHIZ%PW000428	FLUOXETINE ACTION PATHWAY%PATHWHIZ%PW000428		23	-0.35997972	-0.9464594	0.52396166	0.7854418	1.0	2221	tags=26%, list=15%, signal=31%	
OMEGA 6 FATTY ACIDS IN SENESCENCE%WIKIPATHWAYS_20260211%WP5424%HOMO SAPIENS	OMEGA 6 FATTY ACIDS IN SENESCENCE%WIKIPATHWAYS_20260211%WP5424%HOMO SAPIENS		26	-0.34937677	-0.9464133	0.5402414	0.78524375	1.0	3699	tags=46%, list=25%, signal=61%	
NEGATIVE REGULATION OF LIPID BIOSYNTHETIC PROCESS%GOBP%GO:0051055	NEGATIVE REGULATION OF LIPID BIOSYNTHETIC PROCESS%GOBP%GO:0051055		47	-0.30888572	-0.946087	0.5380811	0.7858725	1.0	1356	tags=13%, list=9%, signal=14%	
BIOCARTA_TOLL_PATHWAY%MSIGDB_C2%BIOCARTA_TOLL_PATHWAY	BIOCARTA_TOLL_PATHWAY%MSIGDB_C2%BIOCARTA_TOLL_PATHWAY		22	-0.35763752	-0.9460431	0.5322101	0.7856764	1.0	1369	tags=18%, list=9%, signal=20%	
NUCLEOSIDE PHOSPHATE CATABOLIC PROCESS%GOBP%GO:1901292	NUCLEOSIDE PHOSPHATE CATABOLIC PROCESS%GOBP%GO:1901292		90	-0.27803713	-0.94596076	0.5533473	0.7855965	1.0	2879	tags=24%, list=19%, signal=30%	
TRAIL SIGNALING PATHWAY%PATHWAY INTERACTION DATABASE NCI-NATURE CURATED DATA%TRAIL SIGNALING PATHWAY	TRAIL SIGNALING PATHWAY%PATHWAY INTERACTION DATABASE NCI-NATURE CURATED DATA%TRAIL SIGNALING PATHWAY		25	-0.3584547	-0.9457606	0.5188968	0.7858371	1.0	2973	tags=24%, list=20%, signal=30%	
RNA CAPPING%GOBP%GO:0036260	RNA CAPPING%GOBP%GO:0036260		16	-0.38919047	-0.9454557	0.5235174	0.786389	1.0	3777	tags=38%, list=25%, signal=50%	
SIGNALLING TO RAS%REACTOME%R-HSA-167044.6	SIGNALLING TO RAS%REACTOME%R-HSA-167044.6		17	-0.39495158	-0.94534075	0.5506653	0.7863967	1.0	1678	tags=24%, list=11%, signal=26%	
INORGANIC ION HOMEOSTASIS%GOBP%GO:0098771	INORGANIC ION HOMEOSTASIS%GOBP%GO:0098771		275	-0.24183989	-0.9450376	0.66309637	0.7869374	1.0	2189	tags=20%, list=15%, signal=23%	
RESPONSE TO MOLECULE OF BACTERIAL ORIGIN%GOBP%GO:0002237	RESPONSE TO MOLECULE OF BACTERIAL ORIGIN%GOBP%GO:0002237		163	-0.25523886	-0.9447647	0.59795916	0.7873833	1.0	2758	tags=23%, list=18%, signal=28%	
REGULATION OF RELEASE OF CYTOCHROME C FROM MITOCHONDRIA%GOBP%GO:0090199	REGULATION OF RELEASE OF CYTOCHROME C FROM MITOCHONDRIA%GOBP%GO:0090199		38	-0.31944373	-0.9447166	0.5547667	0.78718925	1.0	1396	tags=24%, list=9%, signal=26%	
REGULATION OF ACTOMYOSIN STRUCTURE ORGANIZATION%GOBP%GO:0110020	REGULATION OF ACTOMYOSIN STRUCTURE ORGANIZATION%GOBP%GO:0110020		77	-0.28221512	-0.94468105	0.5544148	0.7869751	1.0	2526	tags=27%, list=17%, signal=33%	
AMINO ACID TRANSMEMBRANE TRANSPORT%GOBP%GO:0003333	AMINO ACID TRANSMEMBRANE TRANSPORT%GOBP%GO:0003333		56	-0.29896563	-0.9446686	0.5734549	0.7866939	1.0	1837	tags=21%, list=12%, signal=24%	
REGULATION OF POTASSIUM ION TRANSMEMBRANE TRANSPORT%GOBP%GO:1901379	REGULATION OF POTASSIUM ION TRANSMEMBRANE TRANSPORT%GOBP%GO:1901379		41	-0.3161193	-0.9443158	0.5607676	0.78738266	1.0	2404	tags=24%, list=16%, signal=29%	
CELL SURFACE RECEPTOR SIGNALING PATHWAY VIA JAK-STAT%GOBP%GO:0007259	CELL SURFACE RECEPTOR SIGNALING PATHWAY VIA JAK-STAT%GOBP%GO:0007259		56	-0.29912308	-0.9433652	0.5566038	0.789715	1.0	2864	tags=21%, list=19%, signal=26%	
REGULATION OF MEIOTIC CELL CYCLE%GOBP%GO:0051445	REGULATION OF MEIOTIC CELL CYCLE%GOBP%GO:0051445		37	-0.32484215	-0.94321734	0.55634516	0.78982574	1.0	244	tags=5%, list=2%, signal=5%	
B CELL MEDIATED IMMUNITY%GOBP%GO:0019724	B CELL MEDIATED IMMUNITY%GOBP%GO:0019724		48	-0.30434152	-0.94270045	0.55284554	0.7909687	1.0	3093	tags=31%, list=21%, signal=39%	
FC-EPSILON RECEPTOR I SIGNALING IN MAST CELLS%PATHWAY INTERACTION DATABASE NCI-NATURE CURATED DATA%FC-EPSILON RECEPTOR I SIGNALING IN MAST CELLS	FC-EPSILON RECEPTOR I SIGNALING IN MAST CELLS%PATHWAY INTERACTION DATABASE NCI-NATURE CURATED DATA%FC-EPSILON RECEPTOR I SIGNALING IN MAST CELLS		61	-0.2945481	-0.94261646	0.55349797	0.79087263	1.0	1273	tags=16%, list=8%, signal=18%	
NEGATIVE REGULATION OF RHO PROTEIN SIGNAL TRANSDUCTION%GOBP%GO:0035024	NEGATIVE REGULATION OF RHO PROTEIN SIGNAL TRANSDUCTION%GOBP%GO:0035024		17	-0.3806985	-0.9425092	0.5487288	0.7908606	1.0	3628	tags=41%, list=24%, signal=54%	
PID_A6B1_A6B4_INTEGRIN_PATHWAY%MSIGDB_C2%PID_A6B1_A6B4_INTEGRIN_PATHWAY	PID_A6B1_A6B4_INTEGRIN_PATHWAY%MSIGDB_C2%PID_A6B1_A6B4_INTEGRIN_PATHWAY		37	-0.32276046	-0.94212127	0.5532129	0.7916367	1.0	2294	tags=22%, list=15%, signal=25%	
PHOSPHOLIPID DEPHOSPHORYLATION%GOBP%GO:0046839	PHOSPHOLIPID DEPHOSPHORYLATION%GOBP%GO:0046839		30	-0.33529082	-0.9421145	0.53919494	0.791334	1.0	1089	tags=20%, list=7%, signal=22%	
PHOSPHATIDYLSERINE METABOLIC PROCESS%GOBP%GO:0006658	PHOSPHATIDYLSERINE METABOLIC PROCESS%GOBP%GO:0006658		19	-0.37430218	-0.9414167	0.53656024	0.7930207	1.0	242	tags=11%, list=2%, signal=11%	
NEGATIVE REGULATION OF MICROTUBULE DEPOLYMERIZATION%GOBP%GO:0007026	NEGATIVE REGULATION OF MICROTUBULE DEPOLYMERIZATION%GOBP%GO:0007026		19	-0.3741195	-0.9410741	0.53907025	0.7936889	1.0	258	tags=11%, list=2%, signal=11%	
POSITIVE REGULATION OF ESTABLISHMENT OF PROTEIN LOCALIZATION%GOBP%GO:1904951	POSITIVE REGULATION OF ESTABLISHMENT OF PROTEIN LOCALIZATION%GOBP%GO:1904951		192	-0.24631919	-0.941055	0.6226415	0.7934182	1.0	2548	tags=20%, list=17%, signal=24%	
SIGNALING LIPIDS%WIKIPATHWAYS_20260211%WP5584%HOMO SAPIENS	SIGNALING LIPIDS%WIKIPATHWAYS_20260211%WP5584%HOMO SAPIENS		17	-0.37901708	-0.9405903	0.54219407	0.7943854	1.0	2160	tags=29%, list=14%, signal=34%	
NUCLEOPHAGY%GOBP%GO:0044804	NUCLEOPHAGY%GOBP%GO:0044804		23	-0.35822	-0.9404855	0.55190676	0.7943574	1.0	1713	tags=13%, list=11%, signal=15%	
REGULATION OF CARBOHYDRATE BIOSYNTHETIC PROCESS%GOBP%GO:0043255	REGULATION OF CARBOHYDRATE BIOSYNTHETIC PROCESS%GOBP%GO:0043255		66	-0.28871158	-0.9403135	0.57894737	0.7945131	1.0	1659	tags=18%, list=11%, signal=20%	
M-CSF%IOB%M-CSF	M-CSF%IOB%M-CSF		19	-0.3781308	-0.9400413	0.5414938	0.79496837	1.0	909	tags=11%, list=6%, signal=11%	
CANONICAL GLYCOLYSIS%GOBP%GO:0061621	CANONICAL GLYCOLYSIS%GOBP%GO:0061621		15	-0.39633024	-0.9399664	0.5440252	0.794852	1.0	2627	tags=27%, list=17%, signal=32%	
BIOCARTA_ERK_PATHWAY%MSIGDB_C2%BIOCARTA_ERK_PATHWAY	BIOCARTA_ERK_PATHWAY%MSIGDB_C2%BIOCARTA_ERK_PATHWAY		22	-0.356233	-0.93945515	0.5521783	0.7959412	1.0	2149	tags=23%, list=14%, signal=26%	
GLUCOSE CATABOLIC PROCESS TO PYRUVATE%GOBP%GO:0061718	GLUCOSE CATABOLIC PROCESS TO PYRUVATE%GOBP%GO:0061718		15	-0.39633024	-0.93938106	0.5336842	0.79583126	1.0	2627	tags=27%, list=17%, signal=32%	
PID_PI3KCI_PATHWAY%MSIGDB_C2%PID_PI3KCI_PATHWAY	PID_PI3KCI_PATHWAY%MSIGDB_C2%PID_PI3KCI_PATHWAY		36	-0.32251135	-0.9393128	0.55140185	0.7956992	1.0	2939	tags=25%, list=20%, signal=31%	
CATECHOL-CONTAINING COMPOUND METABOLIC PROCESS%GOBP%GO:0009712	CATECHOL-CONTAINING COMPOUND METABOLIC PROCESS%GOBP%GO:0009712		17	-0.38976124	-0.93860894	0.53571427	0.79737175	1.0	803	tags=24%, list=5%, signal=25%	
POSITIVE REGULATION OF STEROL TRANSPORT%GOBP%GO:0032373	POSITIVE REGULATION OF STEROL TRANSPORT%GOBP%GO:0032373		29	-0.33983296	-0.93855315	0.5418769	0.7972044	1.0	1793	tags=17%, list=12%, signal=20%	
TRANSPORT OF VITAMINS, NUCLEOSIDES, AND RELATED MOLECULES%REACTOME%R-HSA-425397.6	TRANSPORT OF VITAMINS, NUCLEOSIDES, AND RELATED MOLECULES%REACTOME%R-HSA-425397.6		26	-0.34708822	-0.9374412	0.55150884	0.8000507	1.0	2694	tags=31%, list=18%, signal=37%	
MEGAKARYOCYTE DIFFERENTIATION%GOBP%GO:0030219	MEGAKARYOCYTE DIFFERENTIATION%GOBP%GO:0030219		18	-0.37858596	-0.9373131	0.5532338	0.80008996	1.0	1571	tags=17%, list=10%, signal=19%	
NEGATIVE REGULATION OF INTRACELLULAR TRANSPORT%GOBP%GO:0032387	NEGATIVE REGULATION OF INTRACELLULAR TRANSPORT%GOBP%GO:0032387		43	-0.3162934	-0.9366528	0.5628245	0.80163044	1.0	1089	tags=12%, list=7%, signal=13%	
HEXOSE TRANSMEMBRANE TRANSPORT%GOBP%GO:0008645	HEXOSE TRANSMEMBRANE TRANSPORT%GOBP%GO:0008645		25	-0.34736055	-0.9366436	0.5659398	0.8013345	1.0	761	tags=12%, list=5%, signal=13%	
CELLULAR RESPONSE TO LIGHT STIMULUS%GOBP%GO:0071482	CELLULAR RESPONSE TO LIGHT STIMULUS%GOBP%GO:0071482		73	-0.2823084	-0.9360467	0.57889235	0.8026988	1.0	1329	tags=14%, list=9%, signal=15%	
NUCLEIC ACID CATABOLIC PROCESS%GOBP%GO:0141188	NUCLEIC ACID CATABOLIC PROCESS%GOBP%GO:0141188		219	-0.24668112	-0.93601316	0.6437126	0.80246854	1.0	3269	tags=21%, list=22%, signal=26%	
VESICLE DOCKING INVOLVED IN EXOCYTOSIS%GOBP%GO:0006904	VESICLE DOCKING INVOLVED IN EXOCYTOSIS%GOBP%GO:0006904		31	-0.3348091	-0.9356938	0.5642343	0.8030514	1.0	1467	tags=26%, list=10%, signal=29%	
MEMBRANE PROTEIN PROTEOLYSIS%GOBP%GO:0033619	MEMBRANE PROTEIN PROTEOLYSIS%GOBP%GO:0033619		33	-0.3267406	-0.93486	0.5496109	0.8050851	1.0	1840	tags=27%, list=12%, signal=31%	
NEGATIVE REGULATION OF PHOSPHATIDYLINOSITOL 3-KINASE/PROTEIN KINASE B SIGNAL TRANSDUCTION%GOBP%GO:0051898	NEGATIVE REGULATION OF PHOSPHATIDYLINOSITOL 3-KINASE/PROTEIN KINASE B SIGNAL TRANSDUCTION%GOBP%GO:0051898		45	-0.30928695	-0.93472475	0.56566703	0.8051619	1.0	3628	tags=33%, list=24%, signal=44%	
NOTCH3 ACTIVATION AND TRANSMISSION OF SIGNAL TO THE NUCLEUS%REACTOME DATABASE ID RELEASE 95%9013507	NOTCH3 ACTIVATION AND TRANSMISSION OF SIGNAL TO THE NUCLEUS%REACTOME DATABASE ID RELEASE 95%9013507		25	-0.34518883	-0.93471223	0.5423198	0.8048663	1.0	2187	tags=28%, list=15%, signal=33%	
G1 S TRANSITION%REACTOME DATABASE ID RELEASE 95%69206	G1 S TRANSITION%REACTOME DATABASE ID RELEASE 95%69206		119	-0.26216745	-0.93403375	0.61848575	0.8064596	1.0	2818	tags=22%, list=19%, signal=27%	
POSITIVE REGULATION OF PROTEIN-CONTAINING COMPLEX ASSEMBLY%GOBP%GO:0031334	POSITIVE REGULATION OF PROTEIN-CONTAINING COMPLEX ASSEMBLY%GOBP%GO:0031334		168	-0.2518908	-0.9339609	0.6467066	0.8063395	1.0	2346	tags=18%, list=16%, signal=21%	
INFLAMMATORY BOWEL DISEASE SIGNALING%WIKIPATHWAYS_20260211%WP5198%HOMO SAPIENS	INFLAMMATORY BOWEL DISEASE SIGNALING%WIKIPATHWAYS_20260211%WP5198%HOMO SAPIENS		30	-0.33638558	-0.9338114	0.5389408	0.8064342	1.0	2977	tags=30%, list=20%, signal=37%	
SIGNALING BY NTRKS%REACTOME DATABASE ID RELEASE 95%166520	SIGNALING BY NTRKS%REACTOME DATABASE ID RELEASE 95%166520		122	-0.26126093	-0.93362397	0.63201666	0.8066528	1.0	3113	tags=27%, list=21%, signal=34%	
UNTITLED%PANTHER PATHWAY%P00019	UNTITLED%PANTHER PATHWAY%P00019		55	-0.2966244	-0.9332179	0.5800395	0.8074723	1.0	3295	tags=38%, list=22%, signal=49%	
TRANSMISSION ACROSS CHEMICAL SYNAPSES%REACTOME%R-HSA-112315.8	TRANSMISSION ACROSS CHEMICAL SYNAPSES%REACTOME%R-HSA-112315.8		174	-0.2510261	-0.9329789	0.65025127	0.8078445	1.0	1754	tags=16%, list=12%, signal=18%	
REELIN SIGNALING PATHWAY%PATHWAY INTERACTION DATABASE NCI-NATURE CURATED DATA%REELIN SIGNALING PATHWAY	REELIN SIGNALING PATHWAY%PATHWAY INTERACTION DATABASE NCI-NATURE CURATED DATA%REELIN SIGNALING PATHWAY		28	-0.33704275	-0.93245494	0.55239064	0.8089626	1.0	1773	tags=29%, list=12%, signal=32%	
EXOCYTIC PROCESS%GOBP%GO:0140029	EXOCYTIC PROCESS%GOBP%GO:0140029		43	-0.3084373	-0.93242633	0.5641026	0.8087235	1.0	2916	tags=37%, list=19%, signal=46%	
CALCIUM SIGNALING IN THE CD4+ TCR PATHWAY%PATHWAY INTERACTION DATABASE NCI-NATURE CURATED DATA%CALCIUM SIGNALING IN THE CD4+ TCR PATHWAY	CALCIUM SIGNALING IN THE CD4+ TCR PATHWAY%PATHWAY INTERACTION DATABASE NCI-NATURE CURATED DATA%CALCIUM SIGNALING IN THE CD4+ TCR PATHWAY		24	-0.35567442	-0.9322106	0.5652174	0.80902725	1.0	765	tags=13%, list=5%, signal=13%	
PID_BCR_5PATHWAY%MSIGDB_C2%PID_BCR_5PATHWAY	PID_BCR_5PATHWAY%MSIGDB_C2%PID_BCR_5PATHWAY		57	-0.2939398	-0.9321566	0.58992803	0.80884695	1.0	2973	tags=25%, list=20%, signal=31%	
MATURATION OF 5.8S RRNA%GOBP%GO:0000460	MATURATION OF 5.8S RRNA%GOBP%GO:0000460		38	-0.3174645	-0.9314722	0.56	0.8104353	1.0	4454	tags=39%, list=30%, signal=56%	
HEMOSTASIS%GOBP%GO:0007599	HEMOSTASIS%GOBP%GO:0007599		120	-0.2634065	-0.93138164	0.617558	0.8103533	1.0	2545	tags=25%, list=17%, signal=30%	
BIOCARTA_EGF_PATHWAY%MSIGDB_C2%BIOCARTA_EGF_PATHWAY	BIOCARTA_EGF_PATHWAY%MSIGDB_C2%BIOCARTA_EGF_PATHWAY		23	-0.35488087	-0.93094665	0.5672981	0.8112734	1.0	909	tags=13%, list=6%, signal=14%	
G2 M CHECKPOINTS%REACTOME%R-HSA-69481.5	G2 M CHECKPOINTS%REACTOME%R-HSA-69481.5		129	-0.2589624	-0.9307252	0.6137931	0.8115795	1.0	4365	tags=34%, list=29%, signal=48%	
MONOCYTE CHEMOTAXIS%GOBP%GO:0002548	MONOCYTE CHEMOTAXIS%GOBP%GO:0002548		22	-0.35740986	-0.93056273	0.54084796	0.81169856	1.0	614	tags=14%, list=4%, signal=14%	
NEGATIVE REGULATION OF NON-CANONICAL NF-KAPPAB SIGNAL TRANSDUCTION%GOBP%GO:1901223	NEGATIVE REGULATION OF NON-CANONICAL NF-KAPPAB SIGNAL TRANSDUCTION%GOBP%GO:1901223		26	-0.3425874	-0.93055135	0.5678643	0.81140435	1.0	1410	tags=19%, list=9%, signal=21%	
MEIOTIC CELL CYCLE%GOBP%GO:0051321	MEIOTIC CELL CYCLE%GOBP%GO:0051321		134	-0.25755298	-0.93045676	0.62736845	0.81134593	1.0	2818	tags=19%, list=19%, signal=24%	
TEMPERATURE HOMEOSTASIS%GOBP%GO:0001659	TEMPERATURE HOMEOSTASIS%GOBP%GO:0001659		26	-0.34660795	-0.93011934	0.56016177	0.81195694	1.0	1381	tags=19%, list=9%, signal=21%	
RESPONSE TO INTERFERON-BETA%GOBP%GO:0035456	RESPONSE TO INTERFERON-BETA%GOBP%GO:0035456		28	-0.33521533	-0.9299989	0.55026454	0.8119591	1.0	2759	tags=21%, list=18%, signal=26%	
REGULATION OF PROTEIN TRANSPORT%GOBP%GO:0051223	REGULATION OF PROTEIN TRANSPORT%GOBP%GO:0051223		284	-0.23618563	-0.92981076	0.7113402	0.8121517	1.0	2580	tags=21%, list=17%, signal=25%	
HOST-MEDIATED SUPPRESSION OF SYMBIONT INVASION%GOBP%GO:0046597	HOST-MEDIATED SUPPRESSION OF SYMBIONT INVASION%GOBP%GO:0046597		16	-0.38305515	-0.9293209	0.55912864	0.813206	1.0	2759	tags=38%, list=18%, signal=46%	
OOCYTE DIFFERENTIATION%GOBP%GO:0009994	OOCYTE DIFFERENTIATION%GOBP%GO:0009994		18	-0.3714116	-0.92919	0.56619143	0.81322956	1.0	2148	tags=22%, list=14%, signal=26%	
REGULATION OF ACTIN CYTOSKELETON%WIKIPATHWAYS_20260211%WP51%HOMO SAPIENS	REGULATION OF ACTIN CYTOSKELETON%WIKIPATHWAYS_20260211%WP51%HOMO SAPIENS		96	-0.2699803	-0.92907673	0.60292685	0.8132192	1.0	2876	tags=26%, list=19%, signal=32%	
AGE RAGE PATHWAY%WIKIPATHWAYS_20260211%WP2324%HOMO SAPIENS	AGE RAGE PATHWAY%WIKIPATHWAYS_20260211%WP2324%HOMO SAPIENS		52	-0.29918122	-0.928983	0.58634955	0.8131576	1.0	2973	tags=29%, list=20%, signal=36%	
TIGHT JUNCTION ASSEMBLY%GOBP%GO:0120192	TIGHT JUNCTION ASSEMBLY%GOBP%GO:0120192		37	-0.31315124	-0.92850053	0.5914513	0.8141834	1.0	3920	tags=38%, list=26%, signal=51%	
REGULATION OF EXTRINSIC APOPTOTIC SIGNALING PATHWAY IN ABSENCE OF LIGAND%GOBP%GO:2001239	REGULATION OF EXTRINSIC APOPTOTIC SIGNALING PATHWAY IN ABSENCE OF LIGAND%GOBP%GO:2001239		27	-0.33958796	-0.9284503	0.55426764	0.8139971	1.0	1396	tags=19%, list=9%, signal=20%	
RAC2 GTPASE CYCLE%REACTOME%R-HSA-9013404.2	RAC2 GTPASE CYCLE%REACTOME%R-HSA-9013404.2		86	-0.27463278	-0.92838866	0.61890244	0.81384605	1.0	3428	tags=28%, list=23%, signal=36%	
REGULATION OF AMYLOID PRECURSOR PROTEIN CATABOLIC PROCESS%GOBP%GO:1902991	REGULATION OF AMYLOID PRECURSOR PROTEIN CATABOLIC PROCESS%GOBP%GO:1902991		39	-0.31608492	-0.9282424	0.5699264	0.81392986	1.0	2754	tags=31%, list=18%, signal=38%	
POSITIVE REGULATION OF NEURAL PRECURSOR CELL PROLIFERATION%GOBP%GO:2000179	POSITIVE REGULATION OF NEURAL PRECURSOR CELL PROLIFERATION%GOBP%GO:2000179		19	-0.3701431	-0.9277225	0.55906314	0.8150582	1.0	593	tags=16%, list=4%, signal=16%	
VESICLE TRANSPORT ALONG MICROTUBULE%GOBP%GO:0047496	VESICLE TRANSPORT ALONG MICROTUBULE%GOBP%GO:0047496		40	-0.31213772	-0.9276657	0.5692308	0.8148828	1.0	1914	tags=15%, list=13%, signal=17%	
MITOCHONDRIAL GENE EXPRESSION%WIKIPATHWAYS_20260211%WP391%HOMO SAPIENS	MITOCHONDRIAL GENE EXPRESSION%WIKIPATHWAYS_20260211%WP391%HOMO SAPIENS		19	-0.3640959	-0.92753935	0.56036216	0.8149049	1.0	3555	tags=26%, list=24%, signal=34%	
GLUCOSE CATABOLIC PROCESS%GOBP%GO:0006007	GLUCOSE CATABOLIC PROCESS%GOBP%GO:0006007		16	-0.38654423	-0.9270885	0.5689655	0.8158348	1.0	2627	tags=25%, list=17%, signal=30%	
INFLUENZA VIRAL RNA TRANSCRIPTION AND REPLICATION%REACTOME DATABASE ID RELEASE 95%168273	INFLUENZA VIRAL RNA TRANSCRIPTION AND REPLICATION%REACTOME DATABASE ID RELEASE 95%168273		130	-0.25716707	-0.92700523	0.63404256	0.81572807	1.0	5496	tags=42%, list=37%, signal=65%	
PROTEIN QUALITY CONTROL FOR MISFOLDED OR INCOMPLETELY SYNTHESIZED PROTEINS%GOBP%GO:0006515	PROTEIN QUALITY CONTROL FOR MISFOLDED OR INCOMPLETELY SYNTHESIZED PROTEINS%GOBP%GO:0006515		29	-0.33359644	-0.9260826	0.56200784	0.81796104	1.0	3681	tags=34%, list=25%, signal=46%	
ERBB4 SIGNALING EVENTS%PATHWAY INTERACTION DATABASE NCI-NATURE CURATED DATA%ERBB4 SIGNALING EVENTS	ERBB4 SIGNALING EVENTS%PATHWAY INTERACTION DATABASE NCI-NATURE CURATED DATA%ERBB4 SIGNALING EVENTS		33	-0.3223332	-0.9258272	0.5874751	0.818353	1.0	2129	tags=21%, list=14%, signal=25%	
PROTEIN LOCALIZATION TO CELL-CELL JUNCTION%GOBP%GO:0150105	PROTEIN LOCALIZATION TO CELL-CELL JUNCTION%GOBP%GO:0150105		16	-0.39193398	-0.9256129	0.57520324	0.8186292	1.0	2254	tags=31%, list=15%, signal=37%	
REGULATION OF ORGANELLE ASSEMBLY%GOBP%GO:1902115	REGULATION OF ORGANELLE ASSEMBLY%GOBP%GO:1902115		192	-0.24616873	-0.92552143	0.6838311	0.818553	1.0	2288	tags=14%, list=15%, signal=16%	
ANTIMICROBIAL HUMORAL IMMUNE RESPONSE MEDIATED BY ANTIMICROBIAL PEPTIDE%GOBP%GO:0061844	ANTIMICROBIAL HUMORAL IMMUNE RESPONSE MEDIATED BY ANTIMICROBIAL PEPTIDE%GOBP%GO:0061844		60	-0.29071835	-0.92546135	0.6044625	0.8183914	1.0	614	tags=10%, list=4%, signal=10%	
EMBRYONIC STEM CELL PLURIPOTENCY PATHWAYS%WIKIPATHWAYS_20260211%WP3931%HOMO SAPIENS	EMBRYONIC STEM CELL PLURIPOTENCY PATHWAYS%WIKIPATHWAYS_20260211%WP3931%HOMO SAPIENS		82	-0.27825338	-0.9254607	0.61479867	0.8180697	1.0	2206	tags=17%, list=15%, signal=20%	
IL6-MEDIATED SIGNALING EVENTS%PATHWAY INTERACTION DATABASE NCI-NATURE CURATED DATA%IL6-MEDIATED SIGNALING EVENTS	IL6-MEDIATED SIGNALING EVENTS%PATHWAY INTERACTION DATABASE NCI-NATURE CURATED DATA%IL6-MEDIATED SIGNALING EVENTS		46	-0.30448896	-0.92484266	0.5761317	0.81947684	1.0	1083	tags=15%, list=7%, signal=16%	
LIPOPROTEIN METABOLISM%REACTOME%R-HSA-174824.6	LIPOPROTEIN METABOLISM%REACTOME%R-HSA-174824.6		55	-0.29588428	-0.9247617	0.59836066	0.81937474	1.0	3607	tags=40%, list=24%, signal=52%	
REGULATION OF STRESS FIBER ASSEMBLY%GOBP%GO:0051492	REGULATION OF STRESS FIBER ASSEMBLY%GOBP%GO:0051492		71	-0.28358924	-0.9244728	0.6034483	0.8198514	1.0	2526	tags=28%, list=17%, signal=34%	
RNA POLYMERASE I PROMOTER ESCAPE%REACTOME DATABASE ID RELEASE 95%73772	RNA POLYMERASE I PROMOTER ESCAPE%REACTOME DATABASE ID RELEASE 95%73772		43	-0.3106369	-0.92447084	0.5805128	0.8195335	1.0	4002	tags=30%, list=27%, signal=41%	
POST-TRANSCRIPTIONAL REGULATION OF GENE EXPRESSION%GOBP%GO:0010608	POST-TRANSCRIPTIONAL REGULATION OF GENE EXPRESSION%GOBP%GO:0010608		412	-0.22690666	-0.9243525	0.77942735	0.81953603	1.0	2445	tags=15%, list=16%, signal=17%	
TRANSCRIPTIONAL AND POST-TRANSLATIONAL REGULATION OF MITF-M EXPRESSION AND ACTIVITY%REACTOME DATABASE ID RELEASE 95%9856649	TRANSCRIPTIONAL AND POST-TRANSLATIONAL REGULATION OF MITF-M EXPRESSION AND ACTIVITY%REACTOME DATABASE ID RELEASE 95%9856649		50	-0.29856318	-0.9241277	0.5752303	0.81985146	1.0	3590	tags=42%, list=24%, signal=55%	
PID_INSULIN_PATHWAY%MSIGDB_C2%PID_INSULIN_PATHWAY	PID_INSULIN_PATHWAY%MSIGDB_C2%PID_INSULIN_PATHWAY		35	-0.31918046	-0.92379934	0.58648926	0.82042915	1.0	1578	tags=17%, list=11%, signal=19%	
CARBOHYDRATE DERIVATIVE BIOSYNTHETIC PROCESS%GOBP%GO:1901137	CARBOHYDRATE DERIVATIVE BIOSYNTHETIC PROCESS%GOBP%GO:1901137		452	-0.22431993	-0.9232969	0.79390866	0.82151145	1.0	3045	tags=25%, list=20%, signal=31%	
RESPONSE TO LIPOPOLYSACCHARIDE%GOBP%GO:0032496	RESPONSE TO LIPOPOLYSACCHARIDE%GOBP%GO:0032496		150	-0.2539659	-0.92307466	0.6579213	0.82179546	1.0	2758	tags=23%, list=18%, signal=27%	
COSTIMULATION BY THE CD28 FAMILY%REACTOME DATABASE ID RELEASE 95%388841	COSTIMULATION BY THE CD28 FAMILY%REACTOME DATABASE ID RELEASE 95%388841		210	-0.24246028	-0.92209023	0.6830986	0.8241837	1.0	2818	tags=20%, list=19%, signal=25%	
CELLULAR RESPONSE TO ACID CHEMICAL%GOBP%GO:0071229	CELLULAR RESPONSE TO ACID CHEMICAL%GOBP%GO:0071229		43	-0.30951825	-0.9220873	0.57649446	0.8238666	1.0	1766	tags=16%, list=12%, signal=18%	
PID_CXCR3_PATHWAY%MSIGDB_C2%PID_CXCR3_PATHWAY	PID_CXCR3_PATHWAY%MSIGDB_C2%PID_CXCR3_PATHWAY		35	-0.31960097	-0.9220038	0.5804541	0.82378495	1.0	1615	tags=20%, list=11%, signal=22%	
BIOCARTA_AGR_PATHWAY%MSIGDB_C2%BIOCARTA_AGR_PATHWAY	BIOCARTA_AGR_PATHWAY%MSIGDB_C2%BIOCARTA_AGR_PATHWAY		23	-0.35095683	-0.92171925	0.5550935	0.8242315	1.0	2801	tags=35%, list=19%, signal=43%	
NEGATIVE REGULATION OF ENDOTHELIAL CELL MIGRATION%GOBP%GO:0010596	NEGATIVE REGULATION OF ENDOTHELIAL CELL MIGRATION%GOBP%GO:0010596		48	-0.29976735	-0.9213479	0.6003996	0.8249228	1.0	4114	tags=42%, list=27%, signal=57%	
PI5P, PP2A AND IER3 REGULATE PI3K AKT SIGNALING%REACTOME%R-HSA-6811558.5	PI5P, PP2A AND IER3 REGULATE PI3K AKT SIGNALING%REACTOME%R-HSA-6811558.5		89	-0.27293435	-0.92133105	0.6343975	0.8246465	1.0	2206	tags=20%, list=15%, signal=24%	
REGULATION OF COAGULATION%GOBP%GO:0050818	REGULATION OF COAGULATION%GOBP%GO:0050818		53	-0.29712942	-0.921159	0.5988024	0.8248047	1.0	2545	tags=25%, list=17%, signal=29%	
RESPONSE TO FATTY ACID%GOBP%GO:0070542	RESPONSE TO FATTY ACID%GOBP%GO:0070542		20	-0.35950044	-0.9208405	0.5747242	0.8253591	1.0	1576	tags=25%, list=10%, signal=28%	
MONONUCLEAR CELL MIGRATION%GOBP%GO:0071674	MONONUCLEAR CELL MIGRATION%GOBP%GO:0071674		80	-0.27272767	-0.9208156	0.62271804	0.82509905	1.0	2258	tags=23%, list=15%, signal=26%	
NEGATIVE REGULATION OF MAPK CASCADE%GOBP%GO:0043409	NEGATIVE REGULATION OF MAPK CASCADE%GOBP%GO:0043409		120	-0.25832352	-0.9205156	0.62883437	0.82563764	1.0	2624	tags=23%, list=17%, signal=27%	
REGULATION OF SODIUM ION TRANSMEMBRANE TRANSPORT%GOBP%GO:1902305	REGULATION OF SODIUM ION TRANSMEMBRANE TRANSPORT%GOBP%GO:1902305		34	-0.32302773	-0.92050695	0.6023454	0.8253406	1.0	371	tags=9%, list=2%, signal=9%	
RNA CATABOLIC PROCESS%GOBP%GO:0006401	RNA CATABOLIC PROCESS%GOBP%GO:0006401		200	-0.24165468	-0.9204011	0.71076924	0.825319	1.0	3269	tags=21%, list=22%, signal=26%	
REGULATION OF GLYCOGEN METABOLIC PROCESS%GOBP%GO:0070873	REGULATION OF GLYCOGEN METABOLIC PROCESS%GOBP%GO:0070873		24	-0.3481996	-0.92018443	0.578141	0.8255906	1.0	1643	tags=29%, list=11%, signal=33%	
POSITIVE REGULATION OF LAMELLIPODIUM ASSEMBLY%GOBP%GO:0010592	POSITIVE REGULATION OF LAMELLIPODIUM ASSEMBLY%GOBP%GO:0010592		22	-0.34970334	-0.9201375	0.5901468	0.8253985	1.0	3626	tags=36%, list=24%, signal=48%	
RESPONSE TO XENOBIOTIC STIMULUS%GOBP%GO:0009410	RESPONSE TO XENOBIOTIC STIMULUS%GOBP%GO:0009410		145	-0.25264308	-0.92011327	0.6666667	0.82514757	1.0	1659	tags=14%, list=11%, signal=15%	
REGULATORY NCRNA-MEDIATED HETEROCHROMATIN FORMATION%GOBP%GO:0031048	REGULATORY NCRNA-MEDIATED HETEROCHROMATIN FORMATION%GOBP%GO:0031048		15	-0.38344932	-0.9197748	0.5617284	0.8257542	1.0	168	tags=7%, list=1%, signal=7%	
NEGATIVE REGULATION OF PROTEIN TRANSPORT%GOBP%GO:0051224	NEGATIVE REGULATION OF PROTEIN TRANSPORT%GOBP%GO:0051224		70	-0.2797251	-0.91914463	0.625	0.82715905	1.0	2580	tags=23%, list=17%, signal=27%	
HORMONE TRANSPORT%GOBP%GO:0009914	HORMONE TRANSPORT%GOBP%GO:0009914		32	-0.32734433	-0.9189059	0.5576923	0.8274948	1.0	2312	tags=25%, list=15%, signal=29%	
GOLGI TO PLASMA MEMBRANE TRANSPORT%GOBP%GO:0006893	GOLGI TO PLASMA MEMBRANE TRANSPORT%GOBP%GO:0006893		52	-0.29792145	-0.9187774	0.5997984	0.8275238	1.0	3210	tags=29%, list=21%, signal=37%	
C-MYB TRANSCRIPTION FACTOR NETWORK%PATHWAY INTERACTION DATABASE NCI-NATURE CURATED DATA%C-MYB TRANSCRIPTION FACTOR NETWORK	C-MYB TRANSCRIPTION FACTOR NETWORK%PATHWAY INTERACTION DATABASE NCI-NATURE CURATED DATA%C-MYB TRANSCRIPTION FACTOR NETWORK		78	-0.27364215	-0.9183163	0.62474644	0.8284543	1.0	2641	tags=21%, list=18%, signal=25%	
PID_TNF_PATHWAY%MSIGDB_C2%PID_TNF_PATHWAY	PID_TNF_PATHWAY%MSIGDB_C2%PID_TNF_PATHWAY		38	-0.3149159	-0.9181189	0.6103627	0.8286747	1.0	3124	tags=26%, list=21%, signal=33%	
PEPTIDYL-THREONINE MODIFICATION%GOBP%GO:0018210	PEPTIDYL-THREONINE MODIFICATION%GOBP%GO:0018210		18	-0.36952642	-0.91808784	0.59625393	0.8284381	1.0	1160	tags=17%, list=8%, signal=18%	
REGULATION OF ACTIN NUCLEATION%GOBP%GO:0051125	REGULATION OF ACTIN NUCLEATION%GOBP%GO:0051125		31	-0.32772374	-0.91750824	0.592331	0.8297093	1.0	3253	tags=26%, list=22%, signal=33%	
DOXORUBICIN METABOLISM PATHWAY%SMPDB%SMP0000650	DOXORUBICIN METABOLISM PATHWAY%SMPDB%SMP0000650		17	-0.3757659	-0.9175037	0.5706638	0.82939875	1.0	3884	tags=53%, list=26%, signal=71%	
EFFECTS OF PIP2 HYDROLYSIS%REACTOME%R-HSA-114508.4	EFFECTS OF PIP2 HYDROLYSIS%REACTOME%R-HSA-114508.4		25	-0.34370294	-0.9172176	0.5734694	0.82984996	1.0	2513	tags=36%, list=17%, signal=43%	
SMALL GTPASE-MEDIATED SIGNAL TRANSDUCTION%GOBP%GO:0007264	SMALL GTPASE-MEDIATED SIGNAL TRANSDUCTION%GOBP%GO:0007264		192	-0.24221456	-0.9165723	0.71014494	0.831276	1.0	2801	tags=23%, list=19%, signal=28%	
A6B1 AND A6B4 INTEGRIN SIGNALING%PATHWAY INTERACTION DATABASE NCI-NATURE CURATED DATA%A6B1 AND A6B4 INTEGRIN SIGNALING	A6B1 AND A6B4 INTEGRIN SIGNALING%PATHWAY INTERACTION DATABASE NCI-NATURE CURATED DATA%A6B1 AND A6B4 INTEGRIN SIGNALING		45	-0.30342963	-0.91648656	0.5964567	0.8311814	1.0	985	tags=13%, list=7%, signal=14%	
FANCONI ANEMIA PATHWAY%PATHWAY INTERACTION DATABASE NCI-NATURE CURATED DATA%FANCONI ANEMIA PATHWAY	FANCONI ANEMIA PATHWAY%PATHWAY INTERACTION DATABASE NCI-NATURE CURATED DATA%FANCONI ANEMIA PATHWAY		47	-0.30203238	-0.91586107	0.610998	0.83259374	1.0	252	tags=4%, list=2%, signal=4%	
MONOSACCHARIDE TRANSMEMBRANE TRANSPORT%GOBP%GO:0015749	MONOSACCHARIDE TRANSMEMBRANE TRANSPORT%GOBP%GO:0015749		27	-0.3325518	-0.9158106	0.6030612	0.8324076	1.0	761	tags=11%, list=5%, signal=12%	
PNAT%PANTHER PATHWAY%P05912	PNAT%PANTHER PATHWAY%P05912		39	-0.30373234	-0.9157395	0.5727365	0.8322814	1.0	1078	tags=18%, list=7%, signal=19%	
GPI ANCHORED PROTEIN BIOSYNTHESIS%GOBP%GO:0180046	GPI ANCHORED PROTEIN BIOSYNTHESIS%GOBP%GO:0180046		29	-0.32645485	-0.91573787	0.58840865	0.83196115	1.0	3019	tags=31%, list=20%, signal=39%	
PROTEIN SYNTHESIS: ASPARAGINE%SMPDB%SMP0111854	PROTEIN SYNTHESIS: ASPARAGINE%SMPDB%SMP0111854		79	-0.2733146	-0.9155286	0.63942796	0.8322186	1.0	5690	tags=47%, list=38%, signal=75%	
PROTEIN SYNTHESIS: ALANINE%PATHWHIZ%PW101384	PROTEIN SYNTHESIS: ALANINE%PATHWHIZ%PW101384		79	-0.2751843	-0.915055	0.6456456	0.8332358	1.0	5690	tags=47%, list=38%, signal=75%	
MITOCHONDRIAL FUSION%GOBP%GO:0008053	MITOCHONDRIAL FUSION%GOBP%GO:0008053		18	-0.36804536	-0.91505	0.5668724	0.8329217	1.0	2338	tags=22%, list=16%, signal=26%	
PID_RHOA_REG_PATHWAY%MSIGDB_C2%PID_RHOA_REG_PATHWAY	PID_RHOA_REG_PATHWAY%MSIGDB_C2%PID_RHOA_REG_PATHWAY		35	-0.32159692	-0.9147441	0.59958935	0.83341116	1.0	3460	tags=29%, list=23%, signal=37%	
ERBB2 ERBB3 SIGNALING EVENTS%PATHWAY INTERACTION DATABASE NCI-NATURE CURATED DATA%ERBB2 ERBB3 SIGNALING EVENTS	ERBB2 ERBB3 SIGNALING EVENTS%PATHWAY INTERACTION DATABASE NCI-NATURE CURATED DATA%ERBB2 ERBB3 SIGNALING EVENTS		40	-0.306959	-0.9139218	0.6069364	0.8353079	1.0	2332	tags=25%, list=16%, signal=30%	
LEUKOCYTE CELL-CELL ADHESION%GOBP%GO:0007159	LEUKOCYTE CELL-CELL ADHESION%GOBP%GO:0007159		52	-0.29315433	-0.91327673	0.62389815	0.8367042	1.0	2881	tags=29%, list=19%, signal=36%	
RNA SURVEILLANCE%GOBP%GO:0071025	RNA SURVEILLANCE%GOBP%GO:0071025		38	-0.30802858	-0.9132316	0.60397077	0.83650637	1.0	3749	tags=29%, list=25%, signal=38%	
EPHB-MEDIATED FORWARD SIGNALING%REACTOME%R-HSA-3928662.4	EPHB-MEDIATED FORWARD SIGNALING%REACTOME%R-HSA-3928662.4		31	-0.32583594	-0.91287124	0.5857143	0.83716846	1.0	3342	tags=39%, list=22%, signal=50%	
EGF SIGNALLING PATHWAY%SMPDB%SMP0063810	EGF SIGNALLING PATHWAY%SMPDB%SMP0063810		26	-0.340033	-0.91277117	0.6	0.837109	1.0	2192	tags=19%, list=15%, signal=22%	
DAG1 GLYCOSYLATIONS%REACTOME DATABASE ID RELEASE 95%8931838	DAG1 GLYCOSYLATIONS%REACTOME DATABASE ID RELEASE 95%8931838		18	-0.3676292	-0.91239434	0.60079443	0.8378034	1.0	617	tags=17%, list=4%, signal=17%	
RA BIOSYNTHESIS PATHWAY%REACTOME DATABASE ID RELEASE 95%5365859	RA BIOSYNTHESIS PATHWAY%REACTOME DATABASE ID RELEASE 95%5365859		18	-0.3626028	-0.9112222	0.59856266	0.84066767	1.0	1324	tags=17%, list=9%, signal=18%	
NEGATIVE REGULATION OF NUCLEAR DIVISION%GOBP%GO:0051784	NEGATIVE REGULATION OF NUCLEAR DIVISION%GOBP%GO:0051784		36	-0.31747898	-0.9106355	0.6036772	0.84193623	1.0	244	tags=6%, list=2%, signal=6%	
PHOSPHOLIPASES%BIOCYC%LIPASYN-PWY	PHOSPHOLIPASES%BIOCYC%LIPASYN-PWY		36	-0.3147433	-0.9099736	0.63076925	0.84344167	1.0	428	tags=11%, list=3%, signal=11%	
PEPTIDYL-THREONINE PHOSPHORYLATION%GOBP%GO:0018107	PEPTIDYL-THREONINE PHOSPHORYLATION%GOBP%GO:0018107		18	-0.36952642	-0.9095071	0.59133124	0.8443875	1.0	1160	tags=17%, list=8%, signal=18%	
TNF RECEPTOR SIGNALING PATHWAY%PATHWAY INTERACTION DATABASE NCI-NATURE CURATED DATA%TNF RECEPTOR SIGNALING PATHWAY	TNF RECEPTOR SIGNALING PATHWAY%PATHWAY INTERACTION DATABASE NCI-NATURE CURATED DATA%TNF RECEPTOR SIGNALING PATHWAY		46	-0.29651004	-0.9093933	0.61166006	0.8443595	1.0	3726	tags=30%, list=25%, signal=40%	
THERMOGENESIS%WIKIPATHWAYS_20260211%WP4321%HOMO SAPIENS	THERMOGENESIS%WIKIPATHWAYS_20260211%WP4321%HOMO SAPIENS		83	-0.27105495	-0.9092745	0.6491043	0.84435236	1.0	1595	tags=13%, list=11%, signal=15%	
SARS-COV-2 INFECTION%REACTOME DATABASE ID RELEASE 95%9694516	SARS-COV-2 INFECTION%REACTOME DATABASE ID RELEASE 95%9694516		277	-0.2304508	-0.9092118	0.77710235	0.8441848	1.0	4067	tags=29%, list=27%, signal=38%	
RANKL RANK SIGNALING%WIKIPATHWAYS_20260211%WP2018%HOMO SAPIENS	RANKL RANK SIGNALING%WIKIPATHWAYS_20260211%WP2018%HOMO SAPIENS		42	-0.3040321	-0.9091306	0.6296296	0.84408575	1.0	1098	tags=19%, list=7%, signal=20%	
IL3 SIGNALING%WIKIPATHWAYS_20260211%WP286%HOMO SAPIENS	IL3 SIGNALING%WIKIPATHWAYS_20260211%WP286%HOMO SAPIENS		38	-0.3052396	-0.909086	0.63591754	0.8438817	1.0	1615	tags=18%, list=11%, signal=21%	
NEF-MEDIATES DOWN MODULATION OF CELL SURFACE RECEPTORS BY RECRUITING THEM TO CLATHRIN ADAPTERS%REACTOME%R-HSA-164938.5	NEF-MEDIATES DOWN MODULATION OF CELL SURFACE RECEPTORS BY RECRUITING THEM TO CLATHRIN ADAPTERS%REACTOME%R-HSA-164938.5		21	-0.35388622	-0.9086303	0.5995829	0.8447892	1.0	2528	tags=29%, list=17%, signal=34%	
POSITIVE REGULATION OF EXTRINSIC APOPTOTIC SIGNALING PATHWAY%GOBP%GO:2001238	POSITIVE REGULATION OF EXTRINSIC APOPTOTIC SIGNALING PATHWAY%GOBP%GO:2001238		39	-0.3101645	-0.90860206	0.6166667	0.84454364	1.0	1811	tags=21%, list=12%, signal=23%	
ASPARAGINE N-LINKED GLYCOSYLATION%REACTOME%R-HSA-446203.8	ASPARAGINE N-LINKED GLYCOSYLATION%REACTOME%R-HSA-446203.8		278	-0.23208924	-0.9084324	0.7851406	0.8446748	1.0	2755	tags=21%, list=18%, signal=25%	
VEGFA VEGFR2 SIGNALING%WIKIPATHWAYS_20260211%WP3888%HOMO SAPIENS	VEGFA VEGFR2 SIGNALING%WIKIPATHWAYS_20260211%WP3888%HOMO SAPIENS		319	-0.22808203	-0.90812314	0.78147763	0.8451993	1.0	2805	tags=20%, list=19%, signal=24%	
REGULATION OF WOUND HEALING%GOBP%GO:0061041	REGULATION OF WOUND HEALING%GOBP%GO:0061041		95	-0.2620908	-0.9074567	0.68582755	0.8467164	1.0	2250	tags=19%, list=15%, signal=22%	
REGULATION OF CARBOHYDRATE CATABOLIC PROCESS%GOBP%GO:0043470	REGULATION OF CARBOHYDRATE CATABOLIC PROCESS%GOBP%GO:0043470		44	-0.29822934	-0.90693265	0.6328358	0.8478139	1.0	3628	tags=39%, list=24%, signal=51%	
SIGNALING EVENTS MEDIATED BY HDAC CLASS I%PATHWAY INTERACTION DATABASE NCI-NATURE CURATED DATA%SIGNALING EVENTS MEDIATED BY HDAC CLASS I	SIGNALING EVENTS MEDIATED BY HDAC CLASS I%PATHWAY INTERACTION DATABASE NCI-NATURE CURATED DATA%SIGNALING EVENTS MEDIATED BY HDAC CLASS I		65	-0.28079107	-0.90669423	0.63958335	0.8481228	1.0	4761	tags=40%, list=32%, signal=58%	
NANOPARTICLE MEDIATED ACTIVATION OF RECEPTOR SIGNALING%WIKIPATHWAYS_20260211%WP2643%HOMO SAPIENS	NANOPARTICLE MEDIATED ACTIVATION OF RECEPTOR SIGNALING%WIKIPATHWAYS_20260211%WP2643%HOMO SAPIENS		26	-0.32887518	-0.90667355	0.60289556	0.84784704	1.0	2149	tags=27%, list=14%, signal=31%	
POSITIVE REGULATION OF LEUKOCYTE APOPTOTIC PROCESS%GOBP%GO:2000108	POSITIVE REGULATION OF LEUKOCYTE APOPTOTIC PROCESS%GOBP%GO:2000108		19	-0.3631709	-0.906591	0.59736305	0.8477432	1.0	3115	tags=42%, list=21%, signal=53%	
RAC3 GTPASE CYCLE%REACTOME%R-HSA-9013423.2	RAC3 GTPASE CYCLE%REACTOME%R-HSA-9013423.2		89	-0.26349214	-0.9053572	0.6607516	0.85077345	1.0	3428	tags=29%, list=23%, signal=38%	
PROTEIN PROCESSING%GOBP%GO:0016485	PROTEIN PROCESSING%GOBP%GO:0016485		130	-0.2509017	-0.90489155	0.6938349	0.85171413	1.0	1723	tags=12%, list=11%, signal=14%	
LEUKOCYTE MIGRATION%GOBP%GO:0050900	LEUKOCYTE MIGRATION%GOBP%GO:0050900		165	-0.24501207	-0.9047885	0.7215321	0.85167193	1.0	2359	tags=21%, list=16%, signal=25%	
INTERLEUKIN-12 FAMILY SIGNALING%REACTOME DATABASE ID RELEASE 95%447115	INTERLEUKIN-12 FAMILY SIGNALING%REACTOME DATABASE ID RELEASE 95%447115		48	-0.29552448	-0.9046884	0.6280242	0.8516121	1.0	3845	tags=29%, list=26%, signal=39%	
MAPK CASCADE%GOBP%GO:0000165	MAPK CASCADE%GOBP%GO:0000165		109	-0.25892863	-0.90458006	0.69326425	0.8515771	1.0	1938	tags=18%, list=13%, signal=21%	
REGULATION OF MITOTIC SISTER CHROMATID SEGREGATION%GOBP%GO:0033047	REGULATION OF MITOTIC SISTER CHROMATID SEGREGATION%GOBP%GO:0033047		61	-0.28014165	-0.90413535	0.65918803	0.85245746	1.0	1956	tags=11%, list=13%, signal=13%	
SYNTHESIS OF PIPS AT THE EARLY ENDOSOME MEMBRANE%REACTOME%R-HSA-1660516.9	SYNTHESIS OF PIPS AT THE EARLY ENDOSOME MEMBRANE%REACTOME%R-HSA-1660516.9		16	-0.37628135	-0.9039227	0.59796953	0.852694	1.0	1448	tags=25%, list=10%, signal=28%	
REGULATION OF CALCIUM-MEDIATED SIGNALING%GOBP%GO:0050848	REGULATION OF CALCIUM-MEDIATED SIGNALING%GOBP%GO:0050848		68	-0.27585605	-0.9035717	0.662614	0.85331005	1.0	1969	tags=19%, list=13%, signal=22%	
POSITIVE REGULATION OF NUCLEOCYTOPLASMIC TRANSPORT%GOBP%GO:0046824	POSITIVE REGULATION OF NUCLEOCYTOPLASMIC TRANSPORT%GOBP%GO:0046824		44	-0.2989434	-0.9034058	0.6196891	0.85341406	1.0	2501	tags=18%, list=17%, signal=22%	
NEGATIVE REGULATION OF SMOOTHENED SIGNALING PATHWAY%GOBP%GO:0045879	NEGATIVE REGULATION OF SMOOTHENED SIGNALING PATHWAY%GOBP%GO:0045879		24	-0.33815154	-0.903275	0.59683794	0.8534386	1.0	329	tags=8%, list=2%, signal=9%	
REGULATION OF NEURON MIGRATION%GOBP%GO:2001222	REGULATION OF NEURON MIGRATION%GOBP%GO:2001222		31	-0.32438493	-0.90268326	0.6072165	0.8546851	1.0	353	tags=10%, list=2%, signal=10%	
NUCLEAR ENVELOPE ORGANIZATION%GOBP%GO:0006998	NUCLEAR ENVELOPE ORGANIZATION%GOBP%GO:0006998		54	-0.28830963	-0.90224534	0.653575	0.8555346	1.0	3694	tags=30%, list=25%, signal=39%	
REGULATION OF ESTABLISHMENT OF PROTEIN LOCALIZATION%GOBP%GO:0070201	REGULATION OF ESTABLISHMENT OF PROTEIN LOCALIZATION%GOBP%GO:0070201		319	-0.22536103	-0.9019957	0.81462926	0.85586894	1.0	2580	tags=20%, list=17%, signal=23%	
PID_NEPHRIN_NEPH1_PATHWAY%MSIGDB_C2%PID_NEPHRIN_NEPH1_PATHWAY	PID_NEPHRIN_NEPH1_PATHWAY%MSIGDB_C2%PID_NEPHRIN_NEPH1_PATHWAY		26	-0.3304078	-0.90175205	0.6008188	0.85619	1.0	2009	tags=23%, list=13%, signal=27%	
REGULATION OF LAMELLIPODIUM ORGANIZATION%GOBP%GO:1902743	REGULATION OF LAMELLIPODIUM ORGANIZATION%GOBP%GO:1902743		43	-0.30288303	-0.9016437	0.6451943	0.8561638	1.0	3253	tags=33%, list=22%, signal=41%	
REGULATION OF EMBRYONIC DEVELOPMENT%GOBP%GO:0045995	REGULATION OF EMBRYONIC DEVELOPMENT%GOBP%GO:0045995		56	-0.28559536	-0.90155697	0.6591376	0.85607946	1.0	1727	tags=18%, list=11%, signal=20%	
POSITIVE REGULATION OF MYELOID LEUKOCYTE DIFFERENTIATION%GOBP%GO:0002763	POSITIVE REGULATION OF MYELOID LEUKOCYTE DIFFERENTIATION%GOBP%GO:0002763		39	-0.30638325	-0.9013276	0.6169102	0.85636455	1.0	2754	tags=23%, list=18%, signal=28%	
SPHINGOLIPID METABOLISM%REACTOME DATABASE ID RELEASE 95%428157	SPHINGOLIPID METABOLISM%REACTOME DATABASE ID RELEASE 95%428157		92	-0.26238653	-0.9004848	0.69072163	0.85830164	1.0	3537	tags=29%, list=24%, signal=38%	
KCNQ2 RELATED EPILEPSIES%WIKIPATHWAYS_20260211%WP5360%HOMO SAPIENS	KCNQ2 RELATED EPILEPSIES%WIKIPATHWAYS_20260211%WP5360%HOMO SAPIENS		15	-0.37874645	-0.90047556	0.58958334	0.8579979	1.0	2192	tags=27%, list=15%, signal=31%	
POSITIVE REGULATION OF PROTEIN MODIFICATION PROCESS%GOBP%GO:0031401	POSITIVE REGULATION OF PROTEIN MODIFICATION PROCESS%GOBP%GO:0031401		312	-0.22738773	-0.90030533	0.82346725	0.85813475	1.0	1214	tags=9%, list=8%, signal=9%	
SHC1 EVENTS IN ERBB2 SIGNALING%REACTOME%R-HSA-1250196.6	SHC1 EVENTS IN ERBB2 SIGNALING%REACTOME%R-HSA-1250196.6		18	-0.36540723	-0.9001336	0.5961343	0.85826784	1.0	2250	tags=33%, list=15%, signal=39%	
BCR SIGNALING PATHWAY%PATHWAY INTERACTION DATABASE NCI-NATURE CURATED DATA%BCR SIGNALING PATHWAY	BCR SIGNALING PATHWAY%PATHWAY INTERACTION DATABASE NCI-NATURE CURATED DATA%BCR SIGNALING PATHWAY		65	-0.27745515	-0.89981234	0.66471165	0.85880315	1.0	2973	tags=23%, list=20%, signal=29%	
ANTIMICROBIAL HUMORAL RESPONSE%GOBP%GO:0019730	ANTIMICROBIAL HUMORAL RESPONSE%GOBP%GO:0019730		79	-0.27282503	-0.899723	0.66734076	0.8587161	1.0	1315	tags=14%, list=9%, signal=15%	
ARACHIDONATE METABOLISM%REACTOME DATABASE ID RELEASE 95%2142753	ARACHIDONATE METABOLISM%REACTOME DATABASE ID RELEASE 95%2142753		44	-0.2965305	-0.8994058	0.64016736	0.85923505	1.0	2083	tags=23%, list=14%, signal=26%	
PINK1-PRKN MEDIATED MITOPHAGY%REACTOME DATABASE ID RELEASE 95%5205685	PINK1-PRKN MEDIATED MITOPHAGY%REACTOME DATABASE ID RELEASE 95%5205685		31	-0.31632638	-0.8993189	0.6083418	0.85913986	1.0	3623	tags=26%, list=24%, signal=34%	
PROTEIN MATURATION%GOBP%GO:0051604	PROTEIN MATURATION%GOBP%GO:0051604		393	-0.22336799	-0.89917296	0.8359133	0.85919905	1.0	2578	tags=17%, list=17%, signal=20%	
VEGFR2 MEDIATED VASCULAR PERMEABILITY%REACTOME%R-HSA-5218920.4	VEGFR2 MEDIATED VASCULAR PERMEABILITY%REACTOME%R-HSA-5218920.4		27	-0.3294032	-0.89917076	0.6182573	0.85887665	1.0	3691	tags=41%, list=25%, signal=54%	
SPHINGOLIPID METABOLIC PROCESS%GOBP%GO:0006665	SPHINGOLIPID METABOLIC PROCESS%GOBP%GO:0006665		122	-0.25266507	-0.8991264	0.7029502	0.8586608	1.0	3344	tags=28%, list=22%, signal=36%	
RESOLUTION OF AP SITES VIA THE MULTIPLE-NUCLEOTIDE PATCH REPLACEMENT PATHWAY%REACTOME DATABASE ID RELEASE 95%110373	RESOLUTION OF AP SITES VIA THE MULTIPLE-NUCLEOTIDE PATCH REPLACEMENT PATHWAY%REACTOME DATABASE ID RELEASE 95%110373		25	-0.33444762	-0.89902097	0.59077233	0.8586223	1.0	5652	tags=52%, list=38%, signal=83%	
MEMBRANE REPOLARIZATION DURING ACTION POTENTIAL%GOBP%GO:0086011	MEMBRANE REPOLARIZATION DURING ACTION POTENTIAL%GOBP%GO:0086011		17	-0.37051603	-0.89870113	0.596	0.85915124	1.0	555	tags=18%, list=4%, signal=18%	
IMMUNE INFILTRATION IN PANCREATIC CANCER%WIKIPATHWAYS_20260211%WP5285%HOMO SAPIENS	IMMUNE INFILTRATION IN PANCREATIC CANCER%WIKIPATHWAYS_20260211%WP5285%HOMO SAPIENS		23	-0.3440113	-0.89853513	0.603538	0.8592594	1.0	2754	tags=26%, list=18%, signal=32%	
PEPTIDE SECRETION%GOBP%GO:0002790	PEPTIDE SECRETION%GOBP%GO:0002790		21	-0.34603807	-0.8979072	0.60780287	0.86062	1.0	1068	tags=14%, list=7%, signal=15%	
RESPONSE TO ANGIOTENSIN%GOBP%GO:1990776	RESPONSE TO ANGIOTENSIN%GOBP%GO:1990776		16	-0.37374178	-0.89733785	0.6196447	0.8618025	1.0	1615	tags=19%, list=11%, signal=21%	
NEGATIVE REGULATION OF IMMUNE EFFECTOR PROCESS%GOBP%GO:0002698	NEGATIVE REGULATION OF IMMUNE EFFECTOR PROCESS%GOBP%GO:0002698		88	-0.26371193	-0.89723784	0.6765286	0.86174244	1.0	2416	tags=24%, list=16%, signal=28%	
POSITIVE REGULATION OF RELEASE OF CYTOCHROME C FROM MITOCHONDRIA%GOBP%GO:0090200	POSITIVE REGULATION OF RELEASE OF CYTOCHROME C FROM MITOCHONDRIA%GOBP%GO:0090200		22	-0.3485171	-0.8971035	0.60952383	0.8617688	1.0	1340	tags=23%, list=9%, signal=25%	
REGULATION OF SYNCYTIUM FORMATION BY PLASMA MEMBRANE FUSION%GOBP%GO:0060142	REGULATION OF SYNCYTIUM FORMATION BY PLASMA MEMBRANE FUSION%GOBP%GO:0060142		59	-0.28208336	-0.89704204	0.6482412	0.8616001	1.0	5463	tags=47%, list=36%, signal=74%	
FORMATION OF THE CORNIFIED ENVELOPE%REACTOME%R-HSA-6809371.6	FORMATION OF THE CORNIFIED ENVELOPE%REACTOME%R-HSA-6809371.6		30	-0.32223046	-0.89685255	0.62628335	0.8617784	1.0	2578	tags=33%, list=17%, signal=40%	
SIGNALING MEDIATED BY P38-ALPHA AND P38-BETA%PATHWAY INTERACTION DATABASE NCI-NATURE CURATED DATA%SIGNALING MEDIATED BY P38-ALPHA AND P38-BETA	SIGNALING MEDIATED BY P38-ALPHA AND P38-BETA%PATHWAY INTERACTION DATABASE NCI-NATURE CURATED DATA%SIGNALING MEDIATED BY P38-ALPHA AND P38-BETA		35	-0.31248116	-0.89679587	0.6353422	0.8616001	1.0	1767	tags=14%, list=12%, signal=16%	
SIGNALING BY NOTCH1%REACTOME%R-HSA-1980143.4	SIGNALING BY NOTCH1%REACTOME%R-HSA-1980143.4		70	-0.27300927	-0.8965996	0.66018426	0.8617914	1.0	1924	tags=16%, list=13%, signal=18%	
PAR1-MEDIATED THROMBIN SIGNALING EVENTS%PATHWAY INTERACTION DATABASE NCI-NATURE CURATED DATA%PAR1-MEDIATED THROMBIN SIGNALING EVENTS	PAR1-MEDIATED THROMBIN SIGNALING EVENTS%PATHWAY INTERACTION DATABASE NCI-NATURE CURATED DATA%PAR1-MEDIATED THROMBIN SIGNALING EVENTS		40	-0.3004423	-0.8961979	0.61802155	0.86252075	1.0	3151	tags=35%, list=21%, signal=44%	
PHOSPHATIDYLINOSITOL PHOSPHATE METABOLISM%SMPDB%SMP0000463	PHOSPHATIDYLINOSITOL PHOSPHATE METABOLISM%SMPDB%SMP0000463		22	-0.34488133	-0.8953387	0.63672656	0.86446095	1.0	1448	tags=18%, list=10%, signal=20%	
VENTRICULAR CARDIAC MUSCLE TISSUE MORPHOGENESIS%GOBP%GO:0055010	VENTRICULAR CARDIAC MUSCLE TISSUE MORPHOGENESIS%GOBP%GO:0055010		27	-0.32759616	-0.895317	0.6138298	0.8641846	1.0	2543	tags=22%, list=17%, signal=27%	
P75NTR SIGNALS VIA NF-KB%REACTOME DATABASE ID RELEASE 95%193639	P75NTR SIGNALS VIA NF-KB%REACTOME DATABASE ID RELEASE 95%193639		16	-0.3733358	-0.89501446	0.610582	0.86463636	1.0	1369	tags=13%, list=9%, signal=14%	
PROTEIN AUTOPHOSPHORYLATION%GOBP%GO:0046777	PROTEIN AUTOPHOSPHORYLATION%GOBP%GO:0046777		95	-0.26064417	-0.89500594	0.72450054	0.8643264	1.0	2822	tags=22%, list=19%, signal=27%	
HALLMARK_INFLAMMATORY_RESPONSE%MSIGDBHALLMARK%HALLMARK_INFLAMMATORY_RESPONSE	HALLMARK_INFLAMMATORY_RESPONSE%MSIGDBHALLMARK%HALLMARK_INFLAMMATORY_RESPONSE		167	-0.24078606	-0.8948333	0.77286744	0.8644542	1.0	2361	tags=19%, list=16%, signal=22%	
CELLULAR EXTRAVASATION%GOBP%GO:0045123	CELLULAR EXTRAVASATION%GOBP%GO:0045123		32	-0.31709078	-0.89472836	0.63034624	0.86440223	1.0	1264	tags=25%, list=8%, signal=27%	
ADRENERGIC RECEPTOR SIGNALING PATHWAY%GOBP%GO:0071875	ADRENERGIC RECEPTOR SIGNALING PATHWAY%GOBP%GO:0071875		16	-0.3728116	-0.89461994	0.6007905	0.8643786	1.0	2744	tags=38%, list=18%, signal=46%	
JOUBERT SYNDROME%SMPDB%SMP0000582	JOUBERT SYNDROME%SMPDB%SMP0000582		22	-0.34488133	-0.89410293	0.6057201	0.8654161	1.0	1448	tags=18%, list=10%, signal=20%	
PROCESSIVE SYNTHESIS ON THE LAGGING STRAND%REACTOME%R-HSA-69183.4	PROCESSIVE SYNTHESIS ON THE LAGGING STRAND%REACTOME%R-HSA-69183.4		15	-0.37662962	-0.8940299	0.59006214	0.86527896	1.0	5656	tags=53%, list=38%, signal=85%	
ANGIOTENSIN_II-STIMULATED_SIGNALING_THROUGH_G_PROTEINS_AND_BETA-ARRESTIN%PANTHER PATHWAY%P05911	ANGIOTENSIN_II-STIMULATED_SIGNALING_THROUGH_G_PROTEINS_AND_BETA-ARRESTIN%PANTHER PATHWAY%P05911		30	-0.3190372	-0.8937606	0.6332645	0.8656617	1.0	2513	tags=37%, list=17%, signal=44%	
DEADENYLATION-DEPENDENT MRNA DECAY%REACTOME%R-HSA-429914.4	DEADENYLATION-DEPENDENT MRNA DECAY%REACTOME%R-HSA-429914.4		56	-0.28254882	-0.8924233	0.6479017	0.8688383	1.0	4043	tags=27%, list=27%, signal=37%	
REGULATION OF ALPHA-BETA T CELL ACTIVATION%GOBP%GO:0046634	REGULATION OF ALPHA-BETA T CELL ACTIVATION%GOBP%GO:0046634		80	-0.26720613	-0.89211303	0.6905966	0.8693224	1.0	1601	tags=16%, list=11%, signal=18%	
RESPONSE TO UV-B%GOBP%GO:0010224	RESPONSE TO UV-B%GOBP%GO:0010224		16	-0.3689945	-0.89205664	0.6083608	0.8691355	1.0	523	tags=19%, list=3%, signal=19%	
POSITIVE REGULATION OF RAS PROTEIN SIGNAL TRANSDUCTION%GOBP%GO:0046579	POSITIVE REGULATION OF RAS PROTEIN SIGNAL TRANSDUCTION%GOBP%GO:0046579		19	-0.35491788	-0.8918451	0.61846155	0.8693631	1.0	1012	tags=16%, list=7%, signal=17%	
REGULATION OF STRESS-ACTIVATED MAPK CASCADE%GOBP%GO:0032872	REGULATION OF STRESS-ACTIVATED MAPK CASCADE%GOBP%GO:0032872		29	-0.31985122	-0.89178705	0.65182185	0.8691972	1.0	3245	tags=34%, list=22%, signal=44%	
CELL SURFACE INTERACTIONS AT THE VASCULAR WALL%REACTOME%R-HSA-202733.7	CELL SURFACE INTERACTIONS AT THE VASCULAR WALL%REACTOME%R-HSA-202733.7		109	-0.2527337	-0.89124894	0.74598396	0.87029886	1.0	2570	tags=27%, list=17%, signal=32%	
NEGATIVE REGULATION OF TRANSLATION%GOBP%GO:0017148	NEGATIVE REGULATION OF TRANSLATION%GOBP%GO:0017148		101	-0.25764054	-0.8909764	0.6960082	0.8706545	1.0	891	tags=9%, list=6%, signal=9%	
GOLGI ORGANIZATION%GOBP%GO:0007030	GOLGI ORGANIZATION%GOBP%GO:0007030		110	-0.25253943	-0.8908698	0.7476538	0.8705975	1.0	857	tags=7%, list=6%, signal=8%	
PROTEIN-DNA COMPLEX ORGANIZATION%GOBP%GO:0071824	PROTEIN-DNA COMPLEX ORGANIZATION%GOBP%GO:0071824		128	-0.24752463	-0.8908069	0.7250531	0.870441	1.0	4100	tags=26%, list=27%, signal=35%	
RESOLUTION OF ABASIC SITES (AP SITES)%REACTOME DATABASE ID RELEASE 95%73933	RESOLUTION OF ABASIC SITES (AP SITES)%REACTOME DATABASE ID RELEASE 95%73933		36	-0.30803838	-0.8906122	0.64846075	0.870618	1.0	5397	tags=42%, list=36%, signal=65%	
PROTEIN-LIPID COMPLEX ASSEMBLY%GOBP%GO:0065005	PROTEIN-LIPID COMPLEX ASSEMBLY%GOBP%GO:0065005		19	-0.35415068	-0.8905309	0.61490685	0.8704902	1.0	999	tags=16%, list=7%, signal=17%	
CELLULAR RESPONSE TO OXYGEN LEVELS%GOBP%GO:0071453	CELLULAR RESPONSE TO OXYGEN LEVELS%GOBP%GO:0071453		87	-0.26161936	-0.8905246	0.6885593	0.8701762	1.0	2412	tags=22%, list=16%, signal=26%	
REGULATION OF STRESS-ACTIVATED PROTEIN KINASE SIGNALING CASCADE%GOBP%GO:0070302	REGULATION OF STRESS-ACTIVATED PROTEIN KINASE SIGNALING CASCADE%GOBP%GO:0070302		29	-0.31985122	-0.89050555	0.6323092	0.86989474	1.0	3245	tags=34%, list=22%, signal=44%	
REGULATION OF LIPOPROTEIN PARTICLE CLEARANCE%GOBP%GO:0010984	REGULATION OF LIPOPROTEIN PARTICLE CLEARANCE%GOBP%GO:0010984		15	-0.37419426	-0.8899378	0.6166495	0.87105495	1.0	654	tags=13%, list=4%, signal=14%	
HYDROGEN PEROXIDE METABOLIC PROCESS%GOBP%GO:0042743	HYDROGEN PEROXIDE METABOLIC PROCESS%GOBP%GO:0042743		22	-0.337774	-0.88928866	0.62139916	0.87242514	1.0	1885	tags=27%, list=13%, signal=31%	
PID_ECADHERIN_STABILIZATION_PATHWAY%MSIGDB_C2%PID_ECADHERIN_STABILIZATION_PATHWAY	PID_ECADHERIN_STABILIZATION_PATHWAY%MSIGDB_C2%PID_ECADHERIN_STABILIZATION_PATHWAY		32	-0.31257355	-0.88886327	0.6549836	0.87320703	1.0	919	tags=16%, list=6%, signal=17%	
MAPK6 MAPK4 SIGNALING%REACTOME%R-HSA-5687128.5	MAPK6 MAPK4 SIGNALING%REACTOME%R-HSA-5687128.5		72	-0.2664956	-0.8887901	0.68937874	0.873066	1.0	2818	tags=29%, list=19%, signal=36%	
DEPHOSPHORYLATION%GOBP%GO:0016311	DEPHOSPHORYLATION%GOBP%GO:0016311		112	-0.25172815	-0.88862455	0.72590363	0.87316364	1.0	1988	tags=18%, list=13%, signal=20%	
POSITIVE REGULATION OF RECEPTOR-MEDIATED ENDOCYTOSIS%GOBP%GO:0048260	POSITIVE REGULATION OF RECEPTOR-MEDIATED ENDOCYTOSIS%GOBP%GO:0048260		42	-0.2949338	-0.8882326	0.6663337	0.8738355	1.0	541	tags=10%, list=4%, signal=10%	
NUCLEAR RNA DECAY%REACTOME DATABASE ID RELEASE 95%9930044	NUCLEAR RNA DECAY%REACTOME DATABASE ID RELEASE 95%9930044		35	-0.31010813	-0.8881449	0.6513026	0.8737396	1.0	2613	tags=17%, list=17%, signal=21%	
REGULATION OF INTERLEUKIN-17 PRODUCTION%GOBP%GO:0032660	REGULATION OF INTERLEUKIN-17 PRODUCTION%GOBP%GO:0032660		26	-0.32803878	-0.8879869	0.6305015	0.8738192	1.0	2859	tags=38%, list=19%, signal=47%	
ANTIGEN PROCESSING AND PRESENTATION VIA MHC CLASS IB%GOBP%GO:0002475	ANTIGEN PROCESSING AND PRESENTATION VIA MHC CLASS IB%GOBP%GO:0002475		19	-0.3556023	-0.88781285	0.6232033	0.8739604	1.0	4674	tags=63%, list=31%, signal=92%	
RNA 3'-END PROCESSING%GOBP%GO:0031123	RNA 3'-END PROCESSING%GOBP%GO:0031123		79	-0.26554447	-0.8875788	0.7027311	0.8742386	1.0	4997	tags=38%, list=33%, signal=57%	
MITOTIC G1 PHASE AND G1 S TRANSITION%REACTOME DATABASE ID RELEASE 95%453279	MITOTIC G1 PHASE AND G1 S TRANSITION%REACTOME DATABASE ID RELEASE 95%453279		136	-0.24577405	-0.8871223	0.75368005	0.8750759	1.0	2818	tags=22%, list=19%, signal=27%	
PROTEIN LOCALIZATION TO PEROXISOME%GOBP%GO:0072662	PROTEIN LOCALIZATION TO PEROXISOME%GOBP%GO:0072662		16	-0.36483085	-0.8866682	0.62017804	0.8759263	1.0	3479	tags=38%, list=23%, signal=49%	
PID_ALK1_PATHWAY%MSIGDB_C2%PID_ALK1_PATHWAY	PID_ALK1_PATHWAY%MSIGDB_C2%PID_ALK1_PATHWAY		19	-0.353209	-0.88655144	0.62051284	0.87588906	1.0	1845	tags=21%, list=12%, signal=24%	
REGULATION OF PHOSPHORUS METABOLIC PROCESS%GOBP%GO:0051174	REGULATION OF PHOSPHORUS METABOLIC PROCESS%GOBP%GO:0051174		474	-0.2156933	-0.8863963	0.9138298	0.8759466	1.0	2353	tags=15%, list=16%, signal=18%	
MACROMOLECULE METHYLATION%GOBP%GO:0043414	MACROMOLECULE METHYLATION%GOBP%GO:0043414		114	-0.25271133	-0.88622487	0.73641026	0.87606156	1.0	3197	tags=22%, list=21%, signal=28%	
PROTEIN-DNA COMPLEX ASSEMBLY%GOBP%GO:0065004	PROTEIN-DNA COMPLEX ASSEMBLY%GOBP%GO:0065004		106	-0.25383547	-0.8859107	0.7169811	0.8765455	1.0	4188	tags=28%, list=28%, signal=39%	
REGULATION OF EXTENT OF CELL GROWTH%GOBP%GO:0061387	REGULATION OF EXTENT OF CELL GROWTH%GOBP%GO:0061387		43	-0.2959522	-0.8858653	0.66012394	0.8763337	1.0	2175	tags=21%, list=14%, signal=24%	
SARS-COV INFECTIONS%REACTOME%R-HSA-9679506.7	SARS-COV INFECTIONS%REACTOME%R-HSA-9679506.7		384	-0.2194815	-0.8858399	0.8895769	0.87607723	1.0	2678	tags=17%, list=18%, signal=20%	
RANKL%NETPATH%RANKL	RANKL%NETPATH%RANKL		18	-0.35738105	-0.8858193	0.61570245	0.8758012	1.0	871	tags=22%, list=6%, signal=24%	
POSITIVE REGULATION OF MUSCLE CELL DIFFERENTIATION%GOBP%GO:0051149	POSITIVE REGULATION OF MUSCLE CELL DIFFERENTIATION%GOBP%GO:0051149		41	-0.3007019	-0.88476706	0.66004187	0.87817097	1.0	1228	tags=17%, list=8%, signal=19%	
P38 MAPK PATHWAY%PANTHER PATHWAY%P05918	P38 MAPK PATHWAY%PANTHER PATHWAY%P05918		27	-0.32285824	-0.8845442	0.63492066	0.8784271	1.0	1589	tags=15%, list=11%, signal=17%	
SIGNALING BY PDGFR IN DISEASE%REACTOME%R-HSA-9671555.4	SIGNALING BY PDGFR IN DISEASE%REACTOME%R-HSA-9671555.4		17	-0.35934892	-0.88443106	0.6341969	0.878368	1.0	3342	tags=29%, list=22%, signal=38%	
IL-7%NETPATH%IL-7	IL-7%NETPATH%IL-7		19	-0.35395107	-0.8840185	0.6237817	0.87912947	1.0	2149	tags=21%, list=14%, signal=25%	
ORGANELLE TRANSPORT ALONG MICROTUBULE%GOBP%GO:0072384	ORGANELLE TRANSPORT ALONG MICROTUBULE%GOBP%GO:0072384		75	-0.26395816	-0.8836802	0.7313746	0.8796555	1.0	3503	tags=27%, list=23%, signal=35%	
VIRAL GENOME REPLICATION%GOBP%GO:0019079	VIRAL GENOME REPLICATION%GOBP%GO:0019079		15	-0.36880025	-0.88355863	0.62212944	0.87963927	1.0	2415	tags=33%, list=16%, signal=40%	
CARDIAC VENTRICLE MORPHOGENESIS%GOBP%GO:0003208	CARDIAC VENTRICLE MORPHOGENESIS%GOBP%GO:0003208		41	-0.29363897	-0.883525	0.66972476	0.87939656	1.0	2071	tags=22%, list=14%, signal=25%	
PIECEMEAL MICROAUTOPHAGY OF THE NUCLEUS%GOBP%GO:0034727	PIECEMEAL MICROAUTOPHAGY OF THE NUCLEUS%GOBP%GO:0034727		18	-0.35678574	-0.8831384	0.6383648	0.8800472	1.0	248	tags=6%, list=2%, signal=6%	
REGULATION OF TOLL-LIKE RECEPTOR 4 SIGNALING PATHWAY%GOBP%GO:0034143	REGULATION OF TOLL-LIKE RECEPTOR 4 SIGNALING PATHWAY%GOBP%GO:0034143		27	-0.32402608	-0.8831136	0.6511387	0.87977785	1.0	1576	tags=19%, list=10%, signal=21%	
SUMOYLATION OF INTRACELLULAR RECEPTORS%REACTOME DATABASE ID RELEASE 95%4090294	SUMOYLATION OF INTRACELLULAR RECEPTORS%REACTOME DATABASE ID RELEASE 95%4090294		23	-0.3330595	-0.882128	0.64846075	0.88194156	1.0	1793	tags=17%, list=12%, signal=20%	
EPIGENETIC REGULATION OF GENE EXPRESSION%REACTOME DATABASE ID RELEASE 95%212165	EPIGENETIC REGULATION OF GENE EXPRESSION%REACTOME DATABASE ID RELEASE 95%212165		262	-0.22678149	-0.882108	0.84338623	0.8816564	1.0	2302	tags=13%, list=15%, signal=15%	
TERMINATION OF TRANSLESION DNA SYNTHESIS%REACTOME DATABASE ID RELEASE 95%5656169	TERMINATION OF TRANSLESION DNA SYNTHESIS%REACTOME DATABASE ID RELEASE 95%5656169		32	-0.31284186	-0.88184875	0.6539235	0.88199204	1.0	3648	tags=28%, list=24%, signal=37%	
NEGATIVE REGULATION OF CATALYTIC ACTIVITY%GOBP%GO:0043086	NEGATIVE REGULATION OF CATALYTIC ACTIVITY%GOBP%GO:0043086		128	-0.24693456	-0.8817753	0.7706806	0.88184863	1.0	2353	tags=20%, list=16%, signal=24%	
REGULATION OF PROTEIN EXPORT FROM NUCLEUS%GOBP%GO:0046825	REGULATION OF PROTEIN EXPORT FROM NUCLEUS%GOBP%GO:0046825		24	-0.3287776	-0.88148254	0.63722396	0.88226336	1.0	3713	tags=46%, list=25%, signal=61%	
MITOTIC ANAPHASE%REACTOME DATABASE ID RELEASE 95%68882	MITOTIC ANAPHASE%REACTOME DATABASE ID RELEASE 95%68882		205	-0.23200463	-0.88131016	0.8191161	0.8823831	1.0	2818	tags=16%, list=19%, signal=19%	
PDGF SIGNALING PATHWAY%PANTHER PATHWAY%P00047	PDGF SIGNALING PATHWAY%PANTHER PATHWAY%P00047		122	-0.24851528	-0.88110024	0.757764	0.8825828	1.0	2284	tags=16%, list=15%, signal=18%	
PEPTIDE HORMONE SECRETION%GOBP%GO:0030072	PEPTIDE HORMONE SECRETION%GOBP%GO:0030072		21	-0.34603807	-0.8804569	0.6252654	0.88390183	1.0	1068	tags=14%, list=7%, signal=15%	
RESPONSE TO ACID CHEMICAL%GOBP%GO:0001101	RESPONSE TO ACID CHEMICAL%GOBP%GO:0001101		46	-0.28988394	-0.8802226	0.6757895	0.88416785	1.0	1766	tags=15%, list=12%, signal=17%	
TCR%NETPATH%TCR	TCR%NETPATH%TCR		182	-0.2341704	-0.8797658	0.79856116	0.88498044	1.0	3016	tags=20%, list=20%, signal=25%	
RHOG GTPASE CYCLE%REACTOME DATABASE ID RELEASE 95%9013408	RHOG GTPASE CYCLE%REACTOME DATABASE ID RELEASE 95%9013408		72	-0.26882747	-0.87972605	0.71014494	0.8847444	1.0	3362	tags=28%, list=22%, signal=36%	
TRNA MODIFICATION%GOBP%GO:0006400	TRNA MODIFICATION%GOBP%GO:0006400		91	-0.25782228	-0.8796655	0.7332636	0.8845701	1.0	3130	tags=18%, list=21%, signal=22%	
RESPONSE TO TUMOR CELL%GOBP%GO:0002347	RESPONSE TO TUMOR CELL%GOBP%GO:0002347		20	-0.34372097	-0.8793598	0.6567318	0.8850007	1.0	2637	tags=30%, list=18%, signal=36%	
PID_IL2_PI3K_PATHWAY%MSIGDB_C2%PID_IL2_PI3K_PATHWAY	PID_IL2_PI3K_PATHWAY%MSIGDB_C2%PID_IL2_PI3K_PATHWAY		28	-0.3157832	-0.87918353	0.65805787	0.8851274	1.0	909	tags=11%, list=6%, signal=11%	
PROTEIN ALKYLATION%GOBP%GO:0008213	PROTEIN ALKYLATION%GOBP%GO:0008213		40	-0.2983079	-0.87914485	0.66290987	0.88489765	1.0	3128	tags=23%, list=21%, signal=28%	
TRANSLOCATION OF SLC2A4 (GLUT4) TO THE PLASMA MEMBRANE%REACTOME%R-HSA-1445148.4	TRANSLOCATION OF SLC2A4 (GLUT4) TO THE PLASMA MEMBRANE%REACTOME%R-HSA-1445148.4		50	-0.28560755	-0.8784412	0.68285125	0.8863213	1.0	3564	tags=34%, list=24%, signal=44%	
ANGIOGENESIS%WIKIPATHWAYS_20260211%WP1539%HOMO SAPIENS	ANGIOGENESIS%WIKIPATHWAYS_20260211%WP1539%HOMO SAPIENS		17	-0.35992843	-0.8783937	0.6255187	0.88610363	1.0	2347	tags=18%, list=16%, signal=21%	
REGULATION OF GLYCOGEN BIOSYNTHETIC PROCESS%GOBP%GO:0005979	REGULATION OF GLYCOGEN BIOSYNTHETIC PROCESS%GOBP%GO:0005979		21	-0.34353435	-0.8779507	0.6361829	0.88690925	1.0	1643	tags=29%, list=11%, signal=32%	
DIACYLGLYCEROL AND TRIACYLGLYCEROL BIOSYNTHESIS%BIOCYC%TRIGLSYN-PWY	DIACYLGLYCEROL AND TRIACYLGLYCEROL BIOSYNTHESIS%BIOCYC%TRIGLSYN-PWY		25	-0.3298251	-0.877744	0.6498952	0.88709384	1.0	1149	tags=20%, list=8%, signal=22%	
MITOTIC METAPHASE AND ANAPHASE%REACTOME DATABASE ID RELEASE 95%2555396	MITOTIC METAPHASE AND ANAPHASE%REACTOME DATABASE ID RELEASE 95%2555396		206	-0.23060422	-0.87770486	0.8097713	0.8868629	1.0	2818	tags=16%, list=19%, signal=19%	
RHO PROTEIN SIGNAL TRANSDUCTION%GOBP%GO:0007266	RHO PROTEIN SIGNAL TRANSDUCTION%GOBP%GO:0007266		55	-0.27983946	-0.87753206	0.6985887	0.8869689	1.0	3161	tags=33%, list=21%, signal=41%	
IL2 SIGNALING EVENTS MEDIATED BY PI3K%PATHWAY INTERACTION DATABASE NCI-NATURE CURATED DATA%IL2 SIGNALING EVENTS MEDIATED BY PI3K	IL2 SIGNALING EVENTS MEDIATED BY PI3K%PATHWAY INTERACTION DATABASE NCI-NATURE CURATED DATA%IL2 SIGNALING EVENTS MEDIATED BY PI3K		33	-0.30872023	-0.87750167	0.6736527	0.886713	1.0	909	tags=12%, list=6%, signal=13%	
REGULATED EXOCYTOSIS%GOBP%GO:0045055	REGULATED EXOCYTOSIS%GOBP%GO:0045055		85	-0.26085544	-0.8774161	0.7240326	0.88659227	1.0	1467	tags=15%, list=10%, signal=17%	
COHESIN COMPLEX CORNELIA DE LANGE SYNDROME%WIKIPATHWAYS_20260211%WP5117%HOMO SAPIENS	COHESIN COMPLEX CORNELIA DE LANGE SYNDROME%WIKIPATHWAYS_20260211%WP5117%HOMO SAPIENS		28	-0.3194825	-0.8772504	0.657082	0.8866785	1.0	292	tags=4%, list=2%, signal=4%	
PID_ECADHERIN_KERATINOCYTE_PATHWAY%MSIGDB_C2%PID_ECADHERIN_KERATINOCYTE_PATHWAY	PID_ECADHERIN_KERATINOCYTE_PATHWAY%MSIGDB_C2%PID_ECADHERIN_KERATINOCYTE_PATHWAY		16	-0.3602043	-0.87693036	0.63461536	0.8871477	1.0	2801	tags=38%, list=19%, signal=46%	
PCNA-DEPENDENT LONG PATCH BASE EXCISION REPAIR%REACTOME DATABASE ID RELEASE 95%5651801	PCNA-DEPENDENT LONG PATCH BASE EXCISION REPAIR%REACTOME DATABASE ID RELEASE 95%5651801		21	-0.33567837	-0.8766471	0.6439318	0.88750553	1.0	5652	tags=52%, list=38%, signal=84%	
RHOA SIGNALING PATHWAY%PATHWAY INTERACTION DATABASE NCI-NATURE CURATED DATA%RHOA SIGNALING PATHWAY	RHOA SIGNALING PATHWAY%PATHWAY INTERACTION DATABASE NCI-NATURE CURATED DATA%RHOA SIGNALING PATHWAY		42	-0.29346725	-0.8764881	0.67287785	0.8875667	1.0	1167	tags=12%, list=8%, signal=13%	
HCMV LATE EVENTS%REACTOME%R-HSA-9610379.4	HCMV LATE EVENTS%REACTOME%R-HSA-9610379.4		62	-0.27067646	-0.87646943	0.709147	0.88728964	1.0	4790	tags=32%, list=32%, signal=47%	
MITOPHAGY%GOBP%GO:0000423	MITOPHAGY%GOBP%GO:0000423		48	-0.28804857	-0.8762872	0.7033074	0.8874208	1.0	478	tags=8%, list=3%, signal=9%	
NEGATIVE REGULATION OF SMALL GTPASE MEDIATED SIGNAL TRANSDUCTION%GOBP%GO:0051058	NEGATIVE REGULATION OF SMALL GTPASE MEDIATED SIGNAL TRANSDUCTION%GOBP%GO:0051058		47	-0.2868059	-0.87606454	0.6915114	0.88765526	1.0	2409	tags=28%, list=16%, signal=33%	
PROTEIN METHYLATION%GOBP%GO:0006479	PROTEIN METHYLATION%GOBP%GO:0006479		40	-0.2983079	-0.8759929	0.6785714	0.8875088	1.0	3128	tags=23%, list=21%, signal=28%	
POSITIVE REGULATION OF CELL CYCLE%GOBP%GO:0045787	POSITIVE REGULATION OF CELL CYCLE%GOBP%GO:0045787		236	-0.2279824	-0.875152	0.8416834	0.889237	1.0	2524	tags=15%, list=17%, signal=18%	
METABOLISM OF FAT-SOLUBLE VITAMINS%REACTOME DATABASE ID RELEASE 95%6806667	METABOLISM OF FAT-SOLUBLE VITAMINS%REACTOME DATABASE ID RELEASE 95%6806667		38	-0.30120945	-0.87456584	0.69921106	0.8903666	1.0	1394	tags=18%, list=9%, signal=20%	
TNF ALPHA SIGNALING%WIKIPATHWAYS_20260211%WP231%HOMO SAPIENS	TNF ALPHA SIGNALING%WIKIPATHWAYS_20260211%WP231%HOMO SAPIENS		73	-0.26036516	-0.8743734	0.72687703	0.8905336	1.0	1351	tags=11%, list=9%, signal=12%	
PID_HDAC_CLASSI_PATHWAY%MSIGDB_C2%PID_HDAC_CLASSI_PATHWAY	PID_HDAC_CLASSI_PATHWAY%MSIGDB_C2%PID_HDAC_CLASSI_PATHWAY		56	-0.27526498	-0.87431777	0.70333	0.8903468	1.0	4761	tags=39%, list=32%, signal=57%	
BIOCARTA_SPRY_PATHWAY%MSIGDB_C2%BIOCARTA_SPRY_PATHWAY	BIOCARTA_SPRY_PATHWAY%MSIGDB_C2%BIOCARTA_SPRY_PATHWAY		15	-0.3669815	-0.87410474	0.6351626	0.8905332	1.0	909	tags=20%, list=6%, signal=21%	
NEGATIVE REGULATION OF PROTEIN SECRETION%GOBP%GO:0050709	NEGATIVE REGULATION OF PROTEIN SECRETION%GOBP%GO:0050709		36	-0.30115312	-0.87404764	0.6778325	0.89033955	1.0	2501	tags=28%, list=17%, signal=33%	
PID_ARF6_PATHWAY%MSIGDB_C2%PID_ARF6_PATHWAY	PID_ARF6_PATHWAY%MSIGDB_C2%PID_ARF6_PATHWAY		28	-0.31868404	-0.8736713	0.64352334	0.89092916	1.0	1798	tags=21%, list=12%, signal=24%	
NUCLEOTIDE-SUGAR BIOSYNTHETIC PROCESS%GOBP%GO:0009226	NUCLEOTIDE-SUGAR BIOSYNTHETIC PROCESS%GOBP%GO:0009226		26	-0.31724215	-0.87365615	0.6583072	0.8906419	1.0	2410	tags=23%, list=16%, signal=27%	
REGULATION OF GLUCAN BIOSYNTHETIC PROCESS%GOBP%GO:0010962	REGULATION OF GLUCAN BIOSYNTHETIC PROCESS%GOBP%GO:0010962		21	-0.34353435	-0.87362623	0.64663213	0.8903974	1.0	1643	tags=29%, list=11%, signal=32%	
POSITIVE REGULATION OF RESPONSE TO ENDOPLASMIC RETICULUM STRESS%GOBP%GO:1905898	POSITIVE REGULATION OF RESPONSE TO ENDOPLASMIC RETICULUM STRESS%GOBP%GO:1905898		33	-0.306283	-0.8735929	0.6574074	0.89015245	1.0	2455	tags=27%, list=16%, signal=33%	
ANDROGENRECEPTOR%IOB%ANDROGENRECEPTOR	ANDROGENRECEPTOR%IOB%ANDROGENRECEPTOR		90	-0.25312313	-0.87333894	0.7594678	0.89044416	1.0	974	tags=8%, list=6%, signal=8%	
PID_BARD1_PATHWAY%MSIGDB_C2%PID_BARD1_PATHWAY	PID_BARD1_PATHWAY%MSIGDB_C2%PID_BARD1_PATHWAY		26	-0.3178165	-0.8733019	0.6622313	0.8902074	1.0	1896	tags=12%, list=13%, signal=13%	
TP53 REGULATES TRANSCRIPTION OF CELL DEATH GENES%REACTOME DATABASE ID RELEASE 95%5633008	TP53 REGULATES TRANSCRIPTION OF CELL DEATH GENES%REACTOME DATABASE ID RELEASE 95%5633008		44	-0.2901684	-0.8730921	0.6931217	0.8903835	1.0	1532	tags=16%, list=10%, signal=18%	
SIALURIA OR FRENCH TYPE SIALURIA%SMPDB%SMP0000216	SIALURIA OR FRENCH TYPE SIALURIA%SMPDB%SMP0000216		17	-0.35331398	-0.87289244	0.64314926	0.89055467	1.0	4220	tags=47%, list=28%, signal=65%	
REGULATION OF PROTEIN-CONTAINING COMPLEX ASSEMBLY%GOBP%GO:0043254	REGULATION OF PROTEIN-CONTAINING COMPLEX ASSEMBLY%GOBP%GO:0043254		328	-0.21915646	-0.87289184	0.91563785	0.8902286	1.0	2754	tags=19%, list=18%, signal=23%	
REGULATION OF SYNAPTIC TRANSMISSION, GABAERGIC%GOBP%GO:0032228	REGULATION OF SYNAPTIC TRANSMISSION, GABAERGIC%GOBP%GO:0032228		18	-0.34996092	-0.87285495	0.6541872	0.8899912	1.0	260	tags=11%, list=2%, signal=11%	
NEGATIVE REGULATION OF ADAPTIVE IMMUNE RESPONSE%GOBP%GO:0002820	NEGATIVE REGULATION OF ADAPTIVE IMMUNE RESPONSE%GOBP%GO:0002820		54	-0.2769864	-0.8722997	0.7079002	0.8910691	1.0	2859	tags=26%, list=19%, signal=32%	
BIOCARTA_BAD_PATHWAY%MSIGDB_C2%BIOCARTA_BAD_PATHWAY	BIOCARTA_BAD_PATHWAY%MSIGDB_C2%BIOCARTA_BAD_PATHWAY		16	-0.3657275	-0.872062	0.6514995	0.89132583	1.0	808	tags=13%, list=5%, signal=13%	
SUPERPATHWAY OF PYRIMIDINE DEOXYRIBONUCLEOSIDE SALVAGE%BIOCYC%PWY-7200	SUPERPATHWAY OF PYRIMIDINE DEOXYRIBONUCLEOSIDE SALVAGE%BIOCYC%PWY-7200		15	-0.3658371	-0.87171936	0.62895006	0.8918401	1.0	1705	tags=13%, list=11%, signal=15%	
SEMA4D IN SEMAPHORIN SIGNALING%REACTOME DATABASE ID RELEASE 95%400685	SEMA4D IN SEMAPHORIN SIGNALING%REACTOME DATABASE ID RELEASE 95%400685		24	-0.32657078	-0.87102103	0.6761905	0.89323604	1.0	2801	tags=29%, list=19%, signal=36%	
PHOSPHOLIPID BIOSYNTHESIS%SMPDB%SMP0000025	PHOSPHOLIPID BIOSYNTHESIS%SMPDB%SMP0000025		24	-0.33488014	-0.8709225	0.6695096	0.8931388	1.0	2211	tags=42%, list=15%, signal=49%	
PID_RHOA_PATHWAY%MSIGDB_C2%PID_RHOA_PATHWAY	PID_RHOA_PATHWAY%MSIGDB_C2%PID_RHOA_PATHWAY		31	-0.30895004	-0.87060887	0.6426332	0.89358884	1.0	557	tags=10%, list=4%, signal=10%	
MITOPHAGY%REACTOME DATABASE ID RELEASE 95%5205647	MITOPHAGY%REACTOME DATABASE ID RELEASE 95%5205647		36	-0.29754123	-0.87057287	0.69486403	0.89334947	1.0	3771	tags=28%, list=25%, signal=37%	
OLIGOSACCHARIDE BIOSYNTHETIC PROCESS%GOBP%GO:0009312	OLIGOSACCHARIDE BIOSYNTHETIC PROCESS%GOBP%GO:0009312		21	-0.33795843	-0.8702959	0.6582407	0.89372253	1.0	2833	tags=38%, list=19%, signal=47%	
TELOMERE C-STRAND (LAGGING STRAND) SYNTHESIS%REACTOME DATABASE ID RELEASE 95%174417	TELOMERE C-STRAND (LAGGING STRAND) SYNTHESIS%REACTOME DATABASE ID RELEASE 95%174417		33	-0.30466643	-0.87026995	0.67084944	0.8934582	1.0	3648	tags=24%, list=24%, signal=32%	
HALLMARK_APICAL_SURFACE%MSIGDBHALLMARK%HALLMARK_APICAL_SURFACE	HALLMARK_APICAL_SURFACE%MSIGDBHALLMARK%HALLMARK_APICAL_SURFACE		36	-0.2979877	-0.8699853	0.6891892	0.8938402	1.0	1882	tags=22%, list=13%, signal=25%	
PROTEIN SYNTHESIS: GLYCINE%PATHWHIZ%PW112928	PROTEIN SYNTHESIS: GLYCINE%PATHWHIZ%PW112928		79	-0.25796717	-0.8692137	0.74923855	0.89538026	1.0	5690	tags=47%, list=38%, signal=75%	
AMYLOID PRECURSOR PROTEIN METABOLIC PROCESS%GOBP%GO:0042982	AMYLOID PRECURSOR PROTEIN METABOLIC PROCESS%GOBP%GO:0042982		19	-0.34368342	-0.8690009	0.65441906	0.8955455	1.0	3595	tags=42%, list=24%, signal=55%	
PID_ECADHERIN_NASCENT_AJ_PATHWAY%MSIGDB_C2%PID_ECADHERIN_NASCENT_AJ_PATHWAY	PID_ECADHERIN_NASCENT_AJ_PATHWAY%MSIGDB_C2%PID_ECADHERIN_NASCENT_AJ_PATHWAY		29	-0.31627572	-0.86888117	0.6649431	0.89552104	1.0	3771	tags=38%, list=25%, signal=51%	
NEGATIVE REGULATION OF REGULATED SECRETORY PATHWAY%GOBP%GO:1903306	NEGATIVE REGULATION OF REGULATED SECRETORY PATHWAY%GOBP%GO:1903306		17	-0.3526645	-0.8687302	0.632874	0.89556646	1.0	3428	tags=41%, list=23%, signal=53%	
REGULATION OF MEMBRANE LIPID DISTRIBUTION%GOBP%GO:0097035	REGULATION OF MEMBRANE LIPID DISTRIBUTION%GOBP%GO:0097035		47	-0.28403398	-0.8685192	0.709776	0.89575607	1.0	1479	tags=17%, list=10%, signal=19%	
CERAMIDE METABOLIC PROCESS%GOBP%GO:0006672	CERAMIDE METABOLIC PROCESS%GOBP%GO:0006672		73	-0.265322	-0.8683171	0.72329605	0.8959186	1.0	3344	tags=33%, list=22%, signal=42%	
REGULATION OF AXON EXTENSION%GOBP%GO:0030516	REGULATION OF AXON EXTENSION%GOBP%GO:0030516		37	-0.29345745	-0.86817247	0.69005233	0.8959521	1.0	1881	tags=19%, list=13%, signal=22%	
REGULATION OF MRNA CATABOLIC PROCESS%GOBP%GO:0061013	REGULATION OF MRNA CATABOLIC PROCESS%GOBP%GO:0061013		182	-0.23175468	-0.8680935	0.83095723	0.8958259	1.0	1487	tags=10%, list=10%, signal=11%	
DNA REPLICATION%PANTHER PATHWAY%P00017	DNA REPLICATION%PANTHER PATHWAY%P00017		15	-0.35944718	-0.8679059	0.64887065	0.8959643	1.0	3559	tags=27%, list=24%, signal=35%	
PROTEIN SYNTHESIS: PHENYLALANINE%PATHWHIZ%PW112934	PROTEIN SYNTHESIS: PHENYLALANINE%PATHWHIZ%PW112934		80	-0.25840342	-0.86725163	0.7541152	0.89720124	1.0	5690	tags=48%, list=38%, signal=76%	
NEGATIVE REGULATION OF DEVELOPMENTAL GROWTH%GOBP%GO:0048640	NEGATIVE REGULATION OF DEVELOPMENTAL GROWTH%GOBP%GO:0048640		34	-0.3044524	-0.8672202	0.68875504	0.89695406	1.0	2202	tags=24%, list=15%, signal=28%	
SYNAPTIC VESICLE EXOCYTOSIS%GOBP%GO:0016079	SYNAPTIC VESICLE EXOCYTOSIS%GOBP%GO:0016079		39	-0.29423502	-0.8666712	0.7005025	0.89792067	1.0	543	tags=13%, list=4%, signal=13%	
BCR-ABL ACTION IN CML PATHOGENESIS%SMPDB%SMP0031692	BCR-ABL ACTION IN CML PATHOGENESIS%SMPDB%SMP0031692		18	-0.3475493	-0.8666019	0.6475996	0.897756	1.0	3716	tags=39%, list=25%, signal=52%	
TETRAHYDROFOLATE METABOLIC PROCESS%GOBP%GO:0046653	TETRAHYDROFOLATE METABOLIC PROCESS%GOBP%GO:0046653		15	-0.36272493	-0.8663144	0.6354167	0.89812076	1.0	2111	tags=27%, list=14%, signal=31%	
REGULATION OF ESTABLISHMENT OR MAINTENANCE OF CELL POLARITY%GOBP%GO:0032878	REGULATION OF ESTABLISHMENT OR MAINTENANCE OF CELL POLARITY%GOBP%GO:0032878		23	-0.33295375	-0.8657158	0.6696697	0.8992351	1.0	963	tags=13%, list=6%, signal=14%	
REGULATION OF EXPRESSION AND FUNCTION OF TYPE I CLASSICAL CADHERINS%REACTOME DATABASE ID RELEASE 95%9764274	REGULATION OF EXPRESSION AND FUNCTION OF TYPE I CLASSICAL CADHERINS%REACTOME DATABASE ID RELEASE 95%9764274		147	-0.23586988	-0.865311	0.8225641	0.8998951	1.0	2999	tags=24%, list=20%, signal=29%	
REGULATION OF RAS PROTEIN SIGNAL TRANSDUCTION%GOBP%GO:0046578	REGULATION OF RAS PROTEIN SIGNAL TRANSDUCTION%GOBP%GO:0046578		39	-0.29527083	-0.86452335	0.69072163	0.9014467	1.0	1012	tags=13%, list=7%, signal=14%	
POSITIVE REGULATION OF MITOTIC CELL CYCLE SPINDLE ASSEMBLY CHECKPOINT%GOBP%GO:0090267	POSITIVE REGULATION OF MITOTIC CELL CYCLE SPINDLE ASSEMBLY CHECKPOINT%GOBP%GO:0090267		20	-0.33756223	-0.8643937	0.6700925	0.90142125	1.0	672	tags=10%, list=4%, signal=10%	
PID_ERBB4_PATHWAY%MSIGDB_C2%PID_ERBB4_PATHWAY	PID_ERBB4_PATHWAY%MSIGDB_C2%PID_ERBB4_PATHWAY		31	-0.3076272	-0.86430424	0.6878097	0.9013043	1.0	1924	tags=19%, list=13%, signal=22%	
ACUTE VIRAL MYOCARDITIS%WIKIPATHWAYS_20260211%WP4298%HOMO SAPIENS	ACUTE VIRAL MYOCARDITIS%WIKIPATHWAYS_20260211%WP4298%HOMO SAPIENS		62	-0.26934376	-0.8642384	0.727459	0.90113556	1.0	3012	tags=24%, list=20%, signal=30%	
2Q11 2 COPY NUMBER VARIATION SYNDROME%WIKIPATHWAYS_20260211%WP5221%HOMO SAPIENS	2Q11 2 COPY NUMBER VARIATION SYNDROME%WIKIPATHWAYS_20260211%WP5221%HOMO SAPIENS		25	-0.3216837	-0.8642173	0.664916	0.90085924	1.0	2424	tags=24%, list=16%, signal=29%	
REGULATION OF NEUROTRANSMITTER SECRETION%GOBP%GO:0046928	REGULATION OF NEUROTRANSMITTER SECRETION%GOBP%GO:0046928		43	-0.28654537	-0.8639725	0.7096115	0.9011013	1.0	1214	tags=16%, list=8%, signal=18%	
REGULATION OF CDH1 EXPRESSION AND FUNCTION%REACTOME DATABASE ID RELEASE 95%9764265	REGULATION OF CDH1 EXPRESSION AND FUNCTION%REACTOME DATABASE ID RELEASE 95%9764265		147	-0.23586988	-0.8638093	0.82013685	0.9011664	1.0	2999	tags=24%, list=20%, signal=29%	
NF-KB SIGNALING PATHWAY%PATHWHIZ%PW064818	NF-KB SIGNALING PATHWAY%PATHWHIZ%PW064818		26	-0.32296968	-0.86377	0.6683938	0.9009276	1.0	3903	tags=35%, list=26%, signal=47%	
G(M2)-GANGLIOSIDOSIS: VARIANT B, TAY-SACHS DISEASE%SMPDB%SMP0000534	G(M2)-GANGLIOSIDOSIS: VARIANT B, TAY-SACHS DISEASE%SMPDB%SMP0000534		17	-0.35331398	-0.8637465	0.6512821	0.9006525	1.0	4220	tags=47%, list=28%, signal=65%	
PID_PDGFRB_PATHWAY%MSIGDB_C2%PID_PDGFRB_PATHWAY	PID_PDGFRB_PATHWAY%MSIGDB_C2%PID_PDGFRB_PATHWAY		96	-0.251343	-0.8635337	0.7832311	0.9008384	1.0	2250	tags=21%, list=15%, signal=24%	
VASOPRESSIN REGULATED WATER REABSORPTION%WIKIPATHWAYS_20260211%WP5085%HOMO SAPIENS	VASOPRESSIN REGULATED WATER REABSORPTION%WIKIPATHWAYS_20260211%WP5085%HOMO SAPIENS		30	-0.30794185	-0.86348665	0.68338555	0.90062684	1.0	1408	tags=20%, list=9%, signal=22%	
IGF1R SIGNALING CASCADE%REACTOME DATABASE ID RELEASE 95%2428924	IGF1R SIGNALING CASCADE%REACTOME DATABASE ID RELEASE 95%2428924		30	-0.30787417	-0.86342293	0.6749226	0.9004421	1.0	2206	tags=23%, list=15%, signal=27%	
DOWNSTREAM SIGNAL TRANSDUCTION%REACTOME DATABASE ID RELEASE 95%186763	DOWNSTREAM SIGNAL TRANSDUCTION%REACTOME DATABASE ID RELEASE 95%186763		25	-0.32516384	-0.86294955	0.66910994	0.901237	1.0	3716	tags=36%, list=25%, signal=48%	
ANTIGEN ACTIVATES B CELL RECEPTOR (BCR) LEADING TO GENERATION OF SECOND MESSENGERS%REACTOME DATABASE ID RELEASE 95%983695	ANTIGEN ACTIVATES B CELL RECEPTOR (BCR) LEADING TO GENERATION OF SECOND MESSENGERS%REACTOME DATABASE ID RELEASE 95%983695		29	-0.31027728	-0.86285913	0.6819572	0.9011283	1.0	1191	tags=17%, list=8%, signal=19%	
NEGATIVE REGULATION OF MOLECULAR FUNCTION%GOBP%GO:0044092	NEGATIVE REGULATION OF MOLECULAR FUNCTION%GOBP%GO:0044092		186	-0.22868702	-0.86270505	0.8629707	0.9011733	1.0	2274	tags=18%, list=15%, signal=21%	
10Q11 21Q11 23 COPY NUMBER VARIATION SYNDROME%WIKIPATHWAYS_20260211%WP5352%HOMO SAPIENS	10Q11 21Q11 23 COPY NUMBER VARIATION SYNDROME%WIKIPATHWAYS_20260211%WP5352%HOMO SAPIENS		43	-0.28613132	-0.8625692	0.7196262	0.90116006	1.0	23	tags=2%, list=0%, signal=2%	
PERK REGULATES GENE EXPRESSION%REACTOME%R-HSA-381042.3	PERK REGULATES GENE EXPRESSION%REACTOME%R-HSA-381042.3		31	-0.30754858	-0.8623438	0.68712276	0.9013754	1.0	2634	tags=26%, list=18%, signal=31%	
NEGATIVE REGULATION OF MITOTIC SISTER CHROMATID SEGREGATION%GOBP%GO:0033048	NEGATIVE REGULATION OF MITOTIC SISTER CHROMATID SEGREGATION%GOBP%GO:0033048		29	-0.30864733	-0.8622928	0.6978637	0.9011684	1.0	26	tags=3%, list=0%, signal=3%	
POSITIVE REGULATION OF PROTEIN LOCALIZATION TO MEMBRANE%GOBP%GO:1905477	POSITIVE REGULATION OF PROTEIN LOCALIZATION TO MEMBRANE%GOBP%GO:1905477		67	-0.26359668	-0.86218965	0.7324649	0.90109223	1.0	1902	tags=16%, list=13%, signal=19%	
SIGNALING BY FGFR2 IN DISEASE%REACTOME%R-HSA-5655253.3	SIGNALING BY FGFR2 IN DISEASE%REACTOME%R-HSA-5655253.3		31	-0.3062192	-0.86209166	0.69292927	0.9009961	1.0	2504	tags=19%, list=17%, signal=23%	
BAFETINIB INHIBITION OF BCR-ABL%PATHWHIZ%PW032597	BAFETINIB INHIBITION OF BCR-ABL%PATHWHIZ%PW032597		18	-0.3475493	-0.86198986	0.66032064	0.90090084	1.0	3716	tags=39%, list=25%, signal=52%	
NILOTINIB INHIBITION OF BCR-ABL%PATHWHIZ%PW032595	NILOTINIB INHIBITION OF BCR-ABL%PATHWHIZ%PW032595		18	-0.3475493	-0.8618537	0.6486486	0.90090156	1.0	3716	tags=39%, list=25%, signal=52%	
LEUKOCYTE HOMEOSTASIS%GOBP%GO:0001776	LEUKOCYTE HOMEOSTASIS%GOBP%GO:0001776		54	-0.2757906	-0.86179656	0.7271773	0.90070665	1.0	3022	tags=31%, list=20%, signal=39%	
REGULATION OF MYOBLAST FUSION%GOBP%GO:1901739	REGULATION OF MYOBLAST FUSION%GOBP%GO:1901739		53	-0.27592096	-0.8617002	0.7298387	0.90061134	1.0	5463	tags=47%, list=36%, signal=74%	
REGULATION OF EXTRINSIC APOPTOTIC SIGNALING PATHWAY%GOBP%GO:2001236	REGULATION OF EXTRINSIC APOPTOTIC SIGNALING PATHWAY%GOBP%GO:2001236		112	-0.24483314	-0.8616253	0.79352224	0.9004603	1.0	1907	tags=18%, list=13%, signal=20%	
POSITIVE REGULATION OF DNA-TEMPLATED TRANSCRIPTION, ELONGATION%GOBP%GO:0032786	POSITIVE REGULATION OF DNA-TEMPLATED TRANSCRIPTION, ELONGATION%GOBP%GO:0032786		57	-0.27555144	-0.861552	0.7215728	0.90031165	1.0	1136	tags=9%, list=8%, signal=9%	
TAY-SACHS DISEASE%PATHWHIZ%PW000215	TAY-SACHS DISEASE%PATHWHIZ%PW000215		17	-0.35331398	-0.8614104	0.66597074	0.90031564	1.0	4220	tags=47%, list=28%, signal=65%	
CELL FATE SPECIFICATION%GOBP%GO:0001708	CELL FATE SPECIFICATION%GOBP%GO:0001708		28	-0.31678376	-0.8613146	0.6750503	0.90023065	1.0	286	tags=7%, list=2%, signal=7%	
NICOTINE ACTION PATHWAY%SMPDB%SMP0000431	NICOTINE ACTION PATHWAY%SMPDB%SMP0000431		23	-0.32657507	-0.8611142	0.6705632	0.90037304	1.0	691	tags=13%, list=5%, signal=14%	
ANTIGEN PROCESSING AND PRESENTATION OF EXOGENOUS PEPTIDE ANTIGEN%GOBP%GO:0002478	ANTIGEN PROCESSING AND PRESENTATION OF EXOGENOUS PEPTIDE ANTIGEN%GOBP%GO:0002478		37	-0.29474694	-0.86111134	0.71384615	0.90005773	1.0	3277	tags=24%, list=22%, signal=31%	
SNRNP ASSEMBLY%REACTOME DATABASE ID RELEASE 95%191859	SNRNP ASSEMBLY%REACTOME DATABASE ID RELEASE 95%191859		50	-0.27572516	-0.8610936	0.7285408	0.8997778	1.0	5496	tags=42%, list=37%, signal=66%	
NEGATIVE REGULATION OF MITOTIC SISTER CHROMATID SEPARATION%GOBP%GO:2000816	NEGATIVE REGULATION OF MITOTIC SISTER CHROMATID SEPARATION%GOBP%GO:2000816		29	-0.30864733	-0.8604172	0.68277943	0.90103155	1.0	26	tags=3%, list=0%, signal=3%	
BIOCARTA_IGF1MTOR_PATHWAY%MSIGDB_C2%BIOCARTA_IGF1MTOR_PATHWAY	BIOCARTA_IGF1MTOR_PATHWAY%MSIGDB_C2%BIOCARTA_IGF1MTOR_PATHWAY		18	-0.34105644	-0.86027324	0.64004046	0.9010521	1.0	1643	tags=22%, list=11%, signal=25%	
REGULATION OF LIPID STORAGE%GOBP%GO:0010883	REGULATION OF LIPID STORAGE%GOBP%GO:0010883		35	-0.29658747	-0.8601134	0.6968085	0.9010937	1.0	2958	tags=31%, list=20%, signal=39%	
SUPERPATHWAY OF PYRIMIDINE DEOXYRIBONUCLEOTIDES <I>DE NOVO< I> BIOSYNTHESIS%BIOCYC%PWY-7211	SUPERPATHWAY OF PYRIMIDINE DEOXYRIBONUCLEOTIDES <I>DE NOVO< I> BIOSYNTHESIS%BIOCYC%PWY-7211		21	-0.3383009	-0.859901	0.6805697	0.90126026	1.0	1705	tags=14%, list=11%, signal=16%	
HDR THROUGH SINGLE STRAND ANNEALING (SSA)%REACTOME%R-HSA-5685938.3	HDR THROUGH SINGLE STRAND ANNEALING (SSA)%REACTOME%R-HSA-5685938.3		37	-0.2923281	-0.8590452	0.69681907	0.9029185	1.0	744	tags=5%, list=5%, signal=6%	
NEGATIVE REGULATION OF HYDROLASE ACTIVITY%GOBP%GO:0051346	NEGATIVE REGULATION OF HYDROLASE ACTIVITY%GOBP%GO:0051346		27	-0.31708127	-0.8589116	0.67011374	0.9028982	1.0	421	tags=11%, list=3%, signal=11%	
DENGUE VIRUS-HOST INTERACTIONS%REACTOME DATABASE ID RELEASE 95%9918481	DENGUE VIRUS-HOST INTERACTIONS%REACTOME DATABASE ID RELEASE 95%9918481		233	-0.22288044	-0.85869455	0.8911205	0.9030861	1.0	3120	tags=20%, list=21%, signal=25%	
PONATINIB INHIBITION OF BCR-ABL%PATHWHIZ%PW032598	PONATINIB INHIBITION OF BCR-ABL%PATHWHIZ%PW032598		18	-0.3475493	-0.85843813	0.6687307	0.903351	1.0	3716	tags=39%, list=25%, signal=52%	
REGULATION OF IRE1-MEDIATED UNFOLDED PROTEIN RESPONSE%GOBP%GO:1903894	REGULATION OF IRE1-MEDIATED UNFOLDED PROTEIN RESPONSE%GOBP%GO:1903894		15	-0.3584733	-0.8574778	0.67471147	0.90527844	1.0	3975	tags=47%, list=26%, signal=63%	
BOSUTINIB INHIBITION OF BCR-ABL%PATHWHIZ%PW032596	BOSUTINIB INHIBITION OF BCR-ABL%PATHWHIZ%PW032596		18	-0.3475493	-0.8571379	0.67413443	0.9057219	1.0	3716	tags=39%, list=25%, signal=52%	
REGULATION OF HEMATOPOIETIC PROGENITOR CELL DIFFERENTIATION%GOBP%GO:1901532	REGULATION OF HEMATOPOIETIC PROGENITOR CELL DIFFERENTIATION%GOBP%GO:1901532		29	-0.311087	-0.85697603	0.6746747	0.9057756	1.0	1234	tags=14%, list=8%, signal=15%	
RIPK1-MEDIATED REGULATED NECROSIS%REACTOME DATABASE ID RELEASE 95%5213460	RIPK1-MEDIATED REGULATED NECROSIS%REACTOME DATABASE ID RELEASE 95%5213460		31	-0.3023495	-0.8568203	0.6921466	0.90581554	1.0	1938	tags=19%, list=13%, signal=22%	
GNAQ PATHWAYS IN PORT WINE STAIN%WIKIPATHWAYS_20260211%WP5437%HOMO SAPIENS	GNAQ PATHWAYS IN PORT WINE STAIN%WIKIPATHWAYS_20260211%WP5437%HOMO SAPIENS		16	-0.34807315	-0.8567375	0.6656657	0.9056796	1.0	3113	tags=25%, list=21%, signal=32%	
REGULATION OF MECP2 EXPRESSION AND ACTIVITY%REACTOME DATABASE ID RELEASE 95%9022692	REGULATION OF MECP2 EXPRESSION AND ACTIVITY%REACTOME DATABASE ID RELEASE 95%9022692		27	-0.31185982	-0.8566737	0.6786818	0.90550786	1.0	2217	tags=15%, list=15%, signal=17%	
SIGNALING BY NUCLEAR RECEPTORS%REACTOME DATABASE ID RELEASE 95%9006931	SIGNALING BY NUCLEAR RECEPTORS%REACTOME DATABASE ID RELEASE 95%9006931		221	-0.22601658	-0.85643667	0.8880753	0.9057411	1.0	1671	tags=12%, list=11%, signal=14%	
SALLA DISEASE INFANTILE SIALIC ACID STORAGE DISEASE%SMPDB%SMP0000240	SALLA DISEASE INFANTILE SIALIC ACID STORAGE DISEASE%SMPDB%SMP0000240		17	-0.35331398	-0.855903	0.66368157	0.90665	1.0	4220	tags=47%, list=28%, signal=65%	
VITAMIN A DEFICIENCY%SMPDB%SMP0000336	VITAMIN A DEFICIENCY%SMPDB%SMP0000336		25	-0.3183918	-0.85581183	0.68821687	0.9065315	1.0	2491	tags=20%, list=17%, signal=24%	
SIGNALING BY FGFR2%REACTOME DATABASE ID RELEASE 95%5654738	SIGNALING BY FGFR2%REACTOME DATABASE ID RELEASE 95%5654738		58	-0.26870865	-0.85578734	0.742915	0.9062599	1.0	2504	tags=16%, list=17%, signal=19%	
WNT%IOB%WNT	WNT%IOB%WNT		57	-0.26884663	-0.85565394	0.7512538	0.9062356	1.0	603	tags=9%, list=4%, signal=9%	
RETINOL METABOLISM%SMPDB%SMP0000074	RETINOL METABOLISM%SMPDB%SMP0000074		25	-0.3183918	-0.855634	0.6895492	0.9059559	1.0	2491	tags=20%, list=17%, signal=24%	
LEPTIN%NETPATH%LEPTIN	LEPTIN%NETPATH%LEPTIN		40	-0.28733304	-0.8555618	0.70234454	0.90579677	1.0	1643	tags=15%, list=11%, signal=17%	
NEGATIVE REGULATION OF MITOTIC METAPHASE/ANAPHASE TRANSITION%GOBP%GO:0045841	NEGATIVE REGULATION OF MITOTIC METAPHASE/ANAPHASE TRANSITION%GOBP%GO:0045841		29	-0.30864733	-0.8555381	0.6928799	0.9055281	1.0	26	tags=3%, list=0%, signal=3%	
CARBOHYDRATE TRANSPORT%GOBP%GO:0008643	CARBOHYDRATE TRANSPORT%GOBP%GO:0008643		33	-0.29990202	-0.85551155	0.6987116	0.9052711	1.0	4054	tags=36%, list=27%, signal=50%	
REGULATION OF NECROPTOTIC CELL DEATH%REACTOME DATABASE ID RELEASE 95%5675482	REGULATION OF NECROPTOTIC CELL DEATH%REACTOME DATABASE ID RELEASE 95%5675482		31	-0.3023495	-0.85549086	0.71820956	0.9049951	1.0	1938	tags=19%, list=13%, signal=22%	
O-LINKED GLYCOSYLATION OF MUCINS%REACTOME DATABASE ID RELEASE 95%913709	O-LINKED GLYCOSYLATION OF MUCINS%REACTOME DATABASE ID RELEASE 95%913709		48	-0.27903715	-0.85540867	0.7085062	0.90485847	1.0	1391	tags=13%, list=9%, signal=14%	
NON-CODING RNA METABOLISM%REACTOME DATABASE ID RELEASE 95%194441	NON-CODING RNA METABOLISM%REACTOME DATABASE ID RELEASE 95%194441		50	-0.27572516	-0.85501266	0.7234886	0.9054314	1.0	5496	tags=42%, list=37%, signal=66%	
CYTOPLASMIC TRANSLATION%GOBP%GO:0002181	CYTOPLASMIC TRANSLATION%GOBP%GO:0002181		162	-0.23027575	-0.8548064	0.83751255	0.9055894	1.0	4830	tags=32%, list=32%, signal=47%	
NEGATIVE REGULATION OF CALCIUM ION TRANSPORT%GOBP%GO:0051926	NEGATIVE REGULATION OF CALCIUM ION TRANSPORT%GOBP%GO:0051926		33	-0.2968181	-0.8545299	0.70388836	0.9058978	1.0	1505	tags=18%, list=10%, signal=20%	
CS DS DEGRADATION%REACTOME%R-HSA-2024101.6	CS DS DEGRADATION%REACTOME%R-HSA-2024101.6		17	-0.34849203	-0.8544325	0.66935486	0.905795	1.0	445	tags=12%, list=3%, signal=12%	
NEGATIVE REGULATION OF SISTER CHROMATID SEGREGATION%GOBP%GO:0033046	NEGATIVE REGULATION OF SISTER CHROMATID SEGREGATION%GOBP%GO:0033046		29	-0.30864733	-0.8540009	0.6961498	0.9064456	1.0	26	tags=3%, list=0%, signal=3%	
REGULATION OF LEUKOCYTE APOPTOTIC PROCESS%GOBP%GO:2000106	REGULATION OF LEUKOCYTE APOPTOTIC PROCESS%GOBP%GO:2000106		52	-0.27302426	-0.8528044	0.7425945	0.90882725	1.0	3282	tags=33%, list=22%, signal=42%	
AMINO SUGAR METABOLISM%PATHWHIZ%PW000008	AMINO SUGAR METABOLISM%PATHWHIZ%PW000008		17	-0.35331398	-0.85256994	0.6756477	0.9090308	1.0	4220	tags=47%, list=28%, signal=65%	
NEGATIVE REGULATION OF METAPHASE/ANAPHASE TRANSITION OF CELL CYCLE%GOBP%GO:1902100	NEGATIVE REGULATION OF METAPHASE/ANAPHASE TRANSITION OF CELL CYCLE%GOBP%GO:1902100		30	-0.30377907	-0.85243237	0.70990807	0.9090098	1.0	26	tags=3%, list=0%, signal=3%	
REGULATION OF TRANSLATION%GOBP%GO:0006417	REGULATION OF TRANSLATION%GOBP%GO:0006417		265	-0.218864	-0.8519627	0.91149545	0.90975404	1.0	1801	tags=11%, list=12%, signal=12%	
P53 PATHWAY FEEDBACK LOOPS 2%PANTHER PATHWAY%P04398	P53 PATHWAY FEEDBACK LOOPS 2%PANTHER PATHWAY%P04398		37	-0.2918187	-0.85189027	0.71626985	0.9095956	1.0	1690	tags=16%, list=11%, signal=18%	
PID_SHP2_PATHWAY%MSIGDB_C2%PID_SHP2_PATHWAY	PID_SHP2_PATHWAY%MSIGDB_C2%PID_SHP2_PATHWAY		48	-0.27750066	-0.8518561	0.74016565	0.90934604	1.0	2423	tags=19%, list=16%, signal=22%	
DEFECTIVE INTRINSIC PATHWAY FOR APOPTOSIS%REACTOME DATABASE ID RELEASE 95%9734009	DEFECTIVE INTRINSIC PATHWAY FOR APOPTOSIS%REACTOME DATABASE ID RELEASE 95%9734009		22	-0.3245056	-0.8517712	0.68373495	0.90920156	1.0	1248	tags=14%, list=8%, signal=15%	
IRS-RELATED EVENTS TRIGGERED BY IGF1R%REACTOME DATABASE ID RELEASE 95%2428928	IRS-RELATED EVENTS TRIGGERED BY IGF1R%REACTOME DATABASE ID RELEASE 95%2428928		30	-0.30787417	-0.85141623	0.7067067	0.9097007	1.0	2206	tags=23%, list=15%, signal=27%	
DNA METHYLATION-DEPENDENT CONSTITUTIVE HETEROCHROMATIN FORMATION%GOBP%GO:0006346	DNA METHYLATION-DEPENDENT CONSTITUTIVE HETEROCHROMATIN FORMATION%GOBP%GO:0006346		21	-0.3281107	-0.8513606	0.6840459	0.9095101	1.0	2485	tags=19%, list=17%, signal=23%	
AMINO SUGAR METABOLIC PROCESS%GOBP%GO:0006040	AMINO SUGAR METABOLIC PROCESS%GOBP%GO:0006040		37	-0.2912191	-0.8512725	0.72126144	0.90938586	1.0	1413	tags=16%, list=9%, signal=18%	
PROTEIN SYNTHESIS: TRYPTOPHAN%PATHWHIZ%PW120526	PROTEIN SYNTHESIS: TRYPTOPHAN%PATHWHIZ%PW120526		79	-0.25405225	-0.8509946	0.78477156	0.90968764	1.0	5690	tags=47%, list=38%, signal=75%	
POSITIVE REGULATION OF ALPHA-BETA T CELL ACTIVATION%GOBP%GO:0046635	POSITIVE REGULATION OF ALPHA-BETA T CELL ACTIVATION%GOBP%GO:0046635		48	-0.2799646	-0.8509343	0.7478992	0.90949357	1.0	1601	tags=15%, list=11%, signal=16%	
REGULATION OF IMMUNE RESPONSE TO TUMOR CELL%GOBP%GO:0002837	REGULATION OF IMMUNE RESPONSE TO TUMOR CELL%GOBP%GO:0002837		26	-0.3158951	-0.85092884	0.6949654	0.90918404	1.0	2416	tags=19%, list=16%, signal=23%	
ZINC HOMEOSTASIS%WIKIPATHWAYS_20260211%WP3529%HOMO SAPIENS	ZINC HOMEOSTASIS%WIKIPATHWAYS_20260211%WP3529%HOMO SAPIENS		22	-0.32300213	-0.8509028	0.6830031	0.908918	1.0	52	tags=5%, list=0%, signal=5%	
POSITIVE REGULATION OF CELL CYCLE G2/M PHASE TRANSITION%GOBP%GO:1902751	POSITIVE REGULATION OF CELL CYCLE G2/M PHASE TRANSITION%GOBP%GO:1902751		23	-0.32340264	-0.85079336	0.7012072	0.9088452	1.0	72	tags=4%, list=0%, signal=4%	
HARTNUP DISORDER%SMPDB%SMP0000189	HARTNUP DISORDER%SMPDB%SMP0000189		21	-0.32229775	-0.85073817	0.68172485	0.90864724	1.0	1640	tags=19%, list=11%, signal=21%	
MEMBRANE REPOLARIZATION DURING CARDIAC MUSCLE CELL ACTION POTENTIAL%GOBP%GO:0086013	MEMBRANE REPOLARIZATION DURING CARDIAC MUSCLE CELL ACTION POTENTIAL%GOBP%GO:0086013		15	-0.35189563	-0.8505493	0.68163675	0.908766	1.0	555	tags=13%, list=4%, signal=14%	
MICROAUTOPHAGY%GOBP%GO:0016237	MICROAUTOPHAGY%GOBP%GO:0016237		21	-0.33275762	-0.8502622	0.6855984	0.90907735	1.0	1544	tags=10%, list=10%, signal=11%	
DASATINIB INHIBITION OF BCR-ABL%PATHWHIZ%PW032594	DASATINIB INHIBITION OF BCR-ABL%PATHWHIZ%PW032594		18	-0.3475493	-0.8499798	0.6755922	0.9093871	1.0	3716	tags=39%, list=25%, signal=52%	
MIR TARGETED GENES IN SQUAMOUS CELL%WIKIPATHWAYS_20260211%WP2006%HOMO SAPIENS	MIR TARGETED GENES IN SQUAMOUS CELL%WIKIPATHWAYS_20260211%WP2006%HOMO SAPIENS		104	-0.24558464	-0.8499056	0.80824745	0.90922195	1.0	2256	tags=19%, list=15%, signal=22%	
CARDIOMYOCYTE SIGNALING CONVERGING ON TITIN%WIKIPATHWAYS_20260211%WP5344%HOMO SAPIENS	CARDIOMYOCYTE SIGNALING CONVERGING ON TITIN%WIKIPATHWAYS_20260211%WP5344%HOMO SAPIENS		21	-0.33410275	-0.8498705	0.6936299	0.908971	1.0	2192	tags=33%, list=15%, signal=39%	
RESPONSE TO CARBOHYDRATE%GOBP%GO:0009743	RESPONSE TO CARBOHYDRATE%GOBP%GO:0009743		58	-0.26848102	-0.849529	0.75644994	0.9093923	1.0	3476	tags=31%, list=23%, signal=40%	
REGULATION OF INTERLEUKIN-12 PRODUCTION%GOBP%GO:0032655	REGULATION OF INTERLEUKIN-12 PRODUCTION%GOBP%GO:0032655		43	-0.28367478	-0.84945506	0.74703556	0.9092383	1.0	2341	tags=28%, list=16%, signal=33%	
HYALURONAN METABOLISM%REACTOME%R-HSA-2142845.4	HYALURONAN METABOLISM%REACTOME%R-HSA-2142845.4		18	-0.34283295	-0.84891075	0.6993007	0.9101337	1.0	445	tags=11%, list=3%, signal=11%	
GLIOBLASTOMA SIGNALING%WIKIPATHWAYS_20260211%WP2261%HOMO SAPIENS	GLIOBLASTOMA SIGNALING%WIKIPATHWAYS_20260211%WP2261%HOMO SAPIENS		68	-0.25767177	-0.84872687	0.7735264	0.91022134	1.0	2348	tags=19%, list=16%, signal=23%	
PROTEIN HYDROXYLATION%REACTOME DATABASE ID RELEASE 95%9629569	PROTEIN HYDROXYLATION%REACTOME DATABASE ID RELEASE 95%9629569		18	-0.34470543	-0.8487168	0.67204845	0.9099215	1.0	5200	tags=39%, list=35%, signal=59%	
CARDIAC MUSCLE CELL MEMBRANE REPOLARIZATION%GOBP%GO:0099622	CARDIAC MUSCLE CELL MEMBRANE REPOLARIZATION%GOBP%GO:0099622		15	-0.35189563	-0.84826756	0.67662203	0.91058993	1.0	555	tags=13%, list=4%, signal=14%	
MIRNA ROLE IN IMMUNE RESPONSE IN SEPSIS%WIKIPATHWAYS_20260211%WP4329%HOMO SAPIENS	MIRNA ROLE IN IMMUNE RESPONSE IN SEPSIS%WIKIPATHWAYS_20260211%WP4329%HOMO SAPIENS		32	-0.3003331	-0.8479506	0.7110423	0.91095763	1.0	3969	tags=34%, list=26%, signal=47%	
PROTEIN SYNTHESIS: THREONINE%PATHWHIZ%PW120525	PROTEIN SYNTHESIS: THREONINE%PATHWHIZ%PW120525		79	-0.25271517	-0.84783864	0.798274	0.91089153	1.0	5690	tags=47%, list=38%, signal=75%	
NUCLEOCYTOPLASMIC TRANSPORT%GOBP%GO:0006913	NUCLEOCYTOPLASMIC TRANSPORT%GOBP%GO:0006913		182	-0.22470175	-0.84759	0.9002016	0.9111183	1.0	3250	tags=19%, list=22%, signal=24%	
NEGATIVE REGULATION OF EXOCYTOSIS%GOBP%GO:0045920	NEGATIVE REGULATION OF EXOCYTOSIS%GOBP%GO:0045920		27	-0.31218418	-0.846966	0.6940452	0.91216385	1.0	3519	tags=41%, list=23%, signal=53%	
NEGATIVE REGULATION OF ADAPTIVE IMMUNE RESPONSE BASED ON SOMATIC RECOMBINATION OF IMMUNE RECEPTORS BUILT FROM IMMUNOGLOBULIN SUPERFAMILY DOMAINS%GOBP%GO:0002823	NEGATIVE REGULATION OF ADAPTIVE IMMUNE RESPONSE BASED ON SOMATIC RECOMBINATION OF IMMUNE RECEPTORS BUILT FROM IMMUNOGLOBULIN SUPERFAMILY DOMAINS%GOBP%GO:0002823		51	-0.27127942	-0.8464695	0.74647886	0.9129114	1.0	2859	tags=25%, list=19%, signal=31%	
SIGNAL TRANSDUCTION THROUGH IL1R%WIKIPATHWAYS_20260211%WP4496%HOMO SAPIENS	SIGNAL TRANSDUCTION THROUGH IL1R%WIKIPATHWAYS_20260211%WP4496%HOMO SAPIENS		26	-0.31237316	-0.8459669	0.698881	0.9136864	1.0	2973	tags=27%, list=20%, signal=34%	
TRIAMTERENE ACTION PATHWAY%SMPDB%SMP0000132	TRIAMTERENE ACTION PATHWAY%SMPDB%SMP0000132		21	-0.32229775	-0.8458553	0.6923848	0.9136119	1.0	1640	tags=19%, list=11%, signal=21%	
REGULATION OF TYPE 2 IMMUNE RESPONSE%GOBP%GO:0002828	REGULATION OF TYPE 2 IMMUNE RESPONSE%GOBP%GO:0002828		18	-0.34046778	-0.84491515	0.6821782	0.91535515	1.0	2859	tags=33%, list=19%, signal=41%	
NEGATIVE REGULATION OF CYTOSKELETON ORGANIZATION%GOBP%GO:0051494	NEGATIVE REGULATION OF CYTOSKELETON ORGANIZATION%GOBP%GO:0051494		106	-0.24097946	-0.8448273	0.84607327	0.9152235	1.0	2458	tags=19%, list=16%, signal=22%	
BIOCARTA_MTOR_PATHWAY%MSIGDB_C2%BIOCARTA_MTOR_PATHWAY	BIOCARTA_MTOR_PATHWAY%MSIGDB_C2%BIOCARTA_MTOR_PATHWAY		17	-0.34614587	-0.84399974	0.6898002	0.91668993	1.0	1578	tags=18%, list=11%, signal=20%	
METHYCLOTHIAZIDE ACTION PATHWAY%PATHWHIZ%PW000327	METHYCLOTHIAZIDE ACTION PATHWAY%PATHWHIZ%PW000327		21	-0.32229775	-0.84384894	0.6904277	0.9166997	1.0	1640	tags=19%, list=11%, signal=21%	
ANTIVIRAL AND ANTI INFLAMMATORY EFFECTS OF NRF2 ON SARS COV 2 PATHWAY%WIKIPATHWAYS_20260211%WP5113%HOMO SAPIENS	ANTIVIRAL AND ANTI INFLAMMATORY EFFECTS OF NRF2 ON SARS COV 2 PATHWAY%WIKIPATHWAYS_20260211%WP5113%HOMO SAPIENS		25	-0.3151126	-0.8435291	0.6964467	0.9170694	1.0	2973	tags=32%, list=20%, signal=40%	
BIOCARTA_AT1R_PATHWAY%MSIGDB_C2%BIOCARTA_AT1R_PATHWAY	BIOCARTA_AT1R_PATHWAY%MSIGDB_C2%BIOCARTA_AT1R_PATHWAY		22	-0.32128787	-0.8434626	0.698364	0.9168812	1.0	3342	tags=27%, list=22%, signal=35%	
DNA REPLICATION CHECKPOINT SIGNALING%GOBP%GO:0000076	DNA REPLICATION CHECKPOINT SIGNALING%GOBP%GO:0000076		25	-0.31574377	-0.8434396	0.6885246	0.91660583	1.0	3561	tags=20%, list=24%, signal=26%	
DECTIN-2 FAMILY%REACTOME DATABASE ID RELEASE 95%5621480	DECTIN-2 FAMILY%REACTOME DATABASE ID RELEASE 95%5621480		18	-0.3414415	-0.84327793	0.68463075	0.91663224	1.0	2995	tags=33%, list=20%, signal=42%	
CARBOHYDRATE TRANSMEMBRANE TRANSPORT%GOBP%GO:0034219	CARBOHYDRATE TRANSMEMBRANE TRANSPORT%GOBP%GO:0034219		32	-0.2974975	-0.84321564	0.7356557	0.91644275	1.0	3484	tags=28%, list=23%, signal=37%	
NEGATIVE REGULATION OF PROTEIN-CONTAINING COMPLEX ASSEMBLY%GOBP%GO:0031333	NEGATIVE REGULATION OF PROTEIN-CONTAINING COMPLEX ASSEMBLY%GOBP%GO:0031333		98	-0.2433668	-0.84295577	0.80827445	0.91669697	1.0	1643	tags=12%, list=11%, signal=14%	
IFN-ALPHA%IOB%IFN-ALPHA	IFN-ALPHA%IOB%IFN-ALPHA		29	-0.3002652	-0.8423503	0.69408226	0.9176702	1.0	3992	tags=31%, list=27%, signal=42%	
GLYCEROPHOSPHOLIPID CATABOLIC PROCESS%GOBP%GO:0046475	GLYCEROPHOSPHOLIPID CATABOLIC PROCESS%GOBP%GO:0046475		29	-0.30368918	-0.8420377	0.69552237	0.9180298	1.0	2004	tags=21%, list=13%, signal=24%	
ACTIVATED TAK1 MEDIATES P38 MAPK ACTIVATION%REACTOME%R-HSA-450302.5	ACTIVATED TAK1 MEDIATES P38 MAPK ACTIVATION%REACTOME%R-HSA-450302.5		19	-0.34092814	-0.84197646	0.6900702	0.91784024	1.0	2342	tags=21%, list=16%, signal=25%	
RESISTIN AS A REGULATOR OF INFLAMMATION%WIKIPATHWAYS_20260211%WP4481%HOMO SAPIENS	RESISTIN AS A REGULATOR OF INFLAMMATION%WIKIPATHWAYS_20260211%WP4481%HOMO SAPIENS		26	-0.30759022	-0.84188795	0.70927835	0.9177253	1.0	3151	tags=31%, list=21%, signal=39%	
POSITIVE REGULATION OF INTRACELLULAR TRANSPORT%GOBP%GO:0032388	POSITIVE REGULATION OF INTRACELLULAR TRANSPORT%GOBP%GO:0032388		126	-0.23574424	-0.84180444	0.8645418	0.9175759	1.0	2548	tags=18%, list=17%, signal=22%	
RESPONSE TO GLUCOSE%GOBP%GO:0009749	RESPONSE TO GLUCOSE%GOBP%GO:0009749		48	-0.27499244	-0.8416792	0.77244896	0.91751534	1.0	543	tags=8%, list=4%, signal=9%	
EPLERENONE ACTION PATHWAY%SMPDB%SMP0000135	EPLERENONE ACTION PATHWAY%SMPDB%SMP0000135		21	-0.32229775	-0.84156704	0.70575917	0.9174392	1.0	1640	tags=19%, list=11%, signal=21%	
NEGATIVE EPIGENETIC REGULATION OF RRNA EXPRESSION%REACTOME DATABASE ID RELEASE 95%5250941	NEGATIVE EPIGENETIC REGULATION OF RRNA EXPRESSION%REACTOME DATABASE ID RELEASE 95%5250941		61	-0.2588999	-0.8414691	0.7813121	0.9173286	1.0	4163	tags=31%, list=28%, signal=43%	
CELLULAR RESPONSE TO VASCULAR ENDOTHELIAL GROWTH FACTOR STIMULUS%GOBP%GO:0035924	CELLULAR RESPONSE TO VASCULAR ENDOTHELIAL GROWTH FACTOR STIMULUS%GOBP%GO:0035924		38	-0.2872299	-0.8413956	0.75102043	0.9171683	1.0	2669	tags=26%, list=18%, signal=32%	
PHOTODYNAMIC THERAPY INDUCED NF KB SURVIVAL SIGNALING%WIKIPATHWAYS_20260211%WP3617%HOMO SAPIENS	PHOTODYNAMIC THERAPY INDUCED NF KB SURVIVAL SIGNALING%WIKIPATHWAYS_20260211%WP3617%HOMO SAPIENS		31	-0.30214685	-0.84106266	0.73511297	0.91755366	1.0	823	tags=10%, list=5%, signal=10%	
REGULATION OF MONOCYTE DIFFERENTIATION%GOBP%GO:0045655	REGULATION OF MONOCYTE DIFFERENTIATION%GOBP%GO:0045655		15	-0.3549196	-0.8408747	0.69057375	0.9176246	1.0	110	tags=7%, list=1%, signal=7%	
METABOLIC COMPOUND SALVAGE%GOBP%GO:0043094	METABOLIC COMPOUND SALVAGE%GOBP%GO:0043094		29	-0.30118874	-0.8407861	0.73770493	0.9174999	1.0	2297	tags=21%, list=15%, signal=24%	
POSITIVE REGULATION OF DNA-TEMPLATED TRANSCRIPTION INITIATION%GOBP%GO:2000144	POSITIVE REGULATION OF DNA-TEMPLATED TRANSCRIPTION INITIATION%GOBP%GO:2000144		62	-0.2610803	-0.84036535	0.7760085	0.9180696	1.0	4500	tags=34%, list=30%, signal=48%	
CYSTINURIA%PATHWHIZ%PW000700	CYSTINURIA%PATHWHIZ%PW000700		21	-0.32229775	-0.840192	0.7131394	0.9181254	1.0	1640	tags=19%, list=11%, signal=21%	
REGULATION OF INTERLEUKIN-2 PRODUCTION%GOBP%GO:0032663	REGULATION OF INTERLEUKIN-2 PRODUCTION%GOBP%GO:0032663		60	-0.26357812	-0.839897	0.77857876	0.91841805	1.0	3295	tags=33%, list=22%, signal=43%	
TELOMERE MAINTENANCE IN RESPONSE TO DNA DAMAGE%GOBP%GO:0043247	TELOMERE MAINTENANCE IN RESPONSE TO DNA DAMAGE%GOBP%GO:0043247		15	-0.35335648	-0.83981043	0.66905737	0.918277	1.0	4619	tags=40%, list=31%, signal=58%	
NEGATIVE REGULATION OF CHROMOSOME SEGREGATION%GOBP%GO:0051985	NEGATIVE REGULATION OF CHROMOSOME SEGREGATION%GOBP%GO:0051985		30	-0.30377907	-0.83977205	0.7329193	0.9180461	1.0	26	tags=3%, list=0%, signal=3%	
HEPATITIS B INFECTION%WIKIPATHWAYS_20260211%WP4666%HOMO SAPIENS	HEPATITIS B INFECTION%WIKIPATHWAYS_20260211%WP4666%HOMO SAPIENS		112	-0.23660302	-0.8397185	0.8599182	0.917842	1.0	1369	tags=11%, list=9%, signal=12%	
RNA METHYLATION%GOBP%GO:0001510	RNA METHYLATION%GOBP%GO:0001510		76	-0.252065	-0.83925027	0.8055556	0.91852903	1.0	3197	tags=24%, list=21%, signal=30%	
REGULATION OF RESPONSE TO NUTRIENT LEVELS%GOBP%GO:0032107	REGULATION OF RESPONSE TO NUTRIENT LEVELS%GOBP%GO:0032107		18	-0.337741	-0.8392459	0.69175255	0.91822076	1.0	358	tags=11%, list=2%, signal=11%	
MRNA DESTABILIZATION%GOBP%GO:0061157	MRNA DESTABILIZATION%GOBP%GO:0061157		83	-0.24714391	-0.83897674	0.8216106	0.91848403	1.0	359	tags=5%, list=2%, signal=5%	
REGULATION OF LAMELLIPODIUM ASSEMBLY%GOBP%GO:0010591	REGULATION OF LAMELLIPODIUM ASSEMBLY%GOBP%GO:0010591		30	-0.29752722	-0.83833647	0.7148891	0.9195129	1.0	3253	tags=33%, list=22%, signal=42%	
HYDROCHLOROTHIAZIDE ACTION PATHWAY%SMPDB%SMP0000100	HYDROCHLOROTHIAZIDE ACTION PATHWAY%SMPDB%SMP0000100		21	-0.32229775	-0.83788544	0.7055785	0.92013144	1.0	1640	tags=19%, list=11%, signal=21%	
POLYTHIAZIDE ACTION PATHWAY%PATHWHIZ%PW000326	POLYTHIAZIDE ACTION PATHWAY%PATHWHIZ%PW000326		21	-0.32229775	-0.83740294	0.72325104	0.9207945	1.0	1640	tags=19%, list=11%, signal=21%	
BENDROFLUMETHIAZIDE ACTION PATHWAY%PATHWHIZ%PW000329	BENDROFLUMETHIAZIDE ACTION PATHWAY%PATHWHIZ%PW000329		21	-0.32229775	-0.8373681	0.70552146	0.92054635	1.0	1640	tags=19%, list=11%, signal=21%	
NUCLEAR EXPORT%GOBP%GO:0051168	NUCLEAR EXPORT%GOBP%GO:0051168		114	-0.23785284	-0.8373136	0.83943087	0.9203401	1.0	4568	tags=32%, list=30%, signal=45%	
CELL-CELL JUNCTION ORGANIZATION%REACTOME DATABASE ID RELEASE 95%421270	CELL-CELL JUNCTION ORGANIZATION%REACTOME DATABASE ID RELEASE 95%421270		203	-0.22030614	-0.83726895	0.92502534	0.9201162	1.0	2818	tags=24%, list=19%, signal=29%	
FANCONI ANEMIA PATHWAY%REACTOME DATABASE ID RELEASE 95%6783310	FANCONI ANEMIA PATHWAY%REACTOME DATABASE ID RELEASE 95%6783310		37	-0.2899792	-0.83716786	0.7474227	0.9200086	1.0	3605	tags=22%, list=24%, signal=28%	
FUROSEMIDE ACTION PATHWAY%PATHWHIZ%PW000337	FUROSEMIDE ACTION PATHWAY%PATHWHIZ%PW000337		21	-0.32229775	-0.8370347	0.7017544	0.91997105	1.0	1640	tags=19%, list=11%, signal=21%	
NUCLEAR TRANSPORT%GOBP%GO:0051169	NUCLEAR TRANSPORT%GOBP%GO:0051169		183	-0.22370893	-0.8368844	0.8989899	0.9199731	1.0	3250	tags=19%, list=22%, signal=23%	
POSITIVE REGULATION OF SPINDLE CHECKPOINT%GOBP%GO:0090232	POSITIVE REGULATION OF SPINDLE CHECKPOINT%GOBP%GO:0090232		21	-0.32037702	-0.8368308	0.7152989	0.91977006	1.0	672	tags=10%, list=4%, signal=10%	
REGULATION OF BLOOD VESSEL ENDOTHELIAL CELL MIGRATION%GOBP%GO:0043535	REGULATION OF BLOOD VESSEL ENDOTHELIAL CELL MIGRATION%GOBP%GO:0043535		82	-0.24784733	-0.8367823	0.82198954	0.91955084	1.0	2754	tags=27%, list=18%, signal=33%	
GLYCOLYSIS%REACTOME DATABASE ID RELEASE 95%70171	GLYCOLYSIS%REACTOME DATABASE ID RELEASE 95%70171		61	-0.2611826	-0.83661693	0.8025922	0.9195906	1.0	1413	tags=10%, list=9%, signal=11%	
RNA DESTABILIZATION%GOBP%GO:0050779	RNA DESTABILIZATION%GOBP%GO:0050779		85	-0.24687603	-0.8361288	0.83503056	0.9202771	1.0	359	tags=5%, list=2%, signal=5%	
REGULATION OF POTASSIUM ION TRANSPORT%GOBP%GO:0043266	REGULATION OF POTASSIUM ION TRANSPORT%GOBP%GO:0043266		49	-0.27154744	-0.83611524	0.77037776	0.91998637	1.0	2404	tags=20%, list=16%, signal=24%	
REGULATION OF TRANSLATIONAL INITIATION%GOBP%GO:0006446	REGULATION OF TRANSLATIONAL INITIATION%GOBP%GO:0006446		79	-0.2501391	-0.8360807	0.8058645	0.9197457	1.0	820	tags=8%, list=5%, signal=8%	
POST-TRANSLATIONAL PROTEIN TARGETING TO ENDOPLASMIC RETICULUM MEMBRANE%GOBP%GO:0006620	POST-TRANSLATIONAL PROTEIN TARGETING TO ENDOPLASMIC RETICULUM MEMBRANE%GOBP%GO:0006620		18	-0.3412979	-0.8356705	0.6947585	0.92027694	1.0	2222	tags=17%, list=15%, signal=20%	
NEGATIVE REGULATION OF CHROMOSOME SEPARATION%GOBP%GO:1905819	NEGATIVE REGULATION OF CHROMOSOME SEPARATION%GOBP%GO:1905819		30	-0.30377907	-0.83564556	0.75225675	0.92000985	1.0	26	tags=3%, list=0%, signal=3%	
AUTOPHAGY OF MITOCHONDRION%GOBP%GO:0000422	AUTOPHAGY OF MITOCHONDRION%GOBP%GO:0000422		64	-0.25795746	-0.83555424	0.784585	0.9198843	1.0	3219	tags=23%, list=21%, signal=30%	
NAD+ METABOLIC PROCESS%GOBP%GO:0019674	NAD+ METABOLIC PROCESS%GOBP%GO:0019674		31	-0.30166873	-0.8351198	0.74219537	0.9204433	1.0	1699	tags=19%, list=11%, signal=22%	
AMILORIDE ACTION PATHWAY%SMPDB%SMP0000133	AMILORIDE ACTION PATHWAY%SMPDB%SMP0000133		21	-0.32229775	-0.8350228	0.7104447	0.9203278	1.0	1640	tags=19%, list=11%, signal=21%	
RNA LOCALIZATION%GOBP%GO:0006403	RNA LOCALIZATION%GOBP%GO:0006403		121	-0.23135796	-0.8343399	0.8753799	0.9214263	1.0	3242	tags=18%, list=22%, signal=23%	
INSULIN PATHWAY%PATHWAY INTERACTION DATABASE NCI-NATURE CURATED DATA%INSULIN PATHWAY	INSULIN PATHWAY%PATHWAY INTERACTION DATABASE NCI-NATURE CURATED DATA%INSULIN PATHWAY		44	-0.27692172	-0.8342671	0.7604485	0.9212658	1.0	1578	tags=16%, list=11%, signal=18%	
LYSINURIC PROTEIN INTOLERANCE%SMPDB%SMP0000197	LYSINURIC PROTEIN INTOLERANCE%SMPDB%SMP0000197		21	-0.32229775	-0.8337381	0.6993988	0.9220463	1.0	1640	tags=19%, list=11%, signal=21%	
AMYOTROPHIC LATERAL SCLEROSIS ALS %WIKIPATHWAYS_20260211%WP2447%HOMO SAPIENS	AMYOTROPHIC LATERAL SCLEROSIS ALS %WIKIPATHWAYS_20260211%WP2447%HOMO SAPIENS		23	-0.31825727	-0.83311003	0.7287805	0.9230272	1.0	3663	tags=30%, list=24%, signal=40%	
EXERCISE AND HYPERTROPHY IN SKELETAL MUSCLE%WIKIPATHWAYS_20260211%WP516%HOMO SAPIENS	EXERCISE AND HYPERTROPHY IN SKELETAL MUSCLE%WIKIPATHWAYS_20260211%WP516%HOMO SAPIENS		15	-0.35053417	-0.83296895	0.6976264	0.92299855	1.0	946	tags=20%, list=6%, signal=21%	
RNA STABILIZATION%GOBP%GO:0043489	RNA STABILIZATION%GOBP%GO:0043489		63	-0.26198936	-0.83264226	0.80227745	0.92335343	1.0	2399	tags=16%, list=16%, signal=19%	
REGULATION OF PROTEIN MATURATION%GOBP%GO:1903317	REGULATION OF PROTEIN MATURATION%GOBP%GO:1903317		35	-0.28854638	-0.8322411	0.75416666	0.92385066	1.0	3043	tags=29%, list=20%, signal=36%	
CELL CYCLE G1/S PHASE TRANSITION%GOBP%GO:0044843	CELL CYCLE G1/S PHASE TRANSITION%GOBP%GO:0044843		66	-0.2605333	-0.83215576	0.7901478	0.9237035	1.0	2792	tags=17%, list=19%, signal=20%	
REGULATION OF RESPONSE TO OXIDATIVE STRESS%GOBP%GO:1902882	REGULATION OF RESPONSE TO OXIDATIVE STRESS%GOBP%GO:1902882		19	-0.33035558	-0.8320964	0.7271773	0.92350554	1.0	2778	tags=32%, list=18%, signal=39%	
DEOXYRIBOSE PHOSPHATE CATABOLIC PROCESS%GOBP%GO:0046386	DEOXYRIBOSE PHOSPHATE CATABOLIC PROCESS%GOBP%GO:0046386		19	-0.33185664	-0.8319215	0.7113188	0.9235404	1.0	3395	tags=26%, list=23%, signal=34%	
REGULATION OF NEUROINFLAMMATORY RESPONSE%GOBP%GO:0150077	REGULATION OF NEUROINFLAMMATORY RESPONSE%GOBP%GO:0150077		34	-0.28760839	-0.8317014	0.7522388	0.923674	1.0	3083	tags=26%, list=21%, signal=33%	
CYCLOTHIAZIDE ACTION PATHWAY%SMPDB%SMP0000103	CYCLOTHIAZIDE ACTION PATHWAY%SMPDB%SMP0000103		21	-0.32229775	-0.831586	0.71383977	0.9235796	1.0	1640	tags=19%, list=11%, signal=21%	
PROTEIN SYNTHESIS: GLUTAMINE%SMPDB%SMP0111862	PROTEIN SYNTHESIS: GLUTAMINE%SMPDB%SMP0111862		79	-0.24972	-0.8311312	0.83794874	0.92420435	1.0	5690	tags=47%, list=38%, signal=75%	
NFE2L2 REGULATING ANTI-OXIDANT DETOXIFICATION ENZYMES%REACTOME%R-HSA-9818027.3	NFE2L2 REGULATING ANTI-OXIDANT DETOXIFICATION ENZYMES%REACTOME%R-HSA-9818027.3		18	-0.33634123	-0.83083856	0.7174349	0.9244856	1.0	2634	tags=28%, list=18%, signal=34%	
VALIDATED NUCLEAR ESTROGEN RECEPTOR ALPHA NETWORK%PATHWAY INTERACTION DATABASE NCI-NATURE CURATED DATA%VALIDATED NUCLEAR ESTROGEN RECEPTOR ALPHA NETWORK	VALIDATED NUCLEAR ESTROGEN RECEPTOR ALPHA NETWORK%PATHWAY INTERACTION DATABASE NCI-NATURE CURATED DATA%VALIDATED NUCLEAR ESTROGEN RECEPTOR ALPHA NETWORK		57	-0.26026314	-0.8306772	0.80390245	0.92449725	1.0	2339	tags=21%, list=16%, signal=25%	
BASE EXCISION REPAIR%WIKIPATHWAYS_20260211%WP4752%HOMO SAPIENS	BASE EXCISION REPAIR%WIKIPATHWAYS_20260211%WP4752%HOMO SAPIENS		27	-0.3032598	-0.83060455	0.728125	0.92432785	1.0	5708	tags=56%, list=38%, signal=89%	
PROTEIN SYNTHESIS: LYSINE%SMPDB%SMP0111874	PROTEIN SYNTHESIS: LYSINE%SMPDB%SMP0111874		79	-0.24890879	-0.830277	0.8097208	0.9246727	1.0	5690	tags=47%, list=38%, signal=75%	
BUMETANIDE ACTION PATHWAY%SMPDB%SMP0000088	BUMETANIDE ACTION PATHWAY%SMPDB%SMP0000088		21	-0.32229775	-0.83007485	0.7167167	0.9247598	1.0	1640	tags=19%, list=11%, signal=21%	
PROTEIN SYNTHESIS: ARGININE%SMPDB%SMP0111853	PROTEIN SYNTHESIS: ARGININE%SMPDB%SMP0111853		79	-0.24906126	-0.8300432	0.82228917	0.9245072	1.0	5690	tags=47%, list=38%, signal=75%	
PID_HDAC_CLASSIII_PATHWAY%MSIGDB_C2%PID_HDAC_CLASSIII_PATHWAY	PID_HDAC_CLASSIII_PATHWAY%MSIGDB_C2%PID_HDAC_CLASSIII_PATHWAY		18	-0.32777447	-0.8298013	0.6974359	0.92466265	1.0	4	tags=6%, list=0%, signal=6%	
CHROMOSOME MAINTENANCE%REACTOME DATABASE ID RELEASE 95%73886	CHROMOSOME MAINTENANCE%REACTOME DATABASE ID RELEASE 95%73886		103	-0.23990218	-0.8295277	0.8618619	0.9249128	1.0	2154	tags=12%, list=14%, signal=14%	
IMINOGLYCINURIA%PATHWHIZ%PW000219	IMINOGLYCINURIA%PATHWHIZ%PW000219		21	-0.32229775	-0.8293069	0.7135827	0.9250395	1.0	1640	tags=19%, list=11%, signal=21%	
METOLAZONE ACTION PATHWAY%SMPDB%SMP0000105	METOLAZONE ACTION PATHWAY%SMPDB%SMP0000105		21	-0.32229775	-0.82914203	0.7257085	0.9250467	1.0	1640	tags=19%, list=11%, signal=21%	
DISORDERS OF DEVELOPMENTAL BIOLOGY%REACTOME DATABASE ID RELEASE 95%9675151	DISORDERS OF DEVELOPMENTAL BIOLOGY%REACTOME DATABASE ID RELEASE 95%9675151		16	-0.34555405	-0.8291344	0.70764464	0.9247443	1.0	4963	tags=50%, list=33%, signal=75%	
INSULIN-MEDIATED GLUCOSE TRANSPORT%PATHWAY INTERACTION DATABASE NCI-NATURE CURATED DATA%INSULIN-MEDIATED GLUCOSE TRANSPORT	INSULIN-MEDIATED GLUCOSE TRANSPORT%PATHWAY INTERACTION DATABASE NCI-NATURE CURATED DATA%INSULIN-MEDIATED GLUCOSE TRANSPORT		24	-0.31189525	-0.82824665	0.7200393	0.9262187	1.0	3564	tags=38%, list=24%, signal=49%	
PROTEIN SYNTHESIS: METHIONINE%PATHWHIZ%PW112933	PROTEIN SYNTHESIS: METHIONINE%PATHWHIZ%PW112933		79	-0.248017	-0.82810396	0.82040817	0.92618555	1.0	5690	tags=47%, list=38%, signal=75%	
NUCLEOTIDE-BINDING DOMAIN, LEUCINE RICH REPEAT CONTAINING RECEPTOR (NLR) SIGNALING PATHWAYS%REACTOME%R-HSA-168643.3	NUCLEOTIDE-BINDING DOMAIN, LEUCINE RICH REPEAT CONTAINING RECEPTOR (NLR) SIGNALING PATHWAYS%REACTOME%R-HSA-168643.3		52	-0.26739722	-0.82784307	0.7848223	0.9263854	1.0	3905	tags=35%, list=26%, signal=47%	
APOPTOSIS REGULATION BY PARATHYROID HORMONE RELATED PROTEIN%WIKIPATHWAYS_20260211%WP3872%HOMO SAPIENS	APOPTOSIS REGULATION BY PARATHYROID HORMONE RELATED PROTEIN%WIKIPATHWAYS_20260211%WP3872%HOMO SAPIENS		18	-0.33286402	-0.8278163	0.7340206	0.92612076	1.0	2325	tags=33%, list=15%, signal=39%	
MICRORNAS IN CARDIOMYOCYTE HYPERTROPHY%WIKIPATHWAYS_20260211%WP1544%HOMO SAPIENS	MICRORNAS IN CARDIOMYOCYTE HYPERTROPHY%WIKIPATHWAYS_20260211%WP1544%HOMO SAPIENS		68	-0.25287658	-0.8277176	0.8068411	0.92600304	1.0	3113	tags=25%, list=21%, signal=31%	
INTRINSIC PATHWAY FOR APOPTOSIS%REACTOME DATABASE ID RELEASE 95%109606	INTRINSIC PATHWAY FOR APOPTOSIS%REACTOME DATABASE ID RELEASE 95%109606		54	-0.26757607	-0.82751703	0.7957533	0.9260865	1.0	825	tags=11%, list=5%, signal=12%	
FORMATION OF FIBRIN CLOT (CLOTTING CASCADE)%REACTOME DATABASE ID RELEASE 95%140877	FORMATION OF FIBRIN CLOT (CLOTTING CASCADE)%REACTOME DATABASE ID RELEASE 95%140877		27	-0.30397174	-0.8272982	0.74463737	0.92619485	1.0	2846	tags=30%, list=19%, signal=36%	
SPIRONOLACTONE ACTION PATHWAY%SMPDB%SMP0000134	SPIRONOLACTONE ACTION PATHWAY%SMPDB%SMP0000134		21	-0.32229775	-0.82711643	0.7402062	0.92623913	1.0	1640	tags=19%, list=11%, signal=21%	
GLUCOSE TRANSPORTER DEFECT (SGLT2)%SMPDB%SMP0000184	GLUCOSE TRANSPORTER DEFECT (SGLT2)%SMPDB%SMP0000184		21	-0.32229775	-0.82709485	0.7170782	0.9259659	1.0	1640	tags=19%, list=11%, signal=21%	
BLUE DIAPER SYNDROME%SMPDB%SMP0000583	BLUE DIAPER SYNDROME%SMPDB%SMP0000583		21	-0.32229775	-0.82673997	0.7420999	0.9263436	1.0	1640	tags=19%, list=11%, signal=21%	
AZATHIOPRINE ADME%REACTOME DATABASE ID RELEASE 95%9748787	AZATHIOPRINE ADME%REACTOME DATABASE ID RELEASE 95%9748787		22	-0.31474152	-0.82654566	0.72126144	0.92642087	1.0	3395	tags=36%, list=23%, signal=47%	
BARD1 SIGNALING EVENTS%PATHWAY INTERACTION DATABASE NCI-NATURE CURATED DATA%BARD1 SIGNALING EVENTS	BARD1 SIGNALING EVENTS%PATHWAY INTERACTION DATABASE NCI-NATURE CURATED DATA%BARD1 SIGNALING EVENTS		28	-0.3031174	-0.826379	0.7296182	0.9264307	1.0	1896	tags=11%, list=13%, signal=12%	
SEX DIFFERENTIATION%GOBP%GO:0007548	SEX DIFFERENTIATION%GOBP%GO:0007548		81	-0.24601127	-0.82631797	0.82658356	0.9262363	1.0	2303	tags=16%, list=15%, signal=19%	
INDAPAMIDE ACTION PATHWAY%SMPDB%SMP0000110	INDAPAMIDE ACTION PATHWAY%SMPDB%SMP0000110		21	-0.32229775	-0.82630086	0.73652697	0.9259586	1.0	1640	tags=19%, list=11%, signal=21%	
CELLULAR COMPONENT DISASSEMBLY%GOBP%GO:0022411	CELLULAR COMPONENT DISASSEMBLY%GOBP%GO:0022411		267	-0.20956321	-0.8262798	0.9707661	0.9256847	1.0	2595	tags=19%, list=17%, signal=22%	
ETHACRYNIC ACID ACTION PATHWAY%SMPDB%SMP0000097	ETHACRYNIC ACID ACTION PATHWAY%SMPDB%SMP0000097		21	-0.32229775	-0.8261773	0.7405516	0.925566	1.0	1640	tags=19%, list=11%, signal=21%	
PHYSICO CHEMICAL FEATURES AND TOXICITY ASSOCIATED PATHWAYS%WIKIPATHWAYS_20260211%WP3680%HOMO SAPIENS	PHYSICO CHEMICAL FEATURES AND TOXICITY ASSOCIATED PATHWAYS%WIKIPATHWAYS_20260211%WP3680%HOMO SAPIENS		46	-0.2695764	-0.8261299	0.7734139	0.92534053	1.0	1643	tags=13%, list=11%, signal=15%	
PHENYLBUTAZONE ACTION PATHWAY%PATHWHIZ%PW000678	PHENYLBUTAZONE ACTION PATHWAY%PATHWHIZ%PW000678		22	-0.3100997	-0.8260416	0.72644377	0.9252011	1.0	3262	tags=36%, list=22%, signal=46%	
HYDROFLUMETHIAZIDE ACTION PATHWAY%PATHWHIZ%PW000335	HYDROFLUMETHIAZIDE ACTION PATHWAY%PATHWHIZ%PW000335		21	-0.32229775	-0.82579565	0.73223484	0.9253726	1.0	1640	tags=19%, list=11%, signal=21%	
MRNA 3'-END PROCESSING%REACTOME DATABASE ID RELEASE 95%72187	MRNA 3'-END PROCESSING%REACTOME DATABASE ID RELEASE 95%72187		149	-0.22632535	-0.8256427	0.91745037	0.92535883	1.0	3156	tags=19%, list=21%, signal=24%	
ONCOSTATIN M SIGNALING%WIKIPATHWAYS_20260211%WP2374%HOMO SAPIENS	ONCOSTATIN M SIGNALING%WIKIPATHWAYS_20260211%WP2374%HOMO SAPIENS		50	-0.265083	-0.8255714	0.8036999	0.9251871	1.0	2250	tags=16%, list=15%, signal=19%	
QUINETHAZONE ACTION PATHWAY%SMPDB%SMP0000091	QUINETHAZONE ACTION PATHWAY%SMPDB%SMP0000091		21	-0.32229775	-0.8255417	0.7303609	0.9249316	1.0	1640	tags=19%, list=11%, signal=21%	
POSITIVE REGULATION OF CILIUM ASSEMBLY%GOBP%GO:0045724	POSITIVE REGULATION OF CILIUM ASSEMBLY%GOBP%GO:0045724		25	-0.30982217	-0.8253775	0.75331295	0.9249484	1.0	1643	tags=16%, list=11%, signal=18%	
CELL-CELL JUNCTION MAINTENANCE%GOBP%GO:0045217	CELL-CELL JUNCTION MAINTENANCE%GOBP%GO:0045217		16	-0.34263512	-0.8252255	0.71947527	0.9249396	1.0	919	tags=19%, list=6%, signal=20%	
SEPARATION OF SISTER CHROMATIDS%REACTOME DATABASE ID RELEASE 95%2467813	SEPARATION OF SISTER CHROMATIDS%REACTOME DATABASE ID RELEASE 95%2467813		155	-0.2241582	-0.82502794	0.93340164	0.9250108	1.0	2818	tags=15%, list=19%, signal=19%	
FGFR1 MUTANT RECEPTOR ACTIVATION%REACTOME%R-HSA-1839124.4	FGFR1 MUTANT RECEPTOR ACTIVATION%REACTOME%R-HSA-1839124.4		22	-0.3141282	-0.82501024	0.74237645	0.9247332	1.0	489	tags=9%, list=3%, signal=9%	
REGULATION OF TRANSCRIPTION ELONGATION BY RNA POLYMERASE II%GOBP%GO:0034243	REGULATION OF TRANSCRIPTION ELONGATION BY RNA POLYMERASE II%GOBP%GO:0034243		84	-0.24416837	-0.824811	0.85048753	0.92479324	1.0	4060	tags=26%, list=27%, signal=36%	
BLOOD COAGULATION%PANTHER PATHWAY%P00011	BLOOD COAGULATION%PANTHER PATHWAY%P00011		19	-0.3299613	-0.82462364	0.71564484	0.92484874	1.0	2846	tags=32%, list=19%, signal=39%	
CHLOROTHIAZIDE ACTION PATHWAY%SMPDB%SMP0000078	CHLOROTHIAZIDE ACTION PATHWAY%SMPDB%SMP0000078		21	-0.32229775	-0.8239539	0.71620226	0.92583936	1.0	1640	tags=19%, list=11%, signal=21%	
POLY(A)+ MRNA EXPORT FROM NUCLEUS%GOBP%GO:0016973	POLY(A)+ MRNA EXPORT FROM NUCLEUS%GOBP%GO:0016973		17	-0.3374216	-0.8239252	0.7077393	0.92558086	1.0	4426	tags=47%, list=29%, signal=67%	
NUCLEAR RECEPTOR TRANSCRIPTION PATHWAY%REACTOME%R-HSA-383280.3	NUCLEAR RECEPTOR TRANSCRIPTION PATHWAY%REACTOME%R-HSA-383280.3		38	-0.27967268	-0.8238806	0.775673	0.9253541	1.0	2252	tags=24%, list=15%, signal=28%	
DETOXIFICATION OF INORGANIC COMPOUND%GOBP%GO:0061687	DETOXIFICATION OF INORGANIC COMPOUND%GOBP%GO:0061687		15	-0.35425374	-0.82371205	0.71500504	0.92536914	1.0	52	tags=7%, list=0%, signal=7%	
MERCAPTOPURINE ACTION PATHWAY%PATHWHIZ%PW000267	MERCAPTOPURINE ACTION PATHWAY%PATHWHIZ%PW000267		44	-0.27175298	-0.8236542	0.7865854	0.9251724	1.0	2365	tags=23%, list=16%, signal=27%	
NEGATIVE REGULATION OF SUPRAMOLECULAR FIBER ORGANIZATION%GOBP%GO:1902904	NEGATIVE REGULATION OF SUPRAMOLECULAR FIBER ORGANIZATION%GOBP%GO:1902904		106	-0.23587634	-0.8235851	0.8597748	0.9249787	1.0	2458	tags=19%, list=16%, signal=22%	
ETORICOXIB ACTION PATHWAY%SMPDB%SMP0000695	ETORICOXIB ACTION PATHWAY%SMPDB%SMP0000695		22	-0.3100997	-0.8233422	0.72402936	0.92514277	1.0	3262	tags=36%, list=22%, signal=46%	
CHLORTHALIDONE ACTION PATHWAY%SMPDB%SMP0000122	CHLORTHALIDONE ACTION PATHWAY%SMPDB%SMP0000122		21	-0.32229775	-0.82316136	0.7170385	0.92516935	1.0	1640	tags=19%, list=11%, signal=21%	
OXIDATIVE STRESS RESPONSE%PANTHER PATHWAY%P00046	OXIDATIVE STRESS RESPONSE%PANTHER PATHWAY%P00046		22	-0.31256166	-0.82281214	0.71517026	0.9255277	1.0	1767	tags=18%, list=12%, signal=21%	
TORSEMIDE ACTION PATHWAY%PATHWHIZ%PW000338	TORSEMIDE ACTION PATHWAY%PATHWHIZ%PW000338		21	-0.32229775	-0.8226871	0.74176955	0.9254614	1.0	1640	tags=19%, list=11%, signal=21%	
POSITIVE REGULATION OF DNA BINDING%GOBP%GO:0043388	POSITIVE REGULATION OF DNA BINDING%GOBP%GO:0043388		18	-0.33041528	-0.82213986	0.71654373	0.9261778	1.0	1553	tags=22%, list=10%, signal=25%	
REGULATION OF ACTIVIN RECEPTOR SIGNALING PATHWAY%GOBP%GO:0032925	REGULATION OF ACTIVIN RECEPTOR SIGNALING PATHWAY%GOBP%GO:0032925		20	-0.3276213	-0.8215622	0.73399013	0.92697513	1.0	1531	tags=15%, list=10%, signal=17%	
THIOGUANINE ACTION PATHWAY%PATHWHIZ%PW000429	THIOGUANINE ACTION PATHWAY%PATHWHIZ%PW000429		44	-0.27175298	-0.8215603	0.7958974	0.9266646	1.0	2365	tags=23%, list=16%, signal=27%	
TRICHLORMETHIAZIDE ACTION PATHWAY%SMPDB%SMP0000121	TRICHLORMETHIAZIDE ACTION PATHWAY%SMPDB%SMP0000121		21	-0.32229775	-0.8213784	0.72897196	0.9266862	1.0	1640	tags=19%, list=11%, signal=21%	
HIPPOCAMPAL SYNAPTOGENESIS AND NEUROGENESIS%WIKIPATHWAYS_20260211%WP5231%HOMO SAPIENS	HIPPOCAMPAL SYNAPTOGENESIS AND NEUROGENESIS%WIKIPATHWAYS_20260211%WP5231%HOMO SAPIENS		22	-0.31311873	-0.8210945	0.7217573	0.9269371	1.0	978	tags=14%, list=7%, signal=15%	
RNA EXPORT FROM NUCLEUS%GOBP%GO:0006405	RNA EXPORT FROM NUCLEUS%GOBP%GO:0006405		74	-0.24826504	-0.8208379	0.84942085	0.92710257	1.0	4524	tags=30%, list=30%, signal=42%	
INTERSTRAND CROSS-LINK REPAIR%GOBP%GO:0036297	INTERSTRAND CROSS-LINK REPAIR%GOBP%GO:0036297		41	-0.27689856	-0.82072204	0.7839445	0.92700446	1.0	2013	tags=10%, list=13%, signal=11%	
PROTEIN SYNTHESIS: PROLINE%PATHWHIZ%PW113695	PROTEIN SYNTHESIS: PROLINE%PATHWHIZ%PW113695		79	-0.24464284	-0.8201777	0.85326636	0.9277389	1.0	5690	tags=47%, list=38%, signal=75%	
MACROMOLECULE DEACYLATION%GOBP%GO:0098732	MACROMOLECULE DEACYLATION%GOBP%GO:0098732		19	-0.3230453	-0.82004476	0.7256163	0.92767125	1.0	4947	tags=53%, list=33%, signal=78%	
TRANSLESION SYNTHESIS BY Y FAMILY DNA POLYMERASES BYPASSES LESIONS ON DNA TEMPLATE%REACTOME DATABASE ID RELEASE 95%110313	TRANSLESION SYNTHESIS BY Y FAMILY DNA POLYMERASES BYPASSES LESIONS ON DNA TEMPLATE%REACTOME DATABASE ID RELEASE 95%110313		38	-0.28088093	-0.820032	0.7695432	0.92738175	1.0	3648	tags=26%, list=24%, signal=35%	
REGULATION OF VESICLE FUSION%GOBP%GO:0031338	REGULATION OF VESICLE FUSION%GOBP%GO:0031338		20	-0.32018754	-0.81941247	0.74183977	0.92821777	1.0	346	tags=10%, list=2%, signal=10%	
G1/S TRANSITION OF MITOTIC CELL CYCLE%GOBP%GO:0000082	G1/S TRANSITION OF MITOTIC CELL CYCLE%GOBP%GO:0000082		64	-0.2512488	-0.81911105	0.8391039	0.92848366	1.0	2792	tags=16%, list=19%, signal=19%	
REGULATION OF MYELOID LEUKOCYTE DIFFERENTIATION%GOBP%GO:0002761	REGULATION OF MYELOID LEUKOCYTE DIFFERENTIATION%GOBP%GO:0002761		79	-0.24604174	-0.81897	0.84591836	0.928436	1.0	2192	tags=18%, list=15%, signal=21%	
AZATHIOPRINE ACTION PATHWAY%SMPDB%SMP0000427	AZATHIOPRINE ACTION PATHWAY%SMPDB%SMP0000427		44	-0.27175298	-0.818435	0.7968421	0.9291188	1.0	2365	tags=23%, list=16%, signal=27%	
BACTERIAL INFECTION PATHWAYS%REACTOME DATABASE ID RELEASE 95%9824439	BACTERIAL INFECTION PATHWAYS%REACTOME DATABASE ID RELEASE 95%9824439		73	-0.24774887	-0.81839985	0.8305785	0.92886996	1.0	3712	tags=34%, list=25%, signal=45%	
15Q25 COPY NUMBER VARIATION%WIKIPATHWAYS_20260211%WP5408%HOMO SAPIENS	15Q25 COPY NUMBER VARIATION%WIKIPATHWAYS_20260211%WP5408%HOMO SAPIENS		32	-0.28726676	-0.8177548	0.76567316	0.92973095	1.0	2165	tags=19%, list=14%, signal=22%	
PID_ERBB2_ERBB3_PATHWAY%MSIGDB_C2%PID_ERBB2_ERBB3_PATHWAY	PID_ERBB2_ERBB3_PATHWAY%MSIGDB_C2%PID_ERBB2_ERBB3_PATHWAY		36	-0.28228197	-0.8170435	0.7613169	0.9307494	1.0	2332	tags=25%, list=16%, signal=30%	
INITIAL TRIGGERING OF COMPLEMENT%REACTOME%R-HSA-166663.4	INITIAL TRIGGERING OF COMPLEMENT%REACTOME%R-HSA-166663.4		16	-0.3347873	-0.8168867	0.7369458	0.9307285	1.0	2140	tags=38%, list=14%, signal=44%	
TOLMETIN ACTION PATHWAY%PATHWHIZ%PW000681	TOLMETIN ACTION PATHWAY%PATHWHIZ%PW000681		22	-0.3100997	-0.81657314	0.742915	0.9310103	1.0	3262	tags=36%, list=22%, signal=46%	
DNA DAMAGE RECOGNITION IN GG-NER%REACTOME%R-HSA-5696394.2	DNA DAMAGE RECOGNITION IN GG-NER%REACTOME%R-HSA-5696394.2		37	-0.27878368	-0.81648725	0.8001998	0.9308575	1.0	3010	tags=27%, list=20%, signal=34%	
PROTEIN SYNTHESIS: GLUTAMIC ACID%PATHWHIZ%PW112922	PROTEIN SYNTHESIS: GLUTAMIC ACID%PATHWHIZ%PW112922		79	-0.24464284	-0.8164604	0.8382204	0.93058836	1.0	5690	tags=47%, list=38%, signal=75%	
E-CADHERIN SIGNALING IN THE NASCENT ADHERENS JUNCTION%PATHWAY INTERACTION DATABASE NCI-NATURE CURATED DATA%E-CADHERIN SIGNALING IN THE NASCENT ADHERENS JUNCTION	E-CADHERIN SIGNALING IN THE NASCENT ADHERENS JUNCTION%PATHWAY INTERACTION DATABASE NCI-NATURE CURATED DATA%E-CADHERIN SIGNALING IN THE NASCENT ADHERENS JUNCTION		36	-0.2802713	-0.81639946	0.76907	0.93039066	1.0	3386	tags=31%, list=23%, signal=39%	
FORMATION OF THE POLYBROMO-BAF (PBAF) COMPLEX%REACTOME%R-HSA-9933939.1	FORMATION OF THE POLYBROMO-BAF (PBAF) COMPLEX%REACTOME%R-HSA-9933939.1		18	-0.33023444	-0.81629324	0.7373047	0.93028075	1.0	805	tags=11%, list=5%, signal=12%	
CDC42 GTPASE CYCLE%REACTOME DATABASE ID RELEASE 95%9013148	CDC42 GTPASE CYCLE%REACTOME DATABASE ID RELEASE 95%9013148		148	-0.22333686	-0.815623	0.93131316	0.93121606	1.0	3552	tags=28%, list=24%, signal=37%	
OXAPROZIN ACTION PATHWAY%PATHWHIZ%PW000262	OXAPROZIN ACTION PATHWAY%PATHWHIZ%PW000262		22	-0.3100997	-0.81514645	0.74448895	0.931807	1.0	3262	tags=36%, list=22%, signal=46%	
MEFENAMIC ACID ACTION PATHWAY%PATHWHIZ%PW000261	MEFENAMIC ACID ACTION PATHWAY%PATHWHIZ%PW000261		22	-0.3100997	-0.81481415	0.7552966	0.9321064	1.0	3262	tags=36%, list=22%, signal=46%	
RESPONSE TO MONOSACCHARIDE%GOBP%GO:0034284	RESPONSE TO MONOSACCHARIDE%GOBP%GO:0034284		50	-0.26322743	-0.81475085	0.7971311	0.93190974	1.0	543	tags=8%, list=4%, signal=8%	
ARACHIDONIC ACID METABOLISM%SMPDB%SMP0000075	ARACHIDONIC ACID METABOLISM%SMPDB%SMP0000075		22	-0.3100997	-0.8141947	0.76095617	0.93262976	1.0	3262	tags=36%, list=22%, signal=46%	
ANTIPYRINE ACTION PATHWAY%SMPDB%SMP0000692	ANTIPYRINE ACTION PATHWAY%SMPDB%SMP0000692		22	-0.3100997	-0.813795	0.7413793	0.93306595	1.0	3262	tags=36%, list=22%, signal=46%	
5Q35 COPY NUMBER VARIATION%WIKIPATHWAYS_20260211%WP5380%HOMO SAPIENS	5Q35 COPY NUMBER VARIATION%WIKIPATHWAYS_20260211%WP5380%HOMO SAPIENS		76	-0.2454082	-0.8136998	0.8543788	0.9329318	1.0	2054	tags=20%, list=14%, signal=23%	
NEGATIVE REGULATION OF NUCLEOCYTOPLASMIC TRANSPORT%GOBP%GO:0046823	NEGATIVE REGULATION OF NUCLEOCYTOPLASMIC TRANSPORT%GOBP%GO:0046823		20	-0.31778565	-0.81368	0.74159664	0.93265724	1.0	193	tags=5%, list=1%, signal=5%	
NAPROXEN ACTION PATHWAY%SMPDB%SMP0000120	NAPROXEN ACTION PATHWAY%SMPDB%SMP0000120		22	-0.3100997	-0.81325394	0.7360971	0.9330949	1.0	3262	tags=36%, list=22%, signal=46%	
SULINDAC ACTION PATHWAY%PATHWHIZ%PW000136	SULINDAC ACTION PATHWAY%PATHWHIZ%PW000136		22	-0.3100997	-0.8128555	0.7425945	0.93349975	1.0	3262	tags=36%, list=22%, signal=46%	
CARPROFEN ACTION PATHWAY%SMPDB%SMP0000694	CARPROFEN ACTION PATHWAY%SMPDB%SMP0000694		22	-0.3100997	-0.81272554	0.73340356	0.9334277	1.0	3262	tags=36%, list=22%, signal=46%	
NEPAFENAC ACTION PATHWAY%PATHWHIZ%PW000679	NEPAFENAC ACTION PATHWAY%PATHWHIZ%PW000679		22	-0.3100997	-0.8125898	0.7582418	0.93336236	1.0	3262	tags=36%, list=22%, signal=46%	
SUPROFEN ACTION PATHWAY%SMPDB%SMP0000101	SUPROFEN ACTION PATHWAY%SMPDB%SMP0000101		22	-0.3100997	-0.8125028	0.75504035	0.93320405	1.0	3262	tags=36%, list=22%, signal=46%	
LYSINURIC PROTEIN INTOLERANCE (LPI)%SMPDB%SMP0000585	LYSINURIC PROTEIN INTOLERANCE (LPI)%SMPDB%SMP0000585		21	-0.32229775	-0.81239355	0.74948025	0.93309206	1.0	1640	tags=19%, list=11%, signal=21%	
RESPONSE TO HEXOSE%GOBP%GO:0009746	RESPONSE TO HEXOSE%GOBP%GO:0009746		50	-0.26322743	-0.8121403	0.8322785	0.9332633	1.0	543	tags=8%, list=4%, signal=8%	
EFFECTS OF MFN2 MUTATION%WIKIPATHWAYS_20260211%WP5443%HOMO SAPIENS	EFFECTS OF MFN2 MUTATION%WIKIPATHWAYS_20260211%WP5443%HOMO SAPIENS		20	-0.3220005	-0.81186473	0.7367367	0.9334512	1.0	1434	tags=20%, list=10%, signal=22%	
TIAPROFENIC ACID ACTION PATHWAY%PATHWHIZ%PW000682	TIAPROFENIC ACID ACTION PATHWAY%PATHWHIZ%PW000682		22	-0.3100997	-0.8117932	0.7303371	0.9332759	1.0	3262	tags=36%, list=22%, signal=46%	
PIROXICAM ACTION PATHWAY%SMPDB%SMP0000077	PIROXICAM ACTION PATHWAY%SMPDB%SMP0000077		22	-0.3100997	-0.811398	0.7426545	0.93368375	1.0	3262	tags=36%, list=22%, signal=46%	
LYMPHOCYTE ACTIVATION INVOLVED IN IMMUNE RESPONSE%GOBP%GO:0002285	LYMPHOCYTE ACTIVATION INVOLVED IN IMMUNE RESPONSE%GOBP%GO:0002285		85	-0.24001919	-0.8113475	0.867458	0.93346965	1.0	3093	tags=32%, list=21%, signal=40%	
POSITIVE REGULATION OF STRESS-ACTIVATED MAPK CASCADE%GOBP%GO:0032874	POSITIVE REGULATION OF STRESS-ACTIVATED MAPK CASCADE%GOBP%GO:0032874		16	-0.32860884	-0.81128645	0.742268	0.9332695	1.0	3558	tags=38%, list=24%, signal=49%	
NEGATIVE REGULATION OF MAPK PATHWAY%REACTOME DATABASE ID RELEASE 95%5675221	NEGATIVE REGULATION OF MAPK PATHWAY%REACTOME DATABASE ID RELEASE 95%5675221		41	-0.27285868	-0.81125474	0.7889344	0.9330157	1.0	2149	tags=17%, list=14%, signal=20%	
SELECTIVE AUTOPHAGY%REACTOME DATABASE ID RELEASE 95%9663891	SELECTIVE AUTOPHAGY%REACTOME DATABASE ID RELEASE 95%9663891		65	-0.24976027	-0.81117487	0.8567042	0.93284875	1.0	3771	tags=23%, list=25%, signal=31%	
BIOCARTA_FMLP_PATHWAY%MSIGDB_C2%BIOCARTA_FMLP_PATHWAY	BIOCARTA_FMLP_PATHWAY%MSIGDB_C2%BIOCARTA_FMLP_PATHWAY		29	-0.29462922	-0.81116796	0.77268195	0.93255305	1.0	2908	tags=28%, list=19%, signal=34%	
ANTEROGRADE AXONAL TRANSPORT%GOBP%GO:0008089	ANTEROGRADE AXONAL TRANSPORT%GOBP%GO:0008089		36	-0.2824464	-0.81076014	0.795082	0.93298095	1.0	3117	tags=28%, list=21%, signal=35%	
NUCLEOSIDE DIPHOSPHATE METABOLIC PROCESS%GOBP%GO:0009132	NUCLEOSIDE DIPHOSPHATE METABOLIC PROCESS%GOBP%GO:0009132		49	-0.26483202	-0.8107004	0.809909	0.9327858	1.0	2627	tags=22%, list=17%, signal=27%	
TENOXICAM ACTION PATHWAY%SMPDB%SMP0000706	TENOXICAM ACTION PATHWAY%SMPDB%SMP0000706		22	-0.3100997	-0.8103957	0.7456814	0.93303084	1.0	3262	tags=36%, list=22%, signal=46%	
ROFECOXIB ACTION PATHWAY%SMPDB%SMP0000087	ROFECOXIB ACTION PATHWAY%SMPDB%SMP0000087		22	-0.3100997	-0.8100503	0.74896264	0.9333439	1.0	3262	tags=36%, list=22%, signal=46%	
BROMFENAC ACTION PATHWAY%SMPDB%SMP0000102	BROMFENAC ACTION PATHWAY%SMPDB%SMP0000102		22	-0.3100997	-0.8098299	0.7567298	0.9334336	1.0	3262	tags=36%, list=22%, signal=46%	
DISEASES OF PROGRAMMED CELL DEATH%REACTOME%R-HSA-9645723.8	DISEASES OF PROGRAMMED CELL DEATH%REACTOME%R-HSA-9645723.8		55	-0.25883925	-0.8095225	0.8565854	0.9336691	1.0	1359	tags=9%, list=9%, signal=10%	
PID_VEGFR1_2_PATHWAY%MSIGDB_C2%PID_VEGFR1_2_PATHWAY	PID_VEGFR1_2_PATHWAY%MSIGDB_C2%PID_VEGFR1_2_PATHWAY		53	-0.25869834	-0.8092668	0.8369906	0.93382204	1.0	2347	tags=19%, list=16%, signal=22%	
LEUKOTRIENE C4 SYNTHESIS DEFICIENCY%PATHWHIZ%PW000118	LEUKOTRIENE C4 SYNTHESIS DEFICIENCY%PATHWHIZ%PW000118		22	-0.3100997	-0.8091931	0.7558733	0.93364066	1.0	3262	tags=36%, list=22%, signal=46%	
PROTEIN SYNTHESIS: ISOLEUCINE%SMPDB%SMP0111872	PROTEIN SYNTHESIS: ISOLEUCINE%SMPDB%SMP0111872		79	-0.2411812	-0.8086207	0.87797314	0.93433213	1.0	5690	tags=47%, list=38%, signal=75%	
INTEGRATED BREAST CANCER PATHWAY%WIKIPATHWAYS_20260211%WP1984%HOMO SAPIENS	INTEGRATED BREAST CANCER PATHWAY%WIKIPATHWAYS_20260211%WP1984%HOMO SAPIENS		127	-0.22637525	-0.8082647	0.9177665	0.9346579	1.0	1741	tags=12%, list=12%, signal=13%	
NABUMETONE ACTION PATHWAY%SMPDB%SMP0000114	NABUMETONE ACTION PATHWAY%SMPDB%SMP0000114		22	-0.3100997	-0.8080607	0.76433784	0.934706	1.0	3262	tags=36%, list=22%, signal=46%	
SALICYLIC ACID ACTION PATHWAY%SMPDB%SMP0000709	SALICYLIC ACID ACTION PATHWAY%SMPDB%SMP0000709		22	-0.3100997	-0.80785763	0.75876725	0.9347639	1.0	3262	tags=36%, list=22%, signal=46%	
TRISALICYLATE-CHOLINE ACTION PATHWAY%PATHWHIZ%PW000680	TRISALICYLATE-CHOLINE ACTION PATHWAY%PATHWHIZ%PW000680		22	-0.3100997	-0.8075998	0.7569002	0.9349224	1.0	3262	tags=36%, list=22%, signal=46%	
TELOMERE MAINTENANCE VIA TELOMERASE%GOBP%GO:0007004	TELOMERE MAINTENANCE VIA TELOMERASE%GOBP%GO:0007004		21	-0.31543565	-0.80729634	0.75865686	0.93515265	1.0	1269	tags=14%, list=8%, signal=16%	
ACETYLSALICYLIC ACID ACTION PATHWAY%PATHWHIZ%PW000128	ACETYLSALICYLIC ACID ACTION PATHWAY%PATHWHIZ%PW000128		22	-0.3100997	-0.80708843	0.740666	0.93521386	1.0	3262	tags=36%, list=22%, signal=46%	
KETOPROFEN ACTION PATHWAY%SMPDB%SMP0000085	KETOPROFEN ACTION PATHWAY%SMPDB%SMP0000085		22	-0.3100997	-0.8070597	0.7672584	0.93495536	1.0	3262	tags=36%, list=22%, signal=46%	
KETOROLAC ACTION PATHWAY%SMPDB%SMP0000098	KETOROLAC ACTION PATHWAY%SMPDB%SMP0000098		22	-0.3100997	-0.80690324	0.75390625	0.934919	1.0	3262	tags=36%, list=22%, signal=46%	
FENOPROFEN ACTION PATHWAY%SMPDB%SMP0000696	FENOPROFEN ACTION PATHWAY%SMPDB%SMP0000696		22	-0.3100997	-0.80676347	0.7647668	0.9348668	1.0	3262	tags=36%, list=22%, signal=46%	
PROTEIN TARGETING TO ER%GOBP%GO:0045047	PROTEIN TARGETING TO ER%GOBP%GO:0045047		33	-0.2849067	-0.8067628	0.77960867	0.9345586	1.0	2222	tags=15%, list=15%, signal=18%	
PRESYNAPTIC PHASE OF HOMOLOGOUS DNA PAIRING AND STRAND EXCHANGE%REACTOME%R-HSA-5693616.6	PRESYNAPTIC PHASE OF HOMOLOGOUS DNA PAIRING AND STRAND EXCHANGE%REACTOME%R-HSA-5693616.6		40	-0.26996744	-0.80674237	0.79611653	0.9342863	1.0	744	tags=5%, list=5%, signal=5%	
FLURBIPROFEN ACTION PATHWAY%SMPDB%SMP0000697	FLURBIPROFEN ACTION PATHWAY%SMPDB%SMP0000697		22	-0.3100997	-0.8061836	0.7693089	0.93497753	1.0	3262	tags=36%, list=22%, signal=46%	
MELATONIN METABOLISM AND EFFECTS%WIKIPATHWAYS_20260211%WP3298%HOMO SAPIENS	MELATONIN METABOLISM AND EFFECTS%WIKIPATHWAYS_20260211%WP3298%HOMO SAPIENS		25	-0.29780182	-0.8056395	0.77366257	0.9356203	1.0	2192	tags=20%, list=15%, signal=23%	
LUMIRACOXIB ACTION PATHWAY%SMPDB%SMP0000699	LUMIRACOXIB ACTION PATHWAY%SMPDB%SMP0000699		22	-0.3100997	-0.8056216	0.75567013	0.9353394	1.0	3262	tags=36%, list=22%, signal=46%	
VITAMIN B12 METABOLISM%WIKIPATHWAYS_20260211%WP1533%HOMO SAPIENS	VITAMIN B12 METABOLISM%WIKIPATHWAYS_20260211%WP1533%HOMO SAPIENS		32	-0.28630584	-0.80555207	0.7885417	0.93514675	1.0	1781	tags=16%, list=12%, signal=18%	
RNA-TEMPLATED DNA BIOSYNTHETIC PROCESS%GOBP%GO:0006278	RNA-TEMPLATED DNA BIOSYNTHETIC PROCESS%GOBP%GO:0006278		21	-0.31543565	-0.80549747	0.7505219	0.9349371	1.0	1269	tags=14%, list=8%, signal=16%	
POSITIVE REGULATION OF PROTEIN MODIFICATION BY SMALL PROTEIN CONJUGATION OR REMOVAL%GOBP%GO:1903322	POSITIVE REGULATION OF PROTEIN MODIFICATION BY SMALL PROTEIN CONJUGATION OR REMOVAL%GOBP%GO:1903322		102	-0.23055391	-0.80547684	0.8993776	0.9346644	1.0	3349	tags=20%, list=22%, signal=25%	
DEFECTIVE HOMOLOGOUS RECOMBINATION REPAIR (HRR) DUE TO BRCA2 LOSS OF FUNCTION%REACTOME DATABASE ID RELEASE 95%9701190	DEFECTIVE HOMOLOGOUS RECOMBINATION REPAIR (HRR) DUE TO BRCA2 LOSS OF FUNCTION%REACTOME DATABASE ID RELEASE 95%9701190		41	-0.269392	-0.80532056	0.8033473	0.934642	1.0	744	tags=5%, list=5%, signal=5%	
DIFLUNISAL ACTION PATHWAY%SMPDB%SMP0000289	DIFLUNISAL ACTION PATHWAY%SMPDB%SMP0000289		22	-0.3100997	-0.8050208	0.7639311	0.9348477	1.0	3262	tags=36%, list=22%, signal=46%	
SALICYLATE-SODIUM ACTION PATHWAY%SMPDB%SMP0000708	SALICYLATE-SODIUM ACTION PATHWAY%SMPDB%SMP0000708		22	-0.3100997	-0.80490655	0.77096117	0.93474185	1.0	3262	tags=36%, list=22%, signal=46%	
ENVELOPE PROTEINS AND THEIR POTENTIAL ROLES IN EDMD PHYSIOPATHOLOGY%WIKIPATHWAYS_20260211%WP4535%HOMO SAPIENS	ENVELOPE PROTEINS AND THEIR POTENTIAL ROLES IN EDMD PHYSIOPATHOLOGY%WIKIPATHWAYS_20260211%WP4535%HOMO SAPIENS		31	-0.28550738	-0.804642	0.79310346	0.93489444	1.0	1054	tags=13%, list=7%, signal=14%	
ANTRAFENINE ACTION PATHWAY%SMPDB%SMP0000693	ANTRAFENINE ACTION PATHWAY%SMPDB%SMP0000693		22	-0.3100997	-0.80424994	0.77967805	0.9352367	1.0	3262	tags=36%, list=22%, signal=46%	
MEIOTIC CELL CYCLE PROCESS%GOBP%GO:1903046	MEIOTIC CELL CYCLE PROCESS%GOBP%GO:1903046		105	-0.22988585	-0.80419993	0.91734695	0.93501806	1.0	1661	tags=11%, list=11%, signal=13%	
PROTEIN-CONTAINING COMPLEX DISASSEMBLY%GOBP%GO:0032984	PROTEIN-CONTAINING COMPLEX DISASSEMBLY%GOBP%GO:0032984		131	-0.22272407	-0.80415475	0.92431885	0.93479073	1.0	3066	tags=22%, list=20%, signal=28%	
PD-1 SIGNALING%REACTOME%R-HSA-389948.6	PD-1 SIGNALING%REACTOME%R-HSA-389948.6		163	-0.2167275	-0.8036542	0.95473254	0.93533665	1.0	2818	tags=20%, list=19%, signal=25%	
DICLOFENAC ACTION PATHWAY%PATHWHIZ%PW000135	DICLOFENAC ACTION PATHWAY%PATHWHIZ%PW000135		22	-0.3100997	-0.80364895	0.7671371	0.93503726	1.0	3262	tags=36%, list=22%, signal=46%	
T CELL ACTIVATION%PANTHER PATHWAY%P00053	T CELL ACTIVATION%PANTHER PATHWAY%P00053		59	-0.25197783	-0.80308104	0.84134614	0.93570864	1.0	1191	tags=10%, list=8%, signal=11%	
SALSALATE ACTION PATHWAY%SMPDB%SMP0000707	SALSALATE ACTION PATHWAY%SMPDB%SMP0000707		22	-0.3100997	-0.8029546	0.7643065	0.9356126	1.0	3262	tags=36%, list=22%, signal=46%	
P53 PATHWAY%PATHWAY INTERACTION DATABASE NCI-NATURE CURATED DATA%P53 PATHWAY	P53 PATHWAY%PATHWAY INTERACTION DATABASE NCI-NATURE CURATED DATA%P53 PATHWAY		59	-0.25349	-0.8028939	0.8517745	0.9354106	1.0	2094	tags=17%, list=14%, signal=20%	
3-PHOSPHOINOSITIDE DEGRADATION%BIOCYC%PWY-6368	3-PHOSPHOINOSITIDE DEGRADATION%BIOCYC%PWY-6368		18	-0.32293692	-0.8026886	0.75535166	0.9354562	1.0	1087	tags=22%, list=7%, signal=24%	
LORNOXICAM ACTION PATHWAY%PATHWHIZ%PW000677	LORNOXICAM ACTION PATHWAY%PATHWHIZ%PW000677		22	-0.3100997	-0.80240715	0.77607363	0.93564063	1.0	3262	tags=36%, list=22%, signal=46%	
MRNA CATABOLIC PROCESS%GOBP%GO:0006402	MRNA CATABOLIC PROCESS%GOBP%GO:0006402		129	-0.22199428	-0.80193216	0.9414141	0.9361423	1.0	2279	tags=14%, list=15%, signal=16%	
ACETAMINOPHEN ACTION PATHWAY%SMPDB%SMP0000710	ACETAMINOPHEN ACTION PATHWAY%SMPDB%SMP0000710		22	-0.3100997	-0.80177575	0.780083	0.9361149	1.0	3262	tags=36%, list=22%, signal=46%	
ETODOLAC ACTION PATHWAY%PATHWHIZ%PW000129	ETODOLAC ACTION PATHWAY%PATHWHIZ%PW000129		22	-0.3100997	-0.8016919	0.78074867	0.935948	1.0	3262	tags=36%, list=22%, signal=46%	
VALDECOXIB ACTION PATHWAY%SMPDB%SMP0000116	VALDECOXIB ACTION PATHWAY%SMPDB%SMP0000116		22	-0.3100997	-0.8015737	0.75991863	0.9358419	1.0	3262	tags=36%, list=22%, signal=46%	
PROTEIN SYNTHESIS: ASPARTIC ACID%SMPDB%SMP0111858	PROTEIN SYNTHESIS: ASPARTIC ACID%SMPDB%SMP0111858		79	-0.23825544	-0.80070853	0.87408185	0.93699265	1.0	5690	tags=46%, list=38%, signal=73%	
EXTENSION OF TELOMERES%REACTOME%R-HSA-180786.4	EXTENSION OF TELOMERES%REACTOME%R-HSA-180786.4		49	-0.2614225	-0.80036306	0.8173653	0.9372725	1.0	2154	tags=14%, list=14%, signal=17%	
REGULATION OF MITOTIC SISTER CHROMATID SEPARATION%GOBP%GO:0010965	REGULATION OF MITOTIC SISTER CHROMATID SEPARATION%GOBP%GO:0010965		66	-0.2460317	-0.8001811	0.8615071	0.9372764	1.0	1956	tags=11%, list=13%, signal=12%	
CELLULAR RESPONSE TO HEAT%GOBP%GO:0034605	CELLULAR RESPONSE TO HEAT%GOBP%GO:0034605		38	-0.27195796	-0.8001646	0.8188259	0.93699235	1.0	2186	tags=21%, list=15%, signal=25%	
DNA REPAIR%REACTOME%R-HSA-73894.5	DNA REPAIR%REACTOME%R-HSA-73894.5		291	-0.20343316	-0.8000046	0.9869478	0.93695444	1.0	3759	tags=22%, list=25%, signal=29%	
MODIFIED AMINO ACID CATABOLIC PROCESS%GOBP%GO:0042219	MODIFIED AMINO ACID CATABOLIC PROCESS%GOBP%GO:0042219		24	-0.2977804	-0.79929775	0.772298	0.9378204	1.0	2241	tags=29%, list=15%, signal=34%	
REGULATION OF CELL MIGRATION INVOLVED IN SPROUTING ANGIOGENESIS%GOBP%GO:0090049	REGULATION OF CELL MIGRATION INVOLVED IN SPROUTING ANGIOGENESIS%GOBP%GO:0090049		35	-0.27502698	-0.7991645	0.80609137	0.9377351	1.0	3558	tags=31%, list=24%, signal=41%	
MAGNESIUM SALICYLATE ACTION PATHWAY%PATHWHIZ%PW000675	MAGNESIUM SALICYLATE ACTION PATHWAY%PATHWHIZ%PW000675		22	-0.3100997	-0.79840046	0.7622014	0.9387158	1.0	3262	tags=36%, list=22%, signal=46%	
BIOCARTA_FCER1_PATHWAY%MSIGDB_C2%BIOCARTA_FCER1_PATHWAY	BIOCARTA_FCER1_PATHWAY%MSIGDB_C2%BIOCARTA_FCER1_PATHWAY		31	-0.2824164	-0.7983902	0.7909372	0.9384289	1.0	1202	tags=16%, list=8%, signal=17%	
PROTEIN TARGETING TO VACUOLE%GOBP%GO:0006623	PROTEIN TARGETING TO VACUOLE%GOBP%GO:0006623		37	-0.27552256	-0.79836255	0.8082329	0.938169	1.0	1914	tags=16%, list=13%, signal=19%	
DISEASES OF DNA DOUBLE-STRAND BREAK REPAIR%REACTOME%R-HSA-9675136.4	DISEASES OF DNA DOUBLE-STRAND BREAK REPAIR%REACTOME%R-HSA-9675136.4		41	-0.269392	-0.7978668	0.8234683	0.93867797	1.0	744	tags=5%, list=5%, signal=5%	
PID_PTP1B_PATHWAY%MSIGDB_C2%PID_PTP1B_PATHWAY	PID_PTP1B_PATHWAY%MSIGDB_C2%PID_PTP1B_PATHWAY		37	-0.2735765	-0.79776984	0.81555337	0.938539	1.0	1615	tags=16%, list=11%, signal=18%	
POSITIVE REGULATION OF STRESS-ACTIVATED PROTEIN KINASE SIGNALING CASCADE%GOBP%GO:0070304	POSITIVE REGULATION OF STRESS-ACTIVATED PROTEIN KINASE SIGNALING CASCADE%GOBP%GO:0070304		16	-0.32860884	-0.7970306	0.7474849	0.93945324	1.0	3558	tags=38%, list=24%, signal=49%	
MIRNA PROCESSING%GOBP%GO:0035196	MIRNA PROCESSING%GOBP%GO:0035196		33	-0.28009364	-0.79702574	0.80674845	0.93915594	1.0	13	tags=3%, list=0%, signal=3%	
NEGATIVE REGULATION OF EXTRINSIC APOPTOTIC SIGNALING PATHWAY VIA DEATH DOMAIN RECEPTORS%GOBP%GO:1902042	NEGATIVE REGULATION OF EXTRINSIC APOPTOTIC SIGNALING PATHWAY VIA DEATH DOMAIN RECEPTORS%GOBP%GO:1902042		23	-0.30170038	-0.79657817	0.7759507	0.93959177	1.0	3907	tags=52%, list=26%, signal=70%	
PROTEIN DEACYLATION%GOBP%GO:0035601	PROTEIN DEACYLATION%GOBP%GO:0035601		18	-0.32350066	-0.7962654	0.76701033	0.9397907	1.0	4947	tags=56%, list=33%, signal=83%	
PROTEIN SYNTHESIS: VALINE%PATHWHIZ%PW120528	PROTEIN SYNTHESIS: VALINE%PATHWHIZ%PW120528		79	-0.23615731	-0.79507786	0.8977505	0.9414236	1.0	5690	tags=46%, list=38%, signal=73%	
MELOXICAM ACTION PATHWAY%SMPDB%SMP0000106	MELOXICAM ACTION PATHWAY%SMPDB%SMP0000106		22	-0.3100997	-0.7938359	0.7848384	0.9431266	1.0	3262	tags=36%, list=22%, signal=46%	
PROTEIN LOCALIZATION TO NUCLEUS%GOBP%GO:0034504	PROTEIN LOCALIZATION TO NUCLEUS%GOBP%GO:0034504		138	-0.21993195	-0.79350054	0.9464286	0.94336885	1.0	3250	tags=19%, list=22%, signal=24%	
NONSENSE MEDIATED DECAY (NMD) ENHANCED BY THE EXON JUNCTION COMPLEX (EJC)%REACTOME DATABASE ID RELEASE 95%975957	NONSENSE MEDIATED DECAY (NMD) ENHANCED BY THE EXON JUNCTION COMPLEX (EJC)%REACTOME DATABASE ID RELEASE 95%975957		112	-0.22406474	-0.79294145	0.9346939	0.94396096	1.0	5463	tags=40%, list=36%, signal=63%	
REGULATION OF DNA-TEMPLATED TRANSCRIPTION ELONGATION%GOBP%GO:0032784	REGULATION OF DNA-TEMPLATED TRANSCRIPTION ELONGATION%GOBP%GO:0032784		97	-0.22712445	-0.7929085	0.91902834	0.9437073	1.0	4136	tags=25%, list=28%, signal=34%	
MRNA POLYADENYLATION%REACTOME%R-HSA-9770562.1	MRNA POLYADENYLATION%REACTOME%R-HSA-9770562.1		126	-0.2194031	-0.7927162	0.93678755	0.943707	1.0	2928	tags=17%, list=19%, signal=21%	
NEGATIVE REGULATION OF ENDOPLASMIC RETICULUM STRESS-INDUCED INTRINSIC APOPTOTIC SIGNALING PATHWAY%GOBP%GO:1902236	NEGATIVE REGULATION OF ENDOPLASMIC RETICULUM STRESS-INDUCED INTRINSIC APOPTOTIC SIGNALING PATHWAY%GOBP%GO:1902236		15	-0.3308761	-0.7914316	0.75955737	0.94546866	1.0	1244	tags=13%, list=8%, signal=15%	
TRYPTOPHAN KYNURENINE PATHWAY IN POST COVID SYNDROME%WIKIPATHWAYS_20260211%WP5549%HOMO SAPIENS	TRYPTOPHAN KYNURENINE PATHWAY IN POST COVID SYNDROME%WIKIPATHWAYS_20260211%WP5549%HOMO SAPIENS		15	-0.32989797	-0.79122317	0.7557411	0.9454892	1.0	3115	tags=40%, list=21%, signal=50%	
T CELL RECEPTOR SIGNALING%WIKIPATHWAYS_20260211%WP69%HOMO SAPIENS	T CELL RECEPTOR SIGNALING%WIKIPATHWAYS_20260211%WP69%HOMO SAPIENS		64	-0.2460282	-0.79121655	0.8969388	0.9451923	1.0	1018	tags=9%, list=7%, signal=10%	
ESTABLISHMENT OF PROTEIN LOCALIZATION TO ENDOPLASMIC RETICULUM%GOBP%GO:0072599	ESTABLISHMENT OF PROTEIN LOCALIZATION TO ENDOPLASMIC RETICULUM%GOBP%GO:0072599		36	-0.2710081	-0.790667	0.83487177	0.9457517	1.0	2222	tags=14%, list=15%, signal=16%	
PROTEIN SYNTHESIS: HISTIDINE%PATHWHIZ%PW112929	PROTEIN SYNTHESIS: HISTIDINE%PATHWHIZ%PW112929		79	-0.23489502	-0.79022026	0.8973306	0.94616336	1.0	5690	tags=46%, list=38%, signal=73%	
UBIQUITIN PROTEASOME PATHWAY%PANTHER PATHWAY%P00060	UBIQUITIN PROTEASOME PATHWAY%PANTHER PATHWAY%P00060		26	-0.28956756	-0.78889674	0.8041667	0.94791764	1.0	1896	tags=12%, list=13%, signal=13%	
NONSENSE-MEDIATED DECAY (NMD)%REACTOME%R-HSA-927802.4	NONSENSE-MEDIATED DECAY (NMD)%REACTOME%R-HSA-927802.4		112	-0.22406474	-0.78800523	0.93160623	0.948998	1.0	5463	tags=40%, list=36%, signal=63%	
PARKINSON 39 S DISEASE PATHWAY%WIKIPATHWAYS_20260211%WP2371%HOMO SAPIENS	PARKINSON 39 S DISEASE PATHWAY%WIKIPATHWAYS_20260211%WP2371%HOMO SAPIENS		31	-0.2802836	-0.78780717	0.8292181	0.9490013	1.0	1896	tags=16%, list=13%, signal=18%	
SENESCENCE ASSOCIATED SECRETORY PHENOTYPE SASP %WIKIPATHWAYS_20260211%WP3391%HOMO SAPIENS	SENESCENCE ASSOCIATED SECRETORY PHENOTYPE SASP %WIKIPATHWAYS_20260211%WP3391%HOMO SAPIENS		56	-0.2500275	-0.7877022	0.86044174	0.9488572	1.0	2782	tags=20%, list=19%, signal=24%	
PROTEIN SYNTHESIS: CYSTEINE%PATHWHIZ%PW112918	PROTEIN SYNTHESIS: CYSTEINE%PATHWHIZ%PW112918		79	-0.23665215	-0.7872489	0.89085543	0.94925445	1.0	5690	tags=46%, list=38%, signal=73%	
MRNA TRANSPORT%GOBP%GO:0051028	MRNA TRANSPORT%GOBP%GO:0051028		68	-0.24080469	-0.78676796	0.8789744	0.9496954	1.0	4524	tags=35%, list=30%, signal=50%	
NEGATIVE REGULATION OF T CELL MEDIATED IMMUNITY%GOBP%GO:0002710	NEGATIVE REGULATION OF T CELL MEDIATED IMMUNITY%GOBP%GO:0002710		26	-0.29011625	-0.7863297	0.8014184	0.95007217	1.0	2416	tags=23%, list=16%, signal=27%	
POSITIVE REGULATION OF MITOTIC CELL CYCLE%GOBP%GO:0045931	POSITIVE REGULATION OF MITOTIC CELL CYCLE%GOBP%GO:0045931		91	-0.23141421	-0.7862965	0.91540784	0.9498172	1.0	2394	tags=15%, list=16%, signal=18%	
17Q12 COPY NUMBER VARIATION SYNDROME%WIKIPATHWAYS_20260211%WP5287%HOMO SAPIENS	17Q12 COPY NUMBER VARIATION SYNDROME%WIKIPATHWAYS_20260211%WP5287%HOMO SAPIENS		64	-0.24317974	-0.78603405	0.88132095	0.94992197	1.0	3427	tags=28%, list=23%, signal=36%	
RETINOID METABOLISM AND TRANSPORT%REACTOME%R-HSA-975634.4	RETINOID METABOLISM AND TRANSPORT%REACTOME%R-HSA-975634.4		35	-0.26945513	-0.78574777	0.82530123	0.95007074	1.0	1394	tags=17%, list=9%, signal=19%	
MRNA EXPORT FROM NUCLEUS%GOBP%GO:0006406	MRNA EXPORT FROM NUCLEUS%GOBP%GO:0006406		59	-0.2472344	-0.7857295	0.8783505	0.9497917	1.0	5011	tags=41%, list=33%, signal=61%	
REGULATION OF T CELL MEDIATED IMMUNE RESPONSE TO TUMOR CELL%GOBP%GO:0002840	REGULATION OF T CELL MEDIATED IMMUNE RESPONSE TO TUMOR CELL%GOBP%GO:0002840		18	-0.31846598	-0.78571737	0.7957099	0.9495036	1.0	892	tags=11%, list=6%, signal=12%	
RESPIRATORY SYNCYTIAL VIRUS (RSV) GENOME REPLICATION, TRANSCRIPTION AND TRANSLATION%REACTOME%R-HSA-9820965.1	RESPIRATORY SYNCYTIAL VIRUS (RSV) GENOME REPLICATION, TRANSCRIPTION AND TRANSLATION%REACTOME%R-HSA-9820965.1		17	-0.3190153	-0.78405017	0.7809331	0.9517691	1.0	2999	tags=24%, list=20%, signal=29%	
VESICLE CYTOSKELETAL TRAFFICKING%GOBP%GO:0099518	VESICLE CYTOSKELETAL TRAFFICKING%GOBP%GO:0099518		47	-0.25545916	-0.7835143	0.8578579	0.95227176	1.0	1914	tags=15%, list=13%, signal=17%	
DENGUE VIRUS INFECTION%REACTOME%R-HSA-9839923.1	DENGUE VIRUS INFECTION%REACTOME%R-HSA-9839923.1		341	-0.19588064	-0.78346044	0.99500996	0.952047	1.0	3120	tags=19%, list=21%, signal=24%	
POSITIVE REGULATION OF PROTEIN TARGETING TO MEMBRANE%GOBP%GO:0090314	POSITIVE REGULATION OF PROTEIN TARGETING TO MEMBRANE%GOBP%GO:0090314		20	-0.30566943	-0.7834415	0.77598387	0.9517645	1.0	3342	tags=35%, list=22%, signal=45%	
POSITIVE REGULATION OF EMBRYONIC DEVELOPMENT%GOBP%GO:0040019	POSITIVE REGULATION OF EMBRYONIC DEVELOPMENT%GOBP%GO:0040019		16	-0.3260306	-0.78343576	0.7529412	0.9514672	1.0	387	tags=13%, list=3%, signal=13%	
PROTEIN NEDDYLATION%GOBP%GO:0045116	PROTEIN NEDDYLATION%GOBP%GO:0045116		20	-0.3092666	-0.78342867	0.7885939	0.95116895	1.0	2322	tags=30%, list=15%, signal=35%	
ADHERENS JUNCTIONS INTERACTIONS%REACTOME DATABASE ID RELEASE 95%418990	ADHERENS JUNCTIONS INTERACTIONS%REACTOME DATABASE ID RELEASE 95%418990		177	-0.2100091	-0.7825601	0.964532	0.9522078	1.0	2818	tags=23%, list=19%, signal=28%	
REGULATION OF HORMONE METABOLIC PROCESS%GOBP%GO:0032350	REGULATION OF HORMONE METABOLIC PROCESS%GOBP%GO:0032350		27	-0.28442916	-0.78251475	0.8	0.9519688	1.0	1938	tags=19%, list=13%, signal=21%	
ATF4 ACTIVATES GENES IN RESPONSE TO ENDOPLASMIC RETICULUM STRESS%REACTOME%R-HSA-380994.5	ATF4 ACTIVATES GENES IN RESPONSE TO ENDOPLASMIC RETICULUM STRESS%REACTOME%R-HSA-380994.5		26	-0.28896996	-0.7824517	0.8245614	0.95175844	1.0	2634	tags=27%, list=18%, signal=33%	
GLOBAL GENOME NUCLEOTIDE EXCISION REPAIR (GG-NER)%REACTOME%R-HSA-5696399.2	GLOBAL GENOME NUCLEOTIDE EXCISION REPAIR (GG-NER)%REACTOME%R-HSA-5696399.2		82	-0.23172732	-0.78212893	0.90677136	0.9519341	1.0	2322	tags=15%, list=15%, signal=17%	
TRIACYLGLYCERIDE SYNTHESIS%WIKIPATHWAYS_20260211%WP325%HOMO SAPIENS	TRIACYLGLYCERIDE SYNTHESIS%WIKIPATHWAYS_20260211%WP325%HOMO SAPIENS		17	-0.3210405	-0.7814225	0.77702045	0.9526626	1.0	3174	tags=53%, list=21%, signal=67%	
MITOCHONDRION LOCALIZATION%GOBP%GO:0051646	MITOCHONDRION LOCALIZATION%GOBP%GO:0051646		41	-0.26181656	-0.78084624	0.83829784	0.9532098	1.0	3203	tags=29%, list=21%, signal=37%	
SCF-DEPENDENT PROTEASOMAL UBIQUITIN-DEPENDENT PROTEIN CATABOLIC PROCESS%GOBP%GO:0031146	SCF-DEPENDENT PROTEASOMAL UBIQUITIN-DEPENDENT PROTEIN CATABOLIC PROCESS%GOBP%GO:0031146		73	-0.23736848	-0.77963066	0.9000989	0.9546887	1.0	2210	tags=16%, list=15%, signal=19%	
CELECOXIB ACTION PATHWAY%SMPDB%SMP0000096	CELECOXIB ACTION PATHWAY%SMPDB%SMP0000096		26	-0.2911113	-0.7792655	0.8262668	0.95494604	1.0	3262	tags=35%, list=22%, signal=44%	
CELL SURFACE RECEPTOR SIGNALING PATHWAY VIA STAT%GOBP%GO:0097696	CELL SURFACE RECEPTOR SIGNALING PATHWAY VIA STAT%GOBP%GO:0097696		63	-0.2449761	-0.7791726	0.8813726	0.9547734	1.0	2864	tags=21%, list=19%, signal=25%	
VIRAL GENE EXPRESSION%GOBP%GO:0019080	VIRAL GENE EXPRESSION%GOBP%GO:0019080		52	-0.25198445	-0.77877474	0.8792221	0.9550397	1.0	2999	tags=25%, list=20%, signal=31%	
INTRA-GOLGI AND RETROGRADE GOLGI-TO-ER TRAFFIC%REACTOME DATABASE ID RELEASE 95%6811442	INTRA-GOLGI AND RETROGRADE GOLGI-TO-ER TRAFFIC%REACTOME DATABASE ID RELEASE 95%6811442		180	-0.2071706	-0.778631	0.97883064	0.95494235	1.0	2734	tags=17%, list=18%, signal=21%	
MEMBRANE PROTEIN ECTODOMAIN PROTEOLYSIS%GOBP%GO:0006509	MEMBRANE PROTEIN ECTODOMAIN PROTEOLYSIS%GOBP%GO:0006509		20	-0.30414638	-0.77775013	0.785	0.9558937	1.0	1355	tags=20%, list=9%, signal=22%	
RHOB GTPASE CYCLE%REACTOME%R-HSA-9013026.2	RHOB GTPASE CYCLE%REACTOME%R-HSA-9013026.2		67	-0.23878998	-0.7776413	0.9049505	0.955759	1.0	3383	tags=28%, list=23%, signal=36%	
SYNAPTIC VESICLE PATHWAY%WIKIPATHWAYS_20260211%WP2267%HOMO SAPIENS	SYNAPTIC VESICLE PATHWAY%WIKIPATHWAYS_20260211%WP2267%HOMO SAPIENS		31	-0.27378404	-0.77649766	0.8177189	0.957101	1.0	2452	tags=26%, list=16%, signal=31%	
HOMOLOGOUS DNA PAIRING AND STRAND EXCHANGE%REACTOME DATABASE ID RELEASE 95%5693579	HOMOLOGOUS DNA PAIRING AND STRAND EXCHANGE%REACTOME DATABASE ID RELEASE 95%5693579		43	-0.2559979	-0.77615017	0.8631687	0.95729226	1.0	744	tags=5%, list=5%, signal=5%	
ROLES OF CERAMIDES IN DEVELOPMENT OF INSULIN RESISTANCE%WIKIPATHWAYS_20260211%WP5181%HOMO SAPIENS	ROLES OF CERAMIDES IN DEVELOPMENT OF INSULIN RESISTANCE%WIKIPATHWAYS_20260211%WP5181%HOMO SAPIENS		15	-0.32608607	-0.77602696	0.78710335	0.9571668	1.0	2841	tags=27%, list=19%, signal=33%	
P53 PATHWAY BY GLUCOSE DEPRIVATION%PANTHER PATHWAY%P04397	P53 PATHWAY BY GLUCOSE DEPRIVATION%PANTHER PATHWAY%P04397		20	-0.3034534	-0.7755126	0.7884417	0.9575815	1.0	1510	tags=15%, list=10%, signal=17%	
REGULATION OF RUFFLE ASSEMBLY%GOBP%GO:1900027	REGULATION OF RUFFLE ASSEMBLY%GOBP%GO:1900027		22	-0.29841378	-0.7753586	0.7850563	0.9574915	1.0	3349	tags=36%, list=22%, signal=47%	
IGF1 PATHWAY%PATHWAY INTERACTION DATABASE NCI-NATURE CURATED DATA%IGF1 PATHWAY	IGF1 PATHWAY%PATHWAY INTERACTION DATABASE NCI-NATURE CURATED DATA%IGF1 PATHWAY		30	-0.27745795	-0.77497774	0.8295342	0.9577334	1.0	1578	tags=17%, list=11%, signal=19%	
NORC NEGATIVELY REGULATES RRNA EXPRESSION%REACTOME%R-HSA-427413.4	NORC NEGATIVELY REGULATES RRNA EXPRESSION%REACTOME%R-HSA-427413.4		58	-0.24611373	-0.77474153	0.88476956	0.95776266	1.0	4163	tags=31%, list=28%, signal=43%	
INTRINSIC APOPTOTIC SIGNALING PATHWAY IN RESPONSE TO ENDOPLASMIC RETICULUM STRESS%GOBP%GO:0070059	INTRINSIC APOPTOTIC SIGNALING PATHWAY IN RESPONSE TO ENDOPLASMIC RETICULUM STRESS%GOBP%GO:0070059		28	-0.28232652	-0.774468	0.8050251	0.95783293	1.0	2702	tags=21%, list=18%, signal=26%	
ALPHA ADRENERGIC RECEPTOR SIGNALING PATHWAY%PANTHER PATHWAY%P00002	ALPHA ADRENERGIC RECEPTOR SIGNALING PATHWAY%PANTHER PATHWAY%P00002		15	-0.3277939	-0.7744142	0.7798618	0.9576019	1.0	3151	tags=53%, list=21%, signal=67%	
MRNA TRANSCRIPTION%GOBP%GO:0009299	MRNA TRANSCRIPTION%GOBP%GO:0009299		39	-0.26380658	-0.7740382	0.8609137	0.9578412	1.0	3132	tags=21%, list=21%, signal=26%	
MAINTENANCE OF PROTEIN LOCATION IN CELL%GOBP%GO:0032507	MAINTENANCE OF PROTEIN LOCATION IN CELL%GOBP%GO:0032507		46	-0.25289467	-0.7739657	0.8665988	0.95763487	1.0	2098	tags=20%, list=14%, signal=23%	
RHO GTPASE EFFECTORS%REACTOME DATABASE ID RELEASE 95%195258	RHO GTPASE EFFECTORS%REACTOME DATABASE ID RELEASE 95%195258		245	-0.19983737	-0.7738089	0.9916926	0.95755166	1.0	2302	tags=14%, list=15%, signal=16%	
COPI-MEDIATED ANTEROGRADE TRANSPORT%REACTOME DATABASE ID RELEASE 95%6807878	COPI-MEDIATED ANTEROGRADE TRANSPORT%REACTOME DATABASE ID RELEASE 95%6807878		80	-0.23026586	-0.7731253	0.9298246	0.9582154	1.0	2734	tags=21%, list=18%, signal=26%	
PYRIMIDINE NUCLEOTIDE METABOLIC PROCESS%GOBP%GO:0006220	PYRIMIDINE NUCLEOTIDE METABOLIC PROCESS%GOBP%GO:0006220		39	-0.26238874	-0.77299154	0.86199576	0.9580923	1.0	2079	tags=18%, list=14%, signal=21%	
ESTABLISHMENT OF PROTEIN LOCALIZATION TO PEROXISOME%GOBP%GO:0072663	ESTABLISHMENT OF PROTEIN LOCALIZATION TO PEROXISOME%GOBP%GO:0072663		19	-0.307777	-0.77283496	0.80943024	0.95800865	1.0	2608	tags=26%, list=17%, signal=32%	
PROTEIN ALPHA-1,2-DEMANNOSYLATION%GOBP%GO:0036508	PROTEIN ALPHA-1,2-DEMANNOSYLATION%GOBP%GO:0036508		15	-0.319438	-0.77263206	0.7827411	0.95798683	1.0	2755	tags=27%, list=18%, signal=33%	
NEGATIVE REGULATION OF ORGANELLE ASSEMBLY%GOBP%GO:1902116	NEGATIVE REGULATION OF ORGANELLE ASSEMBLY%GOBP%GO:1902116		47	-0.25230017	-0.77193487	0.88544893	0.9586462	1.0	825	tags=6%, list=5%, signal=7%	
BCR SIGNALING PATHWAY%PATHWHIZ%PW070885	BCR SIGNALING PATHWAY%PATHWHIZ%PW070885		34	-0.2702031	-0.77123487	0.8494624	0.9593312	1.0	1098	tags=15%, list=7%, signal=16%	
ER QUALITY CONTROL COMPARTMENT (ERQC)%REACTOME%R-HSA-901032.7	ER QUALITY CONTROL COMPARTMENT (ERQC)%REACTOME%R-HSA-901032.7		21	-0.2981315	-0.7703461	0.8169312	0.9602618	1.0	4110	tags=38%, list=27%, signal=52%	
REGULATION OF DNA-TEMPLATED DNA REPLICATION%GOBP%GO:0090329	REGULATION OF DNA-TEMPLATED DNA REPLICATION%GOBP%GO:0090329		43	-0.2594328	-0.77022237	0.8315163	0.96012765	1.0	957	tags=9%, list=6%, signal=10%	
MAINTENANCE OF PROTEIN LOCATION%GOBP%GO:0045185	MAINTENANCE OF PROTEIN LOCATION%GOBP%GO:0045185		46	-0.25289467	-0.77018636	0.868476	0.9598709	1.0	2098	tags=20%, list=14%, signal=23%	
TP53 REGULATES TRANSCRIPTION OF GENES INVOLVED IN CYTOCHROME C RELEASE%REACTOME%R-HSA-6803204.3	TP53 REGULATES TRANSCRIPTION OF GENES INVOLVED IN CYTOCHROME C RELEASE%REACTOME%R-HSA-6803204.3		20	-0.30136853	-0.77012277	0.7934224	0.95965993	1.0	1383	tags=15%, list=9%, signal=16%	
RETROGRADE TRANSPORT AT THE TRANS-GOLGI-NETWORK%REACTOME%R-HSA-6811440.2	RETROGRADE TRANSPORT AT THE TRANS-GOLGI-NETWORK%REACTOME%R-HSA-6811440.2		49	-0.2503914	-0.77008104	0.8907563	0.95941305	1.0	3190	tags=29%, list=21%, signal=36%	
DNA CATABOLIC PROCESS%GOBP%GO:0006308	DNA CATABOLIC PROCESS%GOBP%GO:0006308		21	-0.29837248	-0.7699712	0.7997947	0.9592508	1.0	3735	tags=29%, list=25%, signal=38%	
ACTIN POLYMERIZATION OR DEPOLYMERIZATION%GOBP%GO:0008154	ACTIN POLYMERIZATION OR DEPOLYMERIZATION%GOBP%GO:0008154		48	-0.25393376	-0.7696341	0.8784355	0.95941377	1.0	3306	tags=33%, list=22%, signal=43%	
REGULATION OF P38-ALPHA AND P38-BETA%PATHWAY INTERACTION DATABASE NCI-NATURE CURATED DATA%REGULATION OF P38-ALPHA AND P38-BETA	REGULATION OF P38-ALPHA AND P38-BETA%PATHWAY INTERACTION DATABASE NCI-NATURE CURATED DATA%REGULATION OF P38-ALPHA AND P38-BETA		31	-0.2732441	-0.7694592	0.85272914	0.959344	1.0	1678	tags=19%, list=11%, signal=22%	
RELATIONSHIP BETWEEN INFLAMMATION COX 2 AND EGFR%WIKIPATHWAYS_20260211%WP4483%HOMO SAPIENS	RELATIONSHIP BETWEEN INFLAMMATION COX 2 AND EGFR%WIKIPATHWAYS_20260211%WP4483%HOMO SAPIENS		17	-0.3140325	-0.7689339	0.7977978	0.95976055	1.0	1615	tags=18%, list=11%, signal=20%	
PROTEIN DEPHOSPHORYLATION%GOBP%GO:0006470	PROTEIN DEPHOSPHORYLATION%GOBP%GO:0006470		76	-0.23036261	-0.7678908	0.93206793	0.9609006	1.0	1988	tags=17%, list=13%, signal=20%	
MRNA STABILIZATION%GOBP%GO:0048255	MRNA STABILIZATION%GOBP%GO:0048255		51	-0.24992982	-0.76692384	0.8765432	0.9619276	1.0	2399	tags=18%, list=16%, signal=21%	
CONSTITUTIVE SIGNALING BY NOTCH1 PEST DOMAIN MUTANTS%REACTOME DATABASE ID RELEASE 95%2644606	CONSTITUTIVE SIGNALING BY NOTCH1 PEST DOMAIN MUTANTS%REACTOME DATABASE ID RELEASE 95%2644606		56	-0.24099736	-0.7668835	0.9047619	0.96167386	1.0	1924	tags=14%, list=13%, signal=16%	
IL12 SIGNALING MEDIATED BY STAT4%PATHWAY INTERACTION DATABASE NCI-NATURE CURATED DATA%IL12 SIGNALING MEDIATED BY STAT4	IL12 SIGNALING MEDIATED BY STAT4%PATHWAY INTERACTION DATABASE NCI-NATURE CURATED DATA%IL12 SIGNALING MEDIATED BY STAT4		28	-0.275268	-0.76635194	0.8382503	0.9621008	1.0	2859	tags=21%, list=19%, signal=26%	
INSERTION OF TAIL-ANCHORED PROTEINS INTO THE ENDOPLASMIC RETICULUM MEMBRANE%REACTOME%R-HSA-9609523.4	INSERTION OF TAIL-ANCHORED PROTEINS INTO THE ENDOPLASMIC RETICULUM MEMBRANE%REACTOME%R-HSA-9609523.4		18	-0.30706337	-0.7656914	0.780341	0.9627002	1.0	2222	tags=22%, list=15%, signal=26%	
REGULATION OF CARDIOCYTE DIFFERENTIATION%GOBP%GO:1905207	REGULATION OF CARDIOCYTE DIFFERENTIATION%GOBP%GO:1905207		20	-0.30057296	-0.76537454	0.82722515	0.9628147	1.0	1228	tags=15%, list=8%, signal=16%	
POSITIVE REGULATION OF MITOTIC CELL CYCLE PHASE TRANSITION%GOBP%GO:1901992	POSITIVE REGULATION OF MITOTIC CELL CYCLE PHASE TRANSITION%GOBP%GO:1901992		67	-0.23409481	-0.7649384	0.9284232	0.9630864	1.0	3561	tags=22%, list=24%, signal=29%	
PYRIMIDINE RIBONUCLEOTIDE METABOLIC PROCESS%GOBP%GO:0009218	PYRIMIDINE RIBONUCLEOTIDE METABOLIC PROCESS%GOBP%GO:0009218		19	-0.30296877	-0.76443726	0.8088088	0.9634568	1.0	2079	tags=26%, list=14%, signal=31%	
SIGNALING BY NOTCH1 IN CANCER%REACTOME%R-HSA-2644603.5	SIGNALING BY NOTCH1 IN CANCER%REACTOME%R-HSA-2644603.5		56	-0.24099736	-0.7643647	0.8898899	0.96325475	1.0	1924	tags=14%, list=13%, signal=16%	
INTERCONVERSION OF NUCLEOTIDE DI- AND TRIPHOSPHATES%REACTOME DATABASE ID RELEASE 95%499943	INTERCONVERSION OF NUCLEOTIDE DI- AND TRIPHOSPHATES%REACTOME DATABASE ID RELEASE 95%499943		26	-0.28317648	-0.7642539	0.8227848	0.96310085	1.0	942	tags=8%, list=6%, signal=8%	
CONSTITUTIVE SIGNALING BY NOTCH1 HD+PEST DOMAIN MUTANTS%REACTOME DATABASE ID RELEASE 95%2894862	CONSTITUTIVE SIGNALING BY NOTCH1 HD+PEST DOMAIN MUTANTS%REACTOME DATABASE ID RELEASE 95%2894862		56	-0.24099736	-0.7640513	0.9009009	0.9630653	1.0	1924	tags=14%, list=13%, signal=16%	
INDOMETHACIN ACTION PATHWAY%PATHWHIZ%PW000260	INDOMETHACIN ACTION PATHWAY%PATHWHIZ%PW000260		23	-0.28882864	-0.76342344	0.83094263	0.96359295	1.0	3262	tags=35%, list=22%, signal=44%	
PLASMA MEMBRANE REPAIR%GOBP%GO:0001778	PLASMA MEMBRANE REPAIR%GOBP%GO:0001778		23	-0.2941881	-0.7633028	0.81281793	0.96343493	1.0	2596	tags=26%, list=17%, signal=31%	
TLR4 SIGNALING AND TOLERANCE%WIKIPATHWAYS_20260211%WP3851%HOMO SAPIENS	TLR4 SIGNALING AND TOLERANCE%WIKIPATHWAYS_20260211%WP3851%HOMO SAPIENS		25	-0.2824979	-0.7631599	0.8386108	0.9633214	1.0	3969	tags=32%, list=26%, signal=43%	
REGULATION OF PD-L1(CD274) EXPRESSION%REACTOME%R-HSA-9909648.1	REGULATION OF PD-L1(CD274) EXPRESSION%REACTOME%R-HSA-9909648.1		146	-0.20895159	-0.76272935	0.9828629	0.9635633	1.0	2818	tags=21%, list=19%, signal=26%	
BIOCARTA_IL1R_PATHWAY%MSIGDB_C2%BIOCARTA_IL1R_PATHWAY	BIOCARTA_IL1R_PATHWAY%MSIGDB_C2%BIOCARTA_IL1R_PATHWAY		25	-0.27872536	-0.7624062	0.8340206	0.96369165	1.0	2973	tags=24%, list=20%, signal=30%	
NEGATIVE REGULATION OF INTRACELLULAR STEROID HORMONE RECEPTOR SIGNALING PATHWAY%GOBP%GO:0033144	NEGATIVE REGULATION OF INTRACELLULAR STEROID HORMONE RECEPTOR SIGNALING PATHWAY%GOBP%GO:0033144		30	-0.27270126	-0.76195264	0.8415016	0.9639778	1.0	4361	tags=33%, list=29%, signal=47%	
POSITIVE REGULATION OF POST-TRANSLATIONAL PROTEIN MODIFICATION%GOBP%GO:1901875	POSITIVE REGULATION OF POST-TRANSLATIONAL PROTEIN MODIFICATION%GOBP%GO:1901875		103	-0.21856748	-0.76151204	0.95824635	0.96424115	1.0	3349	tags=19%, list=22%, signal=25%	
PROTEIN REFOLDING%GOBP%GO:0042026	PROTEIN REFOLDING%GOBP%GO:0042026		22	-0.2944155	-0.7614993	0.813745	0.963952	1.0	1516	tags=9%, list=10%, signal=10%	
PEROXISOMAL TRANSPORT%GOBP%GO:0043574	PEROXISOMAL TRANSPORT%GOBP%GO:0043574		20	-0.2973374	-0.7606553	0.8172589	0.96473694	1.0	4225	tags=45%, list=28%, signal=63%	
PROTEIN DEMANNOSYLATION%GOBP%GO:0036507	PROTEIN DEMANNOSYLATION%GOBP%GO:0036507		15	-0.319438	-0.760635	0.79222107	0.9644561	1.0	2755	tags=27%, list=18%, signal=33%	
TRK RECEPTOR SIGNALING MEDIATED BY PI3K AND PLC-GAMMA%PATHWAY INTERACTION DATABASE NCI-NATURE CURATED DATA%TRK RECEPTOR SIGNALING MEDIATED BY PI3K AND PLC-GAMMA	TRK RECEPTOR SIGNALING MEDIATED BY PI3K AND PLC-GAMMA%PATHWAY INTERACTION DATABASE NCI-NATURE CURATED DATA%TRK RECEPTOR SIGNALING MEDIATED BY PI3K AND PLC-GAMMA		36	-0.26186946	-0.76058453	0.8685259	0.96421504	1.0	2129	tags=22%, list=14%, signal=26%	
SIGNALING BY NOTCH1 PEST DOMAIN MUTANTS IN CANCER%REACTOME DATABASE ID RELEASE 95%2644602	SIGNALING BY NOTCH1 PEST DOMAIN MUTANTS IN CANCER%REACTOME DATABASE ID RELEASE 95%2644602		56	-0.24099736	-0.7605292	0.9013225	0.9639856	1.0	1924	tags=14%, list=13%, signal=16%	
PROTEIN K48-LINKED UBIQUITINATION%GOBP%GO:0070936	PROTEIN K48-LINKED UBIQUITINATION%GOBP%GO:0070936		95	-0.22026353	-0.7602549	0.9473151	0.9640477	1.0	3448	tags=25%, list=23%, signal=33%	
SIGNALING BY NOTCH1 HD+PEST DOMAIN MUTANTS IN CANCER%REACTOME DATABASE ID RELEASE 95%2894858	SIGNALING BY NOTCH1 HD+PEST DOMAIN MUTANTS IN CANCER%REACTOME DATABASE ID RELEASE 95%2894858		56	-0.24099736	-0.760016	0.9198397	0.9640482	1.0	1924	tags=14%, list=13%, signal=16%	
VASCULAR ENDOTHELIAL GROWTH FACTOR SIGNALING PATHWAY%GOBP%GO:0038084	VASCULAR ENDOTHELIAL GROWTH FACTOR SIGNALING PATHWAY%GOBP%GO:0038084		17	-0.31348154	-0.758783	0.81706065	0.9653102	1.0	2347	tags=29%, list=16%, signal=35%	
HOST-MEDIATED ACTIVATION OF VIRAL PROCESS%GOBP%GO:0044794	HOST-MEDIATED ACTIVATION OF VIRAL PROCESS%GOBP%GO:0044794		34	-0.26712435	-0.75833744	0.87639314	0.96555775	1.0	975	tags=6%, list=6%, signal=6%	
PEROXISOMAL MEMBRANE TRANSPORT%GOBP%GO:0015919	PEROXISOMAL MEMBRANE TRANSPORT%GOBP%GO:0015919		20	-0.2973374	-0.7577298	0.8227027	0.9660229	1.0	4225	tags=45%, list=28%, signal=63%	
RNA POLYMERASE II TRANSCRIPTION TERMINATION%REACTOME%R-HSA-73856.6	RNA POLYMERASE II TRANSCRIPTION TERMINATION%REACTOME%R-HSA-73856.6		64	-0.23470372	-0.7573143	0.9191919	0.9662287	1.0	3399	tags=22%, list=23%, signal=28%	
BIOCARTA_CARDIACEGF_PATHWAY%MSIGDB_C2%BIOCARTA_CARDIACEGF_PATHWAY	BIOCARTA_CARDIACEGF_PATHWAY%MSIGDB_C2%BIOCARTA_CARDIACEGF_PATHWAY		16	-0.3110827	-0.75577253	0.7945493	0.96785164	1.0	541	tags=13%, list=4%, signal=13%	
REGULATION OF T-HELPER 1 TYPE IMMUNE RESPONSE%GOBP%GO:0002825	REGULATION OF T-HELPER 1 TYPE IMMUNE RESPONSE%GOBP%GO:0002825		23	-0.28676844	-0.75452465	0.84174085	0.96912885	1.0	2859	tags=30%, list=19%, signal=38%	
PROTEIN SYNTHESIS: LEUCINE%SMPDB%SMP0111873	PROTEIN SYNTHESIS: LEUCINE%SMPDB%SMP0111873		79	-0.22694732	-0.75377274	0.9354839	0.9697706	1.0	5690	tags=46%, list=38%, signal=73%	
AUTOPHAGOSOME MATURATION%GOBP%GO:0097352	AUTOPHAGOSOME MATURATION%GOBP%GO:0097352		46	-0.247738	-0.7533152	0.892323	0.97003853	1.0	3519	tags=28%, list=23%, signal=37%	
NOTCH SIGNALING%WIKIPATHWAYS_20260211%WP61%HOMO SAPIENS	NOTCH SIGNALING%WIKIPATHWAYS_20260211%WP61%HOMO SAPIENS		38	-0.25736034	-0.75326467	0.8717949	0.9697864	1.0	1924	tags=18%, list=13%, signal=21%	
HEMATOPOIETIC PROGENITOR CELL DIFFERENTIATION%GOBP%GO:0002244	HEMATOPOIETIC PROGENITOR CELL DIFFERENTIATION%GOBP%GO:0002244		30	-0.26998445	-0.75318116	0.84913355	0.9695866	1.0	1755	tags=13%, list=12%, signal=15%	
RNA POLYMERASE I PROMOTER CLEARANCE%REACTOME DATABASE ID RELEASE 95%73854	RNA POLYMERASE I PROMOTER CLEARANCE%REACTOME DATABASE ID RELEASE 95%73854		62	-0.23020636	-0.75251883	0.9198397	0.9701153	1.0	4002	tags=29%, list=27%, signal=39%	
REGULATION OF CHROMOSOME SEPARATION%GOBP%GO:1905818	REGULATION OF CHROMOSOME SEPARATION%GOBP%GO:1905818		71	-0.2307737	-0.75226843	0.9402229	0.9701061	1.0	2275	tags=11%, list=15%, signal=13%	
ARF1 PATHWAY%PATHWAY INTERACTION DATABASE NCI-NATURE CURATED DATA%ARF1 PATHWAY	ARF1 PATHWAY%PATHWAY INTERACTION DATABASE NCI-NATURE CURATED DATA%ARF1 PATHWAY		19	-0.29977137	-0.7516226	0.83906883	0.9705973	1.0	3318	tags=32%, list=22%, signal=40%	
3Q29 COPY NUMBER VARIATION SYNDROME%WIKIPATHWAYS_20260211%WP4906%HOMO SAPIENS	3Q29 COPY NUMBER VARIATION SYNDROME%WIKIPATHWAYS_20260211%WP4906%HOMO SAPIENS		47	-0.24828508	-0.75100154	0.8966223	0.97102815	1.0	2053	tags=17%, list=14%, signal=20%	
NUCLEAR-TRANSCRIBED MRNA CATABOLIC PROCESS, NONSENSE-MEDIATED DECAY%GOBP%GO:0000184	NUCLEAR-TRANSCRIBED MRNA CATABOLIC PROCESS, NONSENSE-MEDIATED DECAY%GOBP%GO:0000184		27	-0.28071883	-0.7509436	0.8538539	0.970789	1.0	4608	tags=33%, list=31%, signal=48%	
SIGNALING BY HIPPO%REACTOME%R-HSA-2028269.3	SIGNALING BY HIPPO%REACTOME%R-HSA-2028269.3		19	-0.30052772	-0.7508068	0.8394161	0.9706419	1.0	3480	tags=32%, list=23%, signal=41%	
ATTACHMENT OF SPINDLE MICROTUBULES TO KINETOCHORE%GOBP%GO:0008608	ATTACHMENT OF SPINDLE MICROTUBULES TO KINETOCHORE%GOBP%GO:0008608		33	-0.26572537	-0.75073886	0.8577236	0.9704168	1.0	3214	tags=21%, list=21%, signal=27%	
SYNAPTIC VESICLE LOCALIZATION%GOBP%GO:0097479	SYNAPTIC VESICLE LOCALIZATION%GOBP%GO:0097479		44	-0.24857993	-0.7500342	0.8900101	0.9709539	1.0	3117	tags=30%, list=21%, signal=37%	
REGULATION OF VIRAL TRANSCRIPTION%GOBP%GO:0046782	REGULATION OF VIRAL TRANSCRIPTION%GOBP%GO:0046782		18	-0.30164328	-0.7498596	0.8276231	0.9708542	1.0	86	tags=6%, list=1%, signal=6%	
REGULATION OF SIGNALING RECEPTOR ACTIVITY%GOBP%GO:0010469	REGULATION OF SIGNALING RECEPTOR ACTIVITY%GOBP%GO:0010469		26	-0.27540314	-0.749469	0.8502618	0.9710143	1.0	2189	tags=27%, list=15%, signal=31%	
ENDOGENOUS STEROLS%REACTOME%R-HSA-211976.8	ENDOGENOUS STEROLS%REACTOME%R-HSA-211976.8		18	-0.30446455	-0.7493784	0.83472806	0.9708245	1.0	3325	tags=39%, list=22%, signal=50%	
T CELL ACTIVATION SARS COV 2%WIKIPATHWAYS_20260211%WP5098%HOMO SAPIENS	T CELL ACTIVATION SARS COV 2%WIKIPATHWAYS_20260211%WP5098%HOMO SAPIENS		68	-0.2302792	-0.74817663	0.9352941	0.97197586	1.0	2149	tags=16%, list=14%, signal=19%	
POSITIVE REGULATION OF PROTEIN-CONTAINING COMPLEX DISASSEMBLY%GOBP%GO:0043243	POSITIVE REGULATION OF PROTEIN-CONTAINING COMPLEX DISASSEMBLY%GOBP%GO:0043243		31	-0.26863405	-0.748057	0.8729508	0.97181284	1.0	800	tags=10%, list=5%, signal=10%	
SIGNALING BY FLT3 ITD AND TKD MUTANTS%REACTOME DATABASE ID RELEASE 95%9703648	SIGNALING BY FLT3 ITD AND TKD MUTANTS%REACTOME DATABASE ID RELEASE 95%9703648		15	-0.31371728	-0.7480484	0.79752064	0.97151715	1.0	2129	tags=20%, list=14%, signal=23%	
PROTEIN LOCALIZATION TO ENDOPLASMIC RETICULUM%GOBP%GO:0070972	PROTEIN LOCALIZATION TO ENDOPLASMIC RETICULUM%GOBP%GO:0070972		24	-0.28199223	-0.7476696	0.8481142	0.97164947	1.0	2455	tags=29%, list=16%, signal=35%	
RRNA CATABOLIC PROCESS%GOBP%GO:0016075	RRNA CATABOLIC PROCESS%GOBP%GO:0016075		17	-0.30818495	-0.7473015	0.818561	0.9717666	1.0	3625	tags=41%, list=24%, signal=54%	
REGULATION OF HOMOTYPIC CELL-CELL ADHESION%REACTOME DATABASE ID RELEASE 95%9759476	REGULATION OF HOMOTYPIC CELL-CELL ADHESION%REACTOME DATABASE ID RELEASE 95%9759476		161	-0.20078225	-0.74621505	0.9939148	0.97272354	1.0	2999	tags=23%, list=20%, signal=28%	
POSITIVE REGULATION OF INTRACELLULAR PROTEIN TRANSPORT%GOBP%GO:0090316	POSITIVE REGULATION OF INTRACELLULAR PROTEIN TRANSPORT%GOBP%GO:0090316		76	-0.2239799	-0.7458297	0.94175714	0.9728649	1.0	2548	tags=20%, list=17%, signal=24%	
TRNA MODIFICATION IN THE NUCLEUS AND CYTOSOL%REACTOME%R-HSA-6782315.9	TRNA MODIFICATION IN THE NUCLEUS AND CYTOSOL%REACTOME%R-HSA-6782315.9		43	-0.24793333	-0.7456118	0.90368855	0.9728173	1.0	3130	tags=23%, list=21%, signal=29%	
PID_INSULIN_GLUCOSE_PATHWAY%MSIGDB_C2%PID_INSULIN_GLUCOSE_PATHWAY	PID_INSULIN_GLUCOSE_PATHWAY%MSIGDB_C2%PID_INSULIN_GLUCOSE_PATHWAY		16	-0.30664894	-0.7455194	0.8197044	0.9726158	1.0	1752	tags=19%, list=12%, signal=21%	
NEUROMUSCULAR PROCESS%GOBP%GO:0050905	NEUROMUSCULAR PROCESS%GOBP%GO:0050905		44	-0.2486199	-0.74524695	0.90918475	0.97262806	1.0	2573	tags=23%, list=17%, signal=27%	
REGULATION OF SISTER CHROMATID SEGREGATION%GOBP%GO:0033045	REGULATION OF SISTER CHROMATID SEGREGATION%GOBP%GO:0033045		106	-0.21383423	-0.7451999	0.97108674	0.97237843	1.0	805	tags=6%, list=5%, signal=6%	
REGULATION OF INTRACELLULAR PROTEIN TRANSPORT%GOBP%GO:0033157	REGULATION OF INTRACELLULAR PROTEIN TRANSPORT%GOBP%GO:0033157		115	-0.20936556	-0.7450533	0.97819626	0.97224486	1.0	2548	tags=17%, list=17%, signal=21%	
PID_TELOMERASE_PATHWAY%MSIGDB_C2%PID_TELOMERASE_PATHWAY	PID_TELOMERASE_PATHWAY%MSIGDB_C2%PID_TELOMERASE_PATHWAY		56	-0.23772271	-0.744833	0.9354839	0.9721914	1.0	808	tags=7%, list=5%, signal=8%	
LEUKOCYTE PROLIFERATION%GOBP%GO:0070661	LEUKOCYTE PROLIFERATION%GOBP%GO:0070661		45	-0.24383955	-0.74442667	0.897	0.97236305	1.0	2630	tags=20%, list=18%, signal=24%	
SUPERPATHWAY OF PURINE NUCLEOTIDE SALVAGE%BIOCYC%PWY66-409	SUPERPATHWAY OF PURINE NUCLEOTIDE SALVAGE%BIOCYC%PWY66-409		28	-0.2671366	-0.7435374	0.8747412	0.9730563	1.0	2297	tags=18%, list=15%, signal=21%	
DOWNREGULATION OF TGF-BETA RECEPTOR SIGNALING%REACTOME DATABASE ID RELEASE 95%2173788	DOWNREGULATION OF TGF-BETA RECEPTOR SIGNALING%REACTOME DATABASE ID RELEASE 95%2173788		25	-0.27653393	-0.7416214	0.86409736	0.97490185	1.0	1938	tags=16%, list=13%, signal=18%	
FGFR3 SIGNALING IN CHONDROCYTE PROLIFERATION AND TERMINAL DIFFERENTIATION%WIKIPATHWAYS_20260211%WP4767%HOMO SAPIENS	FGFR3 SIGNALING IN CHONDROCYTE PROLIFERATION AND TERMINAL DIFFERENTIATION%WIKIPATHWAYS_20260211%WP4767%HOMO SAPIENS		27	-0.26966617	-0.74161303	0.8605372	0.9746052	1.0	2206	tags=22%, list=15%, signal=26%	
LDL INFLUENCE ON CD14 AND TLR4%WIKIPATHWAYS_20260211%WP5272%HOMO SAPIENS	LDL INFLUENCE ON CD14 AND TLR4%WIKIPATHWAYS_20260211%WP5272%HOMO SAPIENS		21	-0.2868578	-0.7411442	0.860587	0.97482896	1.0	2664	tags=29%, list=18%, signal=35%	
SIGNALING BY PHOSPHORYLATED JUXTAMEMBRANE, EXTRACELLULAR AND KINASE DOMAIN KIT MUTANTS%REACTOME%R-HSA-9670439.2	SIGNALING BY PHOSPHORYLATED JUXTAMEMBRANE, EXTRACELLULAR AND KINASE DOMAIN KIT MUTANTS%REACTOME%R-HSA-9670439.2		16	-0.30254576	-0.7406184	0.84118855	0.9751123	1.0	4124	tags=31%, list=27%, signal=43%	
FCGR3A-MEDIATED IL10 SYNTHESIS%REACTOME%R-HSA-9664323.3	FCGR3A-MEDIATED IL10 SYNTHESIS%REACTOME%R-HSA-9664323.3		34	-0.25850657	-0.74046475	0.8894628	0.97498065	1.0	3355	tags=35%, list=22%, signal=45%	
SIGNALING BY KIT IN DISEASE%REACTOME%R-HSA-9669938.5	SIGNALING BY KIT IN DISEASE%REACTOME%R-HSA-9669938.5		16	-0.30254576	-0.7399406	0.838311	0.975246	1.0	4124	tags=31%, list=27%, signal=43%	
FAS LIGAND PATHWAY AND STRESS INDUCTION OF HEAT SHOCK PROTEINS%WIKIPATHWAYS_20260211%WP314%HOMO SAPIENS	FAS LIGAND PATHWAY AND STRESS INDUCTION OF HEAT SHOCK PROTEINS%WIKIPATHWAYS_20260211%WP314%HOMO SAPIENS		33	-0.26119754	-0.73988575	0.90194076	0.9750033	1.0	882	tags=9%, list=6%, signal=10%	
ANTIGEN PROCESSING AND PRESENTATION OF ENDOGENOUS ANTIGEN%GOBP%GO:0019883	ANTIGEN PROCESSING AND PRESENTATION OF ENDOGENOUS ANTIGEN%GOBP%GO:0019883		26	-0.27532098	-0.73944783	0.8701826	0.9751904	1.0	4964	tags=54%, list=33%, signal=80%	
AXONAL TRANSPORT%GOBP%GO:0098930	AXONAL TRANSPORT%GOBP%GO:0098930		54	-0.23343547	-0.73858285	0.9277721	0.97583973	1.0	3117	tags=22%, list=21%, signal=28%	
NEGATIVE REGULATION OF TOR SIGNALING%GOBP%GO:0032007	NEGATIVE REGULATION OF TOR SIGNALING%GOBP%GO:0032007		70	-0.22591242	-0.7382358	0.9546392	0.9759268	1.0	3628	tags=27%, list=24%, signal=36%	
N-GLYCAN TRIMMING IN THE ER AND CALNEXIN CALRETICULIN CYCLE%REACTOME%R-HSA-532668.4	N-GLYCAN TRIMMING IN THE ER AND CALNEXIN CALRETICULIN CYCLE%REACTOME%R-HSA-532668.4		35	-0.25432953	-0.7372827	0.90041065	0.9766845	1.0	4270	tags=29%, list=28%, signal=40%	
CHROMOSOME ORGANIZATION INVOLVED IN MEIOTIC CELL CYCLE%GOBP%GO:0070192	CHROMOSOME ORGANIZATION INVOLVED IN MEIOTIC CELL CYCLE%GOBP%GO:0070192		21	-0.28745794	-0.7372144	0.83921164	0.9764565	1.0	1597	tags=14%, list=11%, signal=16%	
BDNF SIGNALING IN NEURODEVELOPMENT%WIKIPATHWAYS_20260211%WP5541%HOMO SAPIENS	BDNF SIGNALING IN NEURODEVELOPMENT%WIKIPATHWAYS_20260211%WP5541%HOMO SAPIENS		95	-0.21521683	-0.7367226	0.97044337	0.9766718	1.0	2250	tags=16%, list=15%, signal=18%	
APOPTOSIS SIGNALING PATHWAY%PANTHER PATHWAY%P00006	APOPTOSIS SIGNALING PATHWAY%PANTHER PATHWAY%P00006		90	-0.21615386	-0.736204	0.96311474	0.9769327	1.0	1340	tags=11%, list=9%, signal=12%	
TGF-BETA RECEPTOR SIGNALING%PATHWAY INTERACTION DATABASE NCI-NATURE CURATED DATA%TGF-BETA RECEPTOR SIGNALING	TGF-BETA RECEPTOR SIGNALING%PATHWAY INTERACTION DATABASE NCI-NATURE CURATED DATA%TGF-BETA RECEPTOR SIGNALING		52	-0.23559582	-0.735365	0.9229209	0.9775643	1.0	1798	tags=13%, list=12%, signal=15%	
SENESCENCE-ASSOCIATED SECRETORY PHENOTYPE (SASP)%REACTOME%R-HSA-2559582.4	SENESCENCE-ASSOCIATED SECRETORY PHENOTYPE (SASP)%REACTOME%R-HSA-2559582.4		65	-0.22481732	-0.7351481	0.95149636	0.9774979	1.0	1077	tags=8%, list=7%, signal=8%	
CARDIAC HYPERTROPHIC RESPONSE%WIKIPATHWAYS_20260211%WP2795%HOMO SAPIENS	CARDIAC HYPERTROPHIC RESPONSE%WIKIPATHWAYS_20260211%WP2795%HOMO SAPIENS		47	-0.2418675	-0.7350094	0.9231557	0.97734344	1.0	3113	tags=23%, list=21%, signal=29%	
REGULATION OF PROTEIN PROCESSING%GOBP%GO:0070613	REGULATION OF PROTEIN PROCESSING%GOBP%GO:0070613		33	-0.25956675	-0.7346399	0.89376915	0.97744155	1.0	3043	tags=27%, list=20%, signal=34%	
NEGATIVE REGULATION OF PEPTIDYL-TYROSINE PHOSPHORYLATION%GOBP%GO:0050732	NEGATIVE REGULATION OF PEPTIDYL-TYROSINE PHOSPHORYLATION%GOBP%GO:0050732		20	-0.28655902	-0.7346163	0.85272145	0.977158	1.0	1655	tags=25%, list=11%, signal=28%	
ESTABLISHMENT OF SPINDLE LOCALIZATION%GOBP%GO:0051293	ESTABLISHMENT OF SPINDLE LOCALIZATION%GOBP%GO:0051293		48	-0.23599301	-0.73372334	0.91769546	0.9778167	1.0	2036	tags=15%, list=14%, signal=17%	
IBUPROFEN ACTION PATHWAY%SMPDB%SMP0000086	IBUPROFEN ACTION PATHWAY%SMPDB%SMP0000086		34	-0.2585812	-0.7328807	0.8913738	0.97841036	1.0	1802	tags=18%, list=12%, signal=20%	
ANTIGEN PROCESSING AND PRESENTATION OF EXOGENOUS ANTIGEN%GOBP%GO:0019884	ANTIGEN PROCESSING AND PRESENTATION OF EXOGENOUS ANTIGEN%GOBP%GO:0019884		43	-0.2447132	-0.73252755	0.91353	0.9784768	1.0	3277	tags=23%, list=22%, signal=30%	
TELOMERE MAINTENANCE VIA TELOMERE LENGTHENING%GOBP%GO:0010833	TELOMERE MAINTENANCE VIA TELOMERE LENGTHENING%GOBP%GO:0010833		27	-0.2675349	-0.73175055	0.8646154	0.97896695	1.0	1842	tags=15%, list=12%, signal=17%	
FANCONI ANEMIA%WIKIPATHWAYS_20260211%WP5465%HOMO SAPIENS	FANCONI ANEMIA%WIKIPATHWAYS_20260211%WP5465%HOMO SAPIENS		40	-0.24659196	-0.731556	0.8981855	0.9788669	1.0	3759	tags=23%, list=25%, signal=30%	
PID_IGF1_PATHWAY%MSIGDB_C2%PID_IGF1_PATHWAY	PID_IGF1_PATHWAY%MSIGDB_C2%PID_IGF1_PATHWAY		22	-0.28141576	-0.7314672	0.85655737	0.978654	1.0	3975	tags=36%, list=26%, signal=49%	
LEUKOCYTE ADHESION TO VASCULAR ENDOTHELIAL CELL%GOBP%GO:0061756	LEUKOCYTE ADHESION TO VASCULAR ENDOTHELIAL CELL%GOBP%GO:0061756		23	-0.28056085	-0.7304655	0.8644958	0.9793628	1.0	356	tags=9%, list=2%, signal=9%	
EUKARYOTIC TRANSLATION TERMINATION%REACTOME%R-HSA-72764.6	EUKARYOTIC TRANSLATION TERMINATION%REACTOME%R-HSA-72764.6		90	-0.2137761	-0.7292167	0.97659576	0.9803573	1.0	5690	tags=46%, list=38%, signal=73%	
HCMV INFECTION%REACTOME%R-HSA-9609646.5	HCMV INFECTION%REACTOME%R-HSA-9609646.5		88	-0.2129251	-0.72907335	0.97443765	0.98019904	1.0	3077	tags=16%, list=20%, signal=20%	
RNA POLYMERASE I TRANSCRIPTION%REACTOME%R-HSA-73864.5	RNA POLYMERASE I TRANSCRIPTION%REACTOME%R-HSA-73864.5		63	-0.22618468	-0.7280929	0.94827586	0.9809093	1.0	4002	tags=29%, list=27%, signal=39%	
NEGATIVE REGULATION OF RNA CATABOLIC PROCESS%GOBP%GO:1902369	NEGATIVE REGULATION OF RNA CATABOLIC PROCESS%GOBP%GO:1902369		76	-0.21855985	-0.7280533	0.96666664	0.9806473	1.0	3510	tags=22%, list=23%, signal=29%	
NEGATIVE REGULATION OF INTRACELLULAR PROTEIN TRANSPORT%GOBP%GO:0090317	NEGATIVE REGULATION OF INTRACELLULAR PROTEIN TRANSPORT%GOBP%GO:0090317		27	-0.2664986	-0.72780496	0.87577003	0.98058677	1.0	862	tags=7%, list=6%, signal=8%	
GLYCOSPHINGOLIPID METABOLISM%REACTOME DATABASE ID RELEASE 95%1660662	GLYCOSPHINGOLIPID METABOLISM%REACTOME DATABASE ID RELEASE 95%1660662		50	-0.2360964	-0.72775936	0.9289289	0.98032725	1.0	2833	tags=22%, list=19%, signal=27%	
SPHINGOLIPID METABOLISM IN SENESCENCE%WIKIPATHWAYS_20260211%WP5121%HOMO SAPIENS	SPHINGOLIPID METABOLISM IN SENESCENCE%WIKIPATHWAYS_20260211%WP5121%HOMO SAPIENS		22	-0.28012276	-0.727254	0.88345474	0.9805421	1.0	2895	tags=18%, list=19%, signal=22%	
REGULATION OF MICROTUBULE POLYMERIZATION%GOBP%GO:0031113	REGULATION OF MICROTUBULE POLYMERIZATION%GOBP%GO:0031113		56	-0.23338707	-0.7269103	0.94715446	0.98059285	1.0	2189	tags=16%, list=15%, signal=19%	
TRISTETRAPROLIN (TTP, ZFP36) BINDS AND DESTABILIZES MRNA%REACTOME DATABASE ID RELEASE 95%450513	TRISTETRAPROLIN (TTP, ZFP36) BINDS AND DESTABILIZES MRNA%REACTOME DATABASE ID RELEASE 95%450513		17	-0.2963808	-0.72683424	0.85040987	0.98036313	1.0	3664	tags=35%, list=24%, signal=47%	
REGULATION OF CYTOKINESIS%GOBP%GO:0032465	REGULATION OF CYTOKINESIS%GOBP%GO:0032465		78	-0.21757124	-0.72661775	0.9596603	0.9802648	1.0	2250	tags=13%, list=15%, signal=15%	
RESPONSE TO LAMINAR FLUID SHEAR STRESS%GOBP%GO:0034616	RESPONSE TO LAMINAR FLUID SHEAR STRESS%GOBP%GO:0034616		30	-0.26065442	-0.7264332	0.89326423	0.9801455	1.0	3295	tags=33%, list=22%, signal=43%	
AGGREPHAGY%REACTOME DATABASE ID RELEASE 95%9646399	AGGREPHAGY%REACTOME DATABASE ID RELEASE 95%9646399		23	-0.27311206	-0.7262988	0.8543388	0.97997046	1.0	968	tags=9%, list=6%, signal=9%	
APAP ADME%REACTOME DATABASE ID RELEASE 95%9753281	APAP ADME%REACTOME DATABASE ID RELEASE 95%9753281		18	-0.29471406	-0.72536594	0.8682927	0.98057926	1.0	2498	tags=28%, list=17%, signal=33%	
POSITIVE REGULATION OF CALCIUM-MEDIATED SIGNALING%GOBP%GO:0050850	POSITIVE REGULATION OF CALCIUM-MEDIATED SIGNALING%GOBP%GO:0050850		41	-0.24061844	-0.72315603	0.9317507	0.9824453	1.0	1969	tags=17%, list=13%, signal=20%	
OMEGA 3 FATTY ACIDS IN SENESCENCE%WIKIPATHWAYS_20260211%WP5432%HOMO SAPIENS	OMEGA 3 FATTY ACIDS IN SENESCENCE%WIKIPATHWAYS_20260211%WP5432%HOMO SAPIENS		19	-0.286925	-0.72304654	0.86625516	0.9822477	1.0	2160	tags=21%, list=14%, signal=25%	
REGULATION OF MITOTIC CYTOKINESIS%GOBP%GO:1902412	REGULATION OF MITOTIC CYTOKINESIS%GOBP%GO:1902412		20	-0.28118652	-0.72220606	0.86646587	0.9827674	1.0	957	tags=10%, list=6%, signal=11%	
INTERLEUKIN-20 FAMILY SIGNALING%REACTOME%R-HSA-8854691.8	INTERLEUKIN-20 FAMILY SIGNALING%REACTOME%R-HSA-8854691.8		16	-0.29641464	-0.7210996	0.8539435	0.9835445	1.0	5699	tags=44%, list=38%, signal=70%	
PID_ARF_3PATHWAY%MSIGDB_C2%PID_ARF_3PATHWAY	PID_ARF_3PATHWAY%MSIGDB_C2%PID_ARF_3PATHWAY		15	-0.30067545	-0.71818405	0.84743994	0.98598784	1.0	3318	tags=33%, list=22%, signal=43%	
NUCLEAR-TRANSCRIBED MRNA CATABOLIC PROCESS, DEADENYLATION-DEPENDENT DECAY%GOBP%GO:0000288	NUCLEAR-TRANSCRIBED MRNA CATABOLIC PROCESS, DEADENYLATION-DEPENDENT DECAY%GOBP%GO:0000288		43	-0.23737025	-0.7176655	0.94456065	0.9861681	1.0	1487	tags=9%, list=10%, signal=10%	
GOLGI-TO-ER RETROGRADE TRANSPORT%REACTOME DATABASE ID RELEASE 95%8856688	GOLGI-TO-ER RETROGRADE TRANSPORT%REACTOME DATABASE ID RELEASE 95%8856688		112	-0.20300323	-0.71747935	0.99489796	0.986038	1.0	1515	tags=10%, list=10%, signal=11%	
NICOTINATE METABOLISM%REACTOME%R-HSA-196807.8	NICOTINATE METABOLISM%REACTOME%R-HSA-196807.8		27	-0.26237285	-0.7163116	0.8931841	0.9868034	1.0	4169	tags=44%, list=28%, signal=61%	
NANOMATERIAL INDUCED APOPTOSIS%WIKIPATHWAYS_20260211%WP2507%HOMO SAPIENS	NANOMATERIAL INDUCED APOPTOSIS%WIKIPATHWAYS_20260211%WP2507%HOMO SAPIENS		15	-0.2943159	-0.7154466	0.872211	0.9872963	1.0	355	tags=7%, list=2%, signal=7%	
NUCLEUS ORGANIZATION%GOBP%GO:0006997	NUCLEUS ORGANIZATION%GOBP%GO:0006997		106	-0.20259418	-0.71522355	0.98654246	0.9871988	1.0	3694	tags=25%, list=25%, signal=34%	
P38 MAPK SIGNALING PATHWAY%PATHWAY INTERACTION DATABASE NCI-NATURE CURATED DATA%P38 MAPK SIGNALING PATHWAY	P38 MAPK SIGNALING PATHWAY%PATHWAY INTERACTION DATABASE NCI-NATURE CURATED DATA%P38 MAPK SIGNALING PATHWAY		26	-0.26380837	-0.71512413	0.8947928	0.98698497	1.0	523	tags=8%, list=3%, signal=8%	
POSITIVE EPIGENETIC REGULATION OF RRNA EXPRESSION%REACTOME%R-HSA-5250913.6	POSITIVE EPIGENETIC REGULATION OF RRNA EXPRESSION%REACTOME%R-HSA-5250913.6		58	-0.22600117	-0.7151081	0.9517588	0.9866953	1.0	4002	tags=28%, list=27%, signal=37%	
POSITIVE REGULATION OF P38MAPK CASCADE%GOBP%GO:1900745	POSITIVE REGULATION OF P38MAPK CASCADE%GOBP%GO:1900745		21	-0.27541408	-0.7150099	0.8804781	0.9864782	1.0	1435	tags=14%, list=10%, signal=16%	
VASCULOGENESIS%GOBP%GO:0001570	VASCULOGENESIS%GOBP%GO:0001570		32	-0.24949525	-0.71459514	0.91497976	0.9865372	1.0	1012	tags=9%, list=7%, signal=10%	
PROTEIN DEGLYCOSYLATION%GOBP%GO:0006517	PROTEIN DEGLYCOSYLATION%GOBP%GO:0006517		17	-0.2920877	-0.7143271	0.8703888	0.9864699	1.0	2755	tags=24%, list=18%, signal=29%	
PI3K AKT MTOR SIGNALING AND THERAPEUTIC OPPORTUNITIES IN PROSTATE CANCER%WIKIPATHWAYS_20260211%WP3844%HOMO SAPIENS	PI3K AKT MTOR SIGNALING AND THERAPEUTIC OPPORTUNITIES IN PROSTATE CANCER%WIKIPATHWAYS_20260211%WP3844%HOMO SAPIENS		24	-0.2687826	-0.7135	0.8827225	0.9869059	1.0	1643	tags=13%, list=11%, signal=14%	
REGULATION OF GENE SILENCING BY REGULATORY NCRNA%GOBP%GO:0060966	REGULATION OF GENE SILENCING BY REGULATORY NCRNA%GOBP%GO:0060966		30	-0.2566951	-0.71346647	0.9035785	0.98663384	1.0	3076	tags=20%, list=20%, signal=25%	
PID_VEGFR1_PATHWAY%MSIGDB_C2%PID_VEGFR1_PATHWAY	PID_VEGFR1_PATHWAY%MSIGDB_C2%PID_VEGFR1_PATHWAY		19	-0.28262	-0.71202594	0.87946886	0.98758256	1.0	4667	tags=47%, list=31%, signal=69%	
NF1 COPY NUMBER VARIATION SYNDROME %WIKIPATHWAYS_20260211%WP5366%HOMO SAPIENS	NF1 COPY NUMBER VARIATION SYNDROME %WIKIPATHWAYS_20260211%WP5366%HOMO SAPIENS		68	-0.21897627	-0.71150094	0.9696653	0.98774546	1.0	3466	tags=21%, list=23%, signal=27%	
PHOSPHOLIPID CATABOLIC PROCESS%GOBP%GO:0009395	PHOSPHOLIPID CATABOLIC PROCESS%GOBP%GO:0009395		36	-0.2436138	-0.7112276	0.92778337	0.9876874	1.0	2768	tags=22%, list=18%, signal=27%	
HATS ACETYLATE HISTONES%REACTOME%R-HSA-3214847.3	HATS ACETYLATE HISTONES%REACTOME%R-HSA-3214847.3		90	-0.20827498	-0.71113116	0.9786802	0.9874759	1.0	4002	tags=27%, list=27%, signal=36%	
SIGNALING BY FGFR1 IN DISEASE%REACTOME%R-HSA-5655302.4	SIGNALING BY FGFR1 IN DISEASE%REACTOME%R-HSA-5655302.4		28	-0.2584668	-0.71108615	0.9056017	0.9872105	1.0	489	tags=7%, list=3%, signal=7%	
COPI-DEPENDENT GOLGI-TO-ER RETROGRADE TRAFFIC%REACTOME DATABASE ID RELEASE 95%6811434	COPI-DEPENDENT GOLGI-TO-ER RETROGRADE TRAFFIC%REACTOME DATABASE ID RELEASE 95%6811434		79	-0.21309492	-0.7107376	0.97619045	0.9872057	1.0	1515	tags=9%, list=10%, signal=10%	
APOPTOSIS MODULATION BY HSP70%WIKIPATHWAYS_20260211%WP384%HOMO SAPIENS	APOPTOSIS MODULATION BY HSP70%WIKIPATHWAYS_20260211%WP384%HOMO SAPIENS		15	-0.30063823	-0.7105449	0.8669396	0.98706263	1.0	355	tags=7%, list=2%, signal=7%	
PROTEIN K11-LINKED UBIQUITINATION%GOBP%GO:0070979	PROTEIN K11-LINKED UBIQUITINATION%GOBP%GO:0070979		37	-0.24033745	-0.71015686	0.9241803	0.9870959	1.0	2078	tags=19%, list=14%, signal=22%	
INTRA-GOLGI VESICLE-MEDIATED TRANSPORT%GOBP%GO:0006891	INTRA-GOLGI VESICLE-MEDIATED TRANSPORT%GOBP%GO:0006891		30	-0.25164923	-0.70888615	0.91101694	0.9879041	1.0	3503	tags=33%, list=23%, signal=43%	
NUCLEOSOME ORGANIZATION%GOBP%GO:0034728	NUCLEOSOME ORGANIZATION%GOBP%GO:0034728		65	-0.21809013	-0.7064681	0.97664976	0.9896396	1.0	2948	tags=15%, list=20%, signal=19%	
ROLE OF PHOSPHOLIPIDS IN PHAGOCYTOSIS%REACTOME DATABASE ID RELEASE 95%2029485	ROLE OF PHOSPHOLIPIDS IN PHAGOCYTOSIS%REACTOME DATABASE ID RELEASE 95%2029485		22	-0.27410364	-0.706225	0.8976143	0.9895396	1.0	3432	tags=36%, list=23%, signal=47%	
REGULATION OF ATP-DEPENDENT ACTIVITY%GOBP%GO:0043462	REGULATION OF ATP-DEPENDENT ACTIVITY%GOBP%GO:0043462		30	-0.25365222	-0.70594287	0.9029496	0.9894647	1.0	395	tags=7%, list=3%, signal=7%	
MITOTIC G2-G2 M PHASES%REACTOME%R-HSA-453274.4	MITOTIC G2-G2 M PHASES%REACTOME%R-HSA-453274.4		174	-0.18867919	-0.7049137	0.99898064	0.9900211	1.0	2854	tags=19%, list=19%, signal=23%	
DNA STRAND ELONGATION%REACTOME DATABASE ID RELEASE 95%69190	DNA STRAND ELONGATION%REACTOME DATABASE ID RELEASE 95%69190		32	-0.24911977	-0.70450765	0.9106776	0.9900597	1.0	4732	tags=31%, list=32%, signal=46%	
ARACHIDONATE METABOLIC PROCESS%GOBP%GO:0019369	ARACHIDONATE METABOLIC PROCESS%GOBP%GO:0019369		36	-0.24436635	-0.70424765	0.91883767	0.98996305	1.0	2527	tags=25%, list=17%, signal=30%	
CALNEXIN CALRETICULIN CYCLE%REACTOME%R-HSA-901042.5	CALNEXIN CALRETICULIN CYCLE%REACTOME%R-HSA-901042.5		26	-0.26240999	-0.7032184	0.9136842	0.9905075	1.0	4270	tags=35%, list=28%, signal=48%	
CELL CYCLE, MITOTIC%REACTOME DATABASE ID RELEASE 95%69278	CELL CYCLE, MITOTIC%REACTOME DATABASE ID RELEASE 95%69278		480	-0.17137532	-0.70297825	1.0	0.9904038	1.0	2854	tags=14%, list=19%, signal=17%	
SPINDLE LOCALIZATION%GOBP%GO:0051653	SPINDLE LOCALIZATION%GOBP%GO:0051653		49	-0.22770388	-0.7023872	0.95228213	0.9905678	1.0	2036	tags=14%, list=14%, signal=16%	
POSITIVE REGULATION OF EPITHELIAL CELL MIGRATION%GOBP%GO:0010634	POSITIVE REGULATION OF EPITHELIAL CELL MIGRATION%GOBP%GO:0010634		35	-0.2435729	-0.70234877	0.9298246	0.9902996	1.0	2250	tags=20%, list=15%, signal=23%	
PHOSPHOINOSITIDES METABOLISM%WIKIPATHWAYS_20260211%WP4971%HOMO SAPIENS	PHOSPHOINOSITIDES METABOLISM%WIKIPATHWAYS_20260211%WP4971%HOMO SAPIENS		40	-0.23755658	-0.7022701	0.92907804	0.9900598	1.0	1191	tags=13%, list=8%, signal=14%	
ACTIVATION OF GTPASE ACTIVITY%GOBP%GO:0090630	ACTIVATION OF GTPASE ACTIVITY%GOBP%GO:0090630		21	-0.27031308	-0.7020441	0.90678823	0.9899387	1.0	1510	tags=14%, list=10%, signal=16%	
SINGLE FERTILIZATION%GOBP%GO:0007338	SINGLE FERTILIZATION%GOBP%GO:0007338		49	-0.2268736	-0.7010745	0.9586777	0.99041003	1.0	1985	tags=12%, list=13%, signal=14%	
CHAPERONE-MEDIATED PROTEIN COMPLEX ASSEMBLY%GOBP%GO:0051131	CHAPERONE-MEDIATED PROTEIN COMPLEX ASSEMBLY%GOBP%GO:0051131		18	-0.28061432	-0.6998231	0.89746195	0.9910968	1.0	2330	tags=17%, list=16%, signal=20%	
REGULATION OF PLATELET-DERIVED GROWTH FACTOR RECEPTOR SIGNALING PATHWAY%GOBP%GO:0010640	REGULATION OF PLATELET-DERIVED GROWTH FACTOR RECEPTOR SIGNALING PATHWAY%GOBP%GO:0010640		20	-0.2726438	-0.6978011	0.89926547	0.9923538	1.0	2501	tags=20%, list=17%, signal=24%	
BIOCARTA_NTHI_PATHWAY%MSIGDB_C2%BIOCARTA_NTHI_PATHWAY	BIOCARTA_NTHI_PATHWAY%MSIGDB_C2%BIOCARTA_NTHI_PATHWAY		21	-0.2707587	-0.69768184	0.8950682	0.9921411	1.0	2973	tags=24%, list=20%, signal=30%	
PROTEIN EXIT FROM ENDOPLASMIC RETICULUM%GOBP%GO:0032527	PROTEIN EXIT FROM ENDOPLASMIC RETICULUM%GOBP%GO:0032527		25	-0.26092327	-0.69686	0.90520835	0.9924796	1.0	4656	tags=36%, list=31%, signal=52%	
INHIBITION OF GNAQ REGULATED SIGNALING IN UVEAL MELANOMA%WIKIPATHWAYS_20260211%WP5490%HOMO SAPIENS	INHIBITION OF GNAQ REGULATED SIGNALING IN UVEAL MELANOMA%WIKIPATHWAYS_20260211%WP5490%HOMO SAPIENS		25	-0.2586425	-0.69587064	0.90716445	0.9929375	1.0	1510	tags=16%, list=10%, signal=18%	
TRANSCRIPTION OF E2F TARGETS UNDER NEGATIVE CONTROL BY P107 (RBL1) AND P130 (RBL2) IN COMPLEX WITH HDAC1%REACTOME DATABASE ID RELEASE 95%1362300	TRANSCRIPTION OF E2F TARGETS UNDER NEGATIVE CONTROL BY P107 (RBL1) AND P130 (RBL2) IN COMPLEX WITH HDAC1%REACTOME DATABASE ID RELEASE 95%1362300		16	-0.2831752	-0.69577104	0.890099	0.99270386	1.0	2108	tags=19%, list=14%, signal=22%	
REGULATION OF MITOTIC SPINDLE ASSEMBLY%GOBP%GO:1901673	REGULATION OF MITOTIC SPINDLE ASSEMBLY%GOBP%GO:1901673		23	-0.26713404	-0.6943158	0.91674924	0.99348223	1.0	4651	tags=39%, list=31%, signal=57%	
POSITIVE REGULATION OF SODIUM ION TRANSMEMBRANE TRANSPORT%GOBP%GO:1902307	POSITIVE REGULATION OF SODIUM ION TRANSMEMBRANE TRANSPORT%GOBP%GO:1902307		17	-0.2866423	-0.69414216	0.89559877	0.9933069	1.0	193	tags=6%, list=1%, signal=6%	
ESTABLISHMENT OF ENDOTHELIAL BARRIER%GOBP%GO:0061028	ESTABLISHMENT OF ENDOTHELIAL BARRIER%GOBP%GO:0061028		25	-0.25978404	-0.69405407	0.9023669	0.99306804	1.0	2009	tags=16%, list=13%, signal=18%	
FORMATION OF THE TERNARY COMPLEX, AND SUBSEQUENTLY, THE 43S COMPLEX%REACTOME%R-HSA-72695.4	FORMATION OF THE TERNARY COMPLEX, AND SUBSEQUENTLY, THE 43S COMPLEX%REACTOME%R-HSA-72695.4		51	-0.2223583	-0.69399536	0.9654471	0.9928077	1.0	4726	tags=29%, list=31%, signal=43%	
NEGATIVE REGULATION OF DNA BIOSYNTHETIC PROCESS%GOBP%GO:2000279	NEGATIVE REGULATION OF DNA BIOSYNTHETIC PROCESS%GOBP%GO:2000279		24	-0.26087376	-0.693653	0.90870935	0.99275875	1.0	2156	tags=21%, list=14%, signal=24%	
MICROTUBULE CYTOSKELETON ORGANIZATION INVOLVED IN MITOSIS%GOBP%GO:1902850	MICROTUBULE CYTOSKELETON ORGANIZATION INVOLVED IN MITOSIS%GOBP%GO:1902850		117	-0.19346364	-0.69333076	0.9969512	0.9926935	1.0	1167	tags=6%, list=8%, signal=6%	
BIOCARTA_STRESS_PATHWAY%MSIGDB_C2%BIOCARTA_STRESS_PATHWAY	BIOCARTA_STRESS_PATHWAY%MSIGDB_C2%BIOCARTA_STRESS_PATHWAY		24	-0.2621772	-0.6916358	0.91173416	0.99363923	1.0	914	tags=8%, list=6%, signal=9%	
SYNTHESIS OF PIPS AT THE PLASMA MEMBRANE%REACTOME DATABASE ID RELEASE 95%1660499	SYNTHESIS OF PIPS AT THE PLASMA MEMBRANE%REACTOME DATABASE ID RELEASE 95%1660499		51	-0.22216645	-0.6895089	0.97082496	0.9948489	1.0	1903	tags=16%, list=13%, signal=18%	
NEGATIVE REGULATION OF MRNA CATABOLIC PROCESS%GOBP%GO:1902373	NEGATIVE REGULATION OF MRNA CATABOLIC PROCESS%GOBP%GO:1902373		63	-0.2134429	-0.6894509	0.972449	0.9945864	1.0	3510	tags=25%, list=23%, signal=33%	
ERAD PATHWAY%GOBP%GO:0036503	ERAD PATHWAY%GOBP%GO:0036503		88	-0.20453419	-0.6889365	0.9879639	0.9946441	1.0	2222	tags=17%, list=15%, signal=20%	
SNRNA PROCESSING%GOBP%GO:0016180	SNRNA PROCESSING%GOBP%GO:0016180		37	-0.23330119	-0.68889564	0.95020324	0.9943724	1.0	4969	tags=49%, list=33%, signal=73%	
REGULATION OF METAPHASE/ANAPHASE TRANSITION OF CELL CYCLE%GOBP%GO:1902099	REGULATION OF METAPHASE/ANAPHASE TRANSITION OF CELL CYCLE%GOBP%GO:1902099		95	-0.20054807	-0.6882521	0.9927536	0.994533	1.0	1956	tags=9%, list=13%, signal=11%	
NEGATIVE REGULATION OF MITOTIC NUCLEAR DIVISION%GOBP%GO:0045839	NEGATIVE REGULATION OF MITOTIC NUCLEAR DIVISION%GOBP%GO:0045839		35	-0.23951685	-0.68722713	0.95620435	0.99494714	1.0	26	tags=3%, list=0%, signal=3%	
REGULATION OF MACROPHAGE ACTIVATION%GOBP%GO:0043030	REGULATION OF MACROPHAGE ACTIVATION%GOBP%GO:0043030		41	-0.22925608	-0.6866718	0.94725955	0.99503845	1.0	11	tags=2%, list=0%, signal=2%	
CELL-CELL RECOGNITION%GOBP%GO:0009988	CELL-CELL RECOGNITION%GOBP%GO:0009988		26	-0.2535418	-0.6866184	0.9191322	0.9947693	1.0	1812	tags=12%, list=12%, signal=13%	
REGULATION OF MITOTIC METAPHASE/ANAPHASE TRANSITION%GOBP%GO:0030071	REGULATION OF MITOTIC METAPHASE/ANAPHASE TRANSITION%GOBP%GO:0030071		94	-0.20227204	-0.68643427	0.99482936	0.99459136	1.0	1956	tags=10%, list=13%, signal=11%	
REGULATION OF TELOMERASE%PATHWAY INTERACTION DATABASE NCI-NATURE CURATED DATA%REGULATION OF TELOMERASE	REGULATION OF TELOMERASE%PATHWAY INTERACTION DATABASE NCI-NATURE CURATED DATA%REGULATION OF TELOMERASE		66	-0.21277143	-0.6861853	0.98535156	0.9944655	1.0	825	tags=8%, list=5%, signal=8%	
PID_MYC_ACTIV_PATHWAY%MSIGDB_C2%PID_MYC_ACTIV_PATHWAY	PID_MYC_ACTIV_PATHWAY%MSIGDB_C2%PID_MYC_ACTIV_PATHWAY		63	-0.21263829	-0.6858975	0.9782609	0.99437094	1.0	776	tags=6%, list=5%, signal=7%	
REGULATION OF RRNA PROCESSING%GOBP%GO:2000232	REGULATION OF RRNA PROCESSING%GOBP%GO:2000232		18	-0.2739667	-0.685663	0.89658535	0.99422556	1.0	2000	tags=17%, list=13%, signal=19%	
M PHASE%REACTOME%R-HSA-68886.5	M PHASE%REACTOME%R-HSA-68886.5		336	-0.17093086	-0.6856294	1.0	0.99394524	1.0	3771	tags=20%, list=25%, signal=26%	
INTRACELLULAR PROTEIN TRANSMEMBRANE TRANSPORT%GOBP%GO:0065002	INTRACELLULAR PROTEIN TRANSMEMBRANE TRANSPORT%GOBP%GO:0065002		28	-0.24842729	-0.6852714	0.9180851	0.99388075	1.0	2608	tags=21%, list=17%, signal=26%	
ATM SIGNALING IN DEVELOPMENT AND DISEASE %WIKIPATHWAYS_20260211%WP3878%HOMO SAPIENS	ATM SIGNALING IN DEVELOPMENT AND DISEASE %WIKIPATHWAYS_20260211%WP3878%HOMO SAPIENS		37	-0.23707892	-0.6842619	0.9388164	0.9942588	1.0	3957	tags=30%, list=26%, signal=40%	
NUCLEOSIDE MONOPHOSPHATE BIOSYNTHETIC PROCESS%GOBP%GO:0009124	NUCLEOSIDE MONOPHOSPHATE BIOSYNTHETIC PROCESS%GOBP%GO:0009124		25	-0.25510412	-0.6834229	0.9347181	0.99451417	1.0	3612	tags=28%, list=24%, signal=37%	
ACTIVATION OF ATR IN RESPONSE TO REPLICATION STRESS%REACTOME DATABASE ID RELEASE 95%176187	ACTIVATION OF ATR IN RESPONSE TO REPLICATION STRESS%REACTOME DATABASE ID RELEASE 95%176187		37	-0.23608477	-0.68254733	0.9410569	0.9947894	1.0	244	tags=3%, list=2%, signal=3%	
FAS%IOB%FAS	FAS%IOB%FAS		78	-0.20562498	-0.6823294	0.9844811	0.9946295	1.0	3771	tags=23%, list=25%, signal=31%	
G2 M TRANSITION%REACTOME%R-HSA-69275.7	G2 M TRANSITION%REACTOME%R-HSA-69275.7		172	-0.18380135	-0.68227655	1.0	0.9943598	1.0	2854	tags=19%, list=19%, signal=23%	
POSITIVE REGULATION OF CHROMOSOME SEGREGATION%GOBP%GO:0051984	POSITIVE REGULATION OF CHROMOSOME SEGREGATION%GOBP%GO:0051984		20	-0.26485878	-0.6819392	0.901758	0.99428385	1.0	1533	tags=10%, list=10%, signal=11%	
NEGATIVE REGULATION OF DNA METABOLIC PROCESS%GOBP%GO:0051053	NEGATIVE REGULATION OF DNA METABOLIC PROCESS%GOBP%GO:0051053		110	-0.19323675	-0.68038636	0.9980159	0.99497926	1.0	2262	tags=15%, list=15%, signal=18%	
GAP-FILLING DNA REPAIR SYNTHESIS AND LIGATION IN GG-NER%REACTOME DATABASE ID RELEASE 95%5696397	GAP-FILLING DNA REPAIR SYNTHESIS AND LIGATION IN GG-NER%REACTOME DATABASE ID RELEASE 95%5696397		25	-0.25220993	-0.6802983	0.924	0.9947401	1.0	3648	tags=24%, list=24%, signal=32%	
PDGF PATHWAY%WIKIPATHWAYS_20260211%WP2526%HOMO SAPIENS	PDGF PATHWAY%WIKIPATHWAYS_20260211%WP2526%HOMO SAPIENS		31	-0.24215661	-0.6794119	0.94536084	0.99502486	1.0	3362	tags=23%, list=22%, signal=29%	
RNA POLYMERASE I TRANSCRIPTION INITIATION%REACTOME DATABASE ID RELEASE 95%73762	RNA POLYMERASE I TRANSCRIPTION INITIATION%REACTOME DATABASE ID RELEASE 95%73762		46	-0.22490951	-0.67897636	0.96392787	0.9950022	1.0	3886	tags=28%, list=26%, signal=38%	
NUCLEOBASE BIOSYNTHETIC PROCESS%GOBP%GO:0046112	NUCLEOBASE BIOSYNTHETIC PROCESS%GOBP%GO:0046112		16	-0.2786213	-0.67799044	0.90316004	0.99532	1.0	2297	tags=19%, list=15%, signal=22%	
17P13 3 YWHAE COPY NUMBER VARIATION%WIKIPATHWAYS_20260211%WP5376%HOMO SAPIENS	17P13 3 YWHAE COPY NUMBER VARIATION%WIKIPATHWAYS_20260211%WP5376%HOMO SAPIENS		16	-0.27906263	-0.67734957	0.91056913	0.9954308	1.0	4139	tags=38%, list=28%, signal=52%	
BIOCARTA_GLEEVEC_PATHWAY%MSIGDB_C2%BIOCARTA_GLEEVEC_PATHWAY	BIOCARTA_GLEEVEC_PATHWAY%MSIGDB_C2%BIOCARTA_GLEEVEC_PATHWAY		19	-0.26968607	-0.6760905	0.9025341	0.9959242	1.0	909	tags=11%, list=6%, signal=11%	
INSULIN SIGNALLING%PATHWHIZ%PW000454	INSULIN SIGNALLING%PATHWHIZ%PW000454		18	-0.27323556	-0.67333394	0.89106965	0.99731493	1.0	3342	tags=33%, list=22%, signal=43%	
REGULATION OF BEHAVIOR%GOBP%GO:0050795	REGULATION OF BEHAVIOR%GOBP%GO:0050795		35	-0.22862501	-0.6718733	0.9487983	0.9978812	1.0	1484	tags=11%, list=10%, signal=13%	
ESTABLISHMENT OF MITOTIC SPINDLE ORIENTATION%GOBP%GO:0000132	ESTABLISHMENT OF MITOTIC SPINDLE ORIENTATION%GOBP%GO:0000132		28	-0.24487227	-0.6714386	0.93049794	0.99784315	1.0	1131	tags=11%, list=8%, signal=12%	
ARF6 DOWNSTREAM PATHWAY%PATHWAY INTERACTION DATABASE NCI-NATURE CURATED DATA%ARF6 DOWNSTREAM PATHWAY	ARF6 DOWNSTREAM PATHWAY%PATHWAY INTERACTION DATABASE NCI-NATURE CURATED DATA%ARF6 DOWNSTREAM PATHWAY		15	-0.28175527	-0.6709667	0.9070248	0.99782604	1.0	1515	tags=20%, list=10%, signal=22%	
IMMUNOGLOBULIN PRODUCTION INVOLVED IN IMMUNOGLOBULIN-MEDIATED IMMUNE RESPONSE%GOBP%GO:0002381	IMMUNOGLOBULIN PRODUCTION INVOLVED IN IMMUNOGLOBULIN-MEDIATED IMMUNE RESPONSE%GOBP%GO:0002381		16	-0.27637878	-0.67066324	0.9092683	0.9976948	1.0	4619	tags=44%, list=31%, signal=63%	
PID_P53_REGULATION_PATHWAY%MSIGDB_C2%PID_P53_REGULATION_PATHWAY	PID_P53_REGULATION_PATHWAY%MSIGDB_C2%PID_P53_REGULATION_PATHWAY		48	-0.22043635	-0.6690619	0.97839504	0.99832106	1.0	1819	tags=15%, list=12%, signal=17%	
REGULATION OF CHROMATIN ORGANIZATION%GOBP%GO:1902275	REGULATION OF CHROMATIN ORGANIZATION%GOBP%GO:1902275		31	-0.23923624	-0.6687209	0.9535573	0.99821347	1.0	2595	tags=16%, list=17%, signal=19%	
POSITIVE REGULATION OF BLOOD VESSEL ENDOTHELIAL CELL MIGRATION%GOBP%GO:0043536	POSITIVE REGULATION OF BLOOD VESSEL ENDOTHELIAL CELL MIGRATION%GOBP%GO:0043536		50	-0.21637167	-0.6683191	0.9723698	0.9981453	1.0	2553	tags=22%, list=17%, signal=26%	
RIBOSOMAL SMALL SUBUNIT ASSEMBLY%GOBP%GO:0000028	RIBOSOMAL SMALL SUBUNIT ASSEMBLY%GOBP%GO:0000028		18	-0.27117205	-0.6677212	0.90918803	0.99819344	1.0	3321	tags=33%, list=22%, signal=43%	
SOMATIC DIVERSIFICATION OF IMMUNOGLOBULINS INVOLVED IN IMMUNE RESPONSE%GOBP%GO:0002208	SOMATIC DIVERSIFICATION OF IMMUNOGLOBULINS INVOLVED IN IMMUNE RESPONSE%GOBP%GO:0002208		16	-0.27637878	-0.66681814	0.9101917	0.9984322	1.0	4619	tags=44%, list=31%, signal=63%	
BIOCARTA_TPO_PATHWAY%MSIGDB_C2%BIOCARTA_TPO_PATHWAY	BIOCARTA_TPO_PATHWAY%MSIGDB_C2%BIOCARTA_TPO_PATHWAY		19	-0.26464966	-0.66405	0.9166667	0.99966323	1.0	909	tags=11%, list=6%, signal=11%	
REGULATION OF MITF-M-DEPENDENT GENES INVOLVED IN APOPTOSIS%REACTOME%R-HSA-9824594.3	REGULATION OF MITF-M-DEPENDENT GENES INVOLVED IN APOPTOSIS%REACTOME%R-HSA-9824594.3		15	-0.28056374	-0.66398495	0.89615786	0.99939775	1.0	2217	tags=20%, list=15%, signal=23%	
INTERACTIONS OF VPR WITH HOST CELLULAR PROTEINS%REACTOME%R-HSA-176033.4	INTERACTIONS OF VPR WITH HOST CELLULAR PROTEINS%REACTOME%R-HSA-176033.4		33	-0.23184678	-0.66019094	0.95589745	1.0	1.0	5496	tags=39%, list=37%, signal=62%	
VEGFR1 SPECIFIC SIGNALS%PATHWAY INTERACTION DATABASE NCI-NATURE CURATED DATA%VEGFR1 SPECIFIC SIGNALS	VEGFR1 SPECIFIC SIGNALS%PATHWAY INTERACTION DATABASE NCI-NATURE CURATED DATA%VEGFR1 SPECIFIC SIGNALS		27	-0.23917222	-0.6600764	0.9486166	1.0	1.0	3532	tags=33%, list=24%, signal=44%	
REGULATION OF CHROMOSOME SEGREGATION%GOBP%GO:0051983	REGULATION OF CHROMOSOME SEGREGATION%GOBP%GO:0051983		121	-0.18562758	-0.65910745	0.99895835	1.0	1.0	805	tags=5%, list=5%, signal=5%	
PEPTIDYL-LYSINE METHYLATION%GOBP%GO:0018022	PEPTIDYL-LYSINE METHYLATION%GOBP%GO:0018022		16	-0.27242994	-0.6589547	0.92769855	1.0	1.0	3037	tags=25%, list=20%, signal=31%	
PDGFR BETA PATHWAY%WIKIPATHWAYS_20260211%WP3972%HOMO SAPIENS	PDGFR BETA PATHWAY%WIKIPATHWAYS_20260211%WP3972%HOMO SAPIENS		22	-0.24703076	-0.6586949	0.9392713	1.0	1.0	909	tags=9%, list=6%, signal=10%	
INITIATION OF NUCLEAR ENVELOPE (NE) REFORMATION%REACTOME DATABASE ID RELEASE 95%2995383	INITIATION OF NUCLEAR ENVELOPE (NE) REFORMATION%REACTOME DATABASE ID RELEASE 95%2995383		16	-0.27181232	-0.6581449	0.9121339	1.0	1.0	10942	tags=100%, list=73%, signal=368%	
NUCLEAR-TRANSCRIBED MRNA CATABOLIC PROCESS%GOBP%GO:0000956	NUCLEAR-TRANSCRIBED MRNA CATABOLIC PROCESS%GOBP%GO:0000956		110	-0.18628766	-0.6574249	0.99896157	1.0	1.0	4388	tags=29%, list=29%, signal=41%	
POSITIVE REGULATION OF ACUTE INFLAMMATORY RESPONSE%GOBP%GO:0002675	POSITIVE REGULATION OF ACUTE INFLAMMATORY RESPONSE%GOBP%GO:0002675		18	-0.26596606	-0.65717465	0.922449	1.0	1.0	829	tags=11%, list=6%, signal=12%	
DUAL INCISION IN GG-NER%REACTOME%R-HSA-5696400.3	DUAL INCISION IN GG-NER%REACTOME%R-HSA-5696400.3		39	-0.2277947	-0.6567571	0.96582913	1.0	1.0	3648	tags=26%, list=24%, signal=34%	
E3 UBIQUITIN LIGASES UBIQUITINATE TARGET PROTEINS%REACTOME%R-HSA-8866654.5	E3 UBIQUITIN LIGASES UBIQUITINATE TARGET PROTEINS%REACTOME%R-HSA-8866654.5		48	-0.21228711	-0.65638053	0.9786802	1.0	1.0	3667	tags=25%, list=24%, signal=33%	
CONSTITUTIVE HETEROCHROMATIN FORMATION%GOBP%GO:0140719	CONSTITUTIVE HETEROCHROMATIN FORMATION%GOBP%GO:0140719		42	-0.21819583	-0.65576094	0.96878254	1.0	1.0	3739	tags=24%, list=25%, signal=32%	
DNA REPAIR PATHWAYS FULL NETWORK%WIKIPATHWAYS_20260211%WP4946%HOMO SAPIENS	DNA REPAIR PATHWAYS FULL NETWORK%WIKIPATHWAYS_20260211%WP4946%HOMO SAPIENS		93	-0.19115235	-0.655597	0.99367756	1.0	1.0	1310	tags=8%, list=9%, signal=8%	
PID_REELIN_PATHWAY%MSIGDB_C2%PID_REELIN_PATHWAY	PID_REELIN_PATHWAY%MSIGDB_C2%PID_REELIN_PATHWAY		22	-0.25197852	-0.65546435	0.9475891	0.99997044	1.0	1722	tags=18%, list=11%, signal=21%	
REGULATION OF ANTIGEN PROCESSING AND PRESENTATION%GOBP%GO:0002577	REGULATION OF ANTIGEN PROCESSING AND PRESENTATION%GOBP%GO:0002577		19	-0.2590773	-0.65406317	0.9340771	1.0	1.0	2436	tags=26%, list=16%, signal=31%	
POSITIVE REGULATION OF CELL CYCLE CHECKPOINT%GOBP%GO:1901978	POSITIVE REGULATION OF CELL CYCLE CHECKPOINT%GOBP%GO:1901978		26	-0.24331313	-0.6533991	0.9506173	1.0	1.0	1536	tags=12%, list=10%, signal=13%	
LAMELLIPODIUM ORGANIZATION%GOBP%GO:0097581	LAMELLIPODIUM ORGANIZATION%GOBP%GO:0097581		32	-0.23098645	-0.652044	0.9664634	1.0	1.0	2801	tags=19%, list=19%, signal=23%	
MONONUCLEAR CELL PROLIFERATION%GOBP%GO:0032943	MONONUCLEAR CELL PROLIFERATION%GOBP%GO:0032943		39	-0.22402191	-0.6505362	0.97715473	1.0	1.0	2630	tags=21%, list=18%, signal=25%	
DISEASES OF DNA REPAIR%REACTOME DATABASE ID RELEASE 95%9675135	DISEASES OF DNA REPAIR%REACTOME DATABASE ID RELEASE 95%9675135		50	-0.20958643	-0.64691997	0.98767966	1.0	1.0	744	tags=4%, list=5%, signal=4%	
MITOTIC SISTER CHROMATID SEGREGATION%GOBP%GO:0000070	MITOTIC SISTER CHROMATID SEGREGATION%GOBP%GO:0000070		131	-0.17968927	-0.64447933	1.0	1.0	1.0	1632	tags=8%, list=11%, signal=9%	
LYMPHOCYTE PROLIFERATION%GOBP%GO:0046651	LYMPHOCYTE PROLIFERATION%GOBP%GO:0046651		38	-0.2205558	-0.64363074	0.9683996	1.0	1.0	1491	tags=13%, list=10%, signal=15%	
KLEEFSTRA SYNDROME%WIKIPATHWAYS_20260211%WP5351%HOMO SAPIENS	KLEEFSTRA SYNDROME%WIKIPATHWAYS_20260211%WP5351%HOMO SAPIENS		21	-0.25018978	-0.64332014	0.9439528	1.0	1.0	358	tags=5%, list=2%, signal=5%	
BIOCARTA_AKT_PATHWAY%MSIGDB_C2%BIOCARTA_AKT_PATHWAY	BIOCARTA_AKT_PATHWAY%MSIGDB_C2%BIOCARTA_AKT_PATHWAY		15	-0.27180165	-0.64242697	0.9318424	1.0	1.0	4416	tags=33%, list=29%, signal=47%	
CELL VOLUME HOMEOSTASIS%GOBP%GO:0006884	CELL VOLUME HOMEOSTASIS%GOBP%GO:0006884		27	-0.23219399	-0.6415119	0.95626825	1.0	1.0	2503	tags=22%, list=17%, signal=27%	
RNA POLYMERASE I PROMOTER OPENING%REACTOME DATABASE ID RELEASE 95%73728	RNA POLYMERASE I PROMOTER OPENING%REACTOME DATABASE ID RELEASE 95%73728		16	-0.2663995	-0.64137316	0.9296482	1.0	1.0	4002	tags=31%, list=27%, signal=43%	
DNA REPAIR%GOBP%GO:0006281	DNA REPAIR%GOBP%GO:0006281		389	-0.1581392	-0.64008206	1.0	1.0	1.0	3710	tags=19%, list=25%, signal=25%	
SIGNALING EVENTS MEDIATED BY HDAC CLASS II%PATHWAY INTERACTION DATABASE NCI-NATURE CURATED DATA%SIGNALING EVENTS MEDIATED BY HDAC CLASS II	SIGNALING EVENTS MEDIATED BY HDAC CLASS II%PATHWAY INTERACTION DATABASE NCI-NATURE CURATED DATA%SIGNALING EVENTS MEDIATED BY HDAC CLASS II		34	-0.22028925	-0.6399954	0.9671795	1.0	1.0	4705	tags=38%, list=31%, signal=56%	
IMATINIB INHIBITION OF BCR-ABL%SMPDB%SMP0031694	IMATINIB INHIBITION OF BCR-ABL%SMPDB%SMP0031694		19	-0.2569021	-0.6373329	0.94668007	1.0	1.0	3716	tags=37%, list=25%, signal=49%	
MITOTIC PROPHASE%REACTOME%R-HSA-68875.7	MITOTIC PROPHASE%REACTOME%R-HSA-68875.7		86	-0.18714769	-0.6369176	0.9939394	1.0	1.0	4160	tags=20%, list=28%, signal=27%	
REGULATION OF BIOLOGICAL PROCESS INVOLVED IN SYMBIOTIC INTERACTION%GOBP%GO:0043903	REGULATION OF BIOLOGICAL PROCESS INVOLVED IN SYMBIOTIC INTERACTION%GOBP%GO:0043903		29	-0.22686705	-0.6365446	0.969104	1.0	1.0	3585	tags=34%, list=24%, signal=45%	
BIOCARTA_VEGF_PATHWAY%MSIGDB_C2%BIOCARTA_VEGF_PATHWAY	BIOCARTA_VEGF_PATHWAY%MSIGDB_C2%BIOCARTA_VEGF_PATHWAY		22	-0.24162708	-0.6364495	0.9468938	1.0	1.0	4592	tags=41%, list=31%, signal=59%	
AGE RELATED MACULAR DEGENERATION%WIKIPATHWAYS_20260211%WP5526%HOMO SAPIENS	AGE RELATED MACULAR DEGENERATION%WIKIPATHWAYS_20260211%WP5526%HOMO SAPIENS		15	-0.2728132	-0.6348064	0.9310345	1.0	1.0	1595	tags=13%, list=11%, signal=15%	
NEGATIVE REGULATION OF MRNA METABOLIC PROCESS%GOBP%GO:1903312	NEGATIVE REGULATION OF MRNA METABOLIC PROCESS%GOBP%GO:1903312		90	-0.18395707	-0.63079786	0.99798185	1.0	1.0	4492	tags=34%, list=30%, signal=49%	
NAD BIOSYNTHETIC PATHWAYS%WIKIPATHWAYS_20260211%WP3645%HOMO SAPIENS	NAD BIOSYNTHETIC PATHWAYS%WIKIPATHWAYS_20260211%WP3645%HOMO SAPIENS		19	-0.25385568	-0.63079464	0.93817466	1.0	1.0	4453	tags=42%, list=30%, signal=60%	
SNRNA 3'-END PROCESSING%GOBP%GO:0034472	SNRNA 3'-END PROCESSING%GOBP%GO:0034472		22	-0.24134786	-0.6300848	0.9602851	1.0	1.0	4969	tags=55%, list=33%, signal=81%	
TELOMERE END PACKAGING AND NEURODEVELOPMENTAL DISORDERS%WIKIPATHWAYS_20260211%WP5567%HOMO SAPIENS	TELOMERE END PACKAGING AND NEURODEVELOPMENTAL DISORDERS%WIKIPATHWAYS_20260211%WP5567%HOMO SAPIENS		18	-0.2531928	-0.6285635	0.9326633	1.0	1.0	4002	tags=33%, list=27%, signal=45%	
DNA BIOSYNTHETIC PROCESS%GOBP%GO:0071897	DNA BIOSYNTHETIC PROCESS%GOBP%GO:0071897		60	-0.19613764	-0.62708306	0.99196786	1.0	1.0	1269	tags=8%, list=8%, signal=9%	
REGULATION OF MIRNA-MEDIATED GENE SILENCING%GOBP%GO:0060964	REGULATION OF MIRNA-MEDIATED GENE SILENCING%GOBP%GO:0060964		25	-0.23121159	-0.62642103	0.9593909	1.0	1.0	3076	tags=20%, list=20%, signal=25%	
CELLULAR RESPONSE TO MISFOLDED PROTEIN%GOBP%GO:0071218	CELLULAR RESPONSE TO MISFOLDED PROTEIN%GOBP%GO:0071218		16	-0.2594734	-0.6262877	0.9470405	1.0	1.0	3349	tags=25%, list=22%, signal=32%	
POSITIVE REGULATION OF AXON EXTENSION%GOBP%GO:0045773	POSITIVE REGULATION OF AXON EXTENSION%GOBP%GO:0045773		18	-0.2545013	-0.6259719	0.9526749	1.0	1.0	1881	tags=17%, list=13%, signal=19%	
BIOCARTA_P38MAPK_PATHWAY%MSIGDB_C2%BIOCARTA_P38MAPK_PATHWAY	BIOCARTA_P38MAPK_PATHWAY%MSIGDB_C2%BIOCARTA_P38MAPK_PATHWAY		27	-0.228527	-0.62496287	0.9696017	1.0	1.0	1767	tags=11%, list=12%, signal=13%	
DNA DAMAGE TOLERANCE%GOBP%GO:0006301	DNA DAMAGE TOLERANCE%GOBP%GO:0006301		35	-0.21713492	-0.6239088	0.9845041	1.0	1.0	1203	tags=9%, list=8%, signal=9%	
NITRIC OXIDE MEDIATED SIGNAL TRANSDUCTION%GOBP%GO:0007263	NITRIC OXIDE MEDIATED SIGNAL TRANSDUCTION%GOBP%GO:0007263		15	-0.26432967	-0.62385446	0.93623805	1.0	1.0	3712	tags=40%, list=25%, signal=53%	
SISTER CHROMATID SEGREGATION%GOBP%GO:0000819	SISTER CHROMATID SEGREGATION%GOBP%GO:0000819		135	-0.17329146	-0.62248856	1.0	1.0	1.0	1632	tags=8%, list=11%, signal=9%	
REGULATION OF POST-TRANSCRIPTIONAL GENE SILENCING BY REGULATORY NCRNA%GOBP%GO:1900368	REGULATION OF POST-TRANSCRIPTIONAL GENE SILENCING BY REGULATORY NCRNA%GOBP%GO:1900368		25	-0.23121159	-0.6212748	0.9605123	1.0	1.0	3076	tags=20%, list=20%, signal=25%	
BIOCARTA_TID_PATHWAY%MSIGDB_C2%BIOCARTA_TID_PATHWAY	BIOCARTA_TID_PATHWAY%MSIGDB_C2%BIOCARTA_TID_PATHWAY		15	-0.25845277	-0.61458755	0.9632653	1.0	1.0	4737	tags=33%, list=32%, signal=49%	
REGULATION OF POST-TRANSCRIPTIONAL GENE SILENCING%GOBP%GO:0060147	REGULATION OF POST-TRANSCRIPTIONAL GENE SILENCING%GOBP%GO:0060147		25	-0.23121159	-0.61395514	0.965966	1.0	1.0	3076	tags=20%, list=20%, signal=25%	
RESPONSE TO ARSENIC-CONTAINING SUBSTANCE%GOBP%GO:0046685	RESPONSE TO ARSENIC-CONTAINING SUBSTANCE%GOBP%GO:0046685		18	-0.24571559	-0.6131949	0.953954	1.0	1.0	2836	tags=22%, list=19%, signal=27%	
ACTIVATION OF IRF3, IRF7 MEDIATED BY TBK1, IKKΕ (IKBKE)%REACTOME%R-HSA-936964.6	ACTIVATION OF IRF3, IRF7 MEDIATED BY TBK1, IKKΕ (IKBKE)%REACTOME%R-HSA-936964.6		16	-0.25053605	-0.6108092	0.9526749	1.0	1.0	4543	tags=31%, list=30%, signal=45%	
BIOCARTA_PDGF_PATHWAY%MSIGDB_C2%BIOCARTA_PDGF_PATHWAY	BIOCARTA_PDGF_PATHWAY%MSIGDB_C2%BIOCARTA_PDGF_PATHWAY		23	-0.23275389	-0.6106671	0.97116375	1.0	1.0	909	tags=9%, list=6%, signal=9%	
NEGATIVE REGULATION OF OXIDATIVE STRESS-INDUCED INTRINSIC APOPTOTIC SIGNALING PATHWAY%GOBP%GO:1902176	NEGATIVE REGULATION OF OXIDATIVE STRESS-INDUCED INTRINSIC APOPTOTIC SIGNALING PATHWAY%GOBP%GO:1902176		21	-0.23819791	-0.60900164	0.96566075	1.0	1.0	2634	tags=19%, list=18%, signal=23%	
22Q11 2 DISTAL CNV%WIKIPATHWAYS_20260211%WP5546%HOMO SAPIENS	22Q11 2 DISTAL CNV%WIKIPATHWAYS_20260211%WP5546%HOMO SAPIENS		110	-0.17244188	-0.6086539	1.0	1.0	1.0	3244	tags=17%, list=22%, signal=22%	
PROTEIN TARGETING TO LYSOSOME%GOBP%GO:0006622	PROTEIN TARGETING TO LYSOSOME%GOBP%GO:0006622		26	-0.22545633	-0.6079881	0.9747475	1.0	1.0	4204	tags=35%, list=28%, signal=48%	
CAP-DEPENDENT TRANSLATION INITIATION%REACTOME%R-HSA-72737.4	CAP-DEPENDENT TRANSLATION INITIATION%REACTOME%R-HSA-72737.4		116	-0.16913426	-0.60155404	1.0	1.0	1.0	5690	tags=41%, list=38%, signal=66%	
RNA POLYMERASE II TRANSCRIPTION INITIATION SURVEILLANCE%GOBP%GO:0160240	RNA POLYMERASE II TRANSCRIPTION INITIATION SURVEILLANCE%GOBP%GO:0160240		19	-0.23671195	-0.599752	0.9587629	1.0	1.0	4969	tags=47%, list=33%, signal=71%	
POSITIVE REGULATION OF MITOTIC METAPHASE/ANAPHASE TRANSITION%GOBP%GO:0045842	POSITIVE REGULATION OF MITOTIC METAPHASE/ANAPHASE TRANSITION%GOBP%GO:0045842		16	-0.24693039	-0.5992573	0.9675197	1.0	1.0	1848	tags=13%, list=12%, signal=14%	
EUKARYOTIC TRANSLATION INITIATION%REACTOME%R-HSA-72613.5	EUKARYOTIC TRANSLATION INITIATION%REACTOME%R-HSA-72613.5		116	-0.16913426	-0.5989762	1.0	1.0	1.0	5690	tags=41%, list=38%, signal=66%	
POSITIVE REGULATION OF METAPHASE/ANAPHASE TRANSITION OF CELL CYCLE%GOBP%GO:1902101	POSITIVE REGULATION OF METAPHASE/ANAPHASE TRANSITION OF CELL CYCLE%GOBP%GO:1902101		16	-0.24693039	-0.5956998	0.9592668	1.0	1.0	1848	tags=13%, list=12%, signal=14%	
REGULATION OF ANDROGEN RECEPTOR SIGNALING PATHWAY%GOBP%GO:0060765	REGULATION OF ANDROGEN RECEPTOR SIGNALING PATHWAY%GOBP%GO:0060765		28	-0.21698344	-0.5956917	0.9796748	1.0	1.0	1924	tags=11%, list=13%, signal=12%	
BASE-EXCISION REPAIR%GOBP%GO:0006284	BASE-EXCISION REPAIR%GOBP%GO:0006284		40	-0.200948	-0.5954819	0.9891089	1.0	1.0	12010	tags=100%, list=80%, signal=498%	
NONSENSE MEDIATED DECAY (NMD) INDEPENDENT OF THE EXON JUNCTION COMPLEX (EJC)%REACTOME%R-HSA-975956.2	NONSENSE MEDIATED DECAY (NMD) INDEPENDENT OF THE EXON JUNCTION COMPLEX (EJC)%REACTOME%R-HSA-975956.2		92	-0.17434238	-0.5947441	1.0	1.0	1.0	5690	tags=42%, list=38%, signal=68%	
NUCLEOSIDE MONOPHOSPHATE METABOLIC PROCESS%GOBP%GO:0009123	NUCLEOSIDE MONOPHOSPHATE METABOLIC PROCESS%GOBP%GO:0009123		38	-0.20163232	-0.593004	0.9926931	1.0	1.0	2297	tags=16%, list=15%, signal=19%	
MITOCHONDRIAL RNA METABOLIC PROCESS%GOBP%GO:0000959	MITOCHONDRIAL RNA METABOLIC PROCESS%GOBP%GO:0000959		52	-0.1893196	-0.59127	0.9959637	1.0	1.0	5362	tags=42%, list=36%, signal=66%	
DOWNREGULATION OF SMAD2 3:SMAD4 TRANSCRIPTIONAL ACTIVITY%REACTOME DATABASE ID RELEASE 95%2173795	DOWNREGULATION OF SMAD2 3:SMAD4 TRANSCRIPTIONAL ACTIVITY%REACTOME DATABASE ID RELEASE 95%2173795		28	-0.21375348	-0.5912191	0.9808661	1.0	1.0	1924	tags=11%, list=13%, signal=12%	
D-GLUCOSE TRANSMEMBRANE TRANSPORT%GOBP%GO:1904659	D-GLUCOSE TRANSMEMBRANE TRANSPORT%GOBP%GO:1904659		22	-0.2274266	-0.59067625	0.9757576	1.0	1.0	761	tags=9%, list=5%, signal=10%	
PHYSIOLOGICAL AND PATHOLOGICAL HYPERTROPHY OF THE HEART%WIKIPATHWAYS_20260211%WP1528%HOMO SAPIENS	PHYSIOLOGICAL AND PATHOLOGICAL HYPERTROPHY OF THE HEART%WIKIPATHWAYS_20260211%WP1528%HOMO SAPIENS		19	-0.23400241	-0.59049076	0.9696356	1.0	1.0	2864	tags=21%, list=19%, signal=26%	
MITOCHONDRION TRANSPORT ALONG MICROTUBULE%GOBP%GO:0047497	MITOCHONDRION TRANSPORT ALONG MICROTUBULE%GOBP%GO:0047497		21	-0.22925156	-0.587714	0.97278225	1.0	1.0	3203	tags=24%, list=21%, signal=30%	
PROCESSING OF DNA DOUBLE-STRAND BREAK ENDS%REACTOME%R-HSA-5693607.4	PROCESSING OF DNA DOUBLE-STRAND BREAK ENDS%REACTOME%R-HSA-5693607.4		70	-0.17877828	-0.5863776	0.9989827	1.0	1.0	4002	tags=23%, list=27%, signal=31%	
LAMELLIPODIUM ASSEMBLY%GOBP%GO:0030032	LAMELLIPODIUM ASSEMBLY%GOBP%GO:0030032		26	-0.21593037	-0.58564925	0.97755104	1.0	1.0	2801	tags=19%, list=19%, signal=24%	
DNA REPLICATION%WIKIPATHWAYS_20260211%WP466%HOMO SAPIENS	DNA REPLICATION%WIKIPATHWAYS_20260211%WP466%HOMO SAPIENS		32	-0.20775443	-0.58543533	0.99002	1.0	1.0	4717	tags=28%, list=31%, signal=41%	
PROTEIN IMPORT INTO NUCLEUS%GOBP%GO:0006606	PROTEIN IMPORT INTO NUCLEUS%GOBP%GO:0006606		74	-0.17477481	-0.5849624	1.0	1.0	1.0	4049	tags=22%, list=27%, signal=29%	
CORTICAL ACTIN CYTOSKELETON ORGANIZATION%GOBP%GO:0030866	CORTICAL ACTIN CYTOSKELETON ORGANIZATION%GOBP%GO:0030866		25	-0.21677037	-0.5847279	0.9764826	1.0	1.0	2088	tags=12%, list=14%, signal=14%	
ESTABLISHMENT OF MITOCHONDRION LOCALIZATION, MICROTUBULE-MEDIATED%GOBP%GO:0034643	ESTABLISHMENT OF MITOCHONDRION LOCALIZATION, MICROTUBULE-MEDIATED%GOBP%GO:0034643		21	-0.22925156	-0.58360887	0.9759666	1.0	1.0	3203	tags=24%, list=21%, signal=30%	
POSITIVE REGULATION OF RECEPTOR SIGNALING PATHWAY VIA JAK-STAT%GOBP%GO:0046427	POSITIVE REGULATION OF RECEPTOR SIGNALING PATHWAY VIA JAK-STAT%GOBP%GO:0046427		26	-0.21369506	-0.57844615	0.9836401	1.0	1.0	3246	tags=19%, list=22%, signal=24%	
MITOTIC METAPHASE CHROMOSOME ALIGNMENT%GOBP%GO:0007080	MITOTIC METAPHASE CHROMOSOME ALIGNMENT%GOBP%GO:0007080		57	-0.18071122	-0.57412076	0.99896693	1.0	1.0	4754	tags=33%, list=32%, signal=49%	
CYCLIN DEPENDENT KINASE 4 6 INHIBITORS IN BREAST CANCER%WIKIPATHWAYS_20260211%WP5497%HOMO SAPIENS	CYCLIN DEPENDENT KINASE 4 6 INHIBITORS IN BREAST CANCER%WIKIPATHWAYS_20260211%WP5497%HOMO SAPIENS		28	-0.21114327	-0.5739556	0.9891197	1.0	1.0	3342	tags=18%, list=22%, signal=23%	
VIRAL MRNA TRANSLATION%REACTOME DATABASE ID RELEASE 95%192823	VIRAL MRNA TRANSLATION%REACTOME DATABASE ID RELEASE 95%192823		86	-0.17000428	-0.57294726	1.0	1.0	1.0	6160	tags=52%, list=41%, signal=88%	
POSITIVE REGULATION OF MITOTIC SISTER CHROMATID SEPARATION%GOBP%GO:1901970	POSITIVE REGULATION OF MITOTIC SISTER CHROMATID SEPARATION%GOBP%GO:1901970		20	-0.22520074	-0.56994975	0.98163265	1.0	1.0	1848	tags=10%, list=12%, signal=11%	
TRNA METHYLATION%GOBP%GO:0030488	TRNA METHYLATION%GOBP%GO:0030488		38	-0.19682463	-0.56868637	0.9958635	1.0	1.0	3130	tags=21%, list=21%, signal=27%	
ABERRANT REGULATION OF MITOTIC EXIT IN CANCER DUE TO RB1 DEFECTS%REACTOME DATABASE ID RELEASE 95%9687136	ABERRANT REGULATION OF MITOTIC EXIT IN CANCER DUE TO RB1 DEFECTS%REACTOME DATABASE ID RELEASE 95%9687136		20	-0.22287393	-0.56698793	0.97268295	1.0	1.0	5145	tags=40%, list=34%, signal=61%	
ISG15 ANTIVIRAL MECHANISM%REACTOME DATABASE ID RELEASE 95%1169408	ISG15 ANTIVIRAL MECHANISM%REACTOME DATABASE ID RELEASE 95%1169408		71	-0.1725192	-0.56598216	0.9979879	1.0	1.0	3077	tags=15%, list=20%, signal=19%	
ACTIVATION OF THE MRNA UPON BINDING OF THE CAP-BINDING COMPLEX AND EIFS, AND SUBSEQUENT BINDING TO 43S%REACTOME%R-HSA-72662.5	ACTIVATION OF THE MRNA UPON BINDING OF THE CAP-BINDING COMPLEX AND EIFS, AND SUBSEQUENT BINDING TO 43S%REACTOME%R-HSA-72662.5		59	-0.17567109	-0.5620748	1.0	1.0	1.0	4726	tags=27%, list=31%, signal=39%	
DNA REPLICATION%GOBP%GO:0006260	DNA REPLICATION%GOBP%GO:0006260		192	-0.14774708	-0.5620714	1.0	1.0	1.0	1422	tags=6%, list=9%, signal=6%	
HSP90 CHAPERONE CYCLE FOR SHRS%REACTOME DATABASE ID RELEASE 95%3371497	HSP90 CHAPERONE CYCLE FOR SHRS%REACTOME DATABASE ID RELEASE 95%3371497		37	-0.19159266	-0.5619666	0.9969008	1.0	1.0	1408	tags=8%, list=9%, signal=9%	
ENDOPLASMIC RETICULUM TUBULAR NETWORK ORGANIZATION%GOBP%GO:0071786	ENDOPLASMIC RETICULUM TUBULAR NETWORK ORGANIZATION%GOBP%GO:0071786		20	-0.22246458	-0.560975	0.9820538	1.0	1.0	3795	tags=35%, list=25%, signal=47%	
NS1 MEDIATED EFFECTS ON HOST PATHWAYS%REACTOME DATABASE ID RELEASE 95%168276	NS1 MEDIATED EFFECTS ON HOST PATHWAYS%REACTOME DATABASE ID RELEASE 95%168276		40	-0.18824403	-0.5588795	0.9979275	1.0	1.0	10657	tags=98%, list=71%, signal=335%	
NUCLEAR ENVELOPE BREAKDOWN%REACTOME%R-HSA-2980766.4	NUCLEAR ENVELOPE BREAKDOWN%REACTOME%R-HSA-2980766.4		46	-0.1817322	-0.55132604	0.997	1.0	1.0	5496	tags=37%, list=37%, signal=58%	
POSITIVE REGULATION OF ATP-DEPENDENT ACTIVITY%GOBP%GO:0032781	POSITIVE REGULATION OF ATP-DEPENDENT ACTIVITY%GOBP%GO:0032781		19	-0.2203546	-0.5502749	0.9837728	1.0	1.0	3143	tags=21%, list=21%, signal=27%	
AUTOPHAGY%WIKIPATHWAYS_20260211%WP4923%HOMO SAPIENS	AUTOPHAGY%WIKIPATHWAYS_20260211%WP4923%HOMO SAPIENS		24	-0.20813994	-0.54994947	0.9915612	1.0	1.0	1713	tags=13%, list=11%, signal=14%	
DNA MISMATCH REPAIR%WIKIPATHWAYS_20260211%WP531%HOMO SAPIENS	DNA MISMATCH REPAIR%WIKIPATHWAYS_20260211%WP531%HOMO SAPIENS		18	-0.22226323	-0.5474939	0.9897225	1.0	1.0	5397	tags=44%, list=36%, signal=69%	
PID_HDAC_CLASSII_PATHWAY%MSIGDB_C2%PID_HDAC_CLASSII_PATHWAY	PID_HDAC_CLASSII_PATHWAY%MSIGDB_C2%PID_HDAC_CLASSII_PATHWAY		25	-0.20553517	-0.5458282	0.99065423	1.0	1.0	1990	tags=12%, list=13%, signal=14%	
POSITIVE REGULATION OF G1/S TRANSITION OF MITOTIC CELL CYCLE%GOBP%GO:1900087	POSITIVE REGULATION OF G1/S TRANSITION OF MITOTIC CELL CYCLE%GOBP%GO:1900087		33	-0.19300163	-0.5451078	0.99891305	1.0	1.0	3102	tags=21%, list=21%, signal=27%	
CONDENSATION OF PROPHASE CHROMOSOMES%REACTOME DATABASE ID RELEASE 95%2299718	CONDENSATION OF PROPHASE CHROMOSOMES%REACTOME DATABASE ID RELEASE 95%2299718		25	-0.19999719	-0.5441889	0.987667	1.0	1.0	1428	tags=8%, list=10%, signal=9%	
ACTIVATED PKN1 STIMULATES TRANSCRIPTION OF AR (ANDROGEN RECEPTOR) REGULATED GENES KLK2 AND KLK3%REACTOME DATABASE ID RELEASE 95%5625886	ACTIVATED PKN1 STIMULATES TRANSCRIPTION OF AR (ANDROGEN RECEPTOR) REGULATED GENES KLK2 AND KLK3%REACTOME DATABASE ID RELEASE 95%5625886		18	-0.22176841	-0.54407763	0.9852165	1.0	1.0	557	tags=6%, list=4%, signal=6%	
PURINE METABOLISM AND RELATED DISORDERS%WIKIPATHWAYS_20260211%WP4224%HOMO SAPIENS	PURINE METABOLISM AND RELATED DISORDERS%WIKIPATHWAYS_20260211%WP4224%HOMO SAPIENS		15	-0.22982349	-0.54211366	0.97959185	1.0	1.0	2986	tags=27%, list=20%, signal=33%	
SUMOYLATION OF DNA REPLICATION PROTEINS%REACTOME DATABASE ID RELEASE 95%4615885	SUMOYLATION OF DNA REPLICATION PROTEINS%REACTOME DATABASE ID RELEASE 95%4615885		43	-0.1789262	-0.5412239	0.9979424	1.0	1.0	392	tags=2%, list=3%, signal=2%	
POSITIVE REGULATION OF CHROMOSOME SEPARATION%GOBP%GO:1905820	POSITIVE REGULATION OF CHROMOSOME SEPARATION%GOBP%GO:1905820		22	-0.20718743	-0.5409511	0.9928934	1.0	1.0	1848	tags=9%, list=12%, signal=10%	
ASSEMBLY OF THE ORC COMPLEX AT THE ORIGIN OF REPLICATION%REACTOME%R-HSA-68616.6	ASSEMBLY OF THE ORC COMPLEX AT THE ORIGIN OF REPLICATION%REACTOME%R-HSA-68616.6		22	-0.20784158	-0.54073924	0.98049283	1.0	1.0	11903	tags=100%, list=79%, signal=481%	
CYTOPLASMIC TRANSLATIONAL INITIATION%GOBP%GO:0002183	CYTOPLASMIC TRANSLATIONAL INITIATION%GOBP%GO:0002183		36	-0.18666102	-0.5392565	0.9989858	1.0	1.0	930	tags=6%, list=6%, signal=6%	
NEGATIVE REGULATION OF MYOBLAST FUSION%GOBP%GO:1901740	NEGATIVE REGULATION OF MYOBLAST FUSION%GOBP%GO:1901740		45	-0.17749722	-0.5379976	0.99804497	1.0	1.0	5463	tags=47%, list=36%, signal=73%	
SIRT1 NEGATIVELY REGULATES RRNA EXPRESSION%REACTOME DATABASE ID RELEASE 95%427359	SIRT1 NEGATIVELY REGULATES RRNA EXPRESSION%REACTOME DATABASE ID RELEASE 95%427359		21	-0.20782772	-0.53777534	0.9847619	1.0	1.0	11903	tags=100%, list=79%, signal=481%	
BASE EXCISION REPAIR%REACTOME DATABASE ID RELEASE 95%73884	BASE EXCISION REPAIR%REACTOME DATABASE ID RELEASE 95%73884		55	-0.170121	-0.5351706	1.0	1.0	1.0	5397	tags=36%, list=36%, signal=57%	
ATTACHMENT OF MITOTIC SPINDLE MICROTUBULES TO KINETOCHORE%GOBP%GO:0051315	ATTACHMENT OF MITOTIC SPINDLE MICROTUBULES TO KINETOCHORE%GOBP%GO:0051315		17	-0.21668586	-0.5294326	0.9856263	1.0	1.0	3695	tags=24%, list=25%, signal=31%	
MATURATION OF LSU-RRNA%GOBP%GO:0000470	MATURATION OF LSU-RRNA%GOBP%GO:0000470		31	-0.18758456	-0.52804625	0.9938208	1.0	1.0	4394	tags=29%, list=29%, signal=41%	
REGULATION OF TP53 ACTIVITY THROUGH PHOSPHORYLATION%REACTOME%R-HSA-6804756.4	REGULATION OF TP53 ACTIVITY THROUGH PHOSPHORYLATION%REACTOME%R-HSA-6804756.4		90	-0.15339388	-0.5267624	1.0	1.0	1.0	3771	tags=19%, list=25%, signal=25%	
MRNA PROCESSING%WIKIPATHWAYS_20260211%WP411%HOMO SAPIENS	MRNA PROCESSING%WIKIPATHWAYS_20260211%WP411%HOMO SAPIENS		96	-0.1531634	-0.5261166	1.0	1.0	1.0	5092	tags=38%, list=34%, signal=56%	
GOLGI TO ENDOSOME TRANSPORT%GOBP%GO:0006895	GOLGI TO ENDOSOME TRANSPORT%GOBP%GO:0006895		18	-0.21261929	-0.5257141	0.98677516	1.0	1.0	562	tags=6%, list=4%, signal=6%	
REGULATION OF CDH1 POSTTRANSLATIONAL PROCESSING AND TRAFFICKING TO PLASMA MEMBRANE%REACTOME DATABASE ID RELEASE 95%9768727	REGULATION OF CDH1 POSTTRANSLATIONAL PROCESSING AND TRAFFICKING TO PLASMA MEMBRANE%REACTOME DATABASE ID RELEASE 95%9768727		31	-0.18521953	-0.52048576	0.99898475	1.0	1.0	5338	tags=48%, list=36%, signal=75%	
PROTEIN ACETYLATION%GOBP%GO:0006473	PROTEIN ACETYLATION%GOBP%GO:0006473		23	-0.197182	-0.5156864	0.997996	1.0	1.0	3707	tags=26%, list=25%, signal=35%	
PHOSPHORYLATION OF THE APC C%REACTOME%R-HSA-176412.4	PHOSPHORYLATION OF THE APC C%REACTOME%R-HSA-176412.4		20	-0.19961606	-0.50508195	0.9938462	1.0	1.0	5744	tags=45%, list=38%, signal=73%	
AMYLOID FIBRIL FORMATION%GOBP%GO:1990000	AMYLOID FIBRIL FORMATION%GOBP%GO:1990000		22	-0.19020294	-0.49718404	0.99202394	1.0	1.0	2999	tags=18%, list=20%, signal=23%	
T CELL PROLIFERATION%GOBP%GO:0042098	T CELL PROLIFERATION%GOBP%GO:0042098		18	-0.19785221	-0.49639344	0.99503475	1.0	1.0	4396	tags=33%, list=29%, signal=47%	
HDR THROUGH HOMOLOGOUS RECOMBINATION (HRR)%REACTOME DATABASE ID RELEASE 95%5685942	HDR THROUGH HOMOLOGOUS RECOMBINATION (HRR)%REACTOME DATABASE ID RELEASE 95%5685942		68	-0.15100071	-0.49473998	1.0	1.0	1.0	3759	tags=18%, list=25%, signal=23%	
HSF1-DEPENDENT TRANSACTIVATION%REACTOME%R-HSA-3371571.3	HSF1-DEPENDENT TRANSACTIVATION%REACTOME%R-HSA-3371571.3		23	-0.18684983	-0.48852766	0.99898064	1.0	1.0	12218	tags=100%, list=81%, signal=535%	
REMOVAL OF THE FLAP INTERMEDIATE FROM THE C-STRAND%REACTOME DATABASE ID RELEASE 95%174437	REMOVAL OF THE FLAP INTERMEDIATE FROM THE C-STRAND%REACTOME DATABASE ID RELEASE 95%174437		17	-0.195689	-0.48792037	0.9969481	1.0	1.0	3648	tags=24%, list=24%, signal=31%	
DISEASES ASSOCIATED WITH N-GLYCOSYLATION OF PROTEINS%REACTOME DATABASE ID RELEASE 95%3781860	DISEASES ASSOCIATED WITH N-GLYCOSYLATION OF PROTEINS%REACTOME DATABASE ID RELEASE 95%3781860		20	-0.19106805	-0.48457465	0.99478626	1.0	1.0	3405	tags=25%, list=23%, signal=32%	
CONVERSION FROM APC C:CDC20 TO APC C:CDH1 IN LATE ANAPHASE%REACTOME DATABASE ID RELEASE 95%176407	CONVERSION FROM APC C:CDC20 TO APC C:CDH1 IN LATE ANAPHASE%REACTOME DATABASE ID RELEASE 95%176407		20	-0.1849129	-0.47242874	0.993921	1.0	1.0	1956	tags=10%, list=13%, signal=11%	
TRANSPORT OF MATURE MRNAS DERIVED FROM INTRONLESS TRANSCRIPTS%REACTOME DATABASE ID RELEASE 95%159234	TRANSPORT OF MATURE MRNAS DERIVED FROM INTRONLESS TRANSCRIPTS%REACTOME DATABASE ID RELEASE 95%159234		40	-0.15850058	-0.4700123	0.99897957	1.0	1.0	5496	tags=43%, list=37%, signal=67%	
GTP HYDROLYSIS AND JOINING OF THE 60S RIBOSOMAL SUBUNIT%REACTOME%R-HSA-72706.4	GTP HYDROLYSIS AND JOINING OF THE 60S RIBOSOMAL SUBUNIT%REACTOME%R-HSA-72706.4		109	-0.13240737	-0.4682705	1.0	1.0	1.0	5463	tags=37%, list=36%, signal=57%	
REGULATION OF ATTACHMENT OF SPINDLE MICROTUBULES TO KINETOCHORE%GOBP%GO:0051988	REGULATION OF ATTACHMENT OF SPINDLE MICROTUBULES TO KINETOCHORE%GOBP%GO:0051988		22	-0.1819836	-0.4651905	0.9979317	1.0	1.0	744	tags=5%, list=5%, signal=5%	
RIBONUCLEOSIDE MONOPHOSPHATE BIOSYNTHETIC PROCESS%GOBP%GO:0009156	RIBONUCLEOSIDE MONOPHOSPHATE BIOSYNTHETIC PROCESS%GOBP%GO:0009156		20	-0.17992544	-0.4562176	0.99693877	1.0	1.0	3612	tags=25%, list=24%, signal=33%	
TRANSPORT OF MATURE MRNA DERIVED FROM AN INTRONLESS TRANSCRIPT%REACTOME DATABASE ID RELEASE 95%159231	TRANSPORT OF MATURE MRNA DERIVED FROM AN INTRONLESS TRANSCRIPT%REACTOME DATABASE ID RELEASE 95%159231		39	-0.15108232	-0.44448462	1.0	1.0	1.0	5496	tags=41%, list=37%, signal=65%	
TRANSLESION SYNTHESIS BY REV1%REACTOME%R-HSA-110312.3	TRANSLESION SYNTHESIS BY REV1%REACTOME%R-HSA-110312.3		16	-0.18283553	-0.44033435	0.9979445	1.0	1.0	4224	tags=25%, list=28%, signal=35%	
IMPAIRED BRCA2 BINDING TO PALB2%REACTOME DATABASE ID RELEASE 95%9709603	IMPAIRED BRCA2 BINDING TO PALB2%REACTOME DATABASE ID RELEASE 95%9709603		24	-0.15999801	-0.4310489	1.0	1.0	1.0	744	tags=4%, list=5%, signal=4%	
DEFECTIVE HOMOLOGOUS RECOMBINATION REPAIR (HRR) DUE TO PALB2 LOSS OF FUNCTION%REACTOME DATABASE ID RELEASE 95%9701193	DEFECTIVE HOMOLOGOUS RECOMBINATION REPAIR (HRR) DUE TO PALB2 LOSS OF FUNCTION%REACTOME DATABASE ID RELEASE 95%9701193		25	-0.15776525	-0.42968458	1.0	1.0	1.0	744	tags=4%, list=5%, signal=4%	
TRANSLESION SYNTHESIS BY POLI%REACTOME%R-HSA-5656121.2	TRANSLESION SYNTHESIS BY POLI%REACTOME%R-HSA-5656121.2		17	-0.17412493	-0.42851967	0.9989637	1.0	1.0	4224	tags=24%, list=28%, signal=33%	
DEFECTIVE HOMOLOGOUS RECOMBINATION REPAIR (HRR) DUE TO BRCA1 LOSS OF FUNCTION%REACTOME%R-HSA-9701192.4	DEFECTIVE HOMOLOGOUS RECOMBINATION REPAIR (HRR) DUE TO BRCA1 LOSS OF FUNCTION%REACTOME%R-HSA-9701192.4		25	-0.15776525	-0.4266349	1.0	1.0	1.0	744	tags=4%, list=5%, signal=4%	
DEFECTIVE HDR THROUGH HOMOLOGOUS RECOMBINATION REPAIR (HRR) DUE TO PALB2 LOSS OF BRCA1 BINDING FUNCTION%REACTOME%R-HSA-9704331.4	DEFECTIVE HDR THROUGH HOMOLOGOUS RECOMBINATION REPAIR (HRR) DUE TO PALB2 LOSS OF BRCA1 BINDING FUNCTION%REACTOME%R-HSA-9704331.4		25	-0.15776525	-0.42605674	0.99898785	1.0	1.0	744	tags=4%, list=5%, signal=4%	
L13A-MEDIATED TRANSLATIONAL SILENCING OF CERULOPLASMIN EXPRESSION%REACTOME%R-HSA-156827.5	L13A-MEDIATED TRANSLATIONAL SILENCING OF CERULOPLASMIN EXPRESSION%REACTOME%R-HSA-156827.5		108	-0.11981529	-0.4201844	1.0	1.0	1.0	5463	tags=36%, list=36%, signal=56%	
DEFECTIVE HDR THROUGH HOMOLOGOUS RECOMBINATION REPAIR (HRR) DUE TO PALB2 LOSS OF BRCA2 RAD51 RAD51C BINDING FUNCTION%REACTOME%R-HSA-9704646.4	DEFECTIVE HDR THROUGH HOMOLOGOUS RECOMBINATION REPAIR (HRR) DUE TO PALB2 LOSS OF BRCA2 RAD51 RAD51C BINDING FUNCTION%REACTOME%R-HSA-9704646.4		25	-0.15776525	-0.41585043	1.0	1.0	1.0	744	tags=4%, list=5%, signal=4%	
INHIBITION OF THE PROTEOLYTIC ACTIVITY OF APC C REQUIRED FOR THE ONSET OF ANAPHASE BY MITOTIC SPINDLE CHECKPOINT COMPONENTS%REACTOME DATABASE ID RELEASE 95%141405	INHIBITION OF THE PROTEOLYTIC ACTIVITY OF APC C REQUIRED FOR THE ONSET OF ANAPHASE BY MITOTIC SPINDLE CHECKPOINT COMPONENTS%REACTOME DATABASE ID RELEASE 95%141405		21	-0.16022511	-0.4135468	1.0	1.0	1.0	1956	tags=10%, list=13%, signal=11%	
INACTIVATION OF APC C VIA DIRECT INHIBITION OF THE APC C COMPLEX%REACTOME%R-HSA-141430.3	INACTIVATION OF APC C VIA DIRECT INHIBITION OF THE APC C COMPLEX%REACTOME%R-HSA-141430.3		21	-0.16022511	-0.412133	0.99895287	1.0	1.0	1956	tags=10%, list=13%, signal=11%	
ACTIVATION OF THE PRE-REPLICATIVE COMPLEX%REACTOME%R-HSA-68962.6	ACTIVATION OF THE PRE-REPLICATIVE COMPLEX%REACTOME%R-HSA-68962.6		32	-0.1413892	-0.39824674	1.0	1.0	1.0	12901	tags=100%, list=86%, signal=708%	
TRANSPORT OF MATURE TRANSCRIPT TO CYTOPLASM%REACTOME DATABASE ID RELEASE 95%72202	TRANSPORT OF MATURE TRANSCRIPT TO CYTOPLASM%REACTOME DATABASE ID RELEASE 95%72202		77	-0.11867719	-0.3932427	1.0	1.0	1.0	5078	tags=32%, list=34%, signal=49%	
RIBOSOMAL SCANNING AND START CODON RECOGNITION%REACTOME%R-HSA-72702.5	RIBOSOMAL SCANNING AND START CODON RECOGNITION%REACTOME%R-HSA-72702.5		58	-0.12192472	-0.38966382	1.0	1.0	1.0	4726	tags=26%, list=31%, signal=38%	
TRANSLATION INITIATION COMPLEX FORMATION%REACTOME%R-HSA-72649.4	TRANSLATION INITIATION COMPLEX FORMATION%REACTOME%R-HSA-72649.4		58	-0.12032164	-0.38087967	0.9990069	1.0	1.0	4726	tags=26%, list=31%, signal=38%	
DNA REPLICATION INITIATION%GOBP%GO:0006270	DNA REPLICATION INITIATION%GOBP%GO:0006270		25	-0.1413232	-0.3791622	1.0	1.0	1.0	12901	tags=100%, list=86%, signal=708%	
APC C:CDC20 MEDIATED DEGRADATION OF CYCLIN B%REACTOME DATABASE ID RELEASE 95%174048	APC C:CDC20 MEDIATED DEGRADATION OF CYCLIN B%REACTOME DATABASE ID RELEASE 95%174048		24	-0.1416544	-0.37732977	1.0	1.0	1.0	5145	tags=33%, list=34%, signal=51%	
NOTCH-HLH TRANSCRIPTION PATHWAY%REACTOME%R-HSA-350054.5	NOTCH-HLH TRANSCRIPTION PATHWAY%REACTOME%R-HSA-350054.5		28	-0.13388227	-0.36965626	1.0	1.0	1.0	4963	tags=36%, list=33%, signal=53%	
DNA MODIFICATION%GOBP%GO:0006304	DNA MODIFICATION%GOBP%GO:0006304		25	-0.13347125	-0.35696507	1.0	0.9999714	1.0	4741	tags=32%, list=32%, signal=47%	
