NAME	GS<br> follow link to MSigDB	GS DETAILS	SIZE	ES	NES	NOM p-val	FDR q-val	FWER p-val	RANK AT MAX	LEADING EDGE	
HALLMARK_EPITHELIAL_MESENCHYMAL_TRANSITION%MSIGDBHALLMARK%HALLMARK_EPITHELIAL_MESENCHYMAL_TRANSITION	HALLMARK_EPITHELIAL_MESENCHYMAL_TRANSITION%MSIGDBHALLMARK%HALLMARK_EPITHELIAL_MESENCHYMAL_TRANSITION	Details ...	157	0.7354546	2.6812856	0.0	0.0	0.0	1711	tags=51%, list=11%, signal=57%	
EXTRACELLULAR MATRIX ORGANIZATION%REACTOME%R-HSA-1474244.5	EXTRACELLULAR MATRIX ORGANIZATION%REACTOME%R-HSA-1474244.5	Details ...	282	0.64732325	2.548056	0.0	0.0	0.0	1711	tags=39%, list=11%, signal=44%	
EXTRACELLULAR MATRIX ORGANIZATION%GOBP%GO:0030198	EXTRACELLULAR MATRIX ORGANIZATION%GOBP%GO:0030198	Details ...	178	0.6604967	2.4764965	0.0	0.0	0.0	1703	tags=47%, list=11%, signal=53%	
EXTERNAL ENCAPSULATING STRUCTURE ORGANIZATION%GOBP%GO:0045229	EXTERNAL ENCAPSULATING STRUCTURE ORGANIZATION%GOBP%GO:0045229	Details ...	179	0.66029143	2.4640837	0.0	0.0	0.0	1703	tags=47%, list=11%, signal=52%	
EXTRACELLULAR STRUCTURE ORGANIZATION%GOBP%GO:0043062	EXTRACELLULAR STRUCTURE ORGANIZATION%GOBP%GO:0043062	Details ...	179	0.6571591	2.46357	0.0	0.0	0.0	1703	tags=47%, list=11%, signal=52%	
COLLAGEN FORMATION%REACTOME%R-HSA-1474290.5	COLLAGEN FORMATION%REACTOME%R-HSA-1474290.5	Details ...	84	0.72516227	2.4386706	0.0	0.0	0.0	2411	tags=58%, list=16%, signal=69%	
COLLAGEN CHAIN TRIMERIZATION%REACTOME DATABASE ID RELEASE 95%8948216	COLLAGEN CHAIN TRIMERIZATION%REACTOME DATABASE ID RELEASE 95%8948216	Details ...	41	0.81605774	2.4037824	0.0	0.0	0.0	1833	tags=68%, list=12%, signal=78%	
COLLAGEN BIOSYNTHESIS AND MODIFYING ENZYMES%REACTOME%R-HSA-1650814.6	COLLAGEN BIOSYNTHESIS AND MODIFYING ENZYMES%REACTOME%R-HSA-1650814.6	Details ...	63	0.7389926	2.3716817	0.0	0.0	0.0	2363	tags=62%, list=16%, signal=73%	
ASSEMBLY OF COLLAGEN FIBRILS AND OTHER MULTIMERIC STRUCTURES%REACTOME%R-HSA-2022090.5	ASSEMBLY OF COLLAGEN FIBRILS AND OTHER MULTIMERIC STRUCTURES%REACTOME%R-HSA-2022090.5	Details ...	52	0.7652933	2.3555465	0.0	0.0	0.0	2411	tags=63%, list=16%, signal=75%	
COLLAGEN FIBRIL ORGANIZATION%GOBP%GO:0030199	COLLAGEN FIBRIL ORGANIZATION%GOBP%GO:0030199	Details ...	50	0.738057	2.2921665	0.0	0.0	0.0	2477	tags=56%, list=16%, signal=67%	
DEGRADATION OF THE EXTRACELLULAR MATRIX%REACTOME DATABASE ID RELEASE 95%1474228	DEGRADATION OF THE EXTRACELLULAR MATRIX%REACTOME DATABASE ID RELEASE 95%1474228	Details ...	98	0.66045624	2.2863872	0.0	0.0	0.0	1684	tags=41%, list=11%, signal=46%	
ECM PROTEOGLYCANS%REACTOME DATABASE ID RELEASE 95%3000178	ECM PROTEOGLYCANS%REACTOME DATABASE ID RELEASE 95%3000178	Details ...	48	0.74842376	2.284762	0.0	0.0	0.0	1711	tags=52%, list=11%, signal=59%	
BETA1 INTEGRIN CELL SURFACE INTERACTIONS%PATHWAY INTERACTION DATABASE NCI-NATURE CURATED DATA%BETA1 INTEGRIN CELL SURFACE INTERACTIONS	BETA1 INTEGRIN CELL SURFACE INTERACTIONS%PATHWAY INTERACTION DATABASE NCI-NATURE CURATED DATA%BETA1 INTEGRIN CELL SURFACE INTERACTIONS	Details ...	64	0.7087266	2.2806797	0.0	0.0	0.0	779	tags=36%, list=5%, signal=38%	
PID_INTEGRIN1_PATHWAY%MSIGDB_C2%PID_INTEGRIN1_PATHWAY	PID_INTEGRIN1_PATHWAY%MSIGDB_C2%PID_INTEGRIN1_PATHWAY	Details ...	48	0.719932	2.2541866	0.0	0.0	0.0	1833	tags=44%, list=12%, signal=50%	
CILIOPATHIES%WIKIPATHWAYS_20260211%WP4803%HOMO SAPIENS	CILIOPATHIES%WIKIPATHWAYS_20260211%WP4803%HOMO SAPIENS	Details ...	144	0.61972344	2.2392547	0.0	0.0	0.0	4211	tags=67%, list=28%, signal=93%	
COLLAGEN DEGRADATION%REACTOME DATABASE ID RELEASE 95%1442490	COLLAGEN DEGRADATION%REACTOME DATABASE ID RELEASE 95%1442490	Details ...	37	0.7623643	2.2231154	0.0	0.0	0.0	1684	tags=51%, list=11%, signal=58%	
ELASTIC FIBRE FORMATION%REACTOME DATABASE ID RELEASE 95%1566948	ELASTIC FIBRE FORMATION%REACTOME DATABASE ID RELEASE 95%1566948	Details ...	38	0.75959396	2.213058	0.0	0.0	0.0	1666	tags=50%, list=11%, signal=56%	
MOLECULES ASSOCIATED WITH ELASTIC FIBRES%REACTOME%R-HSA-2129379.3	MOLECULES ASSOCIATED WITH ELASTIC FIBRES%REACTOME%R-HSA-2129379.3	Details ...	27	0.7931834	2.1889756	0.0	0.0	0.0	2260	tags=59%, list=15%, signal=70%	
PID_SYNDECAN_1_PATHWAY%MSIGDB_C2%PID_SYNDECAN_1_PATHWAY	PID_SYNDECAN_1_PATHWAY%MSIGDB_C2%PID_SYNDECAN_1_PATHWAY	Details ...	35	0.75946087	2.1795228	0.0	0.0	0.0	1435	tags=51%, list=10%, signal=57%	
SKELETAL SYSTEM DEVELOPMENT%GOBP%GO:0001501	SKELETAL SYSTEM DEVELOPMENT%GOBP%GO:0001501	Details ...	222	0.5572389	2.1365259	0.0	1.3588807E-4	0.003	2477	tags=37%, list=16%, signal=44%	
AXONEME ASSEMBLY%GOBP%GO:0035082	AXONEME ASSEMBLY%GOBP%GO:0035082		78	0.6401715	2.1212704	0.0	2.156536E-4	0.005	4730	tags=90%, list=31%, signal=130%	
GENES RELATED TO PRIMARY CILIUM DEVELOPMENT BASED ON CRISPR %WIKIPATHWAYS_20260211%WP4536%HOMO SAPIENS	GENES RELATED TO PRIMARY CILIUM DEVELOPMENT BASED ON CRISPR %WIKIPATHWAYS_20260211%WP4536%HOMO SAPIENS		89	0.61772585	2.099488	0.0	2.8838345E-4	0.007	4262	tags=63%, list=28%, signal=87%	
BARDET BIEDL SYNDROME%WIKIPATHWAYS_20260211%WP5234%HOMO SAPIENS	BARDET BIEDL SYNDROME%WIKIPATHWAYS_20260211%WP5234%HOMO SAPIENS		74	0.6385699	2.0935426	0.0	3.546088E-4	0.009	2901	tags=51%, list=19%, signal=63%	
PID_AVB3_INTEGRIN_PATHWAY%MSIGDB_C2%PID_AVB3_INTEGRIN_PATHWAY	PID_AVB3_INTEGRIN_PATHWAY%MSIGDB_C2%PID_AVB3_INTEGRIN_PATHWAY		55	0.66461366	2.0827188	0.0	3.9659513E-4	0.0105	2363	tags=44%, list=16%, signal=52%	
EMBRYONIC SKELETAL SYSTEM DEVELOPMENT%GOBP%GO:0048706	EMBRYONIC SKELETAL SYSTEM DEVELOPMENT%GOBP%GO:0048706		45	0.6739586	2.0615737	0.0	6.873541E-4	0.019	2459	tags=44%, list=16%, signal=53%	
BONE MORPHOGENESIS%GOBP%GO:0060349	BONE MORPHOGENESIS%GOBP%GO:0060349		33	0.72557765	2.0569654	0.0	7.1318896E-4	0.0205	2862	tags=52%, list=19%, signal=64%	
FORMATION OF PRIMARY GERM LAYER%GOBP%GO:0001704	FORMATION OF PRIMARY GERM LAYER%GOBP%GO:0001704		61	0.63719165	2.0454626	0.0	9.700074E-4	0.029	2260	tags=43%, list=15%, signal=50%	
REGULATION OF IGF ACTIVITY BY IGFBP%REACTOME DATABASE ID RELEASE 95%381426	REGULATION OF IGF ACTIVITY BY IGFBP%REACTOME DATABASE ID RELEASE 95%381426		96	0.5866291	2.021319	0.0	0.0017749596	0.055	2387	tags=45%, list=16%, signal=53%	
SYNDECAN-1-MEDIATED SIGNALING EVENTS%PATHWAY INTERACTION DATABASE NCI-NATURE CURATED DATA%SYNDECAN-1-MEDIATED SIGNALING EVENTS	SYNDECAN-1-MEDIATED SIGNALING EVENTS%PATHWAY INTERACTION DATABASE NCI-NATURE CURATED DATA%SYNDECAN-1-MEDIATED SIGNALING EVENTS		35	0.70019495	2.0127208	0.0	0.0021025578	0.067	1285	tags=40%, list=9%, signal=44%	
KERATAN SULFATE DEGRADATION%REACTOME%R-HSA-2022857.7	KERATAN SULFATE DEGRADATION%REACTOME%R-HSA-2022857.7		15	0.8362589	2.0042596	0.0	0.002529867	0.0825	1822	tags=60%, list=12%, signal=68%	
INTEGRIN CELL SURFACE INTERACTIONS%REACTOME DATABASE ID RELEASE 95%216083	INTEGRIN CELL SURFACE INTERACTIONS%REACTOME DATABASE ID RELEASE 95%216083		62	0.6209248	1.9966043	0.0	0.0028135953	0.093	1833	tags=37%, list=12%, signal=42%	
ENDODERM DEVELOPMENT%GOBP%GO:0007492	ENDODERM DEVELOPMENT%GOBP%GO:0007492		44	0.66329813	1.9954474	0.0	0.0028244834	0.0965	1967	tags=39%, list=13%, signal=44%	
CONNECTIVE TISSUE DEVELOPMENT%GOBP%GO:0061448	CONNECTIVE TISSUE DEVELOPMENT%GOBP%GO:0061448		76	0.6000237	1.991163	0.0	0.002999686	0.105	2371	tags=43%, list=16%, signal=51%	
NCAM1 INTERACTIONS%REACTOME%R-HSA-419037.4	NCAM1 INTERACTIONS%REACTOME%R-HSA-419037.4		31	0.70773053	1.9898987	0.0	0.0029782306	0.1075	1833	tags=52%, list=12%, signal=59%	
MARKERS OF KIDNEY CELL LINEAGE%WIKIPATHWAYS_20260211%WP5236%HOMO SAPIENS	MARKERS OF KIDNEY CELL LINEAGE%WIKIPATHWAYS_20260211%WP5236%HOMO SAPIENS		37	0.67574227	1.9832451	0.0	0.0033840253	0.125	3060	tags=62%, list=20%, signal=78%	
ENDODERM FORMATION%GOBP%GO:0001706	ENDODERM FORMATION%GOBP%GO:0001706		40	0.666923	1.9777194	0.0	0.00359212	0.1365	1723	tags=38%, list=11%, signal=42%	
O-GLYCOSYLATION OF TSR DOMAIN-CONTAINING PROTEINS%REACTOME%R-HSA-5173214.3	O-GLYCOSYLATION OF TSR DOMAIN-CONTAINING PROTEINS%REACTOME%R-HSA-5173214.3		38	0.6746682	1.9672605	0.0	0.004326429	0.1645	1614	tags=50%, list=11%, signal=56%	
MICROTUBULE BUNDLE FORMATION%GOBP%GO:0001578	MICROTUBULE BUNDLE FORMATION%GOBP%GO:0001578		104	0.56992614	1.9671993	0.0	0.004224718	0.165	4730	tags=82%, list=31%, signal=118%	
BONE DEVELOPMENT%GOBP%GO:0060348	BONE DEVELOPMENT%GOBP%GO:0060348		76	0.58962464	1.9511392	0.0	0.005532175	0.2155	3030	tags=38%, list=20%, signal=48%	
DIGESTIVE SYSTEM DEVELOPMENT%GOBP%GO:0055123	DIGESTIVE SYSTEM DEVELOPMENT%GOBP%GO:0055123		47	0.64419997	1.9499177	0.0	0.005563982	0.2215	2326	tags=40%, list=15%, signal=48%	
DIGESTIVE TRACT DEVELOPMENT%GOBP%GO:0048565	DIGESTIVE TRACT DEVELOPMENT%GOBP%GO:0048565		45	0.64903575	1.946127	0.0	0.0057915747	0.236	2326	tags=42%, list=15%, signal=50%	
INTEGRINS IN ANGIOGENESIS%PATHWAY INTERACTION DATABASE NCI-NATURE CURATED DATA%INTEGRINS IN ANGIOGENESIS	INTEGRINS IN ANGIOGENESIS%PATHWAY INTERACTION DATABASE NCI-NATURE CURATED DATA%INTEGRINS IN ANGIOGENESIS		61	0.604302	1.9453797	0.0	0.0057071843	0.2385	1345	tags=30%, list=9%, signal=32%	
GASTRULATION%GOBP%GO:0007369	GASTRULATION%GOBP%GO:0007369		70	0.59564507	1.9445193	0.0	0.0056693605	0.2425	2326	tags=40%, list=15%, signal=47%	
GLYCOSAMINOGLYCAN SYNTHESIS IN FIBROBLASTS%WIKIPATHWAYS_20260211%WP5395%HOMO SAPIENS	GLYCOSAMINOGLYCAN SYNTHESIS IN FIBROBLASTS%WIKIPATHWAYS_20260211%WP5395%HOMO SAPIENS		32	0.6885515	1.9401482	0.0	0.0059411144	0.2585	2584	tags=53%, list=17%, signal=64%	
TISSUE REGENERATION%GOBP%GO:0042246	TISSUE REGENERATION%GOBP%GO:0042246		21	0.75827086	1.9330248	0.0	0.006654034	0.291	2152	tags=48%, list=14%, signal=56%	
MYOTUBE DIFFERENTIATION%GOBP%GO:0014902	MYOTUBE DIFFERENTIATION%GOBP%GO:0014902		32	0.67700547	1.9168578	0.0	0.00847511	0.363	2263	tags=38%, list=15%, signal=44%	
NCAM SIGNALING FOR NEURITE OUT-GROWTH%REACTOME DATABASE ID RELEASE 95%375165	NCAM SIGNALING FOR NEURITE OUT-GROWTH%REACTOME DATABASE ID RELEASE 95%375165		46	0.63251406	1.9162725	9.803922E-4	0.008438727	0.368	2021	tags=41%, list=13%, signal=48%	
DEFECTIVE B3GALTL CAUSES PPS%REACTOME DATABASE ID RELEASE 95%5083635	DEFECTIVE B3GALTL CAUSES PPS%REACTOME DATABASE ID RELEASE 95%5083635		37	0.6685469	1.9140277	0.0	0.008610953	0.38	3113	tags=65%, list=21%, signal=82%	
POST-TRANSLATIONAL PROTEIN PHOSPHORYLATION%REACTOME%R-HSA-8957275.2	POST-TRANSLATIONAL PROTEIN PHOSPHORYLATION%REACTOME%R-HSA-8957275.2		84	0.5639205	1.9027811	0.0	0.010269675	0.438	2340	tags=43%, list=16%, signal=50%	
POSITIVE REGULATION OF EPITHELIAL TO MESENCHYMAL TRANSITION%GOBP%GO:0010718	POSITIVE REGULATION OF EPITHELIAL TO MESENCHYMAL TRANSITION%GOBP%GO:0010718		48	0.6228908	1.9008762	0.0	0.010399223	0.448	1200	tags=29%, list=8%, signal=32%	
MUSCLE STRUCTURE DEVELOPMENT%GOBP%GO:0061061	MUSCLE STRUCTURE DEVELOPMENT%GOBP%GO:0061061		248	0.48854306	1.8966761	0.0	0.010983474	0.472	2710	tags=35%, list=18%, signal=43%	
ANIMAL ORGAN MORPHOGENESIS%GOBP%GO:0009887	ANIMAL ORGAN MORPHOGENESIS%GOBP%GO:0009887		414	0.46748927	1.8965324	0.0	0.010772253	0.472	2478	tags=35%, list=16%, signal=40%	
MOTILE CILIUM ASSEMBLY%GOBP%GO:0044458	MOTILE CILIUM ASSEMBLY%GOBP%GO:0044458		52	0.6027872	1.8862154	0.0	0.01266497	0.5305	4825	tags=83%, list=32%, signal=121%	
MIRNA TARGETS IN ECM AND MEMBRANE RECEPTORS%WIKIPATHWAYS_20260211%WP2911%HOMO SAPIENS	MIRNA TARGETS IN ECM AND MEMBRANE RECEPTORS%WIKIPATHWAYS_20260211%WP2911%HOMO SAPIENS		16	0.7722205	1.8848034	0.0	0.012806645	0.5405	1833	tags=50%, list=12%, signal=57%	
MUSCLE CELL DIFFERENTIATION%GOBP%GO:0042692	MUSCLE CELL DIFFERENTIATION%GOBP%GO:0042692		145	0.5134962	1.8766724	0.0	0.014202232	0.58	2682	tags=34%, list=18%, signal=42%	
HEART DEVELOPMENT%GOBP%GO:0007507	HEART DEVELOPMENT%GOBP%GO:0007507		276	0.479976	1.8687024	0.0	0.016120447	0.6275	2710	tags=34%, list=18%, signal=41%	
CIRCULATORY SYSTEM DEVELOPMENT%GOBP%GO:0072359	CIRCULATORY SYSTEM DEVELOPMENT%GOBP%GO:0072359		464	0.45536858	1.8686908	0.0	0.015837632	0.6275	2768	tags=32%, list=18%, signal=38%	
SENSORY ORGAN MORPHOGENESIS%GOBP%GO:0090596	SENSORY ORGAN MORPHOGENESIS%GOBP%GO:0090596		104	0.5363234	1.8664633	0.0	0.016125347	0.639	1734	tags=36%, list=12%, signal=40%	
LEARNING%GOBP%GO:0007612	LEARNING%GOBP%GO:0007612		45	0.62030923	1.8652878	0.001001001	0.016150014	0.6465	1193	tags=33%, list=8%, signal=36%	
SYNDECAN INTERACTIONS%REACTOME%R-HSA-3000170.4	SYNDECAN INTERACTIONS%REACTOME%R-HSA-3000170.4		20	0.7285865	1.8611779	0.0	0.017092118	0.6755	1503	tags=55%, list=10%, signal=61%	
MESENCHYME DEVELOPMENT%GOBP%GO:0060485	MESENCHYME DEVELOPMENT%GOBP%GO:0060485		151	0.50787777	1.859638	0.0	0.017086677	0.6825	2459	tags=34%, list=16%, signal=40%	
EMBRYONIC EYE MORPHOGENESIS%GOBP%GO:0048048	EMBRYONIC EYE MORPHOGENESIS%GOBP%GO:0048048		15	0.77568865	1.8538909	0.0	0.018481735	0.7195	1644	tags=47%, list=11%, signal=52%	
METANEPHRIC NEPHRON DEVELOPMENT%GOBP%GO:0072210	METANEPHRIC NEPHRON DEVELOPMENT%GOBP%GO:0072210		15	0.7661331	1.8526562	0.0	0.018554285	0.726	2371	tags=67%, list=16%, signal=79%	
EMBRYONIC MORPHOGENESIS%GOBP%GO:0048598	EMBRYONIC MORPHOGENESIS%GOBP%GO:0048598		234	0.4788104	1.8504494	0.0	0.019098291	0.7415	2459	tags=34%, list=16%, signal=40%	
SPERM FLAGELLUM ASSEMBLY%GOBP%GO:0120316	SPERM FLAGELLUM ASSEMBLY%GOBP%GO:0120316		37	0.6386745	1.8494903	0.0	0.019144548	0.745	4345	tags=78%, list=29%, signal=110%	
MYOMETRIAL RELAXATION AND CONTRACTION PATHWAYS%WIKIPATHWAYS_20260211%WP289%HOMO SAPIENS	MYOMETRIAL RELAXATION AND CONTRACTION PATHWAYS%WIKIPATHWAYS_20260211%WP289%HOMO SAPIENS		102	0.53161776	1.8479121	0.0	0.019457543	0.7575	2166	tags=29%, list=14%, signal=34%	
ENDODERMAL CELL DIFFERENTIATION%GOBP%GO:0035987	ENDODERMAL CELL DIFFERENTIATION%GOBP%GO:0035987		35	0.645827	1.8418195	9.84252E-4	0.020939948	0.787	590	tags=26%, list=4%, signal=27%	
COLLAGEN METABOLIC PROCESS%GOBP%GO:0032963	COLLAGEN METABOLIC PROCESS%GOBP%GO:0032963		45	0.6022532	1.8384807	0.0	0.021557583	0.8035	1633	tags=44%, list=11%, signal=50%	
BETA5 BETA6 BETA7 AND BETA8 INTEGRIN CELL SURFACE INTERACTIONS%PATHWAY INTERACTION DATABASE NCI-NATURE CURATED DATA%BETA5 BETA6 BETA7 AND BETA8 INTEGRIN CELL SURFACE INTERACTIONS	BETA5 BETA6 BETA7 AND BETA8 INTEGRIN CELL SURFACE INTERACTIONS%PATHWAY INTERACTION DATABASE NCI-NATURE CURATED DATA%BETA5 BETA6 BETA7 AND BETA8 INTEGRIN CELL SURFACE INTERACTIONS		16	0.7515652	1.8366396	0.001017294	0.021906132	0.8145	644	tags=38%, list=4%, signal=39%	
PROTEOGLYCAN METABOLIC PROCESS%GOBP%GO:0006029	PROTEOGLYCAN METABOLIC PROCESS%GOBP%GO:0006029		83	0.54355884	1.833311	0.0	0.02266411	0.83	2392	tags=39%, list=16%, signal=46%	
ACTIVATION OF MATRIX METALLOPROTEINASES%REACTOME DATABASE ID RELEASE 95%1592389	ACTIVATION OF MATRIX METALLOPROTEINASES%REACTOME DATABASE ID RELEASE 95%1592389		27	0.67292285	1.83289	0.0	0.02248475	0.831	2390	tags=59%, list=16%, signal=70%	
NON-INTEGRIN MEMBRANE-ECM INTERACTIONS%REACTOME%R-HSA-3000171.6	NON-INTEGRIN MEMBRANE-ECM INTERACTIONS%REACTOME%R-HSA-3000171.6		55	0.5862916	1.8312458	0.0	0.022756776	0.84	2574	tags=42%, list=17%, signal=50%	
NEURON PROJECTION GUIDANCE%GOBP%GO:0097485	NEURON PROJECTION GUIDANCE%GOBP%GO:0097485		143	0.49906367	1.8309196	0.0	0.022500629	0.8405	2739	tags=37%, list=18%, signal=45%	
ASSOCIATIVE LEARNING%GOBP%GO:0008306	ASSOCIATIVE LEARNING%GOBP%GO:0008306		16	0.7597376	1.8276242	9.6339115E-4	0.02346699	0.857	1193	tags=44%, list=8%, signal=47%	
OVULATION CYCLE%GOBP%GO:0042698	OVULATION CYCLE%GOBP%GO:0042698		17	0.7456208	1.8241724	9.6061477E-4	0.024137307	0.867	1842	tags=41%, list=12%, signal=47%	
FORMATION OF THE URETERIC BUD%REACTOME DATABASE ID RELEASE 95%9830674	FORMATION OF THE URETERIC BUD%REACTOME DATABASE ID RELEASE 95%9830674		16	0.76508766	1.8202072	0.0	0.025282655	0.885	2873	tags=81%, list=19%, signal=100%	
REGULATION OF SKELETAL MUSCLE CELL DIFFERENTIATION%GOBP%GO:2001014	REGULATION OF SKELETAL MUSCLE CELL DIFFERENTIATION%GOBP%GO:2001014		18	0.7365741	1.8201855	0.0019743338	0.024971891	0.885	2263	tags=61%, list=15%, signal=72%	
WNT BETA CATENIN SIGNALING IN LEUKEMIA%WIKIPATHWAYS_20260211%WP3658%HOMO SAPIENS	WNT BETA CATENIN SIGNALING IN LEUKEMIA%WIKIPATHWAYS_20260211%WP3658%HOMO SAPIENS		22	0.702748	1.8180006	9.7276265E-4	0.025440274	0.894	1316	tags=32%, list=9%, signal=35%	
CARTILAGE DEVELOPMENT%GOBP%GO:0051216	CARTILAGE DEVELOPMENT%GOBP%GO:0051216		55	0.57899785	1.8154359	0.0	0.026166057	0.9025	2371	tags=42%, list=16%, signal=49%	
DISEASES ASSOCIATED WITH GLYCOSAMINOGLYCAN METABOLISM%REACTOME%R-HSA-3560782.5	DISEASES ASSOCIATED WITH GLYCOSAMINOGLYCAN METABOLISM%REACTOME%R-HSA-3560782.5		38	0.6258267	1.8148925	0.0	0.026133155	0.905	2141	tags=50%, list=14%, signal=58%	
AXONOGENESIS%GOBP%GO:0007409	AXONOGENESIS%GOBP%GO:0007409		213	0.47532275	1.8145227	0.0	0.025955468	0.906	2739	tags=35%, list=18%, signal=42%	
HALLMARK_UV_RESPONSE_DN%MSIGDBHALLMARK%HALLMARK_UV_RESPONSE_DN	HALLMARK_UV_RESPONSE_DN%MSIGDBHALLMARK%HALLMARK_UV_RESPONSE_DN		114	0.51329607	1.811226	0.0	0.026951864	0.9205	1557	tags=23%, list=10%, signal=25%	
EMBRYONIC ORGAN MORPHOGENESIS%GOBP%GO:0048562	EMBRYONIC ORGAN MORPHOGENESIS%GOBP%GO:0048562		107	0.5188953	1.8092916	0.0	0.02745939	0.9245	2459	tags=38%, list=16%, signal=45%	
AXON GUIDANCE%GOBP%GO:0007411	AXON GUIDANCE%GOBP%GO:0007411		142	0.5004363	1.8061002	0.0	0.028501598	0.934	2739	tags=37%, list=18%, signal=45%	
CELL ADHESION MEDIATED BY INTEGRIN%GOBP%GO:0033627	CELL ADHESION MEDIATED BY INTEGRIN%GOBP%GO:0033627		36	0.6243689	1.8056788	0.0029013539	0.02831485	0.934	1503	tags=33%, list=10%, signal=37%	
REGULATION OF EPITHELIAL TO MESENCHYMAL TRANSITION%GOBP%GO:0010717	REGULATION OF EPITHELIAL TO MESENCHYMAL TRANSITION%GOBP%GO:0010717		90	0.52879405	1.8049433	0.0	0.02835806	0.935	1218	tags=24%, list=8%, signal=26%	
REGULATION OF CARDIAC CONDUCTION%GOBP%GO:1903779	REGULATION OF CARDIAC CONDUCTION%GOBP%GO:1903779		17	0.7406271	1.8040245	9.4161957E-4	0.028411973	0.9375	2570	tags=53%, list=17%, signal=64%	
ARRHYTHMOGENIC RIGHT VENTRICULAR CARDIOMYOPATHY%WIKIPATHWAYS_20260211%WP2118%HOMO SAPIENS	ARRHYTHMOGENIC RIGHT VENTRICULAR CARDIOMYOPATHY%WIKIPATHWAYS_20260211%WP2118%HOMO SAPIENS		52	0.578345	1.8023695	0.0	0.028730985	0.9435	1503	tags=42%, list=10%, signal=47%	
CILIUM ASSEMBLY%GOBP%GO:0060271	CILIUM ASSEMBLY%GOBP%GO:0060271		300	0.45648056	1.802286	0.0	0.028438827	0.9435	4769	tags=68%, list=32%, signal=97%	
MYOBLAST FUSION%GOBP%GO:0007520	MYOBLAST FUSION%GOBP%GO:0007520		16	0.75501615	1.8015984	0.0	0.028429616	0.944	2108	tags=44%, list=14%, signal=51%	
CILIUM ORGANIZATION%GOBP%GO:0044782	CILIUM ORGANIZATION%GOBP%GO:0044782		330	0.44933593	1.7919525	0.0	0.032381494	0.965	4604	tags=64%, list=31%, signal=91%	
SKELETAL SYSTEM MORPHOGENESIS%GOBP%GO:0048705	SKELETAL SYSTEM MORPHOGENESIS%GOBP%GO:0048705		79	0.53436375	1.7916249	0.0	0.032162547	0.9655	2597	tags=42%, list=17%, signal=50%	
STRIATED MUSCLE CELL DIFFERENTIATION%GOBP%GO:0051146	STRIATED MUSCLE CELL DIFFERENTIATION%GOBP%GO:0051146		112	0.5087636	1.791183	0.0	0.032011356	0.9655	2875	tags=37%, list=19%, signal=45%	
CHONDROCYTE DIFFERENTIATION%GOBP%GO:0002062	CHONDROCYTE DIFFERENTIATION%GOBP%GO:0002062		32	0.6308237	1.7881383	9.718173E-4	0.033050857	0.9705	3341	tags=63%, list=22%, signal=80%	
EYE MORPHOGENESIS%GOBP%GO:0048592	EYE MORPHOGENESIS%GOBP%GO:0048592		69	0.5524141	1.7874295	0.0	0.03307912	0.972	1644	tags=35%, list=11%, signal=39%	
REGULATION OF KIDNEY DEVELOPMENT%GOBP%GO:0090183	REGULATION OF KIDNEY DEVELOPMENT%GOBP%GO:0090183		22	0.6860716	1.7861435	0.0	0.0333511	0.9745	2459	tags=59%, list=16%, signal=71%	
REGULATION OF MORPHOGENESIS OF AN EPITHELIUM%GOBP%GO:1905330	REGULATION OF MORPHOGENESIS OF AN EPITHELIUM%GOBP%GO:1905330		38	0.61069465	1.784912	9.881423E-4	0.033636954	0.977	2625	tags=47%, list=17%, signal=57%	
CHONDROITIN SULFATE PROTEOGLYCAN BIOSYNTHETIC PROCESS%GOBP%GO:0050650	CHONDROITIN SULFATE PROTEOGLYCAN BIOSYNTHETIC PROCESS%GOBP%GO:0050650		23	0.671763	1.7820754	0.0028598665	0.03462593	0.9805	1425	tags=35%, list=9%, signal=38%	
PROTEIN LOCALIZATION TO CILIARY TRANSITION ZONE%GOBP%GO:1904491	PROTEIN LOCALIZATION TO CILIARY TRANSITION ZONE%GOBP%GO:1904491		22	0.6865756	1.7706416	9.930487E-4	0.040388484	0.99	3772	tags=77%, list=25%, signal=103%	
PROTEOGLYCAN BIOSYNTHETIC PROCESS%GOBP%GO:0030166	PROTEOGLYCAN BIOSYNTHETIC PROCESS%GOBP%GO:0030166		65	0.5502227	1.7694938	0.0	0.040476542	0.99	2392	tags=38%, list=16%, signal=46%	
REGULATION OF INSULIN-LIKE GROWTH FACTOR RECEPTOR SIGNALING PATHWAY%GOBP%GO:0043567	REGULATION OF INSULIN-LIKE GROWTH FACTOR RECEPTOR SIGNALING PATHWAY%GOBP%GO:0043567		15	0.7418282	1.7660099	0.0028571428	0.04215828	0.9935	1178	tags=40%, list=8%, signal=43%	
CELL-CELL FUSION%GOBP%GO:0140253	CELL-CELL FUSION%GOBP%GO:0140253		21	0.68188995	1.7651402	0.0038131555	0.04224535	0.9935	1593	tags=38%, list=11%, signal=43%	
CELL COMMUNICATION INVOLVED IN CARDIAC CONDUCTION%GOBP%GO:0086065	CELL COMMUNICATION INVOLVED IN CARDIAC CONDUCTION%GOBP%GO:0086065		34	0.6129505	1.7643427	0.0040650405	0.042332195	0.9935	2752	tags=50%, list=18%, signal=61%	
REGULATION OF MORPHOGENESIS OF A BRANCHING STRUCTURE%GOBP%GO:0060688	REGULATION OF MORPHOGENESIS OF A BRANCHING STRUCTURE%GOBP%GO:0060688		27	0.646718	1.7610055	0.002979146	0.043715335	0.9945	2459	tags=48%, list=16%, signal=57%	
PID_CDC42_REG_PATHWAY%MSIGDB_C2%PID_CDC42_REG_PATHWAY	PID_CDC42_REG_PATHWAY%MSIGDB_C2%PID_CDC42_REG_PATHWAY		21	0.6814307	1.759681	0.0037842952	0.044091806	0.995	2052	tags=38%, list=14%, signal=44%	
EXTRACELLULAR MATRIX ASSEMBLY%GOBP%GO:0085029	EXTRACELLULAR MATRIX ASSEMBLY%GOBP%GO:0085029		20	0.68926257	1.7565191	0.005859375	0.045558706	0.9965	2596	tags=60%, list=17%, signal=72%	
REGULATION OF VASCULAR ASSOCIATED SMOOTH MUSCLE CELL PROLIFERATION%GOBP%GO:1904705	REGULATION OF VASCULAR ASSOCIATED SMOOTH MUSCLE CELL PROLIFERATION%GOBP%GO:1904705		36	0.6081079	1.756057	0.0019120459	0.045412052	0.9965	2263	tags=42%, list=15%, signal=49%	
GROWTH%GOBP%GO:0040007	GROWTH%GOBP%GO:0040007		118	0.49548438	1.7551229	0.0	0.045514792	0.997	2917	tags=33%, list=19%, signal=41%	
DEVELOPMENTAL GROWTH%GOBP%GO:0048589	DEVELOPMENTAL GROWTH%GOBP%GO:0048589		118	0.49548438	1.7508451	0.0	0.047683734	0.9975	2917	tags=33%, list=19%, signal=41%	
PROTEIN O-LINKED GLYCOSYLATION VIA XYLOSE%GOBP%GO:0180064	PROTEIN O-LINKED GLYCOSYLATION VIA XYLOSE%GOBP%GO:0180064		46	0.5758746	1.7497629	0.0019860973	0.047858685	0.998	3953	tags=57%, list=26%, signal=76%	
REGULATION OF GLIAL CELL DIFFERENTIATION%GOBP%GO:0045685	REGULATION OF GLIAL CELL DIFFERENTIATION%GOBP%GO:0045685		31	0.62340784	1.7455225	0.001019368	0.05023648	0.9985	2125	tags=29%, list=14%, signal=34%	
EMBRYONIC ORGAN DEVELOPMENT%GOBP%GO:0048568	EMBRYONIC ORGAN DEVELOPMENT%GOBP%GO:0048568		171	0.46959692	1.7444308	0.0	0.050542567	0.9985	2620	tags=33%, list=17%, signal=39%	
AXON DEVELOPMENT%GOBP%GO:0061564	AXON DEVELOPMENT%GOBP%GO:0061564		241	0.45125365	1.744254	0.0	0.050167236	0.9985	2739	tags=34%, list=18%, signal=41%	
ANGIOTENSIN II RECEPTOR TYPE 1 PATHWAY%WIKIPATHWAYS_20260211%WP5036%HOMO SAPIENS	ANGIOTENSIN II RECEPTOR TYPE 1 PATHWAY%WIKIPATHWAYS_20260211%WP5036%HOMO SAPIENS		21	0.67322236	1.7432402	0.0040650405	0.050357502	0.9985	823	tags=29%, list=5%, signal=30%	
EPITHELIAL TO MESENCHYMAL TRANSITION%GOBP%GO:0001837	EPITHELIAL TO MESENCHYMAL TRANSITION%GOBP%GO:0001837		61	0.54323095	1.738592	9.852217E-4	0.053246457	0.999	1202	tags=30%, list=8%, signal=32%	
SPERM AXONEME ASSEMBLY%GOBP%GO:0007288	SPERM AXONEME ASSEMBLY%GOBP%GO:0007288		23	0.65149736	1.7362739	0.0038240917	0.054360524	1.0	4585	tags=87%, list=31%, signal=125%	
CELL-MATRIX ADHESION%GOBP%GO:0007160	CELL-MATRIX ADHESION%GOBP%GO:0007160		107	0.49529514	1.7337075	0.0	0.055774488	1.0	1503	tags=26%, list=10%, signal=29%	
NEPHRON DEVELOPMENT%GOBP%GO:0072006	NEPHRON DEVELOPMENT%GOBP%GO:0072006		67	0.53313005	1.7327857	9.7276265E-4	0.055991348	1.0	2459	tags=39%, list=16%, signal=46%	
CARDIAC CONDUCTION%GOBP%GO:0061337	CARDIAC CONDUCTION%GOBP%GO:0061337		55	0.5496729	1.7308968	0.001992032	0.056816246	1.0	2203	tags=38%, list=15%, signal=45%	
OSSIFICATION%GOBP%GO:0001503	OSSIFICATION%GOBP%GO:0001503		131	0.48035064	1.7303654	0.0	0.05671227	1.0	2263	tags=30%, list=15%, signal=35%	
KIDNEY EPITHELIUM DEVELOPMENT%GOBP%GO:0072073	KIDNEY EPITHELIUM DEVELOPMENT%GOBP%GO:0072073		49	0.5599141	1.7296538	0.0	0.05675885	1.0	2459	tags=45%, list=16%, signal=54%	
INTEGRIN SIGNALLING PATHWAY%PANTHER PATHWAY%P00034	INTEGRIN SIGNALLING PATHWAY%PANTHER PATHWAY%P00034		159	0.474417	1.7286203	0.0	0.05710925	1.0	2782	tags=33%, list=19%, signal=40%	
HAIR FOLLICLE DEVELOPMENT CYTODIFFERENTIATION STAGE 3 OF 3%WIKIPATHWAYS_20260211%WP2840%HOMO SAPIENS	HAIR FOLLICLE DEVELOPMENT CYTODIFFERENTIATION STAGE 3 OF 3%WIKIPATHWAYS_20260211%WP2840%HOMO SAPIENS		60	0.548227	1.7283156	0.0	0.0568399	1.0	2542	tags=35%, list=17%, signal=42%	
GDNF RET SIGNALING AXIS%WIKIPATHWAYS_20260211%WP4830%HOMO SAPIENS	GDNF RET SIGNALING AXIS%WIKIPATHWAYS_20260211%WP4830%HOMO SAPIENS		22	0.669488	1.7261328	0.0038948394	0.057958636	1.0	2291	tags=68%, list=15%, signal=80%	
CILIUM ASSEMBLY%REACTOME%R-HSA-5617833.7	CILIUM ASSEMBLY%REACTOME%R-HSA-5617833.7		181	0.458194	1.7258213	0.0	0.05778059	1.0	4273	tags=49%, list=28%, signal=68%	
DISEASES ASSOCIATED WITH O-GLYCOSYLATION OF PROTEINS%REACTOME%R-HSA-3906995.5	DISEASES ASSOCIATED WITH O-GLYCOSYLATION OF PROTEINS%REACTOME%R-HSA-3906995.5		62	0.5352953	1.7197816	0.0	0.06203287	1.0	3443	tags=52%, list=23%, signal=67%	
SENSORY ORGAN DEVELOPMENT%GOBP%GO:0007423	SENSORY ORGAN DEVELOPMENT%GOBP%GO:0007423		210	0.45103815	1.7191799	0.0	0.062024757	1.0	1841	tags=30%, list=12%, signal=33%	
MESODERM FORMATION%GOBP%GO:0001707	MESODERM FORMATION%GOBP%GO:0001707		20	0.67394	1.7191185	0.002991027	0.061600372	1.0	2694	tags=60%, list=18%, signal=73%	
INFLAMMATORY RESPONSE PATHWAY%WIKIPATHWAYS_20260211%WP453%HOMO SAPIENS	INFLAMMATORY RESPONSE PATHWAY%WIKIPATHWAYS_20260211%WP453%HOMO SAPIENS		23	0.6598614	1.7178252	0.0067895246	0.062136352	1.0	116	tags=17%, list=1%, signal=17%	
REGENERATION%GOBP%GO:0031099	REGENERATION%GOBP%GO:0031099		33	0.6013043	1.7166047	0.0046685343	0.06255566	1.0	2152	tags=36%, list=14%, signal=42%	
LAMININ INTERACTIONS%REACTOME%R-HSA-3000157.4	LAMININ INTERACTIONS%REACTOME%R-HSA-3000157.4		23	0.65785706	1.7152163	0.002952756	0.06318237	1.0	1711	tags=35%, list=11%, signal=39%	
POSITIVE REGULATION OF SMOOTH MUSCLE CELL MIGRATION%GOBP%GO:0014911	POSITIVE REGULATION OF SMOOTH MUSCLE CELL MIGRATION%GOBP%GO:0014911		17	0.6960725	1.7131325	0.0068560233	0.064261176	1.0	1733	tags=47%, list=12%, signal=53%	
CAMERA-TYPE EYE DEVELOPMENT%GOBP%GO:0043010	CAMERA-TYPE EYE DEVELOPMENT%GOBP%GO:0043010		114	0.4852508	1.7087585	0.0	0.06745147	1.0	1833	tags=29%, list=12%, signal=33%	
EMBRYO DEVELOPMENT%GOBP%GO:0009790	EMBRYO DEVELOPMENT%GOBP%GO:0009790		366	0.42582	1.7079047	0.0	0.06763761	1.0	1734	tags=23%, list=12%, signal=26%	
PID_INTEGRIN3_PATHWAY%MSIGDB_C2%PID_INTEGRIN3_PATHWAY	PID_INTEGRIN3_PATHWAY%MSIGDB_C2%PID_INTEGRIN3_PATHWAY		34	0.59377253	1.7053709	0.003033367	0.06929904	1.0	1345	tags=32%, list=9%, signal=35%	
SPERMATID DIFFERENTIATION%GOBP%GO:0048515	SPERMATID DIFFERENTIATION%GOBP%GO:0048515		105	0.4906116	1.7050651	9.90099E-4	0.0690022	1.0	4345	tags=56%, list=29%, signal=79%	
ENDOCHONDRAL BONE MORPHOGENESIS%GOBP%GO:0060350	ENDOCHONDRAL BONE MORPHOGENESIS%GOBP%GO:0060350		16	0.71328604	1.7030357	0.0049067712	0.07014232	1.0	2862	tags=50%, list=19%, signal=62%	
NEGATIVE REGULATION OF CAMP/PKA SIGNAL TRANSDUCTION%GOBP%GO:0141162	NEGATIVE REGULATION OF CAMP/PKA SIGNAL TRANSDUCTION%GOBP%GO:0141162		24	0.64304066	1.7015787	0.0059288535	0.07088275	1.0	1559	tags=29%, list=10%, signal=32%	
PERIPHERAL NERVOUS SYSTEM DEVELOPMENT%GOBP%GO:0007422	PERIPHERAL NERVOUS SYSTEM DEVELOPMENT%GOBP%GO:0007422		32	0.59985006	1.6977617	0.0067698257	0.073725514	1.0	1571	tags=28%, list=10%, signal=31%	
CELL DIFFERENTIATION INVOLVED IN KIDNEY DEVELOPMENT%GOBP%GO:0061005	CELL DIFFERENTIATION INVOLVED IN KIDNEY DEVELOPMENT%GOBP%GO:0061005		24	0.6406949	1.6966959	0.007759457	0.07412887	1.0	2291	tags=38%, list=15%, signal=44%	
EMBRYONIC SKELETAL SYSTEM MORPHOGENESIS%GOBP%GO:0048704	EMBRYONIC SKELETAL SYSTEM MORPHOGENESIS%GOBP%GO:0048704		29	0.61113304	1.6962054	0.0048590866	0.07400752	1.0	2459	tags=41%, list=16%, signal=49%	
MUSCLE CELL DEVELOPMENT%GOBP%GO:0055001	MUSCLE CELL DEVELOPMENT%GOBP%GO:0055001		89	0.49719143	1.69573	0.0	0.07389943	1.0	2875	tags=36%, list=19%, signal=44%	
METANEPHROS DEVELOPMENT%GOBP%GO:0001656	METANEPHROS DEVELOPMENT%GOBP%GO:0001656		36	0.5854099	1.6956578	0.0049164207	0.073446	1.0	2519	tags=53%, list=17%, signal=63%	
HAIR CYCLE%GOBP%GO:0042633	HAIR CYCLE%GOBP%GO:0042633		18	0.68183255	1.6951625	0.007759457	0.0733627	1.0	2468	tags=44%, list=16%, signal=53%	
MESENCHYMAL CELL DIFFERENTIATION%GOBP%GO:0048762	MESENCHYMAL CELL DIFFERENTIATION%GOBP%GO:0048762		114	0.48353967	1.6933428	0.0	0.07455818	1.0	1715	tags=27%, list=11%, signal=30%	
REGULATION OF CELLULAR RESPONSE TO GROWTH FACTOR STIMULUS%GOBP%GO:0090287	REGULATION OF CELLULAR RESPONSE TO GROWTH FACTOR STIMULUS%GOBP%GO:0090287		225	0.4386642	1.692991	0.0	0.074366234	1.0	1683	tags=23%, list=11%, signal=26%	
KIDNEY DEVELOPMENT%GOBP%GO:0001822	KIDNEY DEVELOPMENT%GOBP%GO:0001822		124	0.47480476	1.6927081	0.0	0.07405381	1.0	2519	tags=36%, list=17%, signal=43%	
CILIUM MOVEMENT%GOBP%GO:0003341	CILIUM MOVEMENT%GOBP%GO:0003341		174	0.45126152	1.6908656	9.4250706E-4	0.07512651	1.0	4585	tags=70%, list=31%, signal=99%	
ANK2 PATHWAY IN EPILEPSY DEVELOPMENT%WIKIPATHWAYS_20260211%WP5557%HOMO SAPIENS	ANK2 PATHWAY IN EPILEPSY DEVELOPMENT%WIKIPATHWAYS_20260211%WP5557%HOMO SAPIENS		15	0.7180543	1.6896389	0.0058252425	0.07573794	1.0	696	tags=33%, list=5%, signal=35%	
OSTEOBLAST DIFFERENTIATION%GOBP%GO:0001649	OSTEOBLAST DIFFERENTIATION%GOBP%GO:0001649		82	0.5059549	1.6894008	0.0	0.07547402	1.0	2515	tags=35%, list=17%, signal=42%	
MOLTING CYCLE%GOBP%GO:0042303	MOLTING CYCLE%GOBP%GO:0042303		18	0.68183255	1.6888826	0.007714561	0.075435	1.0	2468	tags=44%, list=16%, signal=53%	
REGULATION OF OLIGODENDROCYTE DIFFERENTIATION%GOBP%GO:0048713	REGULATION OF OLIGODENDROCYTE DIFFERENTIATION%GOBP%GO:0048713		15	0.7198043	1.6879368	0.0076923077	0.07574499	1.0	1926	tags=47%, list=13%, signal=53%	
RENAL SYSTEM DEVELOPMENT%GOBP%GO:0072001	RENAL SYSTEM DEVELOPMENT%GOBP%GO:0072001		129	0.47112283	1.6875232	0.0	0.075578675	1.0	2599	tags=37%, list=17%, signal=45%	
ENKEPHALIN RELEASE%PANTHER PATHWAY%P05913	ENKEPHALIN RELEASE%PANTHER PATHWAY%P05913		26	0.62548685	1.6863253	0.008	0.076227546	1.0	1881	tags=38%, list=13%, signal=44%	
CELL MORPHOGENESIS INVOLVED IN NEURON DIFFERENTIATION%GOBP%GO:0048667	CELL MORPHOGENESIS INVOLVED IN NEURON DIFFERENTIATION%GOBP%GO:0048667		252	0.43471563	1.685127	0.0	0.076890066	1.0	2739	tags=33%, list=18%, signal=40%	
AUTONOMIC NERVOUS SYSTEM DEVELOPMENT%GOBP%GO:0048483	AUTONOMIC NERVOUS SYSTEM DEVELOPMENT%GOBP%GO:0048483		22	0.6413268	1.685064	0.008032128	0.07645537	1.0	2735	tags=64%, list=18%, signal=78%	
VALIDATED TRANSCRIPTIONAL TARGETS OF AP1 FAMILY MEMBERS FRA1 AND FRA2%PATHWAY INTERACTION DATABASE NCI-NATURE CURATED DATA%VALIDATED TRANSCRIPTIONAL TARGETS OF AP1 FAMILY MEMBERS FRA1 AND FRA2	VALIDATED TRANSCRIPTIONAL TARGETS OF AP1 FAMILY MEMBERS FRA1 AND FRA2%PATHWAY INTERACTION DATABASE NCI-NATURE CURATED DATA%VALIDATED TRANSCRIPTIONAL TARGETS OF AP1 FAMILY MEMBERS FRA1 AND FRA2		36	0.5789746	1.6849755	0.0068426197	0.0760608	1.0	2983	tags=53%, list=20%, signal=66%	
HIPPO MERLIN SIGNALING DYSREGULATION%WIKIPATHWAYS_20260211%WP4541%HOMO SAPIENS	HIPPO MERLIN SIGNALING DYSREGULATION%WIKIPATHWAYS_20260211%WP4541%HOMO SAPIENS		76	0.5047436	1.6847548	9.708738E-4	0.07579411	1.0	1624	tags=26%, list=11%, signal=29%	
SYNCYTIUM FORMATION%GOBP%GO:0006949	SYNCYTIUM FORMATION%GOBP%GO:0006949		21	0.65262157	1.6844894	0.009018037	0.07550504	1.0	2108	tags=38%, list=14%, signal=44%	
GLYCOSAMINOGLYCAN METABOLISM%REACTOME DATABASE ID RELEASE 95%1630316	GLYCOSAMINOGLYCAN METABOLISM%REACTOME DATABASE ID RELEASE 95%1630316		121	0.47295892	1.6836654	0.0	0.07568811	1.0	2596	tags=38%, list=17%, signal=46%	
GLOMERULUS DEVELOPMENT%GOBP%GO:0032835	GLOMERULUS DEVELOPMENT%GOBP%GO:0032835		36	0.58320874	1.6795905	0.0049115913	0.0788163	1.0	2291	tags=36%, list=15%, signal=43%	
TNFS BIND THEIR PHYSIOLOGICAL RECEPTORS%REACTOME%R-HSA-5669034.4	TNFS BIND THEIR PHYSIOLOGICAL RECEPTORS%REACTOME%R-HSA-5669034.4		26	0.6275807	1.679479	0.007633588	0.078419216	1.0	1555	tags=42%, list=10%, signal=47%	
CELL LINEAGE MAP FOR NEURONAL DIFFERENTIATION%WIKIPATHWAYS_20260211%WP5417%HOMO SAPIENS	CELL LINEAGE MAP FOR NEURONAL DIFFERENTIATION%WIKIPATHWAYS_20260211%WP5417%HOMO SAPIENS		73	0.5096329	1.6790965	9.67118E-4	0.078359134	1.0	3201	tags=44%, list=21%, signal=55%	
PID_INTEGRIN_CS_PATHWAY%MSIGDB_C2%PID_INTEGRIN_CS_PATHWAY	PID_INTEGRIN_CS_PATHWAY%MSIGDB_C2%PID_INTEGRIN_CS_PATHWAY		17	0.690251	1.6789203	0.0067178505	0.07805775	1.0	1503	tags=47%, list=10%, signal=52%	
COLLAGEN CATABOLIC PROCESS%GOBP%GO:0030574	COLLAGEN CATABOLIC PROCESS%GOBP%GO:0030574		27	0.6110728	1.6776514	0.005065856	0.07866231	1.0	1633	tags=44%, list=11%, signal=50%	
REGULATION OF CELLULAR RESPONSE TO VASCULAR ENDOTHELIAL GROWTH FACTOR STIMULUS%GOBP%GO:1902547	REGULATION OF CELLULAR RESPONSE TO VASCULAR ENDOTHELIAL GROWTH FACTOR STIMULUS%GOBP%GO:1902547		28	0.6094492	1.6767538	0.0029440627	0.07894853	1.0	2760	tags=46%, list=18%, signal=57%	
SKIN EPIDERMIS DEVELOPMENT%GOBP%GO:0098773	SKIN EPIDERMIS DEVELOPMENT%GOBP%GO:0098773		29	0.6052032	1.6731704	0.008712488	0.0817227	1.0	2468	tags=41%, list=16%, signal=49%	
SENSORY SYSTEM DEVELOPMENT%GOBP%GO:0048880	SENSORY SYSTEM DEVELOPMENT%GOBP%GO:0048880		159	0.45331097	1.672566	0.0	0.08174529	1.0	1841	tags=29%, list=12%, signal=33%	
AXONEMAL DYNEIN COMPLEX ASSEMBLY%GOBP%GO:0070286	AXONEMAL DYNEIN COMPLEX ASSEMBLY%GOBP%GO:0070286		33	0.590503	1.6725069	0.00877193	0.08129366	1.0	4672	tags=82%, list=31%, signal=119%	
RHYTHMIC PROCESS%GOBP%GO:0048511	RHYTHMIC PROCESS%GOBP%GO:0048511		105	0.4821245	1.6699678	9.765625E-4	0.0832139	1.0	2235	tags=28%, list=15%, signal=32%	
SYNCYTIUM FORMATION BY PLASMA MEMBRANE FUSION%GOBP%GO:0000768	SYNCYTIUM FORMATION BY PLASMA MEMBRANE FUSION%GOBP%GO:0000768		20	0.6619147	1.6699369	0.008538899	0.0827483	1.0	2108	tags=40%, list=14%, signal=46%	
BODY MORPHOGENESIS%GOBP%GO:0010171	BODY MORPHOGENESIS%GOBP%GO:0010171		19	0.6705891	1.6685811	0.009661836	0.08348054	1.0	1426	tags=32%, list=9%, signal=35%	
MEMBRANE DEPOLARIZATION DURING CARDIAC MUSCLE CELL ACTION POTENTIAL%GOBP%GO:0086012	MEMBRANE DEPOLARIZATION DURING CARDIAC MUSCLE CELL ACTION POTENTIAL%GOBP%GO:0086012		15	0.6998031	1.6680156	0.010752688	0.08355424	1.0	2752	tags=73%, list=18%, signal=90%	
EPITHELIAL CELL DIFFERENTIATION INVOLVED IN KIDNEY DEVELOPMENT%GOBP%GO:0035850	EPITHELIAL CELL DIFFERENTIATION INVOLVED IN KIDNEY DEVELOPMENT%GOBP%GO:0035850		20	0.650897	1.6652702	0.011434511	0.085689016	1.0	3140	tags=50%, list=21%, signal=63%	
CALCIUM ION TRANSMEMBRANE IMPORT INTO CYTOSOL%GOBP%GO:0097553	CALCIUM ION TRANSMEMBRANE IMPORT INTO CYTOSOL%GOBP%GO:0097553		70	0.50497335	1.6651592	0.0048123198	0.08526936	1.0	2570	tags=37%, list=17%, signal=45%	
CILIUM-DEPENDENT CELL MOTILITY%GOBP%GO:0060285	CILIUM-DEPENDENT CELL MOTILITY%GOBP%GO:0060285		152	0.45643464	1.6649375	9.784736E-4	0.08503647	1.0	4585	tags=69%, list=31%, signal=98%	
TISSUE MORPHOGENESIS%GOBP%GO:0048729	TISSUE MORPHOGENESIS%GOBP%GO:0048729		249	0.43328464	1.664145	0.0	0.08527771	1.0	2694	tags=32%, list=18%, signal=39%	
NEGATIVE REGULATION OF EPITHELIAL CELL DIFFERENTIATION%GOBP%GO:0030857	NEGATIVE REGULATION OF EPITHELIAL CELL DIFFERENTIATION%GOBP%GO:0030857		22	0.6436475	1.663693	0.007400555	0.08524892	1.0	2594	tags=32%, list=17%, signal=38%	
MUSCLE SYSTEM PROCESS%GOBP%GO:0003012	MUSCLE SYSTEM PROCESS%GOBP%GO:0003012		214	0.4359782	1.6633768	0.0	0.08509363	1.0	2766	tags=32%, list=18%, signal=38%	
CELLULAR RESPONSE TO BMP STIMULUS%GOBP%GO:0071773	CELLULAR RESPONSE TO BMP STIMULUS%GOBP%GO:0071773		49	0.5350783	1.6631305	0.0055658626	0.08486668	1.0	2519	tags=37%, list=17%, signal=44%	
REGULATION OF CDC42 ACTIVITY%PATHWAY INTERACTION DATABASE NCI-NATURE CURATED DATA%REGULATION OF CDC42 ACTIVITY	REGULATION OF CDC42 ACTIVITY%PATHWAY INTERACTION DATABASE NCI-NATURE CURATED DATA%REGULATION OF CDC42 ACTIVITY		29	0.6020558	1.6616882	0.004638219	0.08563646	1.0	2052	tags=34%, list=14%, signal=40%	
NEGATIVE REGULATION OF VASCULAR ASSOCIATED SMOOTH MUSCLE CELL PROLIFERATION%GOBP%GO:1904706	NEGATIVE REGULATION OF VASCULAR ASSOCIATED SMOOTH MUSCLE CELL PROLIFERATION%GOBP%GO:1904706		16	0.6881135	1.6616635	0.0068965517	0.08518082	1.0	2263	tags=63%, list=15%, signal=74%	
EYE DEVELOPMENT%GOBP%GO:0001654	EYE DEVELOPMENT%GOBP%GO:0001654		153	0.45553416	1.66053	0.0	0.08579348	1.0	1841	tags=29%, list=12%, signal=33%	
CAMERA-TYPE EYE MORPHOGENESIS%GOBP%GO:0048593	CAMERA-TYPE EYE MORPHOGENESIS%GOBP%GO:0048593		51	0.534891	1.660218	0.0018744143	0.08561199	1.0	1644	tags=35%, list=11%, signal=39%	
ANATOMICAL STRUCTURE FORMATION INVOLVED IN MORPHOGENESIS%GOBP%GO:0048646	ANATOMICAL STRUCTURE FORMATION INVOLVED IN MORPHOGENESIS%GOBP%GO:0048646		470	0.40471056	1.6594212	0.0	0.085938625	1.0	2493	tags=28%, list=17%, signal=33%	
INTRACILIARY TRANSPORT%GOBP%GO:0042073	INTRACILIARY TRANSPORT%GOBP%GO:0042073		50	0.5358563	1.6593946	0.0019880715	0.085500896	1.0	4262	tags=68%, list=28%, signal=95%	
CILIUM OR FLAGELLUM-DEPENDENT CELL MOTILITY%GOBP%GO:0001539	CILIUM OR FLAGELLUM-DEPENDENT CELL MOTILITY%GOBP%GO:0001539		152	0.45643464	1.6591265	0.0	0.085282795	1.0	4585	tags=69%, list=31%, signal=98%	
FACE DEVELOPMENT%GOBP%GO:0060324	FACE DEVELOPMENT%GOBP%GO:0060324		16	0.6874703	1.6588665	0.007952286	0.08505769	1.0	1426	tags=38%, list=9%, signal=41%	
PRIMARY FOCAL SEGMENTAL GLOMERULOSCLEROSIS FSGS %WIKIPATHWAYS_20260211%WP2572%HOMO SAPIENS	PRIMARY FOCAL SEGMENTAL GLOMERULOSCLEROSIS FSGS %WIKIPATHWAYS_20260211%WP2572%HOMO SAPIENS		53	0.5307609	1.6583543	0.006012024	0.0850581	1.0	1599	tags=25%, list=11%, signal=27%	
CHORDATE EMBRYONIC DEVELOPMENT%GOBP%GO:0043009	CHORDATE EMBRYONIC DEVELOPMENT%GOBP%GO:0043009		151	0.44805747	1.6578764	0.0	0.08509841	1.0	2682	tags=28%, list=18%, signal=34%	
NEPHRON EPITHELIUM DEVELOPMENT%GOBP%GO:0072009	NEPHRON EPITHELIUM DEVELOPMENT%GOBP%GO:0072009		44	0.5506719	1.6571202	9.596929E-4	0.085343674	1.0	2459	tags=45%, list=16%, signal=54%	
HS-GAG BIOSYNTHESIS%REACTOME DATABASE ID RELEASE 95%2022928	HS-GAG BIOSYNTHESIS%REACTOME DATABASE ID RELEASE 95%2022928		28	0.6102793	1.6569432	0.008964144	0.0850639	1.0	2776	tags=57%, list=18%, signal=70%	
PLASMA MEMBRANE BOUNDED CELL PROJECTION ASSEMBLY%GOBP%GO:0120031	PLASMA MEMBRANE BOUNDED CELL PROJECTION ASSEMBLY%GOBP%GO:0120031		361	0.4101639	1.6568269	0.0	0.08473773	1.0	4599	tags=58%, list=31%, signal=82%	
TRANSFORMING GROWTH FACTOR BETA RECEPTOR SUPERFAMILY SIGNALING PATHWAY%GOBP%GO:0141091	TRANSFORMING GROWTH FACTOR BETA RECEPTOR SUPERFAMILY SIGNALING PATHWAY%GOBP%GO:0141091		106	0.47384602	1.6567773	9.5328887E-4	0.08433816	1.0	2326	tags=27%, list=15%, signal=32%	
POSITIVE REGULATION OF EXTRACELLULAR MATRIX ORGANIZATION%GOBP%GO:1903055	POSITIVE REGULATION OF EXTRACELLULAR MATRIX ORGANIZATION%GOBP%GO:1903055		23	0.6310102	1.6565301	0.008919722	0.08412367	1.0	2495	tags=39%, list=17%, signal=47%	
SIGNALING BY PDGF%REACTOME DATABASE ID RELEASE 95%186797	SIGNALING BY PDGF%REACTOME DATABASE ID RELEASE 95%186797		46	0.5446801	1.6553198	0.001984127	0.08483222	1.0	2021	tags=30%, list=13%, signal=35%	
SKIN DEVELOPMENT%GOBP%GO:0043588	SKIN DEVELOPMENT%GOBP%GO:0043588		86	0.48743966	1.6544765	9.746589E-4	0.08516151	1.0	2629	tags=36%, list=18%, signal=43%	
MESODERM MORPHOGENESIS%GOBP%GO:0048332	MESODERM MORPHOGENESIS%GOBP%GO:0048332		21	0.6431137	1.6541849	0.011639185	0.08499576	1.0	2694	tags=57%, list=18%, signal=70%	
REGULATION OF SMOOTH MUSCLE CELL PROLIFERATION%GOBP%GO:0048660	REGULATION OF SMOOTH MUSCLE CELL PROLIFERATION%GOBP%GO:0048660		80	0.49238884	1.6541648	9.451796E-4	0.0845845	1.0	2433	tags=34%, list=16%, signal=40%	
BETA3 INTEGRIN CELL SURFACE INTERACTIONS%PATHWAY INTERACTION DATABASE NCI-NATURE CURATED DATA%BETA3 INTEGRIN CELL SURFACE INTERACTIONS	BETA3 INTEGRIN CELL SURFACE INTERACTIONS%PATHWAY INTERACTION DATABASE NCI-NATURE CURATED DATA%BETA3 INTEGRIN CELL SURFACE INTERACTIONS		41	0.5563872	1.6538037	0.003872217	0.0844601	1.0	1833	tags=34%, list=12%, signal=39%	
INTEGRIN FAMILY CELL SURFACE INTERACTIONS%PATHWAY INTERACTION DATABASE NCI-NATURE CURATED DATA%INTEGRIN FAMILY CELL SURFACE INTERACTIONS	INTEGRIN FAMILY CELL SURFACE INTERACTIONS%PATHWAY INTERACTION DATABASE NCI-NATURE CURATED DATA%INTEGRIN FAMILY CELL SURFACE INTERACTIONS		26	0.6135492	1.6536902	0.006916996	0.08410508	1.0	1503	tags=38%, list=10%, signal=43%	
BIOCARTA_P53HYPOXIA_PATHWAY%MSIGDB_C2%BIOCARTA_P53HYPOXIA_PATHWAY	BIOCARTA_P53HYPOXIA_PATHWAY%MSIGDB_C2%BIOCARTA_P53HYPOXIA_PATHWAY		16	0.6749546	1.6479478	0.013820335	0.08902609	1.0	1561	tags=38%, list=10%, signal=42%	
STRIATED MUSCLE CELL DEVELOPMENT%GOBP%GO:0055002	STRIATED MUSCLE CELL DEVELOPMENT%GOBP%GO:0055002		75	0.5012523	1.6473237	9.765625E-4	0.089150615	1.0	2875	tags=37%, list=19%, signal=46%	
CELL-EXTRACELLULAR MATRIX INTERACTIONS%REACTOME DATABASE ID RELEASE 95%446353	CELL-EXTRACELLULAR MATRIX INTERACTIONS%REACTOME DATABASE ID RELEASE 95%446353		16	0.67516005	1.645473	0.013645224	0.090527326	1.0	1609	tags=38%, list=11%, signal=42%	
AORTA DEVELOPMENT%GOBP%GO:0035904	AORTA DEVELOPMENT%GOBP%GO:0035904		26	0.6120321	1.6454464	0.008555133	0.0901121	1.0	1972	tags=42%, list=13%, signal=49%	
TUBE MORPHOGENESIS%GOBP%GO:0035239	TUBE MORPHOGENESIS%GOBP%GO:0035239		312	0.415613	1.6454295	9.6525095E-4	0.08968119	1.0	2478	tags=28%, list=16%, signal=32%	
DISEASES OF GLYCOSYLATION%REACTOME DATABASE ID RELEASE 95%3781865	DISEASES OF GLYCOSYLATION%REACTOME DATABASE ID RELEASE 95%3781865		135	0.4535124	1.6446754	0.0	0.08989926	1.0	2496	tags=34%, list=17%, signal=40%	
PROTEIN LOCALIZATION TO CILIUM%GOBP%GO:0061512	PROTEIN LOCALIZATION TO CILIUM%GOBP%GO:0061512		63	0.5127569	1.6445808	0.0019065777	0.089553915	1.0	4262	tags=60%, list=28%, signal=84%	
PID_FRA_PATHWAY%MSIGDB_C2%PID_FRA_PATHWAY	PID_FRA_PATHWAY%MSIGDB_C2%PID_FRA_PATHWAY		32	0.58095026	1.6445338	0.008604206	0.08916864	1.0	2625	tags=47%, list=17%, signal=57%	
EOSINOPHIL CHEMOTAXIS%GOBP%GO:0048245	EOSINOPHIL CHEMOTAXIS%GOBP%GO:0048245		17	0.67083335	1.6443007	0.014619883	0.08895699	1.0	3555	tags=65%, list=24%, signal=85%	
HAIR FOLLICLE DEVELOPMENT%GOBP%GO:0001942	HAIR FOLLICLE DEVELOPMENT%GOBP%GO:0001942		16	0.68500024	1.6428416	0.014910537	0.089924954	1.0	3671	tags=56%, list=24%, signal=74%	
NEURON PROJECTION MORPHOGENESIS%GOBP%GO:0048812	NEURON PROJECTION MORPHOGENESIS%GOBP%GO:0048812		291	0.41706	1.6408743	0.0	0.091412306	1.0	2739	tags=32%, list=18%, signal=39%	
VISUAL SYSTEM DEVELOPMENT%GOBP%GO:0150063	VISUAL SYSTEM DEVELOPMENT%GOBP%GO:0150063		156	0.44923076	1.6407726	0.0	0.091089234	1.0	1841	tags=29%, list=12%, signal=33%	
NEGATIVE REGULATION OF WNT SIGNALING PATHWAY%GOBP%GO:0030178	NEGATIVE REGULATION OF WNT SIGNALING PATHWAY%GOBP%GO:0030178		132	0.45757943	1.6397581	0.0	0.091599055	1.0	1796	tags=20%, list=12%, signal=23%	
CILIUM MOVEMENT INVOLVED IN CELL MOTILITY%GOBP%GO:0060294	CILIUM MOVEMENT INVOLVED IN CELL MOTILITY%GOBP%GO:0060294		150	0.45117304	1.6394385	0.0	0.09146135	1.0	4585	tags=69%, list=31%, signal=98%	
RESPONSE TO BMP%GOBP%GO:0071772	RESPONSE TO BMP%GOBP%GO:0071772		49	0.5350783	1.639123	0.00931677	0.09136187	1.0	2519	tags=37%, list=17%, signal=44%	
HALLMARK_GLYCOLYSIS%MSIGDBHALLMARK%HALLMARK_GLYCOLYSIS	HALLMARK_GLYCOLYSIS%MSIGDBHALLMARK%HALLMARK_GLYCOLYSIS		144	0.45230952	1.6391053	0.0	0.09095945	1.0	2584	tags=31%, list=17%, signal=37%	
ENZYME-LINKED RECEPTOR PROTEIN SIGNALING PATHWAY%GOBP%GO:0007167	ENZYME-LINKED RECEPTOR PROTEIN SIGNALING PATHWAY%GOBP%GO:0007167		437	0.40177205	1.6387115	0.0	0.09091342	1.0	2477	tags=26%, list=16%, signal=30%	
NEGATIVE REGULATION OF SMOOTH MUSCLE CELL PROLIFERATION%GOBP%GO:0048662	NEGATIVE REGULATION OF SMOOTH MUSCLE CELL PROLIFERATION%GOBP%GO:0048662		34	0.57195765	1.6384342	0.00589391	0.090766825	1.0	2263	tags=41%, list=15%, signal=48%	
PHOTODYNAMIC THERAPY INDUCED AP 1 SURVIVAL SIGNALING%WIKIPATHWAYS_20260211%WP3611%HOMO SAPIENS	PHOTODYNAMIC THERAPY INDUCED AP 1 SURVIVAL SIGNALING%WIKIPATHWAYS_20260211%WP3611%HOMO SAPIENS		41	0.5531285	1.6368129	0.002946955	0.091928504	1.0	2258	tags=29%, list=15%, signal=34%	
EOSINOPHIL MIGRATION%GOBP%GO:0072677	EOSINOPHIL MIGRATION%GOBP%GO:0072677		17	0.67083335	1.6361086	0.012987013	0.09219248	1.0	3555	tags=65%, list=24%, signal=85%	
PLASMA MEMBRANE BOUNDED CELL PROJECTION MORPHOGENESIS%GOBP%GO:0120039	PLASMA MEMBRANE BOUNDED CELL PROJECTION MORPHOGENESIS%GOBP%GO:0120039		295	0.4140751	1.6358738	0.0	0.09200169	1.0	2739	tags=32%, list=18%, signal=39%	
PID_SYNDECAN_4_PATHWAY%MSIGDB_C2%PID_SYNDECAN_4_PATHWAY	PID_SYNDECAN_4_PATHWAY%MSIGDB_C2%PID_SYNDECAN_4_PATHWAY		21	0.63526785	1.635688	0.016617792	0.091757454	1.0	1711	tags=48%, list=11%, signal=54%	
EPIDERMIS DEVELOPMENT%GOBP%GO:0008544	EPIDERMIS DEVELOPMENT%GOBP%GO:0008544		119	0.45884523	1.6350192	9.861933E-4	0.09197899	1.0	2629	tags=37%, list=18%, signal=44%	
CELL PROJECTION MORPHOGENESIS%GOBP%GO:0048858	CELL PROJECTION MORPHOGENESIS%GOBP%GO:0048858		303	0.41364676	1.6344842	0.0	0.09207839	1.0	2739	tags=32%, list=18%, signal=39%	
CELL-SUBSTRATE ADHESION%GOBP%GO:0031589	CELL-SUBSTRATE ADHESION%GOBP%GO:0031589		145	0.45206934	1.6343642	9.67118E-4	0.091803	1.0	1709	tags=24%, list=11%, signal=27%	
VASCULATURE DEVELOPMENT%GOBP%GO:0001944	VASCULATURE DEVELOPMENT%GOBP%GO:0001944		259	0.4187677	1.6337206	0.0	0.092017844	1.0	1737	tags=22%, list=12%, signal=24%	
NEGATIVE REGULATION OF CELL MIGRATION%GOBP%GO:0030336	NEGATIVE REGULATION OF CELL MIGRATION%GOBP%GO:0030336		237	0.42195547	1.633544	0.0	0.09176286	1.0	2600	tags=27%, list=17%, signal=32%	
MOLTING CYCLE PROCESS%GOBP%GO:0022404	MOLTING CYCLE PROCESS%GOBP%GO:0022404		17	0.6666882	1.633022	0.013605442	0.091865495	1.0	3671	tags=53%, list=24%, signal=70%	
NEGATIVE REGULATION OF LOCOMOTION%GOBP%GO:0040013	NEGATIVE REGULATION OF LOCOMOTION%GOBP%GO:0040013		252	0.41797537	1.6313896	0.0	0.09304069	1.0	2600	tags=27%, list=17%, signal=32%	
13Q12 12 COPY NUMBER VARIATION%WIKIPATHWAYS_20260211%WP5406%HOMO SAPIENS	13Q12 12 COPY NUMBER VARIATION%WIKIPATHWAYS_20260211%WP5406%HOMO SAPIENS		25	0.60487103	1.6312977	0.01948718	0.092725925	1.0	1237	tags=36%, list=8%, signal=39%	
VENTRICULAR SEPTUM MORPHOGENESIS%GOBP%GO:0060412	VENTRICULAR SEPTUM MORPHOGENESIS%GOBP%GO:0060412		28	0.58796465	1.6299633	0.009708738	0.09363219	1.0	2260	tags=32%, list=15%, signal=38%	
MAINTENANCE OF CELL NUMBER%GOBP%GO:0098727	MAINTENANCE OF CELL NUMBER%GOBP%GO:0098727		41	0.54399043	1.6280961	0.006024096	0.095138706	1.0	2400	tags=32%, list=16%, signal=38%	
AXON GUIDANCE MEDIATED BY SLIT ROBO%PANTHER PATHWAY%P00008	AXON GUIDANCE MEDIATED BY SLIT ROBO%PANTHER PATHWAY%P00008		17	0.6602728	1.6277963	0.018464528	0.095021605	1.0	1565	tags=35%, list=10%, signal=39%	
MAMMALIAN DISORDER OF SEXUAL DEVELOPMENT%WIKIPATHWAYS_20260211%WP4842%HOMO SAPIENS	MAMMALIAN DISORDER OF SEXUAL DEVELOPMENT%WIKIPATHWAYS_20260211%WP4842%HOMO SAPIENS		15	0.67594594	1.6275511	0.009164969	0.09484428	1.0	2371	tags=47%, list=16%, signal=55%	
REGULATION OF CHONDROCYTE DIFFERENTIATION%GOBP%GO:0032330	REGULATION OF CHONDROCYTE DIFFERENTIATION%GOBP%GO:0032330		27	0.5960271	1.6271108	0.010848126	0.0948866	1.0	1412	tags=30%, list=9%, signal=33%	
INTRACILIARY ANTEROGRADE TRANSPORT%GOBP%GO:0035720	INTRACILIARY ANTEROGRADE TRANSPORT%GOBP%GO:0035720		18	0.6550376	1.6266193	0.00967118	0.094971076	1.0	4262	tags=72%, list=28%, signal=101%	
HYPOTHESIZED PATHWAYS IN PATHOGENESIS OF CARDIOVASCULAR DISEASE%WIKIPATHWAYS_20260211%WP3668%HOMO SAPIENS	HYPOTHESIZED PATHWAYS IN PATHOGENESIS OF CARDIOVASCULAR DISEASE%WIKIPATHWAYS_20260211%WP3668%HOMO SAPIENS		22	0.63209486	1.6245106	0.018627452	0.09657601	1.0	405	tags=23%, list=3%, signal=23%	
ENDOCHONDRAL OSSIFICATION%WIKIPATHWAYS_20260211%WP474%HOMO SAPIENS	ENDOCHONDRAL OSSIFICATION%WIKIPATHWAYS_20260211%WP474%HOMO SAPIENS		47	0.5346202	1.6239923	0.004821601	0.09672202	1.0	2707	tags=43%, list=18%, signal=52%	
CELL-CELL ADHESION%GOBP%GO:0098609	CELL-CELL ADHESION%GOBP%GO:0098609		360	0.4049856	1.6231971	0.0	0.0971615	1.0	1660	tags=22%, list=11%, signal=24%	
SPERMATID DEVELOPMENT%GOBP%GO:0007286	SPERMATID DEVELOPMENT%GOBP%GO:0007286		100	0.4690681	1.6208375	9.891196E-4	0.09904321	1.0	4345	tags=55%, list=29%, signal=77%	
KERATAN SULFATE KERATIN METABOLISM%REACTOME%R-HSA-1638074.4	KERATAN SULFATE KERATIN METABOLISM%REACTOME%R-HSA-1638074.4		35	0.56552476	1.6208202	0.0048685493	0.098650634	1.0	2571	tags=46%, list=17%, signal=55%	
FLAGELLATED SPERM MOTILITY%GOBP%GO:0030317	FLAGELLATED SPERM MOTILITY%GOBP%GO:0030317		141	0.44679612	1.6201645	9.6339115E-4	0.09889007	1.0	4585	tags=68%, list=31%, signal=97%	
ENDOCHONDRAL OSSIFICATION WITH SKELETAL DYSPLASIAS%WIKIPATHWAYS_20260211%WP4808%HOMO SAPIENS	ENDOCHONDRAL OSSIFICATION WITH SKELETAL DYSPLASIAS%WIKIPATHWAYS_20260211%WP4808%HOMO SAPIENS		47	0.5346202	1.6194497	0.010406812	0.09921847	1.0	2707	tags=43%, list=18%, signal=52%	
CELL PROJECTION ASSEMBLY%GOBP%GO:0030031	CELL PROJECTION ASSEMBLY%GOBP%GO:0030031		372	0.40137777	1.6193846	0.0	0.09887959	1.0	4599	tags=57%, list=31%, signal=80%	
BLOOD VESSEL DEVELOPMENT%GOBP%GO:0001568	BLOOD VESSEL DEVELOPMENT%GOBP%GO:0001568		243	0.41855636	1.6186517	0.0	0.09921249	1.0	2478	tags=27%, list=16%, signal=32%	
HALLMARK_TNFA_SIGNALING_VIA_NFKB%MSIGDBHALLMARK%HALLMARK_TNFA_SIGNALING_VIA_NFKB	HALLMARK_TNFA_SIGNALING_VIA_NFKB%MSIGDBHALLMARK%HALLMARK_TNFA_SIGNALING_VIA_NFKB		167	0.4350545	1.6184142	9.541985E-4	0.09902881	1.0	3100	tags=36%, list=21%, signal=45%	
TUBE DEVELOPMENT%GOBP%GO:0035295	TUBE DEVELOPMENT%GOBP%GO:0035295		369	0.40207195	1.6178795	0.0	0.09914667	1.0	2478	tags=28%, list=16%, signal=32%	
POSITIVE REGULATION OF GLIAL CELL DIFFERENTIATION%GOBP%GO:0045687	POSITIVE REGULATION OF GLIAL CELL DIFFERENTIATION%GOBP%GO:0045687		18	0.6478203	1.6171187	0.008395523	0.09951796	1.0	1926	tags=28%, list=13%, signal=32%	
CARDIAC SEPTUM DEVELOPMENT%GOBP%GO:0003279	CARDIAC SEPTUM DEVELOPMENT%GOBP%GO:0003279		54	0.52109027	1.6166221	0.004935834	0.0996588	1.0	1599	tags=28%, list=11%, signal=31%	
EXTRACELLULAR MATRIX DISASSEMBLY%GOBP%GO:0022617	EXTRACELLULAR MATRIX DISASSEMBLY%GOBP%GO:0022617		36	0.55709684	1.6162826	0.0098135425	0.09959378	1.0	2353	tags=47%, list=16%, signal=56%	
NEGATIVE REGULATION OF CELL MOTILITY%GOBP%GO:2000146	NEGATIVE REGULATION OF CELL MOTILITY%GOBP%GO:2000146		247	0.41857326	1.614383	0.0	0.101042025	1.0	2600	tags=27%, list=17%, signal=32%	
EPHRIN RECEPTOR SIGNALING PATHWAY%GOBP%GO:0048013	EPHRIN RECEPTOR SIGNALING PATHWAY%GOBP%GO:0048013		41	0.5470847	1.6136327	0.007804878	0.10139274	1.0	2125	tags=37%, list=14%, signal=42%	
SPERM MOTILITY%GOBP%GO:0097722	SPERM MOTILITY%GOBP%GO:0097722		141	0.44679612	1.6096954	0.0	0.10504029	1.0	4585	tags=68%, list=31%, signal=97%	
RESPONSE TO TRANSFORMING GROWTH FACTOR BETA%GOBP%GO:0071559	RESPONSE TO TRANSFORMING GROWTH FACTOR BETA%GOBP%GO:0071559		97	0.46898717	1.6092677	9.708738E-4	0.10509622	1.0	2371	tags=27%, list=16%, signal=32%	
TGF-BETA RECEPTOR SIGNALING ACTIVATES SMADS%REACTOME%R-HSA-2173789.6	TGF-BETA RECEPTOR SIGNALING ACTIVATES SMADS%REACTOME%R-HSA-2173789.6		44	0.5374795	1.6090838	0.008048289	0.104867615	1.0	2247	tags=27%, list=15%, signal=32%	
REGULATION OF TRANSMEMBRANE RECEPTOR PROTEIN SERINE/THREONINE KINASE SIGNALING PATHWAY%GOBP%GO:0090092	REGULATION OF TRANSMEMBRANE RECEPTOR PROTEIN SERINE/THREONINE KINASE SIGNALING PATHWAY%GOBP%GO:0090092		203	0.42294556	1.6074352	0.0	0.1062119	1.0	1683	tags=21%, list=11%, signal=23%	
REGULATION OF VASCULAR ENDOTHELIAL GROWTH FACTOR SIGNALING PATHWAY%GOBP%GO:1900746	REGULATION OF VASCULAR ENDOTHELIAL GROWTH FACTOR SIGNALING PATHWAY%GOBP%GO:1900746		26	0.59136814	1.607364	0.01617507	0.10585792	1.0	2760	tags=42%, list=18%, signal=52%	
HAIR CYCLE PROCESS%GOBP%GO:0022405	HAIR CYCLE PROCESS%GOBP%GO:0022405		17	0.6666882	1.6046689	0.015779093	0.108288534	1.0	3671	tags=53%, list=24%, signal=70%	
HAIR FOLLICLE DEVELOPMENT ORGANOGENESIS STAGE 2 OF 3%WIKIPATHWAYS_20260211%WP2839%HOMO SAPIENS	HAIR FOLLICLE DEVELOPMENT ORGANOGENESIS STAGE 2 OF 3%WIKIPATHWAYS_20260211%WP2839%HOMO SAPIENS		24	0.6052866	1.604581	0.013748854	0.10794191	1.0	2260	tags=42%, list=15%, signal=49%	
DIGESTIVE TRACT MORPHOGENESIS%GOBP%GO:0048546	DIGESTIVE TRACT MORPHOGENESIS%GOBP%GO:0048546		18	0.6453853	1.6036645	0.015609756	0.10857778	1.0	1980	tags=39%, list=13%, signal=45%	
PID_P53_DOWNSTREAM_PATHWAY%MSIGDB_C2%PID_P53_DOWNSTREAM_PATHWAY	PID_P53_DOWNSTREAM_PATHWAY%MSIGDB_C2%PID_P53_DOWNSTREAM_PATHWAY		118	0.4530491	1.6034794	9.7560976E-4	0.10837212	1.0	2718	tags=32%, list=18%, signal=39%	
HALLMARK_IL2_STAT5_SIGNALING%MSIGDBHALLMARK%HALLMARK_IL2_STAT5_SIGNALING	HALLMARK_IL2_STAT5_SIGNALING%MSIGDBHALLMARK%HALLMARK_IL2_STAT5_SIGNALING		164	0.43302724	1.6016449	0.0	0.11000387	1.0	2663	tags=32%, list=18%, signal=38%	
REGULATION OF ANIMAL ORGAN MORPHOGENESIS%GOBP%GO:2000027	REGULATION OF ANIMAL ORGAN MORPHOGENESIS%GOBP%GO:2000027		33	0.56366056	1.6014626	0.010628019	0.109795794	1.0	2459	tags=45%, list=16%, signal=54%	
HEPARAN SULFATE PROTEOGLYCAN METABOLIC PROCESS%GOBP%GO:0030201	HEPARAN SULFATE PROTEOGLYCAN METABOLIC PROCESS%GOBP%GO:0030201		34	0.5576079	1.5999545	0.011650485	0.11100782	1.0	2584	tags=44%, list=17%, signal=53%	
EXTRAFOLLICULAR AND FOLLICULAR B CELL ACTIVATION BY SARS COV 2%WIKIPATHWAYS_20260211%WP5218%HOMO SAPIENS	EXTRAFOLLICULAR AND FOLLICULAR B CELL ACTIVATION BY SARS COV 2%WIKIPATHWAYS_20260211%WP5218%HOMO SAPIENS		60	0.4988025	1.5986266	0.0	0.112027295	1.0	3093	tags=43%, list=21%, signal=54%	
MESODERM DEVELOPMENT%GOBP%GO:0007498	MESODERM DEVELOPMENT%GOBP%GO:0007498		45	0.52503425	1.5985287	0.007736944	0.11170754	1.0	2260	tags=38%, list=15%, signal=44%	
OSTEOARTHRITIC CHONDROCYTE HYPERTROPHY%WIKIPATHWAYS_20260211%WP5373%HOMO SAPIENS	OSTEOARTHRITIC CHONDROCYTE HYPERTROPHY%WIKIPATHWAYS_20260211%WP5373%HOMO SAPIENS		38	0.54547286	1.5985023	0.009652509	0.11131746	1.0	2556	tags=45%, list=17%, signal=54%	
HALLMARK_ANGIOGENESIS%MSIGDBHALLMARK%HALLMARK_ANGIOGENESIS	HALLMARK_ANGIOGENESIS%MSIGDBHALLMARK%HALLMARK_ANGIOGENESIS		31	0.5714466	1.5973116	0.01617507	0.11216758	1.0	1597	tags=32%, list=11%, signal=36%	
PEPTIDE HORMONE PROCESSING%GOBP%GO:0016486	PEPTIDE HORMONE PROCESSING%GOBP%GO:0016486		26	0.5964977	1.5960152	0.013645224	0.113240495	1.0	2353	tags=35%, list=16%, signal=41%	
REGULATION OF NEURONAL SYNAPTIC PLASTICITY%GOBP%GO:0048168	REGULATION OF NEURONAL SYNAPTIC PLASTICITY%GOBP%GO:0048168		30	0.5743526	1.5919725	0.008982036	0.117224924	1.0	1722	tags=37%, list=11%, signal=41%	
AP-1 TRANSCRIPTION FACTOR NETWORK%PATHWAY INTERACTION DATABASE NCI-NATURE CURATED DATA%AP-1 TRANSCRIPTION FACTOR NETWORK	AP-1 TRANSCRIPTION FACTOR NETWORK%PATHWAY INTERACTION DATABASE NCI-NATURE CURATED DATA%AP-1 TRANSCRIPTION FACTOR NETWORK		63	0.4933058	1.5912353	0.0058195926	0.11761291	1.0	2866	tags=46%, list=19%, signal=57%	
NEPHRON EPITHELIUM MORPHOGENESIS%GOBP%GO:0072088	NEPHRON EPITHELIUM MORPHOGENESIS%GOBP%GO:0072088		26	0.5845842	1.5906134	0.023552502	0.11794065	1.0	3055	tags=65%, list=20%, signal=82%	
HALLMARK_KRAS_SIGNALING_DN%MSIGDBHALLMARK%HALLMARK_KRAS_SIGNALING_DN	HALLMARK_KRAS_SIGNALING_DN%MSIGDBHALLMARK%HALLMARK_KRAS_SIGNALING_DN		109	0.45544693	1.5883307	0.0	0.12004668	1.0	3350	tags=41%, list=22%, signal=53%	
HALLMARK_COAGULATION%MSIGDBHALLMARK%HALLMARK_COAGULATION	HALLMARK_COAGULATION%MSIGDBHALLMARK%HALLMARK_COAGULATION		83	0.47127634	1.5882976	0.003992016	0.119642965	1.0	1874	tags=34%, list=12%, signal=38%	
HETEROTYPIC CELL-CELL ADHESION%GOBP%GO:0034113	HETEROTYPIC CELL-CELL ADHESION%GOBP%GO:0034113		30	0.57000506	1.5864958	0.01178782	0.12132116	1.0	2760	tags=43%, list=18%, signal=53%	
CELL SURFACE RECEPTOR PROTEIN SERINE/THREONINE KINASE SIGNALING PATHWAY%GOBP%GO:0007178	CELL SURFACE RECEPTOR PROTEIN SERINE/THREONINE KINASE SIGNALING PATHWAY%GOBP%GO:0007178		115	0.44624147	1.5845952	0.001980198	0.123139024	1.0	2326	tags=25%, list=15%, signal=30%	
TRANSCRIPTIONAL REGULATION BY THE AP-2 (TFAP2) FAMILY OF TRANSCRIPTION FACTORS%REACTOME%R-HSA-8864260.5	TRANSCRIPTIONAL REGULATION BY THE AP-2 (TFAP2) FAMILY OF TRANSCRIPTION FACTORS%REACTOME%R-HSA-8864260.5		30	0.57701474	1.5842804	0.0130916415	0.12305109	1.0	1644	tags=17%, list=11%, signal=19%	
CARDIAC CHAMBER DEVELOPMENT%GOBP%GO:0003205	CARDIAC CHAMBER DEVELOPMENT%GOBP%GO:0003205		81	0.47297305	1.5835162	0.0049407114	0.12354935	1.0	2681	tags=35%, list=18%, signal=42%	
PHOSPHODIESTERASES IN NEURONAL FUNCTION%WIKIPATHWAYS_20260211%WP4222%HOMO SAPIENS	PHOSPHODIESTERASES IN NEURONAL FUNCTION%WIKIPATHWAYS_20260211%WP4222%HOMO SAPIENS		31	0.5617066	1.5818367	0.019398643	0.12511948	1.0	1559	tags=29%, list=10%, signal=32%	
CELL MORPHOGENESIS%GOBP%GO:0000902	CELL MORPHOGENESIS%GOBP%GO:0000902		388	0.39052802	1.5812135	0.0	0.12541762	1.0	2739	tags=30%, list=18%, signal=36%	
LONG-TERM SYNAPTIC POTENTIATION%GOBP%GO:0060291	LONG-TERM SYNAPTIC POTENTIATION%GOBP%GO:0060291		23	0.5982598	1.576098	0.020750988	0.13109997	1.0	753	tags=22%, list=5%, signal=23%	
MUSCLE CONTRACTION%GOBP%GO:0006936	MUSCLE CONTRACTION%GOBP%GO:0006936		189	0.41976827	1.5756932	0.0	0.131097	1.0	2766	tags=31%, list=18%, signal=37%	
CS-GAG BIOSYNTHESIS%REACTOME DATABASE ID RELEASE 95%2022870	CS-GAG BIOSYNTHESIS%REACTOME DATABASE ID RELEASE 95%2022870		18	0.6319892	1.5711821	0.029622063	0.13608901	1.0	1271	tags=44%, list=8%, signal=48%	
CHONDROITIN SULFATE PROTEOGLYCAN METABOLIC PROCESS%GOBP%GO:0050654	CHONDROITIN SULFATE PROTEOGLYCAN METABOLIC PROCESS%GOBP%GO:0050654		29	0.56790876	1.5708805	0.008024072	0.13601822	1.0	1425	tags=31%, list=9%, signal=34%	
ODONTOGENESIS%GOBP%GO:0042476	ODONTOGENESIS%GOBP%GO:0042476		40	0.5338417	1.570732	0.012404581	0.1357213	1.0	1762	tags=33%, list=12%, signal=37%	
NEPHRON MORPHOGENESIS%GOBP%GO:0072028	NEPHRON MORPHOGENESIS%GOBP%GO:0072028		26	0.5845842	1.57036	0.022	0.13567017	1.0	3055	tags=65%, list=20%, signal=82%	
FOCAL ADHESION%WIKIPATHWAYS_20260211%WP306%HOMO SAPIENS	FOCAL ADHESION%WIKIPATHWAYS_20260211%WP306%HOMO SAPIENS		147	0.43205795	1.5699365	9.99001E-4	0.13570288	1.0	1711	tags=25%, list=11%, signal=28%	
TYPE I COLLAGEN SYNTHESIS IN THE CONTEXT OF OSTEOGENESIS IMPERFECTA%WIKIPATHWAYS_20260211%WP4786%HOMO SAPIENS	TYPE I COLLAGEN SYNTHESIS IN THE CONTEXT OF OSTEOGENESIS IMPERFECTA%WIKIPATHWAYS_20260211%WP4786%HOMO SAPIENS		24	0.5881645	1.5696777	0.015045135	0.13557874	1.0	2967	tags=54%, list=20%, signal=67%	
HALLMARK_APICAL_JUNCTION%MSIGDBHALLMARK%HALLMARK_APICAL_JUNCTION	HALLMARK_APICAL_JUNCTION%MSIGDBHALLMARK%HALLMARK_APICAL_JUNCTION		142	0.43465167	1.5689205	0.0	0.1360591	1.0	1599	tags=25%, list=11%, signal=27%	
HALLMARK_MYOGENESIS%MSIGDBHALLMARK%HALLMARK_MYOGENESIS	HALLMARK_MYOGENESIS%MSIGDBHALLMARK%HALLMARK_MYOGENESIS		142	0.43053964	1.566683	0.0	0.13836178	1.0	2849	tags=35%, list=19%, signal=43%	
REGULATION OF WNT SIGNALING PATHWAY%GOBP%GO:0030111	REGULATION OF WNT SIGNALING PATHWAY%GOBP%GO:0030111		264	0.40431252	1.5661361	0.0	0.13857882	1.0	2599	tags=24%, list=17%, signal=28%	
HEPARAN SULFATE HEPARIN (HS-GAG) METABOLISM%REACTOME%R-HSA-1638091.4	HEPARAN SULFATE HEPARIN (HS-GAG) METABOLISM%REACTOME%R-HSA-1638091.4		35	0.5420409	1.5645576	0.015857285	0.14012912	1.0	2776	tags=51%, list=18%, signal=63%	
MYOGENESIS%REACTOME DATABASE ID RELEASE 95%525793	MYOGENESIS%REACTOME DATABASE ID RELEASE 95%525793		21	0.6071296	1.5643293	0.022051774	0.13995232	1.0	2892	tags=48%, list=19%, signal=59%	
INTEGRIN-MEDIATED SIGNALING PATHWAY%GOBP%GO:0007229	INTEGRIN-MEDIATED SIGNALING PATHWAY%GOBP%GO:0007229		82	0.46666926	1.562966	0.0038872692	0.14122504	1.0	1565	tags=23%, list=10%, signal=26%	
CENTRAL NERVOUS SYSTEM NEURON AXONOGENESIS%GOBP%GO:0021955	CENTRAL NERVOUS SYSTEM NEURON AXONOGENESIS%GOBP%GO:0021955		18	0.63633263	1.5625211	0.02414487	0.14135514	1.0	2235	tags=44%, list=15%, signal=52%	
GLUCOCORTICOID RECEPTOR PATHWAY%WIKIPATHWAYS_20260211%WP2880%HOMO SAPIENS	GLUCOCORTICOID RECEPTOR PATHWAY%WIKIPATHWAYS_20260211%WP2880%HOMO SAPIENS		57	0.49923432	1.5621506	0.011741683	0.14134581	1.0	3015	tags=42%, list=20%, signal=52%	
POSITIVE REGULATION OF ANIMAL ORGAN MORPHOGENESIS%GOBP%GO:0110110	POSITIVE REGULATION OF ANIMAL ORGAN MORPHOGENESIS%GOBP%GO:0110110		15	0.6487408	1.5614216	0.028873917	0.14181823	1.0	2459	tags=53%, list=16%, signal=64%	
CELL-SUBSTRATE JUNCTION ASSEMBLY%GOBP%GO:0007044	CELL-SUBSTRATE JUNCTION ASSEMBLY%GOBP%GO:0007044		29	0.5661007	1.5613955	0.017716536	0.14137563	1.0	2289	tags=38%, list=15%, signal=45%	
BMP SIGNALING PATHWAY%GOBP%GO:0030509	BMP SIGNALING PATHWAY%GOBP%GO:0030509		45	0.515492	1.561364	0.013712047	0.1409465	1.0	2519	tags=33%, list=17%, signal=40%	
REGULATION OF CALCIUM ION IMPORT%GOBP%GO:0090279	REGULATION OF CALCIUM ION IMPORT%GOBP%GO:0090279		25	0.58640444	1.5604645	0.023069208	0.14159444	1.0	3555	tags=60%, list=24%, signal=78%	
BBSOME-MEDIATED CARGO-TARGETING TO CILIUM%REACTOME%R-HSA-5620922.5	BBSOME-MEDIATED CARGO-TARGETING TO CILIUM%REACTOME%R-HSA-5620922.5		22	0.5981946	1.5603719	0.025100403	0.14122602	1.0	2023	tags=32%, list=13%, signal=37%	
FEMALE PREGNANCY%GOBP%GO:0007565	FEMALE PREGNANCY%GOBP%GO:0007565		50	0.50090754	1.5602216	0.0076997112	0.14090902	1.0	2152	tags=30%, list=14%, signal=35%	
HEART VALVE DEVELOPMENT%GOBP%GO:0003170	HEART VALVE DEVELOPMENT%GOBP%GO:0003170		63	0.48424032	1.5597799	0.01179941	0.14103808	1.0	2694	tags=38%, list=18%, signal=46%	
MICROTUBULE-BASED MOVEMENT%GOBP%GO:0007018	MICROTUBULE-BASED MOVEMENT%GOBP%GO:0007018		363	0.39058483	1.5595644	0.0	0.14087522	1.0	4606	tags=56%, list=31%, signal=79%	
NEGATIVE REGULATION OF CANONICAL WNT SIGNALING PATHWAY%GOBP%GO:0090090	NEGATIVE REGULATION OF CANONICAL WNT SIGNALING PATHWAY%GOBP%GO:0090090		107	0.44234204	1.5593789	0.002979146	0.14066619	1.0	833	tags=14%, list=6%, signal=15%	
CELL-SUBSTRATE JUNCTION ORGANIZATION%GOBP%GO:0150115	CELL-SUBSTRATE JUNCTION ORGANIZATION%GOBP%GO:0150115		30	0.5563333	1.5581281	0.023115577	0.14185728	1.0	2289	tags=37%, list=15%, signal=43%	
CARDIAC SEPTUM MORPHOGENESIS%GOBP%GO:0060411	CARDIAC SEPTUM MORPHOGENESIS%GOBP%GO:0060411		42	0.5219943	1.5572443	0.020192308	0.14252147	1.0	2471	tags=36%, list=16%, signal=43%	
PID_S1P_S1P3_PATHWAY%MSIGDB_C2%PID_S1P_S1P3_PATHWAY	PID_S1P_S1P3_PATHWAY%MSIGDB_C2%PID_S1P_S1P3_PATHWAY		21	0.6048537	1.5539513	0.02431611	0.14644022	1.0	1700	tags=29%, list=11%, signal=32%	
VENTRICULAR SEPTUM DEVELOPMENT%GOBP%GO:0003281	VENTRICULAR SEPTUM DEVELOPMENT%GOBP%GO:0003281		36	0.5389822	1.5518863	0.0085796	0.14869025	1.0	2260	tags=31%, list=15%, signal=36%	
NEGATIVE CHEMOTAXIS%GOBP%GO:0050919	NEGATIVE CHEMOTAXIS%GOBP%GO:0050919		29	0.55974156	1.5506253	0.02171767	0.14990887	1.0	1411	tags=34%, list=9%, signal=38%	
OLIGODENDROCYTE DEVELOPMENT%GOBP%GO:0014003	OLIGODENDROCYTE DEVELOPMENT%GOBP%GO:0014003		19	0.6235867	1.5505439	0.025252525	0.14955026	1.0	2202	tags=42%, list=15%, signal=49%	
SPINAL CORD DEVELOPMENT%GOBP%GO:0021510	SPINAL CORD DEVELOPMENT%GOBP%GO:0021510		25	0.5741772	1.5503607	0.02123357	0.14932819	1.0	2745	tags=44%, list=18%, signal=54%	
PID_INTEGRIN_A4B1_PATHWAY%MSIGDB_C2%PID_INTEGRIN_A4B1_PATHWAY	PID_INTEGRIN_A4B1_PATHWAY%MSIGDB_C2%PID_INTEGRIN_A4B1_PATHWAY		24	0.59079343	1.5498872	0.024248302	0.1495144	1.0	2433	tags=38%, list=16%, signal=45%	
HEAD MORPHOGENESIS%GOBP%GO:0060323	HEAD MORPHOGENESIS%GOBP%GO:0060323		15	0.6556337	1.5497019	0.03036239	0.14926796	1.0	1426	tags=33%, list=9%, signal=37%	
REGULATION OF SMOOTH MUSCLE CELL MIGRATION%GOBP%GO:0014910	REGULATION OF SMOOTH MUSCLE CELL MIGRATION%GOBP%GO:0014910		33	0.5449837	1.5493804	0.023529412	0.14920758	1.0	2263	tags=39%, list=15%, signal=46%	
DISRUPTION OF POSTSYNAPTIC SIGNALING BY CNV%WIKIPATHWAYS_20260211%WP4875%HOMO SAPIENS	DISRUPTION OF POSTSYNAPTIC SIGNALING BY CNV%WIKIPATHWAYS_20260211%WP4875%HOMO SAPIENS		23	0.5962175	1.5492688	0.024928093	0.14887655	1.0	2166	tags=39%, list=14%, signal=46%	
MULTI-ORGANISM REPRODUCTIVE PROCESS%GOBP%GO:0044703	MULTI-ORGANISM REPRODUCTIVE PROCESS%GOBP%GO:0044703		57	0.48866215	1.5478963	0.013402062	0.15022072	1.0	2152	tags=30%, list=14%, signal=35%	
DIRECT P53 EFFECTORS%PATHWAY INTERACTION DATABASE NCI-NATURE CURATED DATA%DIRECT P53 EFFECTORS	DIRECT P53 EFFECTORS%PATHWAY INTERACTION DATABASE NCI-NATURE CURATED DATA%DIRECT P53 EFFECTORS		135	0.43249106	1.5476483	0.0019065777	0.15006527	1.0	2718	tags=31%, list=18%, signal=38%	
POSITIVE REGULATION OF CELL ADHESION MEDIATED BY INTEGRIN%GOBP%GO:0033630	POSITIVE REGULATION OF CELL ADHESION MEDIATED BY INTEGRIN%GOBP%GO:0033630		19	0.6169598	1.5475447	0.029239766	0.14976165	1.0	3035	tags=42%, list=20%, signal=53%	
MORPHOGENESIS OF AN EPITHELIUM%GOBP%GO:0002009	MORPHOGENESIS OF AN EPITHELIUM%GOBP%GO:0002009		190	0.40992483	1.5474542	0.0018796993	0.14941052	1.0	2599	tags=29%, list=17%, signal=35%	
CELL-CELL SIGNALING%GOBP%GO:0007267	CELL-CELL SIGNALING%GOBP%GO:0007267		452	0.3787708	1.5473839	0.0	0.14903776	1.0	3050	tags=33%, list=20%, signal=40%	
ADRENALINE,NORADRENALINE INHIBITS INSULIN SECRETION%REACTOME%R-HSA-400042.7	ADRENALINE,NORADRENALINE INHIBITS INSULIN SECRETION%REACTOME%R-HSA-400042.7		23	0.5850535	1.5473466	0.025768086	0.14862815	1.0	1347	tags=39%, list=9%, signal=43%	
PI3K AKT SIGNALING%WIKIPATHWAYS_20260211%WP4172%HOMO SAPIENS	PI3K AKT SIGNALING%WIKIPATHWAYS_20260211%WP4172%HOMO SAPIENS		239	0.40047777	1.5472271	0.0	0.14831565	1.0	2037	tags=23%, list=14%, signal=27%	
MESENCHYME MORPHOGENESIS%GOBP%GO:0072132	MESENCHYME MORPHOGENESIS%GOBP%GO:0072132		34	0.5405801	1.545913	0.013409962	0.14952953	1.0	3230	tags=47%, list=22%, signal=60%	
REGULATION OF COLLAGEN METABOLIC PROCESS%GOBP%GO:0010712	REGULATION OF COLLAGEN METABOLIC PROCESS%GOBP%GO:0010712		21	0.6062783	1.5446054	0.025316456	0.1507547	1.0	2689	tags=48%, list=18%, signal=58%	
NEURON MIGRATION%GOBP%GO:0001764	NEURON MIGRATION%GOBP%GO:0001764		60	0.48425907	1.5439228	0.0037950664	0.15116543	1.0	2587	tags=32%, list=17%, signal=38%	
HALLMARK_HYPOXIA%MSIGDBHALLMARK%HALLMARK_HYPOXIA	HALLMARK_HYPOXIA%MSIGDBHALLMARK%HALLMARK_HYPOXIA		132	0.43021038	1.5435826	9.881423E-4	0.15114409	1.0	3097	tags=37%, list=21%, signal=46%	
CELL SURFACE RECEPTOR PROTEIN TYROSINE KINASE SIGNALING PATHWAY%GOBP%GO:0007169	CELL SURFACE RECEPTOR PROTEIN TYROSINE KINASE SIGNALING PATHWAY%GOBP%GO:0007169		311	0.39026216	1.5428634	0.0	0.15167284	1.0	2477	tags=27%, list=16%, signal=31%	
UNTITLED%PANTHER PATHWAY%P05916	UNTITLED%PANTHER PATHWAY%P05916		17	0.6340135	1.5417708	0.021825397	0.15275744	1.0	1294	tags=35%, list=9%, signal=39%	
GLAND MORPHOGENESIS%GOBP%GO:0022612	GLAND MORPHOGENESIS%GOBP%GO:0022612		15	0.63616824	1.541425	0.035406698	0.152752	1.0	2371	tags=27%, list=16%, signal=32%	
MYOBLAST DIFFERENTIATION%GOBP%GO:0045445	MYOBLAST DIFFERENTIATION%GOBP%GO:0045445		22	0.58988756	1.5410268	0.019646365	0.15285103	1.0	2281	tags=36%, list=15%, signal=43%	
CELLULAR RESPONSE TO NUTRIENT%GOBP%GO:0031670	CELLULAR RESPONSE TO NUTRIENT%GOBP%GO:0031670		23	0.584378	1.5400809	0.03010348	0.1536728	1.0	2892	tags=39%, list=19%, signal=48%	
CRANIAL SKELETAL SYSTEM DEVELOPMENT%GOBP%GO:1904888	CRANIAL SKELETAL SYSTEM DEVELOPMENT%GOBP%GO:1904888		23	0.5915137	1.5396111	0.021338506	0.15387402	1.0	2459	tags=39%, list=16%, signal=47%	
HDMS DEMETHYLATE HISTONES%REACTOME%R-HSA-3214842.5	HDMS DEMETHYLATE HISTONES%REACTOME%R-HSA-3214842.5		23	0.59184	1.5388047	0.027911453	0.15451284	1.0	134	tags=9%, list=1%, signal=9%	
SUBSTRATE-DEPENDENT CELL MIGRATION%GOBP%GO:0006929	SUBSTRATE-DEPENDENT CELL MIGRATION%GOBP%GO:0006929		15	0.6562071	1.5384823	0.03875969	0.15449055	1.0	670	tags=27%, list=4%, signal=28%	
REGULATION OF CARTILAGE DEVELOPMENT%GOBP%GO:0061035	REGULATION OF CARTILAGE DEVELOPMENT%GOBP%GO:0061035		35	0.5392805	1.537073	0.023762377	0.15595928	1.0	2519	tags=34%, list=17%, signal=41%	
FOXO-MEDIATED TRANSCRIPTION OF CELL CYCLE GENES%REACTOME%R-HSA-9617828.2	FOXO-MEDIATED TRANSCRIPTION OF CELL CYCLE GENES%REACTOME%R-HSA-9617828.2		16	0.63525426	1.5369302	0.027081244	0.15570277	1.0	2152	tags=38%, list=14%, signal=44%	
REGULATION OF BMP SIGNALING PATHWAY%GOBP%GO:0030510	REGULATION OF BMP SIGNALING PATHWAY%GOBP%GO:0030510		68	0.46955422	1.5366145	0.010607522	0.15565875	1.0	1801	tags=26%, list=12%, signal=30%	
NERVE DEVELOPMENT%GOBP%GO:0021675	NERVE DEVELOPMENT%GOBP%GO:0021675		29	0.55258316	1.5365883	0.019038076	0.15524739	1.0	2471	tags=38%, list=16%, signal=45%	
PROTEIN O-LINKED GLYCOSYLATION%GOBP%GO:0006493	PROTEIN O-LINKED GLYCOSYLATION%GOBP%GO:0006493		119	0.43296996	1.5363408	0.001002004	0.155106	1.0	2307	tags=30%, list=15%, signal=35%	
GERM CELL DEVELOPMENT%GOBP%GO:0007281	GERM CELL DEVELOPMENT%GOBP%GO:0007281		143	0.42294547	1.5363069	9.803922E-4	0.15468547	1.0	4585	tags=51%, list=31%, signal=73%	
CENTRAL NERVOUS SYSTEM NEURON DEVELOPMENT%GOBP%GO:0021954	CENTRAL NERVOUS SYSTEM NEURON DEVELOPMENT%GOBP%GO:0021954		38	0.5272872	1.5350978	0.03041825	0.1558787	1.0	2423	tags=37%, list=16%, signal=44%	
TUMOR SUPPRESSOR ACTIVITY OF SMARCB1%WIKIPATHWAYS_20260211%WP4204%HOMO SAPIENS	TUMOR SUPPRESSOR ACTIVITY OF SMARCB1%WIKIPATHWAYS_20260211%WP4204%HOMO SAPIENS		24	0.58244663	1.5336663	0.025471698	0.15734397	1.0	2762	tags=29%, list=18%, signal=36%	
REGULATION OF AMINE TRANSPORT%GOBP%GO:0051952	REGULATION OF AMINE TRANSPORT%GOBP%GO:0051952		25	0.57074624	1.5331287	0.024319066	0.15759033	1.0	1637	tags=40%, list=11%, signal=45%	
REGULATION OF AXONOGENESIS%GOBP%GO:0050770	REGULATION OF AXONOGENESIS%GOBP%GO:0050770		69	0.47218466	1.5321461	0.012060301	0.15853664	1.0	3030	tags=38%, list=20%, signal=47%	
MICROTUBULE CYTOSKELETON ORGANIZATION%GOBP%GO:0000226	MICROTUBULE CYTOSKELETON ORGANIZATION%GOBP%GO:0000226		474	0.37419367	1.5315324	0.0	0.15897705	1.0	4516	tags=46%, list=30%, signal=64%	
FOCAL ADHESION PI3K AKT MTOR SIGNALING%WIKIPATHWAYS_20260211%WP3932%HOMO SAPIENS	FOCAL ADHESION PI3K AKT MTOR SIGNALING%WIKIPATHWAYS_20260211%WP3932%HOMO SAPIENS		219	0.400228	1.5301378	9.910803E-4	0.16041534	1.0	2642	tags=27%, list=18%, signal=33%	
5HT1 TYPE RECEPTOR MEDIATED SIGNALING PATHWAY%PANTHER PATHWAY%P04373	5HT1 TYPE RECEPTOR MEDIATED SIGNALING PATHWAY%PANTHER PATHWAY%P04373		25	0.5754741	1.5292565	0.03165183	0.16121589	1.0	1881	tags=32%, list=13%, signal=37%	
CELLULAR PROCESS INVOLVED IN REPRODUCTION IN MULTICELLULAR ORGANISM%GOBP%GO:0022412	CELLULAR PROCESS INVOLVED IN REPRODUCTION IN MULTICELLULAR ORGANISM%GOBP%GO:0022412		159	0.41538265	1.5290618	0.001	0.16100843	1.0	4231	tags=47%, list=28%, signal=64%	
POSITIVE REGULATION OF TELOMERE MAINTENANCE VIA TELOMERE LENGTHENING%GOBP%GO:1904358	POSITIVE REGULATION OF TELOMERE MAINTENANCE VIA TELOMERE LENGTHENING%GOBP%GO:1904358		26	0.56363523	1.5278066	0.02851524	0.16232128	1.0	4746	tags=46%, list=32%, signal=67%	
OUTFLOW TRACT MORPHOGENESIS%GOBP%GO:0003151	OUTFLOW TRACT MORPHOGENESIS%GOBP%GO:0003151		46	0.5013639	1.5276395	0.0087890625	0.16209546	1.0	2471	tags=28%, list=16%, signal=34%	
RESPONSE TO GROWTH FACTOR%GOBP%GO:0070848	RESPONSE TO GROWTH FACTOR%GOBP%GO:0070848		286	0.3906821	1.5274911	0.0	0.16184488	1.0	2607	tags=28%, list=17%, signal=33%	
BIOMINERAL TISSUE DEVELOPMENT%GOBP%GO:0031214	BIOMINERAL TISSUE DEVELOPMENT%GOBP%GO:0031214		30	0.55255073	1.5273842	0.01984127	0.16154741	1.0	2806	tags=40%, list=19%, signal=49%	
PID_BETA_CATENIN_NUC_PATHWAY%MSIGDB_C2%PID_BETA_CATENIN_NUC_PATHWAY	PID_BETA_CATENIN_NUC_PATHWAY%MSIGDB_C2%PID_BETA_CATENIN_NUC_PATHWAY		52	0.49560818	1.5272923	0.017664377	0.16121832	1.0	1597	tags=27%, list=11%, signal=30%	
ROOF OF MOUTH DEVELOPMENT%GOBP%GO:0060021	ROOF OF MOUTH DEVELOPMENT%GOBP%GO:0060021		35	0.5291593	1.5250634	0.02034588	0.1638346	1.0	1734	tags=31%, list=12%, signal=35%	
ENDOCARDIAL CUSHION FORMATION%GOBP%GO:0003272	ENDOCARDIAL CUSHION FORMATION%GOBP%GO:0003272		19	0.6127077	1.5242414	0.028846154	0.16452816	1.0	3230	tags=53%, list=22%, signal=67%	
REGULATION OF FIBROBLAST PROLIFERATION%GOBP%GO:0048145	REGULATION OF FIBROBLAST PROLIFERATION%GOBP%GO:0048145		44	0.5004154	1.5233271	0.02052786	0.16537148	1.0	1316	tags=25%, list=9%, signal=27%	
POSITIVE REGULATION OF ORGAN GROWTH%GOBP%GO:0046622	POSITIVE REGULATION OF ORGAN GROWTH%GOBP%GO:0046622		18	0.60444397	1.5220566	0.03430878	0.16668503	1.0	2291	tags=33%, list=15%, signal=39%	
FACTORS AND PATHWAYS AFFECTING INSULIN LIKE GROWTH FACTOR IGF1 AKT SIGNALING%WIKIPATHWAYS_20260211%WP3850%HOMO SAPIENS	FACTORS AND PATHWAYS AFFECTING INSULIN LIKE GROWTH FACTOR IGF1 AKT SIGNALING%WIKIPATHWAYS_20260211%WP3850%HOMO SAPIENS		27	0.5620518	1.5219328	0.026600985	0.16639411	1.0	2630	tags=30%, list=18%, signal=36%	
EMBRYO DEVELOPMENT ENDING IN BIRTH OR EGG HATCHING%GOBP%GO:0009792	EMBRYO DEVELOPMENT ENDING IN BIRTH OR EGG HATCHING%GOBP%GO:0009792		161	0.40841272	1.521628	9.5147477E-4	0.1663682	1.0	2682	tags=27%, list=18%, signal=32%	
UROKINASE-TYPE PLASMINOGEN ACTIVATOR (UPA) AND UPAR-MEDIATED SIGNALING%PATHWAY INTERACTION DATABASE NCI-NATURE CURATED DATA%UROKINASE-TYPE PLASMINOGEN ACTIVATOR (UPA) AND UPAR-MEDIATED SIGNALING	UROKINASE-TYPE PLASMINOGEN ACTIVATOR (UPA) AND UPAR-MEDIATED SIGNALING%PATHWAY INTERACTION DATABASE NCI-NATURE CURATED DATA%UROKINASE-TYPE PLASMINOGEN ACTIVATOR (UPA) AND UPAR-MEDIATED SIGNALING		38	0.5185787	1.5195234	0.01998002	0.1689609	1.0	1733	tags=32%, list=12%, signal=36%	
BIOCARTA_ATM_PATHWAY%MSIGDB_C2%BIOCARTA_ATM_PATHWAY	BIOCARTA_ATM_PATHWAY%MSIGDB_C2%BIOCARTA_ATM_PATHWAY		17	0.62478065	1.5187856	0.032753326	0.16957644	1.0	4071	tags=53%, list=27%, signal=73%	
CELLULAR RESPONSE TO TRANSFORMING GROWTH FACTOR BETA STIMULUS%GOBP%GO:0071560	CELLULAR RESPONSE TO TRANSFORMING GROWTH FACTOR BETA STIMULUS%GOBP%GO:0071560		91	0.44634348	1.5177144	0.005882353	0.17066258	1.0	2515	tags=27%, list=17%, signal=33%	
NEGATIVE REGULATION OF G PROTEIN-COUPLED RECEPTOR SIGNALING PATHWAY%GOBP%GO:0045744	NEGATIVE REGULATION OF G PROTEIN-COUPLED RECEPTOR SIGNALING PATHWAY%GOBP%GO:0045744		50	0.4892571	1.5167841	0.015655577	0.1715074	1.0	1654	tags=34%, list=11%, signal=38%	
POSITIVE REGULATION OF TRANSMEMBRANE RECEPTOR PROTEIN SERINE/THREONINE KINASE SIGNALING PATHWAY%GOBP%GO:0090100	POSITIVE REGULATION OF TRANSMEMBRANE RECEPTOR PROTEIN SERINE/THREONINE KINASE SIGNALING PATHWAY%GOBP%GO:0090100		77	0.45719233	1.5166146	0.008937438	0.17127241	1.0	1683	tags=21%, list=11%, signal=23%	
POSITIVE REGULATION OF HEART GROWTH%GOBP%GO:0060421	POSITIVE REGULATION OF HEART GROWTH%GOBP%GO:0060421		18	0.60444397	1.5147032	0.044265594	0.17357787	1.0	2291	tags=33%, list=15%, signal=39%	
NRAGE SIGNALS DEATH THROUGH JNK%REACTOME DATABASE ID RELEASE 95%193648	NRAGE SIGNALS DEATH THROUGH JNK%REACTOME DATABASE ID RELEASE 95%193648		58	0.47490954	1.5135736	0.0055762082	0.17478709	1.0	2021	tags=26%, list=13%, signal=30%	
REGULATION OF RELEASE OF SEQUESTERED CALCIUM ION INTO CYTOSOL%GOBP%GO:0051279	REGULATION OF RELEASE OF SEQUESTERED CALCIUM ION INTO CYTOSOL%GOBP%GO:0051279		50	0.4914485	1.5132741	0.019379845	0.1747458	1.0	2243	tags=34%, list=15%, signal=40%	
POSITIVE REGULATION OF MORPHOGENESIS OF AN EPITHELIUM%GOBP%GO:1905332	POSITIVE REGULATION OF MORPHOGENESIS OF AN EPITHELIUM%GOBP%GO:1905332		24	0.5682866	1.5123246	0.039	0.17570642	1.0	2625	tags=50%, list=17%, signal=60%	
ASSEMBLY AND CELL SURFACE PRESENTATION OF NMDA RECEPTORS%REACTOME DATABASE ID RELEASE 95%9609736	ASSEMBLY AND CELL SURFACE PRESENTATION OF NMDA RECEPTORS%REACTOME DATABASE ID RELEASE 95%9609736		18	0.6065865	1.5121297	0.033333335	0.17548397	1.0	3922	tags=56%, list=26%, signal=75%	
GENES CONTROLLING NEPHROGENESIS%WIKIPATHWAYS_20260211%WP4823%HOMO SAPIENS	GENES CONTROLLING NEPHROGENESIS%WIKIPATHWAYS_20260211%WP4823%HOMO SAPIENS		30	0.545561	1.5107951	0.027355623	0.17693907	1.0	3060	tags=53%, list=20%, signal=67%	
POSITIVE REGULATION OF FILOPODIUM ASSEMBLY%GOBP%GO:0051491	POSITIVE REGULATION OF FILOPODIUM ASSEMBLY%GOBP%GO:0051491		25	0.56284964	1.5107108	0.02963671	0.17657878	1.0	371	tags=16%, list=2%, signal=16%	
REGULATION OF FIBROBLAST GROWTH FACTOR RECEPTOR SIGNALING PATHWAY%GOBP%GO:0040036	REGULATION OF FIBROBLAST GROWTH FACTOR RECEPTOR SIGNALING PATHWAY%GOBP%GO:0040036		18	0.6123066	1.5103521	0.030571992	0.17662637	1.0	1503	tags=33%, list=10%, signal=37%	
CARDIOCYTE DIFFERENTIATION%GOBP%GO:0035051	CARDIOCYTE DIFFERENTIATION%GOBP%GO:0035051		57	0.4766254	1.5102226	0.0146484375	0.17639533	1.0	2599	tags=37%, list=17%, signal=44%	
REGULATION OF CARDIAC MUSCLE CELL ACTION POTENTIAL%GOBP%GO:0098901	REGULATION OF CARDIAC MUSCLE CELL ACTION POTENTIAL%GOBP%GO:0098901		29	0.545757	1.5098203	0.02631579	0.17651048	1.0	476	tags=21%, list=3%, signal=21%	
NEPHROTIC SYNDROME%WIKIPATHWAYS_20260211%WP4758%HOMO SAPIENS	NEPHROTIC SYNDROME%WIKIPATHWAYS_20260211%WP4758%HOMO SAPIENS		32	0.5254051	1.5094049	0.026	0.1766944	1.0	809	tags=19%, list=5%, signal=20%	
REGULATION OF TP53 ACTIVITY THROUGH METHYLATION%REACTOME%R-HSA-6804760.3	REGULATION OF TP53 ACTIVITY THROUGH METHYLATION%REACTOME%R-HSA-6804760.3		19	0.59707314	1.5084524	0.030710172	0.17766151	1.0	4095	tags=47%, list=27%, signal=65%	
STEM CELL POPULATION MAINTENANCE%GOBP%GO:0019827	STEM CELL POPULATION MAINTENANCE%GOBP%GO:0019827		40	0.50828743	1.5080183	0.021547502	0.17776741	1.0	2400	tags=30%, list=16%, signal=36%	
KIDNEY DEVELOPMENT%REACTOME DATABASE ID RELEASE 95%9830369	KIDNEY DEVELOPMENT%REACTOME DATABASE ID RELEASE 95%9830369		38	0.51286596	1.5074033	0.014014014	0.17818372	1.0	2459	tags=50%, list=16%, signal=60%	
PID_UPA_UPAR_PATHWAY%MSIGDB_C2%PID_UPA_UPAR_PATHWAY	PID_UPA_UPAR_PATHWAY%MSIGDB_C2%PID_UPA_UPAR_PATHWAY		26	0.55064434	1.50685	0.036821704	0.17856103	1.0	1503	tags=31%, list=10%, signal=34%	
CRMPS IN SEMA3A SIGNALING%REACTOME DATABASE ID RELEASE 95%399956	CRMPS IN SEMA3A SIGNALING%REACTOME DATABASE ID RELEASE 95%399956		15	0.6351532	1.5052412	0.04491018	0.18047817	1.0	791	tags=20%, list=5%, signal=21%	
SMOOTHENED SIGNALING PATHWAY%GOBP%GO:0007224	SMOOTHENED SIGNALING PATHWAY%GOBP%GO:0007224		35	0.51466155	1.5048522	0.023452157	0.18058476	1.0	2632	tags=49%, list=18%, signal=59%	
MUSCLE ORGAN DEVELOPMENT%GOBP%GO:0007517	MUSCLE ORGAN DEVELOPMENT%GOBP%GO:0007517		124	0.42102665	1.5046636	0.0029097963	0.18041262	1.0	2459	tags=31%, list=16%, signal=37%	
KERATAN SULFATE BIOSYNTHESIS%REACTOME%R-HSA-2022854.4	KERATAN SULFATE BIOSYNTHESIS%REACTOME%R-HSA-2022854.4		27	0.5500109	1.5039686	0.022526935	0.18099913	1.0	2571	tags=48%, list=17%, signal=58%	
INTERLEUKIN-4 AND INTERLEUKIN-13 SIGNALING%REACTOME DATABASE ID RELEASE 95%6785807	INTERLEUKIN-4 AND INTERLEUKIN-13 SIGNALING%REACTOME DATABASE ID RELEASE 95%6785807		98	0.43667448	1.503668	0.0126953125	0.18099745	1.0	3135	tags=37%, list=21%, signal=46%	
MESONEPHROS DEVELOPMENT%GOBP%GO:0001823	MESONEPHROS DEVELOPMENT%GOBP%GO:0001823		29	0.5461875	1.503553	0.029520296	0.18068975	1.0	2459	tags=48%, list=16%, signal=58%	
CALCIUM ION TRANSPORT%GOBP%GO:0006816	CALCIUM ION TRANSPORT%GOBP%GO:0006816		159	0.40495345	1.5021702	0.0029702971	0.18229644	1.0	2648	tags=33%, list=18%, signal=39%	
ALPHA4 BETA1 INTEGRIN SIGNALING EVENTS%PATHWAY INTERACTION DATABASE NCI-NATURE CURATED DATA%ALPHA4 BETA1 INTEGRIN SIGNALING EVENTS	ALPHA4 BETA1 INTEGRIN SIGNALING EVENTS%PATHWAY INTERACTION DATABASE NCI-NATURE CURATED DATA%ALPHA4 BETA1 INTEGRIN SIGNALING EVENTS		33	0.5288909	1.5017723	0.031403337	0.18245164	1.0	2433	tags=33%, list=16%, signal=40%	
OPIOID PROOPIOMELANOCORTIN PATHWAY%PANTHER PATHWAY%P05917	OPIOID PROOPIOMELANOCORTIN PATHWAY%PANTHER PATHWAY%P05917		18	0.60394627	1.5006227	0.049861494	0.1838128	1.0	1294	tags=33%, list=9%, signal=36%	
METABOLIC PATHWAYS OF FIBROBLASTS%WIKIPATHWAYS_20260211%WP5312%HOMO SAPIENS	METABOLIC PATHWAYS OF FIBROBLASTS%WIKIPATHWAYS_20260211%WP5312%HOMO SAPIENS		21	0.58208126	1.5005541	0.045019157	0.18344773	1.0	2190	tags=48%, list=15%, signal=56%	
CARDIAC CELL DEVELOPMENT%GOBP%GO:0055006	CARDIAC CELL DEVELOPMENT%GOBP%GO:0055006		33	0.53120124	1.5000678	0.0326609	0.18375757	1.0	2599	tags=45%, list=17%, signal=55%	
ANDROGEN RECEPTOR SIGNALING PATHWAY%GOBP%GO:0030521	ANDROGEN RECEPTOR SIGNALING PATHWAY%GOBP%GO:0030521		16	0.6221334	1.4998792	0.04052685	0.18360028	1.0	2050	tags=38%, list=14%, signal=43%	
TGF BETA RECEPTOR SIGNALING IN SKELETAL DYSPLASIAS%WIKIPATHWAYS_20260211%WP4816%HOMO SAPIENS	TGF BETA RECEPTOR SIGNALING IN SKELETAL DYSPLASIAS%WIKIPATHWAYS_20260211%WP4816%HOMO SAPIENS		48	0.49225256	1.499599	0.02057998	0.18355203	1.0	2625	tags=29%, list=17%, signal=35%	
HEPARAN SULFATE PROTEOGLYCAN BIOSYNTHETIC PROCESS%GOBP%GO:0015012	HEPARAN SULFATE PROTEOGLYCAN BIOSYNTHETIC PROCESS%GOBP%GO:0015012		24	0.5582013	1.4984703	0.034313727	0.18479443	1.0	2584	tags=46%, list=17%, signal=55%	
HEART MORPHOGENESIS%GOBP%GO:0003007	HEART MORPHOGENESIS%GOBP%GO:0003007		138	0.41641364	1.4982933	0.004950495	0.18457453	1.0	2471	tags=31%, list=16%, signal=37%	
REGULATION OF BLOOD CIRCULATION%GOBP%GO:1903522	REGULATION OF BLOOD CIRCULATION%GOBP%GO:1903522		159	0.4065555	1.496745	0.003988036	0.18653527	1.0	1610	tags=25%, list=11%, signal=27%	
PID_FOXO_PATHWAY%MSIGDB_C2%PID_FOXO_PATHWAY	PID_FOXO_PATHWAY%MSIGDB_C2%PID_FOXO_PATHWAY		37	0.51729846	1.4956586	0.026415095	0.18768027	1.0	2994	tags=32%, list=20%, signal=40%	
MULTI-MULTICELLULAR ORGANISM PROCESS%GOBP%GO:0044706	MULTI-MULTICELLULAR ORGANISM PROCESS%GOBP%GO:0044706		58	0.4681476	1.4953533	0.01875617	0.18769284	1.0	3401	tags=40%, list=23%, signal=51%	
CELLULAR RESPONSE TO PROSTAGLANDIN STIMULUS%GOBP%GO:0071379	CELLULAR RESPONSE TO PROSTAGLANDIN STIMULUS%GOBP%GO:0071379		16	0.6251357	1.4941182	0.047188755	0.18912639	1.0	3093	tags=50%, list=21%, signal=63%	
NEURON DEVELOPMENT%GOBP%GO:0048666	NEURON DEVELOPMENT%GOBP%GO:0048666		498	0.36257803	1.4923582	0.0	0.19134222	1.0	2493	tags=27%, list=17%, signal=31%	
G1 TO S CELL CYCLE CONTROL%WIKIPATHWAYS_20260211%WP45%HOMO SAPIENS	G1 TO S CELL CYCLE CONTROL%WIKIPATHWAYS_20260211%WP45%HOMO SAPIENS		51	0.48094055	1.4915862	0.017946161	0.19203305	1.0	1597	tags=20%, list=11%, signal=22%	
PID_AVB3_OPN_PATHWAY%MSIGDB_C2%PID_AVB3_OPN_PATHWAY	PID_AVB3_OPN_PATHWAY%MSIGDB_C2%PID_AVB3_OPN_PATHWAY		26	0.5511757	1.4902185	0.035714287	0.19359744	1.0	1640	tags=23%, list=11%, signal=26%	
POSITIVE REGULATION OF NEURON DIFFERENTIATION%GOBP%GO:0045666	POSITIVE REGULATION OF NEURON DIFFERENTIATION%GOBP%GO:0045666		28	0.5458245	1.4900542	0.04343534	0.19339833	1.0	2263	tags=36%, list=15%, signal=42%	
CEREBRAL CORTEX CELL MIGRATION%GOBP%GO:0021795	CEREBRAL CORTEX CELL MIGRATION%GOBP%GO:0021795		19	0.5838248	1.4871162	0.04695305	0.19757314	1.0	2587	tags=32%, list=17%, signal=38%	
BURN WOUND HEALING%WIKIPATHWAYS_20260211%WP5055%HOMO SAPIENS	BURN WOUND HEALING%WIKIPATHWAYS_20260211%WP5055%HOMO SAPIENS		49	0.48470572	1.4857875	0.02254902	0.1991977	1.0	2621	tags=35%, list=17%, signal=42%	
MESONEPHRIC TUBULE DEVELOPMENT%GOBP%GO:0072164	MESONEPHRIC TUBULE DEVELOPMENT%GOBP%GO:0072164		26	0.5389851	1.4853599	0.038272817	0.19933832	1.0	2459	tags=50%, list=16%, signal=60%	
REGULATION OF SMAD PROTEIN SIGNAL TRANSDUCTION%GOBP%GO:0060390	REGULATION OF SMAD PROTEIN SIGNAL TRANSDUCTION%GOBP%GO:0060390		56	0.47232568	1.4841615	0.015609756	0.20079865	1.0	2519	tags=27%, list=17%, signal=32%	
NEUREXINS AND NEUROLIGINS%REACTOME%R-HSA-6794361.6	NEUREXINS AND NEUROLIGINS%REACTOME%R-HSA-6794361.6		44	0.49679792	1.4831625	0.021052632	0.2018858	1.0	947	tags=25%, list=6%, signal=27%	
REGULATION OF INCLUSION BODY ASSEMBLY%GOBP%GO:0090083	REGULATION OF INCLUSION BODY ASSEMBLY%GOBP%GO:0090083		15	0.62524873	1.4831244	0.04474708	0.20143966	1.0	2147	tags=33%, list=14%, signal=39%	
G PROTEIN SIGNALING%WIKIPATHWAYS_20260211%WP35%HOMO SAPIENS	G PROTEIN SIGNALING%WIKIPATHWAYS_20260211%WP35%HOMO SAPIENS		62	0.46081597	1.4811903	0.015984016	0.20402065	1.0	1700	tags=23%, list=11%, signal=25%	
ACTIVIN RECEPTOR SIGNALING PATHWAY%GOBP%GO:0032924	ACTIVIN RECEPTOR SIGNALING PATHWAY%GOBP%GO:0032924		17	0.61035997	1.480384	0.049808428	0.2048756	1.0	2519	tags=35%, list=17%, signal=42%	
POSITIVE REGULATION OF CARDIAC MUSCLE TISSUE GROWTH%GOBP%GO:0055023	POSITIVE REGULATION OF CARDIAC MUSCLE TISSUE GROWTH%GOBP%GO:0055023		15	0.6181005	1.4800738	0.05929648	0.20489497	1.0	2263	tags=33%, list=15%, signal=39%	
NEGATIVE REGULATION OF TRANSMEMBRANE RECEPTOR PROTEIN SERINE/THREONINE KINASE SIGNALING PATHWAY%GOBP%GO:0090101	NEGATIVE REGULATION OF TRANSMEMBRANE RECEPTOR PROTEIN SERINE/THREONINE KINASE SIGNALING PATHWAY%GOBP%GO:0090101		115	0.41829216	1.4799011	0.006060606	0.20469038	1.0	2582	tags=29%, list=17%, signal=34%	
REGULATION OF NEURON PROJECTION DEVELOPMENT%GOBP%GO:0010975	REGULATION OF NEURON PROJECTION DEVELOPMENT%GOBP%GO:0010975		244	0.38314986	1.4798371	0.0	0.2043032	1.0	2328	tags=25%, list=16%, signal=30%	
RENAL TUBULE MORPHOGENESIS%GOBP%GO:0061333	RENAL TUBULE MORPHOGENESIS%GOBP%GO:0061333		27	0.54198754	1.4796771	0.04234841	0.20404677	1.0	3055	tags=63%, list=20%, signal=79%	
CLATHRIN COAT ASSEMBLY%GOBP%GO:0048268	CLATHRIN COAT ASSEMBLY%GOBP%GO:0048268		15	0.6234152	1.4787223	0.047945205	0.2050576	1.0	512	tags=27%, list=3%, signal=28%	
G ALPHA (I) SIGNALLING EVENTS%REACTOME DATABASE ID RELEASE 95%418594	G ALPHA (I) SIGNALLING EVENTS%REACTOME DATABASE ID RELEASE 95%418594		207	0.39175463	1.4781653	0.0019588638	0.2054607	1.0	3130	tags=34%, list=21%, signal=42%	
O-LINKED GLYCOSYLATION%REACTOME DATABASE ID RELEASE 95%5173105	O-LINKED GLYCOSYLATION%REACTOME DATABASE ID RELEASE 95%5173105		107	0.42171293	1.4770191	0.01003009	0.20681152	1.0	2496	tags=35%, list=17%, signal=41%	
EMBRYONIC DIGESTIVE TRACT DEVELOPMENT%GOBP%GO:0048566	EMBRYONIC DIGESTIVE TRACT DEVELOPMENT%GOBP%GO:0048566		18	0.59545636	1.4769678	0.03742802	0.206401	1.0	2607	tags=44%, list=17%, signal=54%	
RESPONSE TO PROSTAGLANDIN%GOBP%GO:0034694	RESPONSE TO PROSTAGLANDIN%GOBP%GO:0034694		20	0.5763276	1.4768355	0.05263158	0.20612238	1.0	3093	tags=45%, list=21%, signal=57%	
HEART VALVE MORPHOGENESIS%GOBP%GO:0003179	HEART VALVE MORPHOGENESIS%GOBP%GO:0003179		52	0.46873662	1.4767176	0.02281746	0.2058331	1.0	3164	tags=44%, list=21%, signal=56%	
REGULATION OF HEART CONTRACTION%GOBP%GO:0008016	REGULATION OF HEART CONTRACTION%GOBP%GO:0008016		136	0.40964583	1.4759336	0.0028790787	0.20658807	1.0	1604	tags=24%, list=11%, signal=27%	
T CELL MODULATION AND DESMOPLASIA IN PANCREATIC CANCER%WIKIPATHWAYS_20260211%WP5078%HOMO SAPIENS	T CELL MODULATION AND DESMOPLASIA IN PANCREATIC CANCER%WIKIPATHWAYS_20260211%WP5078%HOMO SAPIENS		38	0.50748473	1.4743242	0.027965285	0.20872523	1.0	2362	tags=37%, list=16%, signal=44%	
RESPONSE TO HYPOXIA%GOBP%GO:0001666	RESPONSE TO HYPOXIA%GOBP%GO:0001666		127	0.4107108	1.4731084	0.004730369	0.21021807	1.0	2654	tags=30%, list=18%, signal=36%	
POSITIVE REGULATION OF VASCULAR ASSOCIATED SMOOTH MUSCLE CELL PROLIFERATION%GOBP%GO:1904707	POSITIVE REGULATION OF VASCULAR ASSOCIATED SMOOTH MUSCLE CELL PROLIFERATION%GOBP%GO:1904707		21	0.5786533	1.4718804	0.038948394	0.21173202	1.0	1151	tags=24%, list=8%, signal=26%	
CADHERIN SIGNALING PATHWAY%PANTHER PATHWAY%P00012	CADHERIN SIGNALING PATHWAY%PANTHER PATHWAY%P00012		104	0.4167422	1.4715469	0.0069651743	0.21179117	1.0	3164	tags=41%, list=21%, signal=52%	
INTERMEDIATE FILAMENT ORGANIZATION%GOBP%GO:0045109	INTERMEDIATE FILAMENT ORGANIZATION%GOBP%GO:0045109		30	0.5317103	1.4714627	0.036121674	0.21142733	1.0	3359	tags=43%, list=22%, signal=56%	
HAIR CELL DIFFERENTIATION%GOBP%GO:0035315	HAIR CELL DIFFERENTIATION%GOBP%GO:0035315		16	0.6161421	1.4712845	0.043273754	0.21122679	1.0	418	tags=25%, list=3%, signal=26%	
ACTION POTENTIAL%GOBP%GO:0001508	ACTION POTENTIAL%GOBP%GO:0001508		76	0.4466064	1.4704788	0.015706806	0.21204577	1.0	2766	tags=45%, list=18%, signal=55%	
OLIGODENDROCYTE DIFFERENTIATION%GOBP%GO:0048709	OLIGODENDROCYTE DIFFERENTIATION%GOBP%GO:0048709		28	0.53122354	1.470008	0.05162524	0.21234632	1.0	2371	tags=39%, list=16%, signal=47%	
CARDIAC CHAMBER MORPHOGENESIS%GOBP%GO:0003206	CARDIAC CHAMBER MORPHOGENESIS%GOBP%GO:0003206		70	0.45315573	1.4699315	0.021978023	0.21195212	1.0	2263	tags=31%, list=15%, signal=37%	
EAR MORPHOGENESIS%GOBP%GO:0042471	EAR MORPHOGENESIS%GOBP%GO:0042471		36	0.511414	1.469908	0.035171103	0.21150552	1.0	1644	tags=36%, list=11%, signal=40%	
NEGATIVE REGULATION OF TRANSFORMING GROWTH FACTOR BETA RECEPTOR SIGNALING PATHWAY%GOBP%GO:0030512	NEGATIVE REGULATION OF TRANSFORMING GROWTH FACTOR BETA RECEPTOR SIGNALING PATHWAY%GOBP%GO:0030512		77	0.44196057	1.4697545	0.018054163	0.21127452	1.0	2582	tags=30%, list=17%, signal=36%	
REGULATION OF HEART RATE BY CARDIAC CONDUCTION%GOBP%GO:0086091	REGULATION OF HEART RATE BY CARDIAC CONDUCTION%GOBP%GO:0086091		36	0.5187361	1.4684021	0.032719836	0.21300499	1.0	1778	tags=36%, list=12%, signal=41%	
RESPONSE TO CHOLESTEROL%GOBP%GO:0070723	RESPONSE TO CHOLESTEROL%GOBP%GO:0070723		19	0.58564526	1.4683568	0.04932302	0.21260053	1.0	655	tags=16%, list=4%, signal=16%	
INOSITOL PHOSPHATE METABOLISM%REACTOME DATABASE ID RELEASE 95%1483249	INOSITOL PHOSPHATE METABOLISM%REACTOME DATABASE ID RELEASE 95%1483249		45	0.4805198	1.4682105	0.028985508	0.2123753	1.0	2157	tags=33%, list=14%, signal=39%	
P53 TRANSCRIPTIONAL GENE NETWORK%WIKIPATHWAYS_20260211%WP4963%HOMO SAPIENS	P53 TRANSCRIPTIONAL GENE NETWORK%WIKIPATHWAYS_20260211%WP4963%HOMO SAPIENS		76	0.44294372	1.4676769	0.016666668	0.21280707	1.0	2625	tags=30%, list=17%, signal=36%	
BIOCARTA_CTCF_PATHWAY%MSIGDB_C2%BIOCARTA_CTCF_PATHWAY	BIOCARTA_CTCF_PATHWAY%MSIGDB_C2%BIOCARTA_CTCF_PATHWAY		19	0.58551323	1.4672011	0.05120773	0.2131392	1.0	2642	tags=32%, list=18%, signal=38%	
CELLULAR RESPONSE TO GROWTH FACTOR STIMULUS%GOBP%GO:0071363	CELLULAR RESPONSE TO GROWTH FACTOR STIMULUS%GOBP%GO:0071363		270	0.3772384	1.4671273	0.0029268293	0.21279243	1.0	2607	tags=27%, list=17%, signal=33%	
CALCIUM ION TRANSMEMBRANE TRANSPORT%GOBP%GO:0070588	CALCIUM ION TRANSMEMBRANE TRANSPORT%GOBP%GO:0070588		123	0.40770662	1.4661276	0.003	0.21398199	1.0	2570	tags=33%, list=17%, signal=39%	
BLOOD VESSEL MORPHOGENESIS%GOBP%GO:0048514	BLOOD VESSEL MORPHOGENESIS%GOBP%GO:0048514		218	0.3820754	1.465793	0.0019212295	0.21406838	1.0	2768	tags=28%, list=18%, signal=33%	
POSITIVE REGULATION OF SMAD PROTEIN SIGNAL TRANSDUCTION%GOBP%GO:0060391	POSITIVE REGULATION OF SMAD PROTEIN SIGNAL TRANSDUCTION%GOBP%GO:0060391		36	0.5109951	1.4644493	0.03465851	0.21587348	1.0	2519	tags=25%, list=17%, signal=30%	
PID_AP1_PATHWAY%MSIGDB_C2%PID_AP1_PATHWAY	PID_AP1_PATHWAY%MSIGDB_C2%PID_AP1_PATHWAY		52	0.47380778	1.463414	0.02534113	0.21715757	1.0	2607	tags=42%, list=17%, signal=51%	
MECP2 AND ASSOCIATED RETT SYNDROME%WIKIPATHWAYS_20260211%WP3584%HOMO SAPIENS	MECP2 AND ASSOCIATED RETT SYNDROME%WIKIPATHWAYS_20260211%WP3584%HOMO SAPIENS		46	0.478701	1.4627645	0.03121853	0.2177784	1.0	3168	tags=35%, list=21%, signal=44%	
ARTERY DEVELOPMENT%GOBP%GO:0060840	ARTERY DEVELOPMENT%GOBP%GO:0060840		44	0.48202205	1.4625535	0.032901295	0.2176364	1.0	2260	tags=34%, list=15%, signal=40%	
TRANS-SYNAPTIC SIGNALING%GOBP%GO:0099537	TRANS-SYNAPTIC SIGNALING%GOBP%GO:0099537		224	0.37838113	1.46233	0.0	0.21750578	1.0	3288	tags=39%, list=22%, signal=50%	
FORMATION OF THE DYSTROPHIN-GLYCOPROTEIN COMPLEX (DGC)%REACTOME DATABASE ID RELEASE 95%9913351	FORMATION OF THE DYSTROPHIN-GLYCOPROTEIN COMPLEX (DGC)%REACTOME DATABASE ID RELEASE 95%9913351		29	0.5290386	1.4622506	0.049746193	0.21715839	1.0	2776	tags=38%, list=18%, signal=46%	
ESTABLISHMENT OF PROTEIN LOCALIZATION TO EXTRACELLULAR REGION%GOBP%GO:0035592	ESTABLISHMENT OF PROTEIN LOCALIZATION TO EXTRACELLULAR REGION%GOBP%GO:0035592		58	0.4556471	1.4619509	0.01476378	0.21719643	1.0	1246	tags=17%, list=8%, signal=19%	
INOSITOL PHOSPHATE METABOLIC PROCESS%GOBP%GO:0043647	INOSITOL PHOSPHATE METABOLIC PROCESS%GOBP%GO:0043647		22	0.5544528	1.4617817	0.045546558	0.21699409	1.0	1948	tags=32%, list=13%, signal=37%	
ANCHORING OF THE BASAL BODY TO THE PLASMA MEMBRANE%REACTOME%R-HSA-5620912.4	ANCHORING OF THE BASAL BODY TO THE PLASMA MEMBRANE%REACTOME%R-HSA-5620912.4		95	0.42014915	1.4617623	0.015686275	0.21654718	1.0	4385	tags=52%, list=29%, signal=72%	
SYNDECAN-4-MEDIATED SIGNALING EVENTS%PATHWAY INTERACTION DATABASE NCI-NATURE CURATED DATA%SYNDECAN-4-MEDIATED SIGNALING EVENTS	SYNDECAN-4-MEDIATED SIGNALING EVENTS%PATHWAY INTERACTION DATABASE NCI-NATURE CURATED DATA%SYNDECAN-4-MEDIATED SIGNALING EVENTS		29	0.52699196	1.4613553	0.043043043	0.21677886	1.0	1711	tags=41%, list=11%, signal=47%	
EAR DEVELOPMENT%GOBP%GO:0043583	EAR DEVELOPMENT%GOBP%GO:0043583		57	0.46175343	1.4593586	0.021988528	0.21967494	1.0	1644	tags=30%, list=11%, signal=33%	
EPITHELIAL TUBE MORPHOGENESIS%GOBP%GO:0060562	EPITHELIAL TUBE MORPHOGENESIS%GOBP%GO:0060562		120	0.41452682	1.4593413	0.005994006	0.21922095	1.0	2459	tags=28%, list=16%, signal=34%	
GLOMERULAR EPITHELIUM DEVELOPMENT%GOBP%GO:0072010	GLOMERULAR EPITHELIUM DEVELOPMENT%GOBP%GO:0072010		15	0.6165362	1.4590381	0.068829894	0.2192236	1.0	1200	tags=27%, list=8%, signal=29%	
HOMOPHILIC CELL-CELL ADHESION%GOBP%GO:0007156	HOMOPHILIC CELL-CELL ADHESION%GOBP%GO:0007156		58	0.45982453	1.4585354	0.02330097	0.21957819	1.0	3545	tags=50%, list=24%, signal=65%	
RESPONSE TO MONOAMINE%GOBP%GO:0071867	RESPONSE TO MONOAMINE%GOBP%GO:0071867		28	0.52765095	1.4578695	0.039961014	0.22017963	1.0	1609	tags=36%, list=11%, signal=40%	
CELLULAR COMPONENT ASSEMBLY INVOLVED IN MORPHOGENESIS%GOBP%GO:0010927	CELLULAR COMPONENT ASSEMBLY INVOLVED IN MORPHOGENESIS%GOBP%GO:0010927		74	0.43943384	1.4545358	0.017629774	0.22552308	1.0	1946	tags=30%, list=13%, signal=34%	
SYNAPTIC SIGNALING%GOBP%GO:0099536	SYNAPTIC SIGNALING%GOBP%GO:0099536		249	0.37571296	1.4543146	0.0	0.22542377	1.0	3288	tags=37%, list=22%, signal=47%	
NEGATIVE REGULATION OF CELL PROJECTION ORGANIZATION%GOBP%GO:0031345	NEGATIVE REGULATION OF CELL PROJECTION ORGANIZATION%GOBP%GO:0031345		109	0.41650572	1.4540272	0.0067178505	0.22546059	1.0	2157	tags=27%, list=14%, signal=31%	
SIGNALING BY TGFB FAMILY MEMBERS%REACTOME DATABASE ID RELEASE 95%9006936	SIGNALING BY TGFB FAMILY MEMBERS%REACTOME DATABASE ID RELEASE 95%9006936		142	0.39999005	1.4527595	0.002006018	0.22715028	1.0	2247	tags=23%, list=15%, signal=26%	
CARGO TRAFFICKING TO THE PERICILIARY MEMBRANE%REACTOME%R-HSA-5620920.6	CARGO TRAFFICKING TO THE PERICILIARY MEMBRANE%REACTOME%R-HSA-5620920.6		49	0.4715221	1.4522352	0.030451866	0.22751854	1.0	2757	tags=29%, list=18%, signal=35%	
REGULATION OF NUCLEAR SMAD2 3 SIGNALING%PATHWAY INTERACTION DATABASE NCI-NATURE CURATED DATA%REGULATION OF NUCLEAR SMAD2 3 SIGNALING	REGULATION OF NUCLEAR SMAD2 3 SIGNALING%PATHWAY INTERACTION DATABASE NCI-NATURE CURATED DATA%REGULATION OF NUCLEAR SMAD2 3 SIGNALING		72	0.4402586	1.452086	0.01611279	0.2272798	1.0	3168	tags=35%, list=21%, signal=44%	
NO CGMP PKG MEDIATED NEUROPROTECTION%WIKIPATHWAYS_20260211%WP4008%HOMO SAPIENS	NO CGMP PKG MEDIATED NEUROPROTECTION%WIKIPATHWAYS_20260211%WP4008%HOMO SAPIENS		25	0.5469863	1.4518936	0.04347826	0.22711912	1.0	864	tags=16%, list=6%, signal=17%	
REGULATION OF CALCIUM ION TRANSMEMBRANE TRANSPORT%GOBP%GO:1903169	REGULATION OF CALCIUM ION TRANSMEMBRANE TRANSPORT%GOBP%GO:1903169		90	0.4228777	1.4517565	0.012264151	0.22687657	1.0	2243	tags=29%, list=15%, signal=34%	
NEGATIVE REGULATION OF STEM CELL POPULATION MAINTENANCE%GOBP%GO:1902455	NEGATIVE REGULATION OF STEM CELL POPULATION MAINTENANCE%GOBP%GO:1902455		21	0.56427354	1.4515909	0.0527325	0.22666915	1.0	3329	tags=48%, list=22%, signal=61%	
CLOCK CONTROLLED AUTOPHAGY IN BONE METABOLISM%WIKIPATHWAYS_20260211%WP5205%HOMO SAPIENS	CLOCK CONTROLLED AUTOPHAGY IN BONE METABOLISM%WIKIPATHWAYS_20260211%WP5205%HOMO SAPIENS		57	0.46471357	1.4515694	0.019193858	0.22622445	1.0	1786	tags=21%, list=12%, signal=24%	
REGULATION OF COLLAGEN BIOSYNTHETIC PROCESS%GOBP%GO:0032965	REGULATION OF COLLAGEN BIOSYNTHETIC PROCESS%GOBP%GO:0032965		16	0.59670526	1.4494352	0.0694165	0.22949779	1.0	2689	tags=44%, list=18%, signal=53%	
ANGIOGENESIS%GOBP%GO:0001525	ANGIOGENESIS%GOBP%GO:0001525		174	0.38756967	1.4482538	0.003984064	0.23110072	1.0	2768	tags=28%, list=18%, signal=33%	
REGULATION OF TRANSFORMING GROWTH FACTOR BETA RECEPTOR SIGNALING PATHWAY%GOBP%GO:0017015	REGULATION OF TRANSFORMING GROWTH FACTOR BETA RECEPTOR SIGNALING PATHWAY%GOBP%GO:0017015		113	0.40871713	1.4481548	0.00935551	0.23076764	1.0	1298	tags=18%, list=9%, signal=19%	
CARDIAC MUSCLE CELL ACTION POTENTIAL%GOBP%GO:0086001	CARDIAC MUSCLE CELL ACTION POTENTIAL%GOBP%GO:0086001		50	0.4728181	1.4479389	0.027522936	0.23064432	1.0	2766	tags=48%, list=18%, signal=59%	
REGULATION OF CELLULAR RESPONSE TO TRANSFORMING GROWTH FACTOR BETA STIMULUS%GOBP%GO:1903844	REGULATION OF CELLULAR RESPONSE TO TRANSFORMING GROWTH FACTOR BETA STIMULUS%GOBP%GO:1903844		113	0.40871713	1.4461718	0.007	0.2331815	1.0	1298	tags=18%, list=9%, signal=19%	
ID%NETPATH%ID	ID%NETPATH%ID		19	0.5747586	1.4455124	0.06458123	0.23388991	1.0	1263	tags=21%, list=8%, signal=23%	
MECHANICAL LOAD ACTIVATES SIGNALING BY PIEZO1 AND INTEGRINS IN OSTEOCYTES%REACTOME DATABASE ID RELEASE 95%9856532	MECHANICAL LOAD ACTIVATES SIGNALING BY PIEZO1 AND INTEGRINS IN OSTEOCYTES%REACTOME DATABASE ID RELEASE 95%9856532		16	0.5987033	1.443515	0.05921681	0.23683023	1.0	1503	tags=50%, list=10%, signal=56%	
CELLULAR RESPONSE TO MONOAMINE STIMULUS%GOBP%GO:0071868	CELLULAR RESPONSE TO MONOAMINE STIMULUS%GOBP%GO:0071868		28	0.52765095	1.4431677	0.045279384	0.23692319	1.0	1609	tags=36%, list=11%, signal=40%	
GLYCOPROTEIN METABOLIC PROCESS%GOBP%GO:0009100	GLYCOPROTEIN METABOLIC PROCESS%GOBP%GO:0009100		267	0.3710835	1.4425393	0.0019361085	0.23754846	1.0	2307	tags=25%, list=15%, signal=29%	
EPITHELIAL CILIUM MOVEMENT INVOLVED IN EXTRACELLULAR FLUID MOVEMENT%GOBP%GO:0003351	EPITHELIAL CILIUM MOVEMENT INVOLVED IN EXTRACELLULAR FLUID MOVEMENT%GOBP%GO:0003351		19	0.5757647	1.4424044	0.05533597	0.23727386	1.0	3686	tags=68%, list=25%, signal=91%	
NEURON PROJECTION DEVELOPMENT%GOBP%GO:0031175	NEURON PROJECTION DEVELOPMENT%GOBP%GO:0031175		417	0.35423937	1.4416841	0.0	0.2380723	1.0	2739	tags=29%, list=18%, signal=34%	
REGULATION OF WNT B CATENIN SIGNALING BY SMALL MOLECULE COMPOUNDS%WIKIPATHWAYS_20260211%WP3664%HOMO SAPIENS	REGULATION OF WNT B CATENIN SIGNALING BY SMALL MOLECULE COMPOUNDS%WIKIPATHWAYS_20260211%WP3664%HOMO SAPIENS		15	0.6055766	1.4411929	0.06575073	0.23839764	1.0	1768	tags=47%, list=12%, signal=53%	
MESONEPHRIC EPITHELIUM DEVELOPMENT%GOBP%GO:0072163	MESONEPHRIC EPITHELIUM DEVELOPMENT%GOBP%GO:0072163		26	0.5389851	1.4406602	0.047348484	0.23886108	1.0	2459	tags=50%, list=16%, signal=60%	
TNF RECEPTOR SUPERFAMILY (TNFSF) MEMBERS MEDIATING NON-CANONICAL NF-KB PATHWAY%REACTOME%R-HSA-5676594.3	TNF RECEPTOR SUPERFAMILY (TNFSF) MEMBERS MEDIATING NON-CANONICAL NF-KB PATHWAY%REACTOME%R-HSA-5676594.3		15	0.60687	1.4401693	0.0729783	0.23923454	1.0	1705	tags=33%, list=11%, signal=38%	
RESPONSE TO CATECHOLAMINE%GOBP%GO:0071869	RESPONSE TO CATECHOLAMINE%GOBP%GO:0071869		28	0.52765095	1.4393559	0.04330709	0.24020073	1.0	1609	tags=36%, list=11%, signal=40%	
RELEASE OF SEQUESTERED CALCIUM ION INTO CYTOSOL%GOBP%GO:0051209	RELEASE OF SEQUESTERED CALCIUM ION INTO CYTOSOL%GOBP%GO:0051209		44	0.47969103	1.4382776	0.03766105	0.24161907	1.0	2526	tags=32%, list=17%, signal=38%	
RESPONSE TO DECREASED OXYGEN LEVELS%GOBP%GO:0036293	RESPONSE TO DECREASED OXYGEN LEVELS%GOBP%GO:0036293		130	0.40130386	1.4382113	0.006876228	0.24123862	1.0	2654	tags=29%, list=18%, signal=35%	
NEURAL CREST DIFFERENTIATION%WIKIPATHWAYS_20260211%WP2064%HOMO SAPIENS	NEURAL CREST DIFFERENTIATION%WIKIPATHWAYS_20260211%WP2064%HOMO SAPIENS		62	0.44366115	1.4381616	0.023762377	0.24083546	1.0	2735	tags=34%, list=18%, signal=41%	
SMOOTH MUSCLE CONTRACTION%GOBP%GO:0006939	SMOOTH MUSCLE CONTRACTION%GOBP%GO:0006939		25	0.53723145	1.4381192	0.056157634	0.2404236	1.0	3015	tags=48%, list=20%, signal=60%	
REGULATION OF EPITHELIAL CELL DIFFERENTIATION%GOBP%GO:0030856	REGULATION OF EPITHELIAL CELL DIFFERENTIATION%GOBP%GO:0030856		95	0.41786283	1.4377978	0.013605442	0.24052037	1.0	1181	tags=17%, list=8%, signal=18%	
RETINA HOMEOSTASIS%GOBP%GO:0001895	RETINA HOMEOSTASIS%GOBP%GO:0001895		32	0.5116452	1.4375051	0.042033236	0.24059767	1.0	3963	tags=53%, list=26%, signal=72%	
NEPHRON TUBULE MORPHOGENESIS%GOBP%GO:0072078	NEPHRON TUBULE MORPHOGENESIS%GOBP%GO:0072078		24	0.5378001	1.437099	0.058044806	0.24085863	1.0	3055	tags=63%, list=20%, signal=78%	
CYCLIC NUCLEOTIDE METABOLIC PROCESS%GOBP%GO:0009187	CYCLIC NUCLEOTIDE METABOLIC PROCESS%GOBP%GO:0009187		19	0.57503504	1.4359937	0.06042885	0.24232769	1.0	997	tags=37%, list=7%, signal=39%	
DEVELOPMENT OF URETERIC DERIVED COLLECTING SYSTEM%WIKIPATHWAYS_20260211%WP5053%HOMO SAPIENS	DEVELOPMENT OF URETERIC DERIVED COLLECTING SYSTEM%WIKIPATHWAYS_20260211%WP5053%HOMO SAPIENS		35	0.4977845	1.4356718	0.043095004	0.2424214	1.0	2459	tags=43%, list=16%, signal=51%	
REGULATION OF KERATINOCYTE PROLIFERATION%GOBP%GO:0010837	REGULATION OF KERATINOCYTE PROLIFERATION%GOBP%GO:0010837		25	0.5344218	1.4350502	0.06027668	0.24303223	1.0	3060	tags=52%, list=20%, signal=65%	
NEGATIVE REGULATION OF NEURON PROJECTION DEVELOPMENT%GOBP%GO:0010977	NEGATIVE REGULATION OF NEURON PROJECTION DEVELOPMENT%GOBP%GO:0010977		65	0.44379377	1.4348949	0.01894317	0.24280228	1.0	2157	tags=28%, list=14%, signal=32%	
CELLULAR RESPONSE TO CATECHOLAMINE STIMULUS%GOBP%GO:0071870	CELLULAR RESPONSE TO CATECHOLAMINE STIMULUS%GOBP%GO:0071870		28	0.52765095	1.4345247	0.050098233	0.24299961	1.0	1609	tags=36%, list=11%, signal=40%	
GLYCOPROTEIN BIOSYNTHETIC PROCESS%GOBP%GO:0009101	GLYCOPROTEIN BIOSYNTHETIC PROCESS%GOBP%GO:0009101		221	0.37170306	1.4336908	0.002946955	0.24396768	1.0	2437	tags=26%, list=16%, signal=31%	
EPITHELIAL CELL DEVELOPMENT%GOBP%GO:0002064	EPITHELIAL CELL DEVELOPMENT%GOBP%GO:0002064		74	0.43755487	1.4334797	0.025440313	0.24386841	1.0	1402	tags=20%, list=9%, signal=22%	
CYCLIC PURINE NUCLEOTIDE METABOLIC PROCESS%GOBP%GO:0052652	CYCLIC PURINE NUCLEOTIDE METABOLIC PROCESS%GOBP%GO:0052652		19	0.57503504	1.4333158	0.06582769	0.24367985	1.0	997	tags=37%, list=7%, signal=39%	
MICROTUBULE ORGANIZING CENTER ORGANIZATION%GOBP%GO:0031023	MICROTUBULE ORGANIZING CENTER ORGANIZATION%GOBP%GO:0031023		103	0.40961805	1.4322497	0.020689655	0.24516773	1.0	4516	tags=49%, list=30%, signal=69%	
RESPONSE TO ALCOHOL%GOBP%GO:0097305	RESPONSE TO ALCOHOL%GOBP%GO:0097305		76	0.4303382	1.4319149	0.016765285	0.2452296	1.0	988	tags=17%, list=7%, signal=18%	
MIRNA REGULATION OF P53 PATHWAY IN PROSTATE CANCER%WIKIPATHWAYS_20260211%WP3982%HOMO SAPIENS	MIRNA REGULATION OF P53 PATHWAY IN PROSTATE CANCER%WIKIPATHWAYS_20260211%WP3982%HOMO SAPIENS		21	0.55303717	1.4316847	0.07010711	0.24514598	1.0	3433	tags=52%, list=23%, signal=68%	
CELLULAR ANATOMICAL ENTITY MORPHOGENESIS%GOBP%GO:0032989	CELLULAR ANATOMICAL ENTITY MORPHOGENESIS%GOBP%GO:0032989		74	0.43943384	1.4313678	0.015564202	0.24524772	1.0	1946	tags=30%, list=13%, signal=34%	
REGULATION OF MITF-M-DEPENDENT GENES INVOLVED IN CELL CYCLE AND PROLIFERATION%REACTOME DATABASE ID RELEASE 95%9825892	REGULATION OF MITF-M-DEPENDENT GENES INVOLVED IN CELL CYCLE AND PROLIFERATION%REACTOME DATABASE ID RELEASE 95%9825892		17	0.5889021	1.4313112	0.057392996	0.24486724	1.0	441	tags=24%, list=3%, signal=24%	
NRP1 TRIGGERED SIGNALING IN PANCREATIC CANCER %WIKIPATHWAYS_20260211%WP5144%HOMO SAPIENS	NRP1 TRIGGERED SIGNALING IN PANCREATIC CANCER %WIKIPATHWAYS_20260211%WP5144%HOMO SAPIENS		42	0.47552034	1.4304512	0.039159503	0.24594276	1.0	1027	tags=14%, list=7%, signal=15%	
MATRIX METALLOPROTEINASES%WIKIPATHWAYS_20260211%WP129%HOMO SAPIENS	MATRIX METALLOPROTEINASES%WIKIPATHWAYS_20260211%WP129%HOMO SAPIENS		21	0.55823964	1.4300717	0.06903164	0.24615099	1.0	1633	tags=38%, list=11%, signal=43%	
POSITIVE REGULATION OF ADENYLATE CYCLASE ACTIVITY%GOBP%GO:0045762	POSITIVE REGULATION OF ADENYLATE CYCLASE ACTIVITY%GOBP%GO:0045762		16	0.58270186	1.4292767	0.0831758	0.24709761	1.0	1380	tags=31%, list=9%, signal=34%	
PID_ER_NONGENOMIC_PATHWAY%MSIGDB_C2%PID_ER_NONGENOMIC_PATHWAY	PID_ER_NONGENOMIC_PATHWAY%MSIGDB_C2%PID_ER_NONGENOMIC_PATHWAY		31	0.50638777	1.4270954	0.041	0.25055194	1.0	2021	tags=23%, list=13%, signal=26%	
REGULATION OF HEART RATE%GOBP%GO:0002027	REGULATION OF HEART RATE%GOBP%GO:0002027		69	0.4333764	1.4257914	0.02268431	0.2524172	1.0	2203	tags=33%, list=15%, signal=39%	
EPITHELIUM DEVELOPMENT%GOBP%GO:0060429	EPITHELIUM DEVELOPMENT%GOBP%GO:0060429		445	0.34985197	1.4255568	0.0	0.2523696	1.0	2636	tags=26%, list=18%, signal=30%	
POSITIVE REGULATION OF TELOMERE MAINTENANCE VIA TELOMERASE%GOBP%GO:0032212	POSITIVE REGULATION OF TELOMERE MAINTENANCE VIA TELOMERASE%GOBP%GO:0032212		23	0.5435991	1.4248616	0.050796814	0.2531837	1.0	4722	tags=39%, list=31%, signal=57%	
REGULATION OF CAMP/PKA SIGNAL TRANSDUCTION%GOBP%GO:0141161	REGULATION OF CAMP/PKA SIGNAL TRANSDUCTION%GOBP%GO:0141161		34	0.49973246	1.4242779	0.03036239	0.25381824	1.0	1559	tags=29%, list=10%, signal=33%	
RECEPTOR CLUSTERING%GOBP%GO:0043113	RECEPTOR CLUSTERING%GOBP%GO:0043113		28	0.5139024	1.4232228	0.06363636	0.25528708	1.0	3442	tags=39%, list=23%, signal=51%	
CARDIAC MUSCLE CELL DIFFERENTIATION%GOBP%GO:0055007	CARDIAC MUSCLE CELL DIFFERENTIATION%GOBP%GO:0055007		43	0.4737607	1.423066	0.04034582	0.255085	1.0	2599	tags=42%, list=17%, signal=50%	
REGULATION OF NUCLEAR-TRANSCRIBED MRNA CATABOLIC PROCESS, DEADENYLATION-DEPENDENT DECAY%GOBP%GO:1900151	REGULATION OF NUCLEAR-TRANSCRIBED MRNA CATABOLIC PROCESS, DEADENYLATION-DEPENDENT DECAY%GOBP%GO:1900151		23	0.54008424	1.4222144	0.05689489	0.2561409	1.0	4337	tags=52%, list=29%, signal=73%	
MITOTIC RECOMBINATION%GOBP%GO:0006312	MITOTIC RECOMBINATION%GOBP%GO:0006312		17	0.5806228	1.421487	0.066019416	0.25693592	1.0	2729	tags=29%, list=18%, signal=36%	
CHEMICAL SYNAPTIC TRANSMISSION%GOBP%GO:0007268	CHEMICAL SYNAPTIC TRANSMISSION%GOBP%GO:0007268		217	0.3715284	1.4203776	0.004816956	0.25850835	1.0	3275	tags=39%, list=22%, signal=49%	
REGULATION OF NUCLEAR BETA CATENIN SIGNALING AND TARGET GENE TRANSCRIPTION%PATHWAY INTERACTION DATABASE NCI-NATURE CURATED DATA%REGULATION OF NUCLEAR BETA CATENIN SIGNALING AND TARGET GENE TRANSCRIPTION	REGULATION OF NUCLEAR BETA CATENIN SIGNALING AND TARGET GENE TRANSCRIPTION%PATHWAY INTERACTION DATABASE NCI-NATURE CURATED DATA%REGULATION OF NUCLEAR BETA CATENIN SIGNALING AND TARGET GENE TRANSCRIPTION		68	0.4403054	1.419588	0.029940119	0.25951374	1.0	2629	tags=29%, list=18%, signal=35%	
POSITIVE REGULATION OF WNT SIGNALING PATHWAY%GOBP%GO:0030177	POSITIVE REGULATION OF WNT SIGNALING PATHWAY%GOBP%GO:0030177		117	0.40004	1.4172474	0.017418033	0.26337963	1.0	2797	tags=26%, list=19%, signal=32%	
TRANSFORMING GROWTH FACTOR BETA RECEPTOR SIGNALING PATHWAY%GOBP%GO:0007179	TRANSFORMING GROWTH FACTOR BETA RECEPTOR SIGNALING PATHWAY%GOBP%GO:0007179		68	0.4378834	1.4163914	0.02284012	0.26449952	1.0	2239	tags=22%, list=15%, signal=26%	
NON-MOTILE CILIUM ASSEMBLY%GOBP%GO:1905515	NON-MOTILE CILIUM ASSEMBLY%GOBP%GO:1905515		32	0.50069493	1.416203	0.051536173	0.26432085	1.0	4721	tags=56%, list=31%, signal=82%	
ENDOCRINE SYSTEM DEVELOPMENT%GOBP%GO:0035270	ENDOCRINE SYSTEM DEVELOPMENT%GOBP%GO:0035270		31	0.50414574	1.4156743	0.053773586	0.26481888	1.0	3619	tags=65%, list=24%, signal=85%	
EYE PHOTORECEPTOR CELL DEVELOPMENT%GOBP%GO:0042462	EYE PHOTORECEPTOR CELL DEVELOPMENT%GOBP%GO:0042462		17	0.58578026	1.414881	0.068571426	0.26583114	1.0	1430	tags=29%, list=10%, signal=32%	
OPIOID PROENKEPHALIN PATHWAY%PANTHER PATHWAY%P05915	OPIOID PROENKEPHALIN PATHWAY%PANTHER PATHWAY%P05915		17	0.5766328	1.4148103	0.07984032	0.26546648	1.0	1527	tags=35%, list=10%, signal=39%	
MUSCARINIC ACETYLCHOLINE RECEPTOR 2 AND 4 SIGNALING PATHWAY%PANTHER PATHWAY%P00043	MUSCARINIC ACETYLCHOLINE RECEPTOR 2 AND 4 SIGNALING PATHWAY%PANTHER PATHWAY%P00043		25	0.5234329	1.4145074	0.06523856	0.2654819	1.0	1881	tags=24%, list=13%, signal=27%	
TP53 REGULATES TRANSCRIPTION OF GENES INVOLVED IN G2 CELL CYCLE ARREST%REACTOME%R-HSA-6804114.3	TP53 REGULATES TRANSCRIPTION OF GENES INVOLVED IN G2 CELL CYCLE ARREST%REACTOME%R-HSA-6804114.3		18	0.5766027	1.4130421	0.08024072	0.26772952	1.0	2182	tags=22%, list=15%, signal=26%	
CARDIAC VENTRICLE DEVELOPMENT%GOBP%GO:0003231	CARDIAC VENTRICLE DEVELOPMENT%GOBP%GO:0003231		60	0.4415439	1.412963	0.037328094	0.26736993	1.0	2263	tags=30%, list=15%, signal=35%	
NEGATIVE REGULATION OF CELL DIFFERENTIATION%GOBP%GO:0045596	NEGATIVE REGULATION OF CELL DIFFERENTIATION%GOBP%GO:0045596		385	0.35090536	1.412453	0.0	0.26786545	1.0	2271	tags=22%, list=15%, signal=25%	
KIDNEY MORPHOGENESIS%GOBP%GO:0060993	KIDNEY MORPHOGENESIS%GOBP%GO:0060993		34	0.49483728	1.4113531	0.06017192	0.26943353	1.0	2459	tags=47%, list=16%, signal=56%	
ANTEROGRADE TRANS-SYNAPTIC SIGNALING%GOBP%GO:0098916	ANTEROGRADE TRANS-SYNAPTIC SIGNALING%GOBP%GO:0098916		217	0.3715284	1.4104545	0.001984127	0.27066043	1.0	3275	tags=39%, list=22%, signal=49%	
REGULATION OF STEM CELL DIFFERENTIATION%GOBP%GO:2000736	REGULATION OF STEM CELL DIFFERENTIATION%GOBP%GO:2000736		59	0.44100112	1.4102774	0.04174573	0.27049163	1.0	1850	tags=20%, list=12%, signal=23%	
EPH-EPHRIN MEDIATED REPULSION OF CELLS%REACTOME%R-HSA-3928665.5	EPH-EPHRIN MEDIATED REPULSION OF CELLS%REACTOME%R-HSA-3928665.5		44	0.471011	1.4093733	0.05322129	0.27174267	1.0	997	tags=20%, list=7%, signal=22%	
POSITIVE REGULATION OF LYASE ACTIVITY%GOBP%GO:0051349	POSITIVE REGULATION OF LYASE ACTIVITY%GOBP%GO:0051349		17	0.5781598	1.4091679	0.06560636	0.27165413	1.0	1380	tags=29%, list=9%, signal=32%	
EMBRYO IMPLANTATION%GOBP%GO:0007566	EMBRYO IMPLANTATION%GOBP%GO:0007566		20	0.55681646	1.4087843	0.0694864	0.2718574	1.0	2152	tags=35%, list=14%, signal=41%	
INFLAMMATION MEDIATED BY CHEMOKINE AND CYTOKINE SIGNALING PATHWAY%PANTHER PATHWAY%P00031	INFLAMMATION MEDIATED BY CHEMOKINE AND CYTOKINE SIGNALING PATHWAY%PANTHER PATHWAY%P00031		159	0.38181633	1.408637	0.010607522	0.27163398	1.0	2677	tags=30%, list=18%, signal=36%	
REGULATION OF HEART GROWTH%GOBP%GO:0060420	REGULATION OF HEART GROWTH%GOBP%GO:0060420		27	0.5137634	1.407814	0.060843963	0.2726675	1.0	2291	tags=30%, list=15%, signal=35%	
POSITIVE REGULATION OF RELEASE OF SEQUESTERED CALCIUM ION INTO CYTOSOL%GOBP%GO:0051281	POSITIVE REGULATION OF RELEASE OF SEQUESTERED CALCIUM ION INTO CYTOSOL%GOBP%GO:0051281		23	0.53128594	1.4069444	0.06673209	0.27382147	1.0	1791	tags=30%, list=12%, signal=35%	
REGULATION OF CELL ADHESION MEDIATED BY INTEGRIN%GOBP%GO:0033628	REGULATION OF CELL ADHESION MEDIATED BY INTEGRIN%GOBP%GO:0033628		39	0.4818274	1.4065967	0.05376344	0.27399412	1.0	1494	tags=26%, list=10%, signal=28%	
OUTER DYNEIN ARM ASSEMBLY%GOBP%GO:0036158	OUTER DYNEIN ARM ASSEMBLY%GOBP%GO:0036158		18	0.57391924	1.406262	0.07093596	0.27416193	1.0	4482	tags=83%, list=30%, signal=119%	
NEGATIVE REGULATION OF CELL POPULATION PROLIFERATION%GOBP%GO:0008285	NEGATIVE REGULATION OF CELL POPULATION PROLIFERATION%GOBP%GO:0008285		449	0.34373456	1.4059335	0.0	0.27424976	1.0	1363	tags=17%, list=9%, signal=18%	
ADORA2B MEDIATED ANTI-INFLAMMATORY CYTOKINES PRODUCTION%REACTOME DATABASE ID RELEASE 95%9660821	ADORA2B MEDIATED ANTI-INFLAMMATORY CYTOKINES PRODUCTION%REACTOME DATABASE ID RELEASE 95%9660821		35	0.4967339	1.4058455	0.05899705	0.27391022	1.0	1881	tags=29%, list=13%, signal=33%	
POSTSYNAPSE ORGANIZATION%GOBP%GO:0099173	POSTSYNAPSE ORGANIZATION%GOBP%GO:0099173		47	0.46265388	1.4040171	0.034548946	0.27693948	1.0	2157	tags=32%, list=14%, signal=37%	
HALLMARK_KRAS_SIGNALING_UP%MSIGDBHALLMARK%HALLMARK_KRAS_SIGNALING_UP	HALLMARK_KRAS_SIGNALING_UP%MSIGDBHALLMARK%HALLMARK_KRAS_SIGNALING_UP		149	0.38413507	1.4037704	0.0132701425	0.27692807	1.0	2669	tags=26%, list=18%, signal=32%	
NEURON CELL-CELL ADHESION%GOBP%GO:0007158	NEURON CELL-CELL ADHESION%GOBP%GO:0007158		18	0.5694945	1.4033687	0.08204633	0.2771963	1.0	755	tags=28%, list=5%, signal=29%	
POSITIVE REGULATION OF NERVOUS SYSTEM DEVELOPMENT%GOBP%GO:0051962	POSITIVE REGULATION OF NERVOUS SYSTEM DEVELOPMENT%GOBP%GO:0051962		130	0.38759503	1.4022497	0.018572826	0.27887288	1.0	1653	tags=19%, list=11%, signal=21%	
REGULATION OF DNA DAMAGE RESPONSE, SIGNAL TRANSDUCTION BY P53 CLASS MEDIATOR%GOBP%GO:0043516	REGULATION OF DNA DAMAGE RESPONSE, SIGNAL TRANSDUCTION BY P53 CLASS MEDIATOR%GOBP%GO:0043516		34	0.48993674	1.4016424	0.05049505	0.27956596	1.0	2694	tags=32%, list=18%, signal=39%	
REGULATION OF CDH11 EXPRESSION AND FUNCTION%REACTOME DATABASE ID RELEASE 95%9759475	REGULATION OF CDH11 EXPRESSION AND FUNCTION%REACTOME DATABASE ID RELEASE 95%9759475		27	0.51343614	1.4016349	0.057482656	0.27906382	1.0	3084	tags=44%, list=21%, signal=56%	
REGULATION OF INTRINSIC APOPTOTIC SIGNALING PATHWAY IN RESPONSE TO DNA DAMAGE%GOBP%GO:1902229	REGULATION OF INTRINSIC APOPTOTIC SIGNALING PATHWAY IN RESPONSE TO DNA DAMAGE%GOBP%GO:1902229		31	0.49655598	1.4006562	0.05745968	0.28047678	1.0	2182	tags=26%, list=15%, signal=30%	
PROTEOGLYCAN CATABOLIC PROCESS%GOBP%GO:0030167	PROTEOGLYCAN CATABOLIC PROCESS%GOBP%GO:0030167		16	0.58249867	1.4002188	0.08349901	0.28081018	1.0	1577	tags=44%, list=11%, signal=49%	
SODIUM ION TRANSPORT%GOBP%GO:0006814	SODIUM ION TRANSPORT%GOBP%GO:0006814		86	0.41148922	1.3999783	0.02357564	0.2807636	1.0	2994	tags=38%, list=20%, signal=48%	
MUSCLE TISSUE DEVELOPMENT%GOBP%GO:0060537	MUSCLE TISSUE DEVELOPMENT%GOBP%GO:0060537		145	0.3845593	1.3987403	0.01171875	0.28275406	1.0	2661	tags=33%, list=18%, signal=40%	
REGULATION OF CELL PROJECTION ORGANIZATION%GOBP%GO:0031344	REGULATION OF CELL PROJECTION ORGANIZATION%GOBP%GO:0031344		424	0.34430012	1.398593	0.0	0.2825417	1.0	3147	tags=28%, list=21%, signal=34%	
REGULATION OF CANONICAL WNT SIGNALING PATHWAY%GOBP%GO:0060828	REGULATION OF CANONICAL WNT SIGNALING PATHWAY%GOBP%GO:0060828		210	0.36671305	1.397792	0.008704062	0.2835905	1.0	2662	tags=23%, list=18%, signal=27%	
REGULATION OF B CELL ACTIVATION%GOBP%GO:0050864	REGULATION OF B CELL ACTIVATION%GOBP%GO:0050864		88	0.40868944	1.3975333	0.030392157	0.28362346	1.0	1967	tags=22%, list=13%, signal=25%	
PROTEOLYSIS%GOBP%GO:0006508	PROTEOLYSIS%GOBP%GO:0006508		316	0.35203218	1.3967571	0.0	0.28472143	1.0	1692	tags=21%, list=11%, signal=23%	
CELL-CELL ADHESION MEDIATED BY CADHERIN%GOBP%GO:0044331	CELL-CELL ADHESION MEDIATED BY CADHERIN%GOBP%GO:0044331		28	0.5116425	1.3952476	0.060217176	0.28722367	1.0	2843	tags=43%, list=19%, signal=53%	
FOXO FAMILY SIGNALING%PATHWAY INTERACTION DATABASE NCI-NATURE CURATED DATA%FOXO FAMILY SIGNALING	FOXO FAMILY SIGNALING%PATHWAY INTERACTION DATABASE NCI-NATURE CURATED DATA%FOXO FAMILY SIGNALING		47	0.45750925	1.395161	0.0603363	0.2868836	1.0	2335	tags=26%, list=16%, signal=30%	
NEGATIVE REGULATION OF INTRINSIC APOPTOTIC SIGNALING PATHWAY IN RESPONSE TO DNA DAMAGE%GOBP%GO:1902230	NEGATIVE REGULATION OF INTRINSIC APOPTOTIC SIGNALING PATHWAY IN RESPONSE TO DNA DAMAGE%GOBP%GO:1902230		27	0.5134669	1.3950238	0.068297654	0.28663057	1.0	2182	tags=30%, list=15%, signal=35%	
OUTFLOW TRACT SEPTUM MORPHOGENESIS%GOBP%GO:0003148	OUTFLOW TRACT SEPTUM MORPHOGENESIS%GOBP%GO:0003148		19	0.5591618	1.393352	0.08259587	0.2894833	1.0	2471	tags=42%, list=16%, signal=50%	
POTASSIUM CHANNELS%REACTOME%R-HSA-1296071.4	POTASSIUM CHANNELS%REACTOME%R-HSA-1296071.4		66	0.4327579	1.3931432	0.039499037	0.28940925	1.0	1778	tags=30%, list=12%, signal=34%	
SIGNALING BY TGF-BETA RECEPTOR COMPLEX%REACTOME DATABASE ID RELEASE 95%170834	SIGNALING BY TGF-BETA RECEPTOR COMPLEX%REACTOME DATABASE ID RELEASE 95%170834		89	0.40575662	1.3928825	0.01489573	0.28939822	1.0	2247	tags=20%, list=15%, signal=24%	
POSITIVE REGULATION OF DNA BIOSYNTHETIC PROCESS%GOBP%GO:2000573	POSITIVE REGULATION OF DNA BIOSYNTHETIC PROCESS%GOBP%GO:2000573		39	0.47469127	1.391976	0.054545455	0.29067826	1.0	3193	tags=26%, list=21%, signal=32%	
HISTAMINE H2 RECEPTOR MEDIATED SIGNALING PATHWAY%PANTHER PATHWAY%P04386	HISTAMINE H2 RECEPTOR MEDIATED SIGNALING PATHWAY%PANTHER PATHWAY%P04386		20	0.53955746	1.3917783	0.08704062	0.29057485	1.0	1881	tags=35%, list=13%, signal=40%	
INTRAFLAGELLAR TRANSPORT%REACTOME%R-HSA-5620924.5	INTRAFLAGELLAR TRANSPORT%REACTOME%R-HSA-5620924.5		41	0.4679227	1.3914676	0.05489022	0.29065642	1.0	4262	tags=59%, list=28%, signal=82%	
EARLY SARS-COV-2 INFECTION EVENTS%REACTOME%R-HSA-9772572.4	EARLY SARS-COV-2 INFECTION EVENTS%REACTOME%R-HSA-9772572.4		35	0.48132694	1.3908311	0.056943055	0.2914023	1.0	1342	tags=20%, list=9%, signal=22%	
POSITIVE REGULATION OF CATION CHANNEL ACTIVITY%GOBP%GO:2001259	POSITIVE REGULATION OF CATION CHANNEL ACTIVITY%GOBP%GO:2001259		17	0.57290584	1.3890476	0.08248472	0.29454097	1.0	3069	tags=59%, list=20%, signal=74%	
REGULATION OF CARDIAC MUSCLE TISSUE GROWTH%GOBP%GO:0055021	REGULATION OF CARDIAC MUSCLE TISSUE GROWTH%GOBP%GO:0055021		23	0.52802324	1.3887905	0.07593688	0.29451784	1.0	1482	tags=26%, list=10%, signal=29%	
POSITIVE REGULATION OF MONOATOMIC ION TRANSMEMBRANE TRANSPORT%GOBP%GO:0034767	POSITIVE REGULATION OF MONOATOMIC ION TRANSMEMBRANE TRANSPORT%GOBP%GO:0034767		84	0.40942308	1.3884991	0.031465095	0.29459175	1.0	2648	tags=31%, list=18%, signal=37%	
OSTEOPONTIN-MEDIATED EVENTS%PATHWAY INTERACTION DATABASE NCI-NATURE CURATED DATA%OSTEOPONTIN-MEDIATED EVENTS	OSTEOPONTIN-MEDIATED EVENTS%PATHWAY INTERACTION DATABASE NCI-NATURE CURATED DATA%OSTEOPONTIN-MEDIATED EVENTS		31	0.5022174	1.388007	0.0753221	0.29505888	1.0	1640	tags=23%, list=11%, signal=25%	
MYOFIBRIL ASSEMBLY%GOBP%GO:0030239	MYOFIBRIL ASSEMBLY%GOBP%GO:0030239		49	0.4477662	1.3879102	0.052268244	0.2947244	1.0	2875	tags=37%, list=19%, signal=45%	
POSITIVE REGULATION OF FIBROBLAST PROLIFERATION%GOBP%GO:0048146	POSITIVE REGULATION OF FIBROBLAST PROLIFERATION%GOBP%GO:0048146		26	0.515293	1.3877406	0.07057654	0.29456452	1.0	1842	tags=35%, list=12%, signal=39%	
APOPTOSIS%WIKIPATHWAYS_20260211%WP254%HOMO SAPIENS	APOPTOSIS%WIKIPATHWAYS_20260211%WP254%HOMO SAPIENS		72	0.4198807	1.3876987	0.03192585	0.29413497	1.0	2663	tags=29%, list=18%, signal=35%	
NEGATIVE REGULATION OF CD4-POSITIVE, ALPHA-BETA T CELL DIFFERENTIATION%GOBP%GO:0043371	NEGATIVE REGULATION OF CD4-POSITIVE, ALPHA-BETA T CELL DIFFERENTIATION%GOBP%GO:0043371		18	0.5695955	1.3876086	0.07984032	0.29378942	1.0	3629	tags=44%, list=24%, signal=59%	
KCNQ2 AND KCNQ3 RELATED EPILEPSY%WIKIPATHWAYS_20260211%WP5599%HOMO SAPIENS	KCNQ2 AND KCNQ3 RELATED EPILEPSY%WIKIPATHWAYS_20260211%WP5599%HOMO SAPIENS		24	0.5198185	1.3858305	0.085127205	0.29696998	1.0	2820	tags=38%, list=19%, signal=46%	
POSITIVE REGULATION OF DNA DAMAGE RESPONSE, SIGNAL TRANSDUCTION BY P53 CLASS MEDIATOR%GOBP%GO:0043517	POSITIVE REGULATION OF DNA DAMAGE RESPONSE, SIGNAL TRANSDUCTION BY P53 CLASS MEDIATOR%GOBP%GO:0043517		16	0.57660335	1.3850446	0.076999016	0.298058	1.0	3433	tags=50%, list=23%, signal=65%	
CALCIUM-DEPENDENT CELL-CELL ADHESION%GOBP%GO:0016339	CALCIUM-DEPENDENT CELL-CELL ADHESION%GOBP%GO:0016339		34	0.4758045	1.3849049	0.061143983	0.29782	1.0	4353	tags=68%, list=29%, signal=95%	
MECHANOREGULATION AND PATHOLOGY OF YAP TAZ VIA HIPPO AND NON HIPPO MECHANISMS%WIKIPATHWAYS_20260211%WP4534%HOMO SAPIENS	MECHANOREGULATION AND PATHOLOGY OF YAP TAZ VIA HIPPO AND NON HIPPO MECHANISMS%WIKIPATHWAYS_20260211%WP4534%HOMO SAPIENS		32	0.49229792	1.382825	0.07452165	0.30159143	1.0	1503	tags=34%, list=10%, signal=38%	
REGULATION OF CILIUM MOVEMENT%GOBP%GO:0003352	REGULATION OF CILIUM MOVEMENT%GOBP%GO:0003352		22	0.5334859	1.3826485	0.0801564	0.3014486	1.0	4960	tags=86%, list=33%, signal=129%	
REGULATION OF PLASMA MEMBRANE BOUNDED CELL PROJECTION ORGANIZATION%GOBP%GO:0120035	REGULATION OF PLASMA MEMBRANE BOUNDED CELL PROJECTION ORGANIZATION%GOBP%GO:0120035		411	0.34052876	1.3815244	0.0	0.30322146	1.0	3147	tags=28%, list=21%, signal=34%	
REGUCALCIN IN PROXIMAL TUBULE EPITHELIAL KIDNEY CELLS%WIKIPATHWAYS_20260211%WP4838%HOMO SAPIENS	REGUCALCIN IN PROXIMAL TUBULE EPITHELIAL KIDNEY CELLS%WIKIPATHWAYS_20260211%WP4838%HOMO SAPIENS		23	0.52547514	1.3812319	0.08110782	0.303297	1.0	413	tags=9%, list=3%, signal=9%	
REGULATION OF ACTION POTENTIAL%GOBP%GO:0098900	REGULATION OF ACTION POTENTIAL%GOBP%GO:0098900		47	0.45426536	1.3804668	0.049196787	0.304381	1.0	2686	tags=43%, list=18%, signal=52%	
CELLULAR RESPONSES TO MECHANICAL STIMULI%REACTOME%R-HSA-9855142.1	CELLULAR RESPONSES TO MECHANICAL STIMULI%REACTOME%R-HSA-9855142.1		91	0.40771642	1.3801125	0.034079846	0.30460292	1.0	1565	tags=22%, list=10%, signal=24%	
CYTOSKELETAL REGULATION BY RHO GTPASE%PANTHER PATHWAY%P00016	CYTOSKELETAL REGULATION BY RHO GTPASE%PANTHER PATHWAY%P00016		51	0.4451101	1.3799993	0.051102206	0.30432153	1.0	1130	tags=20%, list=8%, signal=21%	
POSITIVE REGULATION OF TRANSMEMBRANE TRANSPORT%GOBP%GO:0034764	POSITIVE REGULATION OF TRANSMEMBRANE TRANSPORT%GOBP%GO:0034764		121	0.3884693	1.3799448	0.013712047	0.30390128	1.0	2648	tags=30%, list=18%, signal=36%	
IN UTERO EMBRYONIC DEVELOPMENT%GOBP%GO:0001701	IN UTERO EMBRYONIC DEVELOPMENT%GOBP%GO:0001701		47	0.45621797	1.379773	0.04828974	0.30370662	1.0	1248	tags=15%, list=8%, signal=16%	
CELLULAR RESPONSE TO RETINOIC ACID%GOBP%GO:0071300	CELLULAR RESPONSE TO RETINOIC ACID%GOBP%GO:0071300		37	0.47376722	1.3790009	0.061083745	0.3047749	1.0	1771	tags=27%, list=12%, signal=31%	
REGULATION OF SYSTEM PROCESS%GOBP%GO:0044057	REGULATION OF SYSTEM PROCESS%GOBP%GO:0044057		311	0.34904814	1.3789414	0.0038872692	0.30437824	1.0	1646	tags=22%, list=11%, signal=24%	
TP53 NETWORK%WIKIPATHWAYS_20260211%WP1742%HOMO SAPIENS	TP53 NETWORK%WIKIPATHWAYS_20260211%WP1742%HOMO SAPIENS		15	0.5902897	1.3788047	0.08699902	0.304139	1.0	2902	tags=53%, list=19%, signal=66%	
MECHANORECEPTOR DIFFERENTIATION%GOBP%GO:0042490	MECHANORECEPTOR DIFFERENTIATION%GOBP%GO:0042490		16	0.5621577	1.3785814	0.09027081	0.30410028	1.0	418	tags=25%, list=3%, signal=26%	
INTRINSIC APOPTOTIC SIGNALING PATHWAY IN RESPONSE TO DNA DAMAGE%GOBP%GO:0008630	INTRINSIC APOPTOTIC SIGNALING PATHWAY IN RESPONSE TO DNA DAMAGE%GOBP%GO:0008630		58	0.4410796	1.3775911	0.04601227	0.3056521	1.0	2902	tags=40%, list=19%, signal=49%	
ATTACHMENT AND ENTRY%REACTOME DATABASE ID RELEASE 95%9694614	ATTACHMENT AND ENTRY%REACTOME DATABASE ID RELEASE 95%9694614		17	0.5550304	1.377563	0.087248325	0.3051877	1.0	2776	tags=41%, list=18%, signal=50%	
REGULATION OF B CELL PROLIFERATION%GOBP%GO:0030888	REGULATION OF B CELL PROLIFERATION%GOBP%GO:0030888		45	0.4532374	1.3768308	0.0513347	0.30616343	1.0	1399	tags=22%, list=9%, signal=24%	
PLATELET-DERIVED GROWTH FACTOR RECEPTOR SIGNALING PATHWAY%GOBP%GO:0048008	PLATELET-DERIVED GROWTH FACTOR RECEPTOR SIGNALING PATHWAY%GOBP%GO:0048008		18	0.5632965	1.3753448	0.08468126	0.30879748	1.0	1733	tags=33%, list=12%, signal=38%	
REGULATION OF CARDIAC MUSCLE CELL CONTRACTION%GOBP%GO:0086004	REGULATION OF CARDIAC MUSCLE CELL CONTRACTION%GOBP%GO:0086004		30	0.49130404	1.3751794	0.065868266	0.30864686	1.0	2605	tags=37%, list=17%, signal=44%	
BONE MINERALIZATION%GOBP%GO:0030282	BONE MINERALIZATION%GOBP%GO:0030282		21	0.5337431	1.3748332	0.089423075	0.30882898	1.0	443	tags=14%, list=3%, signal=15%	
URETERIC BUD DEVELOPMENT%GOBP%GO:0001657	URETERIC BUD DEVELOPMENT%GOBP%GO:0001657		25	0.51575565	1.3743285	0.08806262	0.30936706	1.0	2459	tags=48%, list=16%, signal=57%	
INSULIN PROCESSING%REACTOME DATABASE ID RELEASE 95%264876	INSULIN PROCESSING%REACTOME DATABASE ID RELEASE 95%264876		23	0.5238356	1.3741302	0.08039216	0.3092388	1.0	2142	tags=35%, list=14%, signal=41%	
ENDOTHELIUM DEVELOPMENT%GOBP%GO:0003158	ENDOTHELIUM DEVELOPMENT%GOBP%GO:0003158		66	0.4248329	1.3741201	0.042743538	0.30873662	1.0	1374	tags=15%, list=9%, signal=17%	
POSITIVE REGULATION OF NEURON PROJECTION DEVELOPMENT%GOBP%GO:0010976	POSITIVE REGULATION OF NEURON PROJECTION DEVELOPMENT%GOBP%GO:0010976		86	0.40978095	1.3740106	0.039138943	0.308424	1.0	3448	tags=40%, list=23%, signal=51%	
HALLMARK OF CANCER METASTASIS AND EPITHELIAL TO MESENCHYMAL TRANSITION%WIKIPATHWAYS_20260211%WP5469%HOMO SAPIENS	HALLMARK OF CANCER METASTASIS AND EPITHELIAL TO MESENCHYMAL TRANSITION%WIKIPATHWAYS_20260211%WP5469%HOMO SAPIENS		19	0.54661745	1.3736134	0.085249044	0.30872312	1.0	2694	tags=37%, list=18%, signal=45%	
POSITIVE REGULATION OF VASCULATURE DEVELOPMENT%GOBP%GO:1904018	POSITIVE REGULATION OF VASCULATURE DEVELOPMENT%GOBP%GO:1904018		114	0.38767195	1.373295	0.026137464	0.30887407	1.0	1993	tags=25%, list=13%, signal=28%	
SOMITE DEVELOPMENT%GOBP%GO:0061053	SOMITE DEVELOPMENT%GOBP%GO:0061053		17	0.5599073	1.3730804	0.091535434	0.3088018	1.0	1346	tags=35%, list=9%, signal=39%	
CHONDROITIN SULFATE DERMATAN SULFATE METABOLISM%REACTOME DATABASE ID RELEASE 95%1793185	CHONDROITIN SULFATE DERMATAN SULFATE METABOLISM%REACTOME DATABASE ID RELEASE 95%1793185		33	0.48036692	1.3711315	0.07094266	0.3124159	1.0	2188	tags=33%, list=15%, signal=39%	
METAL ION TRANSPORT%GOBP%GO:0030001	METAL ION TRANSPORT%GOBP%GO:0030001		377	0.340786	1.3711172	0.0	0.31192103	1.0	2888	tags=32%, list=19%, signal=38%	
BETA1 ADRENERGIC RECEPTOR SIGNALING PATHWAY%PANTHER PATHWAY%P04377	BETA1 ADRENERGIC RECEPTOR SIGNALING PATHWAY%PANTHER PATHWAY%P04377		20	0.53586805	1.3704022	0.09259259	0.3128557	1.0	1881	tags=35%, list=13%, signal=40%	
ECTODERM DIFFERENTIATION%WIKIPATHWAYS_20260211%WP2858%HOMO SAPIENS	ECTODERM DIFFERENTIATION%WIKIPATHWAYS_20260211%WP2858%HOMO SAPIENS		105	0.3910153	1.3693018	0.03006012	0.3146555	1.0	2580	tags=30%, list=17%, signal=37%	
ARF6 TRAFFICKING EVENTS%PATHWAY INTERACTION DATABASE NCI-NATURE CURATED DATA%ARF6 TRAFFICKING EVENTS	ARF6 TRAFFICKING EVENTS%PATHWAY INTERACTION DATABASE NCI-NATURE CURATED DATA%ARF6 TRAFFICKING EVENTS		45	0.44827288	1.3689973	0.056190476	0.31478426	1.0	2760	tags=36%, list=18%, signal=43%	
AXON GUIDANCE%REACTOME%R-HSA-422475.8	AXON GUIDANCE%REACTOME%R-HSA-422475.8		471	0.33437362	1.3689086	0.0	0.3144507	1.0	1938	tags=18%, list=13%, signal=20%	
CALCIUM REGULATION IN CARDIAC CELLS%WIKIPATHWAYS_20260211%WP536%HOMO SAPIENS	CALCIUM REGULATION IN CARDIAC CELLS%WIKIPATHWAYS_20260211%WP536%HOMO SAPIENS		99	0.3955152	1.3687295	0.029807692	0.3143122	1.0	1360	tags=22%, list=9%, signal=24%	
PID_SMAD2_3NUCLEAR_PATHWAY%MSIGDB_C2%PID_SMAD2_3NUCLEAR_PATHWAY	PID_SMAD2_3NUCLEAR_PATHWAY%MSIGDB_C2%PID_SMAD2_3NUCLEAR_PATHWAY		57	0.43363035	1.3683267	0.046305418	0.3146688	1.0	2263	tags=25%, list=15%, signal=29%	
REGULATION OF EXTRACELLULAR MATRIX ORGANIZATION%GOBP%GO:1903053	REGULATION OF EXTRACELLULAR MATRIX ORGANIZATION%GOBP%GO:1903053		52	0.44160524	1.3678273	0.0513834	0.31520355	1.0	2495	tags=29%, list=17%, signal=34%	
TGF BETA RECEPTOR SIGNALING%WIKIPATHWAYS_20260211%WP560%HOMO SAPIENS	TGF BETA RECEPTOR SIGNALING%WIKIPATHWAYS_20260211%WP560%HOMO SAPIENS		46	0.45392895	1.3670828	0.06322957	0.31624746	1.0	2625	tags=26%, list=17%, signal=32%	
VOLTAGE GATED POTASSIUM CHANNELS%REACTOME%R-HSA-1296072.4	VOLTAGE GATED POTASSIUM CHANNELS%REACTOME%R-HSA-1296072.4		26	0.49778047	1.3667281	0.08	0.31649062	1.0	2010	tags=38%, list=13%, signal=44%	
PID_ARF6_TRAFFICKING_PATHWAY%MSIGDB_C2%PID_ARF6_TRAFFICKING_PATHWAY	PID_ARF6_TRAFFICKING_PATHWAY%MSIGDB_C2%PID_ARF6_TRAFFICKING_PATHWAY		33	0.48582387	1.3652054	0.07889734	0.31908062	1.0	2716	tags=33%, list=18%, signal=41%	
POTASSIUM ION TRANSMEMBRANE TRANSPORT%GOBP%GO:0071805	POTASSIUM ION TRANSMEMBRANE TRANSPORT%GOBP%GO:0071805		92	0.39749956	1.36461	0.043902438	0.31981072	1.0	2888	tags=36%, list=19%, signal=44%	
PID_CXCR4_PATHWAY%MSIGDB_C2%PID_CXCR4_PATHWAY	PID_CXCR4_PATHWAY%MSIGDB_C2%PID_CXCR4_PATHWAY		71	0.41901785	1.3631593	0.045719843	0.3224179	1.0	261	tags=10%, list=2%, signal=10%	
RESPONSE TO STEROID HORMONE%GOBP%GO:0048545	RESPONSE TO STEROID HORMONE%GOBP%GO:0048545		96	0.39521676	1.3628262	0.033864543	0.32258728	1.0	2058	tags=26%, list=14%, signal=30%	
CARGO CONCENTRATION IN THE ER%REACTOME DATABASE ID RELEASE 95%5694530	CARGO CONCENTRATION IN THE ER%REACTOME DATABASE ID RELEASE 95%5694530		32	0.48122805	1.3624651	0.093873516	0.32283074	1.0	2967	tags=41%, list=20%, signal=51%	
TRANSCRIPTIONAL REGULATION BY VENTX%REACTOME DATABASE ID RELEASE 95%8853884	TRANSCRIPTIONAL REGULATION BY VENTX%REACTOME DATABASE ID RELEASE 95%8853884		39	0.46503413	1.3624212	0.057971016	0.32239464	1.0	2228	tags=18%, list=15%, signal=21%	
EYE PHOTORECEPTOR CELL DIFFERENTIATION%GOBP%GO:0001754	EYE PHOTORECEPTOR CELL DIFFERENTIATION%GOBP%GO:0001754		24	0.51321125	1.3622324	0.08167331	0.32230324	1.0	1430	tags=29%, list=10%, signal=32%	
REGULATION OF NON-CANONICAL WNT SIGNALING PATHWAY%GOBP%GO:2000050	REGULATION OF NON-CANONICAL WNT SIGNALING PATHWAY%GOBP%GO:2000050		20	0.5352075	1.3621151	0.10331384	0.3220246	1.0	2797	tags=35%, list=19%, signal=43%	
CHEMOKINE-MEDIATED SIGNALING PATHWAY%GOBP%GO:0070098	CHEMOKINE-MEDIATED SIGNALING PATHWAY%GOBP%GO:0070098		53	0.44099018	1.3610346	0.063279	0.32387596	1.0	3093	tags=36%, list=21%, signal=45%	
RENAL TUBULE DEVELOPMENT%GOBP%GO:0061326	RENAL TUBULE DEVELOPMENT%GOBP%GO:0061326		30	0.49161807	1.3608512	0.08275862	0.32372865	1.0	3055	tags=57%, list=20%, signal=71%	
CELLULAR RESPONSE TO DOPAMINE%GOBP%GO:1903351	CELLULAR RESPONSE TO DOPAMINE%GOBP%GO:1903351		26	0.49937838	1.3607976	0.07820137	0.32332295	1.0	505	tags=23%, list=3%, signal=24%	
REGULATION OF CARDIAC MUSCLE CONTRACTION BY CALCIUM ION SIGNALING%GOBP%GO:0010882	REGULATION OF CARDIAC MUSCLE CONTRACTION BY CALCIUM ION SIGNALING%GOBP%GO:0010882		26	0.5010879	1.3595607	0.08622398	0.32554162	1.0	2200	tags=38%, list=15%, signal=45%	
NEGATIVE REGULATION OF NMDA RECEPTOR-MEDIATED NEURONAL TRANSMISSION%REACTOME%R-HSA-9617324.2	NEGATIVE REGULATION OF NMDA RECEPTOR-MEDIATED NEURONAL TRANSMISSION%REACTOME%R-HSA-9617324.2		15	0.5753008	1.3591622	0.117361784	0.32593188	1.0	3171	tags=47%, list=21%, signal=59%	
INTEGRATIVE ANALYSIS OF TREG GLIAL INTERACTIONS %WIKIPATHWAYS_20260211%WP5561%HOMO SAPIENS	INTEGRATIVE ANALYSIS OF TREG GLIAL INTERACTIONS %WIKIPATHWAYS_20260211%WP5561%HOMO SAPIENS		82	0.4045589	1.3587965	0.041828793	0.32622147	1.0	2371	tags=24%, list=16%, signal=29%	
CELLULAR RESPONSE TO ALCOHOL%GOBP%GO:0097306	CELLULAR RESPONSE TO ALCOHOL%GOBP%GO:0097306		57	0.4287512	1.3577892	0.046906188	0.3278638	1.0	3130	tags=33%, list=21%, signal=42%	
CENTRAL NERVOUS SYSTEM NEURON DIFFERENTIATION%GOBP%GO:0021953	CENTRAL NERVOUS SYSTEM NEURON DIFFERENTIATION%GOBP%GO:0021953		69	0.41591793	1.3573929	0.054079697	0.3281929	1.0	2423	tags=29%, list=16%, signal=34%	
POSITIVE REGULATION OF CELL MOTILITY%GOBP%GO:2000147	POSITIVE REGULATION OF CELL MOTILITY%GOBP%GO:2000147		450	0.33171612	1.356574	9.6432015E-4	0.3293876	1.0	1882	tags=18%, list=13%, signal=20%	
PULMONARY VALVE DEVELOPMENT%GOBP%GO:0003177	PULMONARY VALVE DEVELOPMENT%GOBP%GO:0003177		23	0.5068188	1.3555233	0.0959041	0.33121818	1.0	3060	tags=43%, list=20%, signal=55%	
POSITIVE REGULATION OF POTASSIUM ION TRANSMEMBRANE TRANSPORT%GOBP%GO:1901381	POSITIVE REGULATION OF POTASSIUM ION TRANSMEMBRANE TRANSPORT%GOBP%GO:1901381		15	0.5695833	1.354816	0.09667969	0.3321666	1.0	1609	tags=40%, list=11%, signal=45%	
ALSTROM SYNDROME%WIKIPATHWAYS_20260211%WP5202%HOMO SAPIENS	ALSTROM SYNDROME%WIKIPATHWAYS_20260211%WP5202%HOMO SAPIENS		30	0.48533037	1.3545662	0.08812261	0.33218634	1.0	3191	tags=43%, list=21%, signal=55%	
PROTEIN LOCALIZATION TO SYNAPSE%GOBP%GO:0035418	PROTEIN LOCALIZATION TO SYNAPSE%GOBP%GO:0035418		34	0.4763411	1.3544456	0.084075175	0.3319089	1.0	2502	tags=47%, list=17%, signal=56%	
REGULATION OF NERVOUS SYSTEM DEVELOPMENT%GOBP%GO:0051960	REGULATION OF NERVOUS SYSTEM DEVELOPMENT%GOBP%GO:0051960		212	0.35430396	1.3544081	0.011439466	0.33146757	1.0	3142	tags=28%, list=21%, signal=35%	
AXON EXTENSION%GOBP%GO:0048675	AXON EXTENSION%GOBP%GO:0048675		23	0.5157293	1.3542497	0.08797654	0.3313075	1.0	508	tags=17%, list=3%, signal=18%	
DETECTION OF CHEMICAL STIMULUS%GOBP%GO:0009593	DETECTION OF CHEMICAL STIMULUS%GOBP%GO:0009593		40	0.45980024	1.3541467	0.06605691	0.33100095	1.0	2166	tags=28%, list=14%, signal=32%	
POSITIVE REGULATION OF CATION TRANSMEMBRANE TRANSPORT%GOBP%GO:1904064	POSITIVE REGULATION OF CATION TRANSMEMBRANE TRANSPORT%GOBP%GO:1904064		79	0.40243024	1.3540827	0.04109589	0.3306171	1.0	2648	tags=32%, list=18%, signal=38%	
MISCELLANEOUS TRANSPORT AND BINDING EVENTS%REACTOME%R-HSA-5223345.7	MISCELLANEOUS TRANSPORT AND BINDING EVENTS%REACTOME%R-HSA-5223345.7		24	0.50942874	1.3539852	0.0960961	0.33031937	1.0	489	tags=17%, list=3%, signal=17%	
RENAL SYSTEM PROCESS%GOBP%GO:0003014	RENAL SYSTEM PROCESS%GOBP%GO:0003014		71	0.41060644	1.3537221	0.05207329	0.33037615	1.0	2507	tags=28%, list=17%, signal=34%	
HALLMARK_APOPTOSIS%MSIGDBHALLMARK%HALLMARK_APOPTOSIS	HALLMARK_APOPTOSIS%MSIGDBHALLMARK%HALLMARK_APOPTOSIS		125	0.37683973	1.3537087	0.026946107	0.3298917	1.0	2089	tags=22%, list=14%, signal=26%	
POSITIVE REGULATION OF PROTEIN DEPOLYMERIZATION%GOBP%GO:1901881	POSITIVE REGULATION OF PROTEIN DEPOLYMERIZATION%GOBP%GO:1901881		15	0.5648458	1.3536466	0.12277228	0.3295099	1.0	2862	tags=33%, list=19%, signal=41%	
CIRCADIAN RHYTHM%GOBP%GO:0007623	CIRCADIAN RHYTHM%GOBP%GO:0007623		88	0.39696774	1.3529074	0.044676807	0.33061716	1.0	2235	tags=25%, list=15%, signal=29%	
GLYCOGEN BREAKDOWN (GLYCOGENOLYSIS)%REACTOME%R-HSA-70221.8	GLYCOGEN BREAKDOWN (GLYCOGENOLYSIS)%REACTOME%R-HSA-70221.8		15	0.5661216	1.3528562	0.121364094	0.33021832	1.0	1250	tags=27%, list=8%, signal=29%	
CALCIUM ION IMPORT INTO CYTOSOL%GOBP%GO:1902656	CALCIUM ION IMPORT INTO CYTOSOL%GOBP%GO:1902656		21	0.5218731	1.3528252	0.10652591	0.32976872	1.0	2862	tags=48%, list=19%, signal=59%	
NEURAL CREST CELL MIGRATION DURING DEVELOPMENT%WIKIPATHWAYS_20260211%WP4564%HOMO SAPIENS	NEURAL CREST CELL MIGRATION DURING DEVELOPMENT%WIKIPATHWAYS_20260211%WP4564%HOMO SAPIENS		28	0.4941905	1.3526399	0.097487435	0.32964575	1.0	2070	tags=29%, list=14%, signal=33%	
PLEURAL MESOTHELIOMA%WIKIPATHWAYS_20260211%WP5087%HOMO SAPIENS	PLEURAL MESOTHELIOMA%WIKIPATHWAYS_20260211%WP5087%HOMO SAPIENS		330	0.34010366	1.3521423	0.008763389	0.33025363	1.0	2866	tags=28%, list=19%, signal=34%	
POSITIVE REGULATION OF SIGNAL TRANSDUCTION BY P53 CLASS MEDIATOR%GOBP%GO:1901798	POSITIVE REGULATION OF SIGNAL TRANSDUCTION BY P53 CLASS MEDIATOR%GOBP%GO:1901798		32	0.47979206	1.3520784	0.08249497	0.32988498	1.0	4227	tags=41%, list=28%, signal=56%	
NUCLEAR RECEPTORS IN LIPID METABOLISM AND TOXICITY%WIKIPATHWAYS_20260211%WP299%HOMO SAPIENS	NUCLEAR RECEPTORS IN LIPID METABOLISM AND TOXICITY%WIKIPATHWAYS_20260211%WP299%HOMO SAPIENS		17	0.55155826	1.3515342	0.109481916	0.3305488	1.0	2555	tags=41%, list=17%, signal=50%	
GLUTAMATE RECEPTOR SIGNALING PATHWAY%GOBP%GO:0007215	GLUTAMATE RECEPTOR SIGNALING PATHWAY%GOBP%GO:0007215		31	0.47093087	1.3504344	0.08682635	0.33246276	1.0	2263	tags=35%, list=15%, signal=42%	
SYNAPTIC MEMBRANE ADHESION%GOBP%GO:0099560	SYNAPTIC MEMBRANE ADHESION%GOBP%GO:0099560		15	0.5576287	1.3502487	0.11132438	0.33235076	1.0	4702	tags=53%, list=31%, signal=78%	
RND2 GTPASE CYCLE%REACTOME%R-HSA-9696270.2	RND2 GTPASE CYCLE%REACTOME%R-HSA-9696270.2		40	0.4591902	1.3500001	0.068627454	0.33236724	1.0	2525	tags=23%, list=17%, signal=27%	
NEUROGENESIS REGULATION IN THE OLFACTORY EPITHELIUM%WIKIPATHWAYS_20260211%WP5265%HOMO SAPIENS	NEUROGENESIS REGULATION IN THE OLFACTORY EPITHELIUM%WIKIPATHWAYS_20260211%WP5265%HOMO SAPIENS		42	0.44761074	1.3499608	0.076535754	0.3319351	1.0	2872	tags=33%, list=19%, signal=41%	
INTEGRIN MEDIATED CELL ADHESION%WIKIPATHWAYS_20260211%WP185%HOMO SAPIENS	INTEGRIN MEDIATED CELL ADHESION%WIKIPATHWAYS_20260211%WP185%HOMO SAPIENS		73	0.4100323	1.3499439	0.049713194	0.33146	1.0	2021	tags=25%, list=13%, signal=28%	
DETERMINATION OF BILATERAL SYMMETRY%GOBP%GO:0009855	DETERMINATION OF BILATERAL SYMMETRY%GOBP%GO:0009855		65	0.41863826	1.3482195	0.05654762	0.33459306	1.0	4427	tags=54%, list=29%, signal=76%	
CARDIAC MUSCLE CELL DEVELOPMENT%GOBP%GO:0055013	CARDIAC MUSCLE CELL DEVELOPMENT%GOBP%GO:0055013		28	0.49646705	1.3479166	0.095423564	0.33472878	1.0	2599	tags=43%, list=17%, signal=52%	
PHOSPHORYLATED BMAL1:CLOCK (ARNTL:CLOCK) ACTIVATES EXPRESSION OF CORE CLOCK GENES%REACTOME DATABASE ID RELEASE 95%9931510	PHOSPHORYLATED BMAL1:CLOCK (ARNTL:CLOCK) ACTIVATES EXPRESSION OF CORE CLOCK GENES%REACTOME DATABASE ID RELEASE 95%9931510		20	0.5280627	1.3478351	0.09424603	0.33439735	1.0	2585	tags=35%, list=17%, signal=42%	
CENTROSOME CYCLE%GOBP%GO:0007098	CENTROSOME CYCLE%GOBP%GO:0007098		89	0.39860103	1.3477883	0.04263566	0.333993	1.0	4516	tags=48%, list=30%, signal=69%	
MIRNA METABOLIC PROCESS%GOBP%GO:0010586	MIRNA METABOLIC PROCESS%GOBP%GO:0010586		16	0.5681923	1.3472859	0.11534795	0.33461457	1.0	3560	tags=50%, list=24%, signal=65%	
BIOCARTA_TNFR2_PATHWAY%MSIGDB_C2%BIOCARTA_TNFR2_PATHWAY	BIOCARTA_TNFR2_PATHWAY%MSIGDB_C2%BIOCARTA_TNFR2_PATHWAY		15	0.56418353	1.3468952	0.12707722	0.33494413	1.0	645	tags=13%, list=4%, signal=14%	
POSITIVE REGULATION OF CELL MIGRATION%GOBP%GO:0030335	POSITIVE REGULATION OF CELL MIGRATION%GOBP%GO:0030335		438	0.3308739	1.3465335	9.569378E-4	0.33524665	1.0	1882	tags=18%, list=13%, signal=21%	
INNER EAR DEVELOPMENT%GOBP%GO:0048839	INNER EAR DEVELOPMENT%GOBP%GO:0048839		48	0.43927056	1.3463384	0.05679513	0.3351649	1.0	2624	tags=35%, list=17%, signal=43%	
G ALPHA (S) SIGNALLING EVENTS%REACTOME DATABASE ID RELEASE 95%418555	G ALPHA (S) SIGNALLING EVENTS%REACTOME DATABASE ID RELEASE 95%418555		98	0.38949358	1.3462745	0.035892323	0.33478516	1.0	1929	tags=26%, list=13%, signal=29%	
NEGATIVE REGULATION OF B CELL ACTIVATION%GOBP%GO:0050869	NEGATIVE REGULATION OF B CELL ACTIVATION%GOBP%GO:0050869		20	0.5348107	1.3459873	0.09304603	0.33489302	1.0	2866	tags=40%, list=19%, signal=49%	
PROTEIN LOCALIZATION TO CHROMATIN%GOBP%GO:0071168	PROTEIN LOCALIZATION TO CHROMATIN%GOBP%GO:0071168		32	0.4729825	1.3456969	0.08899522	0.33501467	1.0	4012	tags=41%, list=27%, signal=55%	
PROTEIN-PROTEIN INTERACTIONS AT SYNAPSES%REACTOME%R-HSA-6794362.6	PROTEIN-PROTEIN INTERACTIONS AT SYNAPSES%REACTOME%R-HSA-6794362.6		69	0.4092721	1.3453987	0.05945419	0.33516574	1.0	947	tags=19%, list=6%, signal=20%	
PROTEIN LOCALIZATION TO CYTOSKELETON%GOBP%GO:0044380	PROTEIN LOCALIZATION TO CYTOSKELETON%GOBP%GO:0044380		43	0.44575626	1.344752	0.071774974	0.33607388	1.0	5189	tags=63%, list=35%, signal=96%	
OVERLAP BETWEEN SIGNAL TRANSDUCTION PATHWAYS CONTRIBUTING TO LMNA LAMINOPATHIES%WIKIPATHWAYS_20260211%WP4879%HOMO SAPIENS	OVERLAP BETWEEN SIGNAL TRANSDUCTION PATHWAYS CONTRIBUTING TO LMNA LAMINOPATHIES%WIKIPATHWAYS_20260211%WP4879%HOMO SAPIENS		40	0.45777032	1.3446555	0.09169884	0.33579722	1.0	1983	tags=28%, list=13%, signal=32%	
ENDOCARDIAL CUSHION DEVELOPMENT%GOBP%GO:0003197	ENDOCARDIAL CUSHION DEVELOPMENT%GOBP%GO:0003197		36	0.47086912	1.3446454	0.08283433	0.33531472	1.0	3230	tags=39%, list=22%, signal=49%	
BINDING AND UPTAKE OF LIGANDS BY SCAVENGER RECEPTORS%REACTOME%R-HSA-2173782.3	BINDING AND UPTAKE OF LIGANDS BY SCAVENGER RECEPTORS%REACTOME%R-HSA-2173782.3		42	0.4501223	1.3443192	0.07868526	0.33554843	1.0	2460	tags=33%, list=16%, signal=40%	
SPECIFICATION OF SYMMETRY%GOBP%GO:0009799	SPECIFICATION OF SYMMETRY%GOBP%GO:0009799		65	0.41863826	1.3441141	0.049261082	0.33549204	1.0	4427	tags=54%, list=29%, signal=76%	
G PROTEIN-COUPLED RECEPTOR SIGNALING PATHWAY%GOBP%GO:0007186	G PROTEIN-COUPLED RECEPTOR SIGNALING PATHWAY%GOBP%GO:0007186		451	0.32717368	1.3440205	0.0028275212	0.33518112	1.0	3106	tags=31%, list=21%, signal=38%	
REGULATION OF CARDIAC MUSCLE CELL MEMBRANE REPOLARIZATION%GOBP%GO:0099623	REGULATION OF CARDIAC MUSCLE CELL MEMBRANE REPOLARIZATION%GOBP%GO:0099623		21	0.514486	1.3437454	0.10700389	0.3352725	1.0	2203	tags=43%, list=15%, signal=50%	
PULMONARY VALVE MORPHOGENESIS%GOBP%GO:0003184	PULMONARY VALVE MORPHOGENESIS%GOBP%GO:0003184		19	0.53411835	1.3437304	0.10682493	0.33480442	1.0	3060	tags=53%, list=20%, signal=66%	
CIRCADIAN REGULATION OF GENE EXPRESSION%GOBP%GO:0032922	CIRCADIAN REGULATION OF GENE EXPRESSION%GOBP%GO:0032922		60	0.4186834	1.3431244	0.07192807	0.33553198	1.0	3216	tags=32%, list=21%, signal=40%	
CARDIAC ATRIUM DEVELOPMENT%GOBP%GO:0003230	CARDIAC ATRIUM DEVELOPMENT%GOBP%GO:0003230		19	0.5363663	1.3425606	0.10263654	0.3362646	1.0	391	tags=16%, list=3%, signal=16%	
PLASMA MEMBRANE ESTROGEN RECEPTOR SIGNALING%PATHWAY INTERACTION DATABASE NCI-NATURE CURATED DATA%PLASMA MEMBRANE ESTROGEN RECEPTOR SIGNALING	PLASMA MEMBRANE ESTROGEN RECEPTOR SIGNALING%PATHWAY INTERACTION DATABASE NCI-NATURE CURATED DATA%PLASMA MEMBRANE ESTROGEN RECEPTOR SIGNALING		41	0.4524705	1.3422519	0.07480315	0.33645988	1.0	2021	tags=22%, list=13%, signal=25%	
MEMBRANE DEPOLARIZATION DURING ACTION POTENTIAL%GOBP%GO:0086010	MEMBRANE DEPOLARIZATION DURING ACTION POTENTIAL%GOBP%GO:0086010		22	0.51290154	1.3415813	0.09802073	0.3373897	1.0	2752	tags=68%, list=18%, signal=83%	
APPENDAGE DEVELOPMENT%GOBP%GO:0048736	APPENDAGE DEVELOPMENT%GOBP%GO:0048736		63	0.41818482	1.3405946	0.05860465	0.33898962	1.0	2326	tags=29%, list=15%, signal=34%	
ACTIVATION OF KAINATE RECEPTORS UPON GLUTAMATE BINDING%REACTOME%R-HSA-451326.4	ACTIVATION OF KAINATE RECEPTORS UPON GLUTAMATE BINDING%REACTOME%R-HSA-451326.4		24	0.5100076	1.3393564	0.09099901	0.34117216	1.0	1835	tags=33%, list=12%, signal=38%	
BIOCARTA_CELLCYCLE_PATHWAY%MSIGDB_C2%BIOCARTA_CELLCYCLE_PATHWAY	BIOCARTA_CELLCYCLE_PATHWAY%MSIGDB_C2%BIOCARTA_CELLCYCLE_PATHWAY		19	0.5276739	1.3390294	0.10865384	0.34140593	1.0	1597	tags=32%, list=11%, signal=35%	
REGULATION OF CARDIAC MUSCLE CONTRACTION BY REGULATION OF THE RELEASE OF SEQUESTERED CALCIUM ION%GOBP%GO:0010881	REGULATION OF CARDIAC MUSCLE CONTRACTION BY REGULATION OF THE RELEASE OF SEQUESTERED CALCIUM ION%GOBP%GO:0010881		18	0.5299046	1.3383378	0.10241546	0.34241387	1.0	467	tags=28%, list=3%, signal=29%	
FORMATION OF NEURONAL PROGENITOR AND NEURONAL BAF (NPBAF AND NBAF)%REACTOME%R-HSA-9934037.1	FORMATION OF NEURONAL PROGENITOR AND NEURONAL BAF (NPBAF AND NBAF)%REACTOME%R-HSA-9934037.1		23	0.5064097	1.3379079	0.11285574	0.34280112	1.0	2762	tags=39%, list=18%, signal=48%	
ION HOMEOSTASIS%REACTOME DATABASE ID RELEASE 95%5578775	ION HOMEOSTASIS%REACTOME DATABASE ID RELEASE 95%5578775		43	0.4468113	1.335257	0.0738189	0.3481055	1.0	2570	tags=35%, list=17%, signal=42%	
POSITIVE REGULATION OF PROTEIN KINASE ACTIVITY%GOBP%GO:0045860	POSITIVE REGULATION OF PROTEIN KINASE ACTIVITY%GOBP%GO:0045860		111	0.37817657	1.334854	0.032868527	0.34855002	1.0	1842	tags=18%, list=12%, signal=20%	
REGULATION OF RELEASE OF SEQUESTERED CALCIUM ION INTO CYTOSOL BY SARCOPLASMIC RETICULUM%GOBP%GO:0010880	REGULATION OF RELEASE OF SEQUESTERED CALCIUM ION INTO CYTOSOL BY SARCOPLASMIC RETICULUM%GOBP%GO:0010880		25	0.503541	1.3343912	0.11702128	0.3490623	1.0	2200	tags=44%, list=15%, signal=51%	
POSITIVE REGULATION OF LOCOMOTION%GOBP%GO:0040017	POSITIVE REGULATION OF LOCOMOTION%GOBP%GO:0040017		456	0.3263349	1.3343091	0.0019267823	0.3487288	1.0	1882	tags=18%, list=13%, signal=20%	
NITRIC OXIDE STIMULATES GUANYLATE CYCLASE%REACTOME%R-HSA-392154.3	NITRIC OXIDE STIMULATES GUANYLATE CYCLASE%REACTOME%R-HSA-392154.3		20	0.523814	1.3337392	0.12349398	0.34944478	1.0	2259	tags=40%, list=15%, signal=47%	
RND1 GTPASE CYCLE%REACTOME%R-HSA-9696273.2	RND1 GTPASE CYCLE%REACTOME%R-HSA-9696273.2		40	0.447164	1.333458	0.07941177	0.34953395	1.0	2605	tags=30%, list=17%, signal=36%	
CHROMOSOMAL AND MICROSATELLITE INSTABILITY IN COLORECTAL CANCER %WIKIPATHWAYS_20260211%WP4216%HOMO SAPIENS	CHROMOSOMAL AND MICROSATELLITE INSTABILITY IN COLORECTAL CANCER %WIKIPATHWAYS_20260211%WP4216%HOMO SAPIENS		60	0.4206882	1.3333473	0.07309645	0.34926373	1.0	2349	tags=23%, list=16%, signal=28%	
NEGATIVE REGULATION OF CELLULAR RESPONSE TO GROWTH FACTOR STIMULUS%GOBP%GO:0090288	NEGATIVE REGULATION OF CELLULAR RESPONSE TO GROWTH FACTOR STIMULUS%GOBP%GO:0090288		71	0.40775055	1.3321961	0.055080723	0.35128734	1.0	1576	tags=24%, list=10%, signal=27%	
MONOAMINE TRANSPORT AND REGULATION%WIKIPATHWAYS_20260211%WP727%HOMO SAPIENS	MONOAMINE TRANSPORT AND REGULATION%WIKIPATHWAYS_20260211%WP727%HOMO SAPIENS		21	0.5174314	1.3321278	0.11557789	0.35093078	1.0	2047	tags=33%, list=14%, signal=39%	
POSITIVE REGULATION OF OSTEOBLAST DIFFERENTIATION%GOBP%GO:0045669	POSITIVE REGULATION OF OSTEOBLAST DIFFERENTIATION%GOBP%GO:0045669		49	0.42890042	1.3314236	0.073267326	0.35207677	1.0	2477	tags=33%, list=16%, signal=39%	
METABOTROPIC GLUTAMATE RECEPTOR GROUP II PATHWAY%PANTHER PATHWAY%P00040	METABOTROPIC GLUTAMATE RECEPTOR GROUP II PATHWAY%PANTHER PATHWAY%P00040		34	0.45977592	1.3306549	0.08766859	0.3532832	1.0	1881	tags=26%, list=13%, signal=30%	
POSITIVE REGULATION OF DENDRITIC SPINE DEVELOPMENT%GOBP%GO:0060999	POSITIVE REGULATION OF DENDRITIC SPINE DEVELOPMENT%GOBP%GO:0060999		18	0.5470336	1.3306298	0.12133072	0.35282436	1.0	3446	tags=56%, list=23%, signal=72%	
FOREBRAIN GENERATION OF NEURONS%GOBP%GO:0021872	FOREBRAIN GENERATION OF NEURONS%GOBP%GO:0021872		25	0.4897464	1.3268381	0.1085044	0.36090398	1.0	2423	tags=20%, list=16%, signal=24%	
RESPONSE TO GROWTH HORMONE%GOBP%GO:0060416	RESPONSE TO GROWTH HORMONE%GOBP%GO:0060416		19	0.52764684	1.3266861	0.12042389	0.3607184	1.0	1126	tags=16%, list=7%, signal=17%	
GABA-B_RECEPTOR_II_SIGNALING%PANTHER PATHWAY%P05731	GABA-B_RECEPTOR_II_SIGNALING%PANTHER PATHWAY%P05731		30	0.47461417	1.3261395	0.09423077	0.3614291	1.0	1294	tags=23%, list=9%, signal=25%	
PROTEIN LOCALIZATION TO MICROTUBULE CYTOSKELETON%GOBP%GO:0072698	PROTEIN LOCALIZATION TO MICROTUBULE CYTOSKELETON%GOBP%GO:0072698		37	0.45861518	1.3259722	0.08383234	0.36129773	1.0	5189	tags=65%, list=35%, signal=99%	
ENDOGENOUS_CANNABINOID_SIGNALING%PANTHER PATHWAY%P05730	ENDOGENOUS_CANNABINOID_SIGNALING%PANTHER PATHWAY%P05730		18	0.5259291	1.325742	0.12055336	0.36128873	1.0	1835	tags=28%, list=12%, signal=32%	
NEPHRON TUBULE DEVELOPMENT%GOBP%GO:0072080	NEPHRON TUBULE DEVELOPMENT%GOBP%GO:0072080		28	0.48568177	1.325321	0.118694365	0.3617652	1.0	3055	tags=57%, list=20%, signal=72%	
HALLMARK OF CANCER SUSTAINING PROLIFERATIVE SIGNALING%WIKIPATHWAYS_20260211%WP5475%HOMO SAPIENS	HALLMARK OF CANCER SUSTAINING PROLIFERATIVE SIGNALING%WIKIPATHWAYS_20260211%WP5475%HOMO SAPIENS		84	0.39049622	1.3247303	0.046738073	0.36254957	1.0	2412	tags=25%, list=16%, signal=30%	
LIMB DEVELOPMENT%GOBP%GO:0060173	LIMB DEVELOPMENT%GOBP%GO:0060173		63	0.41818482	1.3246921	0.0589372	0.3621189	1.0	2326	tags=29%, list=15%, signal=34%	
ENDOCARDIAL CUSHION MORPHOGENESIS%GOBP%GO:0003203	ENDOCARDIAL CUSHION MORPHOGENESIS%GOBP%GO:0003203		30	0.47864413	1.3246448	0.10392157	0.36171228	1.0	3230	tags=40%, list=22%, signal=51%	
OXPRENOLOL ACTION PATHWAY%PATHWHIZ%PW000372	OXPRENOLOL ACTION PATHWAY%PATHWHIZ%PW000372		40	0.44131508	1.3246012	0.07881773	0.36130345	1.0	1778	tags=33%, list=12%, signal=37%	
WNT SIGNALING PATHWAY%PANTHER PATHWAY%P00057	WNT SIGNALING PATHWAY%PANTHER PATHWAY%P00057		201	0.3484454	1.3244078	0.021825397	0.36123478	1.0	2834	tags=30%, list=19%, signal=36%	
SEMI-LUNAR VALVE DEVELOPMENT%GOBP%GO:1905314	SEMI-LUNAR VALVE DEVELOPMENT%GOBP%GO:1905314		44	0.44282264	1.323437	0.09786822	0.3629399	1.0	3060	tags=41%, list=20%, signal=51%	
RESPONSE TO DOPAMINE%GOBP%GO:1903350	RESPONSE TO DOPAMINE%GOBP%GO:1903350		26	0.49937838	1.3231065	0.11377245	0.3631987	1.0	505	tags=23%, list=3%, signal=24%	
GPER1 SIGNALING%REACTOME DATABASE ID RELEASE 95%9634597	GPER1 SIGNALING%REACTOME DATABASE ID RELEASE 95%9634597		36	0.46068358	1.3229303	0.0995122	0.3630946	1.0	1881	tags=31%, list=13%, signal=35%	
GPCR DOWNSTREAM SIGNALLING%REACTOME DATABASE ID RELEASE 95%388396	GPCR DOWNSTREAM SIGNALLING%REACTOME DATABASE ID RELEASE 95%388396		418	0.32529938	1.3228313	0.002955665	0.3628169	1.0	2021	tags=22%, list=13%, signal=24%	
REGULATION OF ENDOTHELIAL CELL CHEMOTAXIS%GOBP%GO:2001026	REGULATION OF ENDOTHELIAL CELL CHEMOTAXIS%GOBP%GO:2001026		18	0.5269617	1.32272	0.12612613	0.36257216	1.0	1339	tags=28%, list=9%, signal=30%	
REGULATION OF SYNAPTIC PLASTICITY%GOBP%GO:0048167	REGULATION OF SYNAPTIC PLASTICITY%GOBP%GO:0048167		106	0.38107884	1.3216676	0.045105565	0.3644521	1.0	1802	tags=25%, list=12%, signal=28%	
REGULATION OF INTEGRIN ACTIVATION%GOBP%GO:0033623	REGULATION OF INTEGRIN ACTIVATION%GOBP%GO:0033623		16	0.5505415	1.3215181	0.13160518	0.36429122	1.0	1339	tags=25%, list=9%, signal=27%	
POSITIVE REGULATION OF STEM CELL POPULATION MAINTENANCE%GOBP%GO:1902459	POSITIVE REGULATION OF STEM CELL POPULATION MAINTENANCE%GOBP%GO:1902459		40	0.44427258	1.3214616	0.08275174	0.36390853	1.0	3329	tags=35%, list=22%, signal=45%	
ATENOLOL ACTION PATHWAY%SMPDB%SMP0000298	ATENOLOL ACTION PATHWAY%SMPDB%SMP0000298		40	0.44131508	1.3203601	0.09411765	0.3658698	1.0	1778	tags=33%, list=12%, signal=37%	
DOBUTAMINE ACTION PATHWAY%PATHWHIZ%PW000639	DOBUTAMINE ACTION PATHWAY%PATHWHIZ%PW000639		40	0.44131508	1.3199742	0.09423077	0.36620757	1.0	1778	tags=33%, list=12%, signal=37%	
IL-6-TYPE CYTOKINE RECEPTOR LIGAND INTERACTIONS%REACTOME%R-HSA-6788467.5	IL-6-TYPE CYTOKINE RECEPTOR LIGAND INTERACTIONS%REACTOME%R-HSA-6788467.5		16	0.5520439	1.3197489	0.124282986	0.36623862	1.0	4700	tags=56%, list=31%, signal=82%	
METOPROLOL ACTION PATHWAY%PATHWHIZ%PW000370	METOPROLOL ACTION PATHWAY%PATHWHIZ%PW000370		40	0.44131508	1.3196633	0.088495575	0.36593923	1.0	1778	tags=33%, list=12%, signal=37%	
LEUKOCYTE APOPTOTIC PROCESS%GOBP%GO:0071887	LEUKOCYTE APOPTOTIC PROCESS%GOBP%GO:0071887		16	0.5498766	1.3185692	0.1308226	0.36787215	1.0	2169	tags=31%, list=14%, signal=36%	
CELLULAR RESPONSE TO CHEMOKINE%GOBP%GO:1990869	CELLULAR RESPONSE TO CHEMOKINE%GOBP%GO:1990869		60	0.41222754	1.3183136	0.071428575	0.36791363	1.0	3093	tags=33%, list=21%, signal=42%	
SCAVENGING BY CLASS A RECEPTORS%REACTOME%R-HSA-3000480.2	SCAVENGING BY CLASS A RECEPTORS%REACTOME%R-HSA-3000480.2		19	0.5239984	1.317843	0.11980677	0.36850935	1.0	2460	tags=42%, list=16%, signal=50%	
EMBRYONIC HEART TUBE MORPHOGENESIS%GOBP%GO:0003143	EMBRYONIC HEART TUBE MORPHOGENESIS%GOBP%GO:0003143		34	0.45824862	1.3173814	0.098802395	0.3690388	1.0	2326	tags=32%, list=15%, signal=38%	
CEREBELLUM DEVELOPMENT%GOBP%GO:0021549	CEREBELLUM DEVELOPMENT%GOBP%GO:0021549		19	0.5266392	1.3169427	0.11934552	0.36952245	1.0	911	tags=21%, list=6%, signal=22%	
TGFBR3 EXPRESSION%REACTOME DATABASE ID RELEASE 95%9839394	TGFBR3 EXPRESSION%REACTOME DATABASE ID RELEASE 95%9839394		20	0.5184859	1.3164692	0.12964824	0.37013197	1.0	2228	tags=35%, list=15%, signal=41%	
BEVANTOLOL ACTION PATHWAY%PATHWHIZ%PW000645	BEVANTOLOL ACTION PATHWAY%PATHWHIZ%PW000645		40	0.44131508	1.3159877	0.07646475	0.37073487	1.0	1778	tags=33%, list=12%, signal=37%	
POSITIVE REGULATION OF SYNAPSE ASSEMBLY%GOBP%GO:0051965	POSITIVE REGULATION OF SYNAPSE ASSEMBLY%GOBP%GO:0051965		34	0.45597523	1.3153461	0.0989011	0.37173635	1.0	941	tags=24%, list=6%, signal=25%	
RESPONSE TO CHEMOKINE%GOBP%GO:1990868	RESPONSE TO CHEMOKINE%GOBP%GO:1990868		60	0.41222754	1.3150843	0.06802721	0.37183362	1.0	3093	tags=33%, list=21%, signal=42%	
PID_INTEGRIN2_PATHWAY%MSIGDB_C2%PID_INTEGRIN2_PATHWAY	PID_INTEGRIN2_PATHWAY%MSIGDB_C2%PID_INTEGRIN2_PATHWAY		18	0.5388369	1.3145547	0.119760476	0.3725113	1.0	1286	tags=22%, list=9%, signal=24%	
SEMA3A PAK DEPENDENT AXON REPULSION%REACTOME%R-HSA-399954.4	SEMA3A PAK DEPENDENT AXON REPULSION%REACTOME%R-HSA-399954.4		16	0.54188997	1.3143069	0.12830189	0.37253872	1.0	151	tags=13%, list=1%, signal=13%	
NETRIN-1 SIGNALING%REACTOME%R-HSA-373752.4	NETRIN-1 SIGNALING%REACTOME%R-HSA-373752.4		38	0.4422018	1.3141772	0.09532888	0.37233952	1.0	1710	tags=21%, list=11%, signal=24%	
NERVOUS SYSTEM DEVELOPMENT%REACTOME%R-HSA-9675108.3	NERVOUS SYSTEM DEVELOPMENT%REACTOME%R-HSA-9675108.3		493	0.31942797	1.3132501	0.003868472	0.37401587	1.0	1938	tags=17%, list=13%, signal=19%	
BETAXOLOL ACTION PATHWAY%SMPDB%SMP0000299	BETAXOLOL ACTION PATHWAY%SMPDB%SMP0000299		40	0.44131508	1.3132273	0.101090185	0.3735505	1.0	1778	tags=33%, list=12%, signal=37%	
BOPINDOLOL ACTION PATHWAY%SMPDB%SMP0000657	BOPINDOLOL ACTION PATHWAY%SMPDB%SMP0000657		40	0.44131508	1.3132082	0.098790325	0.37307525	1.0	1778	tags=33%, list=12%, signal=37%	
PRESYNAPTIC ENDOCYTOSIS%GOBP%GO:0140238	PRESYNAPTIC ENDOCYTOSIS%GOBP%GO:0140238		34	0.4563669	1.3124535	0.10854947	0.3743344	1.0	297	tags=15%, list=2%, signal=15%	
AMLODIPINE ACTION PATHWAY%PATHWHIZ%PW000391	AMLODIPINE ACTION PATHWAY%PATHWHIZ%PW000391		40	0.44131508	1.311924	0.093780845	0.37502673	1.0	1778	tags=33%, list=12%, signal=37%	
PENBUTOLOL ACTION PATHWAY%SMPDB%SMP0000305	PENBUTOLOL ACTION PATHWAY%SMPDB%SMP0000305		40	0.44131508	1.3119214	0.09432048	0.37451947	1.0	1778	tags=33%, list=12%, signal=37%	
PRACTOLOL ACTION PATHWAY%PATHWHIZ%PW000646	PRACTOLOL ACTION PATHWAY%PATHWHIZ%PW000646		40	0.44131508	1.3118299	0.09770115	0.37420672	1.0	1778	tags=33%, list=12%, signal=37%	
NEGATIVE REGULATION OF CHONDROCYTE DIFFERENTIATION%GOBP%GO:0032331	NEGATIVE REGULATION OF CHONDROCYTE DIFFERENTIATION%GOBP%GO:0032331		15	0.5520164	1.3117849	0.14424951	0.37379423	1.0	2371	tags=33%, list=16%, signal=40%	
ORGAN GROWTH%GOBP%GO:0035265	ORGAN GROWTH%GOBP%GO:0035265		29	0.4780593	1.3112803	0.11694747	0.37449378	1.0	2477	tags=31%, list=16%, signal=37%	
QUINIDINE ACTION PATHWAY%SMPDB%SMP0000323	QUINIDINE ACTION PATHWAY%SMPDB%SMP0000323		40	0.44131508	1.3112545	0.09217047	0.37404567	1.0	1778	tags=33%, list=12%, signal=37%	
ADENYLATE CYCLASE-INHIBITING G PROTEIN-COUPLED RECEPTOR SIGNALING PATHWAY%GOBP%GO:0007193	ADENYLATE CYCLASE-INHIBITING G PROTEIN-COUPLED RECEPTOR SIGNALING PATHWAY%GOBP%GO:0007193		48	0.42601442	1.3110107	0.08895131	0.374107	1.0	1985	tags=33%, list=13%, signal=38%	
LOCOMOTORY BEHAVIOR%GOBP%GO:0007626	LOCOMOTORY BEHAVIOR%GOBP%GO:0007626		30	0.47455782	1.3109887	0.11122047	0.37365994	1.0	954	tags=23%, list=6%, signal=25%	
METIPRANOLOL ACTION PATHWAY%PATHWHIZ%PW000644	METIPRANOLOL ACTION PATHWAY%PATHWHIZ%PW000644		40	0.44131508	1.3107548	0.1015625	0.3736841	1.0	1778	tags=33%, list=12%, signal=37%	
ACEBUTOLOL ACTION PATHWAY%SMPDB%SMP0000296	ACEBUTOLOL ACTION PATHWAY%SMPDB%SMP0000296		40	0.44131508	1.3105597	0.09475806	0.37363926	1.0	1778	tags=33%, list=12%, signal=37%	
MEXILETINE ACTION PATHWAY%PATHWHIZ%PW000382	MEXILETINE ACTION PATHWAY%PATHWHIZ%PW000382		40	0.44131508	1.3105311	0.09778226	0.37320876	1.0	1778	tags=33%, list=12%, signal=37%	
PEPTIDE HORMONE METABOLISM%REACTOME DATABASE ID RELEASE 95%2980736	PEPTIDE HORMONE METABOLISM%REACTOME DATABASE ID RELEASE 95%2980736		58	0.41438693	1.3104866	0.08619001	0.3728253	1.0	2353	tags=29%, list=16%, signal=35%	
BETA2 ADRENERGIC RECEPTOR SIGNALING PATHWAY%PANTHER PATHWAY%P04378	BETA2 ADRENERGIC RECEPTOR SIGNALING PATHWAY%PANTHER PATHWAY%P04378		20	0.5180557	1.3102272	0.11789474	0.37288898	1.0	1881	tags=35%, list=13%, signal=40%	
DISOPYRAMIDE ACTION PATHWAY%SMPDB%SMP0000325	DISOPYRAMIDE ACTION PATHWAY%SMPDB%SMP0000325		40	0.44131508	1.3094823	0.07860696	0.37412906	1.0	1778	tags=33%, list=12%, signal=37%	
METENCEPHALON DEVELOPMENT%GOBP%GO:0022037	METENCEPHALON DEVELOPMENT%GOBP%GO:0022037		19	0.5266392	1.3092804	0.13353413	0.37411615	1.0	911	tags=21%, list=6%, signal=22%	
EPH-EPHRIN SIGNALING%REACTOME%R-HSA-2682334.3	EPH-EPHRIN SIGNALING%REACTOME%R-HSA-2682334.3		85	0.39111415	1.30895	0.0705191	0.37434468	1.0	1183	tags=18%, list=8%, signal=19%	
NIMODIPINE ACTION PATHWAY%PATHWHIZ%PW000395	NIMODIPINE ACTION PATHWAY%PATHWHIZ%PW000395		40	0.44131508	1.3081771	0.1058941	0.37560624	1.0	1778	tags=33%, list=12%, signal=37%	
LEARNING OR MEMORY%GOBP%GO:0007611	LEARNING OR MEMORY%GOBP%GO:0007611		91	0.3839121	1.307876	0.05962343	0.3757896	1.0	2693	tags=37%, list=18%, signal=45%	
G ALPHA (12 13) SIGNALLING EVENTS%REACTOME%R-HSA-416482.7	G ALPHA (12 13) SIGNALLING EVENTS%REACTOME%R-HSA-416482.7		74	0.3991949	1.307318	0.06789525	0.37661132	1.0	2021	tags=23%, list=13%, signal=26%	
MORPHOGENESIS OF A BRANCHING EPITHELIUM%GOBP%GO:0061138	MORPHOGENESIS OF A BRANCHING EPITHELIUM%GOBP%GO:0061138		41	0.44337764	1.3072404	0.086872585	0.37628907	1.0	2459	tags=34%, list=16%, signal=41%	
HIPPO SIGNALING REGULATION%WIKIPATHWAYS_20260211%WP4540%HOMO SAPIENS	HIPPO SIGNALING REGULATION%WIKIPATHWAYS_20260211%WP4540%HOMO SAPIENS		67	0.40189478	1.3071697	0.07128906	0.37595007	1.0	1169	tags=18%, list=8%, signal=19%	
ATM SIGNALING%WIKIPATHWAYS_20260211%WP2516%HOMO SAPIENS	ATM SIGNALING%WIKIPATHWAYS_20260211%WP2516%HOMO SAPIENS		30	0.47396	1.3069526	0.09853659	0.37597373	1.0	4456	tags=43%, list=30%, signal=61%	
BUPRANOLOL ACTION PATHWAY%SMPDB%SMP0000670	BUPRANOLOL ACTION PATHWAY%SMPDB%SMP0000670		40	0.44131508	1.3067355	0.10562015	0.37596613	1.0	1778	tags=33%, list=12%, signal=37%	
ESMOLOL ACTION PATHWAY%SMPDB%SMP0000301	ESMOLOL ACTION PATHWAY%SMPDB%SMP0000301		40	0.44131508	1.3067347	0.09149723	0.3754712	1.0	1778	tags=33%, list=12%, signal=37%	
INTERMEDIATE FILAMENT-BASED PROCESS%GOBP%GO:0045103	INTERMEDIATE FILAMENT-BASED PROCESS%GOBP%GO:0045103		43	0.43774664	1.3067268	0.10298661	0.3749961	1.0	3359	tags=40%, list=22%, signal=51%	
REGULATION OF SMOOTH MUSCLE CELL APOPTOTIC PROCESS%GOBP%GO:0034391	REGULATION OF SMOOTH MUSCLE CELL APOPTOTIC PROCESS%GOBP%GO:0034391		20	0.5103609	1.3064452	0.141	0.3751346	1.0	313	tags=20%, list=2%, signal=20%	
REGULATION OF VASCULATURE DEVELOPMENT%GOBP%GO:1901342	REGULATION OF VASCULATURE DEVELOPMENT%GOBP%GO:1901342		218	0.34405017	1.3062174	0.021946564	0.37516692	1.0	1648	tags=19%, list=11%, signal=21%	
ARBUTAMINE ACTION PATHWAY%SMPDB%SMP0000664	ARBUTAMINE ACTION PATHWAY%SMPDB%SMP0000664		40	0.44131508	1.3059512	0.0940499	0.37529302	1.0	1778	tags=33%, list=12%, signal=37%	
EPINEPHRINE ACTION PATHWAY%PATHWHIZ%PW000638	EPINEPHRINE ACTION PATHWAY%PATHWHIZ%PW000638		40	0.44131508	1.305899	0.09949749	0.37492052	1.0	1778	tags=33%, list=12%, signal=37%	
CARTEOLOL ACTION PATHWAY%PATHWHIZ%PW000634	CARTEOLOL ACTION PATHWAY%PATHWHIZ%PW000634		40	0.44131508	1.3058811	0.10288066	0.3744699	1.0	1778	tags=33%, list=12%, signal=37%	
PID_NECTIN_PATHWAY%MSIGDB_C2%PID_NECTIN_PATHWAY	PID_NECTIN_PATHWAY%MSIGDB_C2%PID_NECTIN_PATHWAY		24	0.4933067	1.3056827	0.125969	0.3744289	1.0	1382	tags=25%, list=9%, signal=27%	
POSITIVE REGULATION OF POTASSIUM ION TRANSPORT%GOBP%GO:0043268	POSITIVE REGULATION OF POTASSIUM ION TRANSPORT%GOBP%GO:0043268		21	0.5079136	1.3055404	0.124756336	0.3742718	1.0	3416	tags=48%, list=23%, signal=62%	
INTERACTIONS BETWEEN LOXL4 AND OXIDATIVE STRESS PATHWAY%WIKIPATHWAYS_20260211%WP3670%HOMO SAPIENS	INTERACTIONS BETWEEN LOXL4 AND OXIDATIVE STRESS PATHWAY%WIKIPATHWAYS_20260211%WP3670%HOMO SAPIENS		15	0.54698414	1.3046604	0.14015904	0.3757819	1.0	2258	tags=27%, list=15%, signal=31%	
FELODIPINE ACTION PATHWAY%PATHWHIZ%PW000392	FELODIPINE ACTION PATHWAY%PATHWHIZ%PW000392		40	0.44131508	1.3044494	0.09768379	0.37577394	1.0	1778	tags=33%, list=12%, signal=37%	
AORTIC VALVE MORPHOGENESIS%GOBP%GO:0003180	AORTIC VALVE MORPHOGENESIS%GOBP%GO:0003180		35	0.45140883	1.3042576	0.10665362	0.37574065	1.0	2694	tags=43%, list=18%, signal=52%	
ISRADIPINE ACTION PATHWAY%PATHWHIZ%PW000393	ISRADIPINE ACTION PATHWAY%PATHWHIZ%PW000393		40	0.44131508	1.3038801	0.100767754	0.37614885	1.0	1778	tags=33%, list=12%, signal=37%	
FOSPHENYTOIN (ANTIARRHYTHMIC) ACTION PATHWAY%PATHWHIZ%PW000379	FOSPHENYTOIN (ANTIARRHYTHMIC) ACTION PATHWAY%PATHWHIZ%PW000379		40	0.44131508	1.3033922	0.101090185	0.37676835	1.0	1778	tags=33%, list=12%, signal=37%	
JOUBERT SYNDROME%WIKIPATHWAYS_20260211%WP4656%HOMO SAPIENS	JOUBERT SYNDROME%WIKIPATHWAYS_20260211%WP4656%HOMO SAPIENS		63	0.40390143	1.3032216	0.08469682	0.3766691	1.0	2722	tags=37%, list=18%, signal=44%	
DENDRITIC SPINE DEVELOPMENT%GOBP%GO:0060996	DENDRITIC SPINE DEVELOPMENT%GOBP%GO:0060996		20	0.5127502	1.3030804	0.12665986	0.37654066	1.0	2626	tags=50%, list=17%, signal=61%	
CALCIUM ION IMPORT ACROSS PLASMA MEMBRANE%GOBP%GO:0098703	CALCIUM ION IMPORT ACROSS PLASMA MEMBRANE%GOBP%GO:0098703		20	0.5096755	1.3027213	0.118421055	0.37687007	1.0	2862	tags=45%, list=19%, signal=56%	
SYNAPTIC VESICLE ENDOCYTOSIS%GOBP%GO:0048488	SYNAPTIC VESICLE ENDOCYTOSIS%GOBP%GO:0048488		34	0.4563669	1.302682	0.12	0.37649542	1.0	297	tags=15%, list=2%, signal=15%	
AORTIC VALVE DEVELOPMENT%GOBP%GO:0003176	AORTIC VALVE DEVELOPMENT%GOBP%GO:0003176		40	0.43776086	1.3026433	0.09598433	0.37610242	1.0	2694	tags=38%, list=18%, signal=46%	
SIGNALING BY ALK%REACTOME DATABASE ID RELEASE 95%201556	SIGNALING BY ALK%REACTOME DATABASE ID RELEASE 95%201556		25	0.48476383	1.3026257	0.117195	0.3756601	1.0	2458	tags=32%, list=16%, signal=38%	
NIFEDIPINE ACTION PATHWAY%PATHWHIZ%PW000394	NIFEDIPINE ACTION PATHWAY%PATHWHIZ%PW000394		40	0.44131508	1.3025963	0.10764588	0.37524533	1.0	1778	tags=33%, list=12%, signal=37%	
NEURAL CREST CELL MIGRATION IN CANCER%WIKIPATHWAYS_20260211%WP4565%HOMO SAPIENS	NEURAL CREST CELL MIGRATION IN CANCER%WIKIPATHWAYS_20260211%WP4565%HOMO SAPIENS		31	0.46641746	1.3023517	0.113659024	0.37532005	1.0	2412	tags=29%, list=16%, signal=35%	
NEBIVOLOL ACTION PATHWAY%SMPDB%SMP0000366	NEBIVOLOL ACTION PATHWAY%SMPDB%SMP0000366		40	0.44131508	1.302188	0.096	0.375185	1.0	1778	tags=33%, list=12%, signal=37%	
NEGATIVE REGULATION OF EPITHELIAL TO MESENCHYMAL TRANSITION%GOBP%GO:0010719	NEGATIVE REGULATION OF EPITHELIAL TO MESENCHYMAL TRANSITION%GOBP%GO:0010719		39	0.4434968	1.3020829	0.10037879	0.37493852	1.0	1066	tags=18%, list=7%, signal=19%	
VITAMIN D RECEPTOR PATHWAY%WIKIPATHWAYS_20260211%WP2877%HOMO SAPIENS	VITAMIN D RECEPTOR PATHWAY%WIKIPATHWAYS_20260211%WP2877%HOMO SAPIENS		126	0.3648229	1.3018647	0.04121688	0.37499318	1.0	1385	tags=25%, list=9%, signal=27%	
DILTIAZEM ACTION PATHWAY%SMPDB%SMP0000359	DILTIAZEM ACTION PATHWAY%SMPDB%SMP0000359		40	0.44131508	1.3016746	0.10019455	0.374936	1.0	1778	tags=33%, list=12%, signal=37%	
MISMATCH REPAIR%GOBP%GO:0006298	MISMATCH REPAIR%GOBP%GO:0006298		24	0.4923169	1.3014884	0.12310797	0.37489387	1.0	5560	tags=58%, list=37%, signal=92%	
SOTALOL ACTION PATHWAY%SMPDB%SMP0000660	SOTALOL ACTION PATHWAY%SMPDB%SMP0000660		40	0.44131508	1.3013321	0.099804305	0.3747571	1.0	1778	tags=33%, list=12%, signal=37%	
INTRAFLAGELLAR TRANSPORT PROTEINS BINDING TO DYNEIN%WIKIPATHWAYS_20260211%WP4532%HOMO SAPIENS	INTRAFLAGELLAR TRANSPORT PROTEINS BINDING TO DYNEIN%WIKIPATHWAYS_20260211%WP4532%HOMO SAPIENS		21	0.50541675	1.3011866	0.12225406	0.37458813	1.0	4211	tags=57%, list=28%, signal=79%	
POSITIVE REGULATION OF BMP SIGNALING PATHWAY%GOBP%GO:0030513	POSITIVE REGULATION OF BMP SIGNALING PATHWAY%GOBP%GO:0030513		21	0.50572693	1.301026	0.14617619	0.37449718	1.0	2260	tags=33%, list=15%, signal=39%	
FLECAINIDE ACTION PATHWAY%SMPDB%SMP0000331	FLECAINIDE ACTION PATHWAY%SMPDB%SMP0000331		40	0.44131508	1.2999434	0.10992218	0.3765447	1.0	1778	tags=33%, list=12%, signal=37%	
REGULATION OF EPITHELIAL CELL PROLIFERATION%GOBP%GO:0050678	REGULATION OF EPITHELIAL CELL PROLIFERATION%GOBP%GO:0050678		205	0.3400144	1.2998672	0.025666337	0.37623978	1.0	2515	tags=26%, list=17%, signal=31%	
REGULATION OF CALCINEURIN-MEDIATED SIGNALING%GOBP%GO:0106056	REGULATION OF CALCINEURIN-MEDIATED SIGNALING%GOBP%GO:0106056		30	0.46516806	1.2993586	0.10831721	0.37695563	1.0	2506	tags=30%, list=17%, signal=36%	
REGULATION OF OSSIFICATION%GOBP%GO:0030278	REGULATION OF OSSIFICATION%GOBP%GO:0030278		79	0.38859132	1.2993573	0.06336634	0.37648192	1.0	2570	tags=29%, list=17%, signal=35%	
EMBRYONIC HEART TUBE DEVELOPMENT%GOBP%GO:0035050	EMBRYONIC HEART TUBE DEVELOPMENT%GOBP%GO:0035050		36	0.45336944	1.2989955	0.09981167	0.37683386	1.0	2326	tags=31%, list=15%, signal=36%	
REGULATION OF PD-L1(CD274) TRANSCRIPTION%REACTOME%R-HSA-9909649.2	REGULATION OF PD-L1(CD274) TRANSCRIPTION%REACTOME%R-HSA-9909649.2		53	0.41639626	1.2986938	0.075848304	0.37704128	1.0	1640	tags=17%, list=11%, signal=19%	
KINETOCHORE ORGANIZATION%GOBP%GO:0051383	KINETOCHORE ORGANIZATION%GOBP%GO:0051383		20	0.50679106	1.2985985	0.14189836	0.37678742	1.0	5741	tags=65%, list=38%, signal=105%	
PROSTAGLANDIN AND LEUKOTRIENE METABOLISM IN SENESCENCE %WIKIPATHWAYS_20260211%WP5122%HOMO SAPIENS	PROSTAGLANDIN AND LEUKOTRIENE METABOLISM IN SENESCENCE %WIKIPATHWAYS_20260211%WP5122%HOMO SAPIENS		25	0.4793958	1.2983557	0.11425781	0.37688494	1.0	2806	tags=32%, list=19%, signal=39%	
HIF-1-ALPHA TRANSCRIPTION FACTOR NETWORK%PATHWAY INTERACTION DATABASE NCI-NATURE CURATED DATA%HIF-1-ALPHA TRANSCRIPTION FACTOR NETWORK	HIF-1-ALPHA TRANSCRIPTION FACTOR NETWORK%PATHWAY INTERACTION DATABASE NCI-NATURE CURATED DATA%HIF-1-ALPHA TRANSCRIPTION FACTOR NETWORK		60	0.41003898	1.298074	0.08213945	0.37705934	1.0	1737	tags=23%, list=12%, signal=26%	
REGULATION OF MITF-M-DEPENDENT GENES INVOLVED IN PIGMENTATION%REACTOME DATABASE ID RELEASE 95%9824585	REGULATION OF MITF-M-DEPENDENT GENES INVOLVED IN PIGMENTATION%REACTOME DATABASE ID RELEASE 95%9824585		35	0.45503995	1.2980208	0.11213048	0.37670958	1.0	2762	tags=37%, list=18%, signal=45%	
PINDOLOL ACTION PATHWAY%PATHWHIZ%PW000374	PINDOLOL ACTION PATHWAY%PATHWHIZ%PW000374		40	0.44131508	1.2979826	0.10489511	0.37632424	1.0	1778	tags=33%, list=12%, signal=37%	
NITRENDIPINE ACTION PATHWAY%SMPDB%SMP0000382	NITRENDIPINE ACTION PATHWAY%SMPDB%SMP0000382		40	0.44131508	1.2973567	0.09922179	0.37725908	1.0	1778	tags=33%, list=12%, signal=37%	
SMALL CELL LUNG CANCER%WIKIPATHWAYS_20260211%WP4658%HOMO SAPIENS	SMALL CELL LUNG CANCER%WIKIPATHWAYS_20260211%WP4658%HOMO SAPIENS		81	0.38864863	1.2972642	0.07655039	0.3770033	1.0	3042	tags=27%, list=20%, signal=34%	
MEMBRANE DEPOLARIZATION%GOBP%GO:0051899	MEMBRANE DEPOLARIZATION%GOBP%GO:0051899		34	0.4541791	1.2971317	0.1102439	0.3768383	1.0	2752	tags=53%, list=18%, signal=65%	
ADP SIGNALLING THROUGH P2Y PURINOCEPTOR 12%REACTOME DATABASE ID RELEASE 95%392170	ADP SIGNALLING THROUGH P2Y PURINOCEPTOR 12%REACTOME DATABASE ID RELEASE 95%392170		16	0.5344636	1.2969635	0.15475024	0.37675652	1.0	1294	tags=25%, list=9%, signal=27%	
ISOPRENALINE ACTION PATHWAY%SMPDB%SMP0000663	ISOPRENALINE ACTION PATHWAY%SMPDB%SMP0000663		40	0.44131508	1.2969455	0.11934552	0.37632844	1.0	1778	tags=33%, list=12%, signal=37%	
TOCAINIDE ACTION PATHWAY%SMPDB%SMP0000330	TOCAINIDE ACTION PATHWAY%SMPDB%SMP0000330		40	0.44131508	1.2968459	0.11001965	0.3760976	1.0	1778	tags=33%, list=12%, signal=37%	
FORMATION OF THE NEPHRIC DUCT%REACTOME DATABASE ID RELEASE 95%9830364	FORMATION OF THE NEPHRIC DUCT%REACTOME DATABASE ID RELEASE 95%9830364		15	0.55454737	1.2967829	0.15665025	0.3757729	1.0	1181	tags=27%, list=8%, signal=29%	
NISOLDIPINE ACTION PATHWAY%PATHWHIZ%PW000396	NISOLDIPINE ACTION PATHWAY%PATHWHIZ%PW000396		40	0.44131508	1.2963631	0.11564626	0.37627086	1.0	1778	tags=33%, list=12%, signal=37%	
CENTROSOME DUPLICATION%GOBP%GO:0051298	CENTROSOME DUPLICATION%GOBP%GO:0051298		41	0.4387078	1.2953353	0.08984375	0.37816054	1.0	4389	tags=54%, list=29%, signal=76%	
PROPRANOLOL ACTION PATHWAY%SMPDB%SMP0000307	PROPRANOLOL ACTION PATHWAY%SMPDB%SMP0000307		40	0.44131508	1.295227	0.110119045	0.37792087	1.0	1778	tags=33%, list=12%, signal=37%	
PROTEIN LOCALIZATION TO CENTROSOME%GOBP%GO:0071539	PROTEIN LOCALIZATION TO CENTROSOME%GOBP%GO:0071539		23	0.49375585	1.2951313	0.123809524	0.37768543	1.0	5189	tags=70%, list=35%, signal=106%	
FOREBRAIN NEURON DIFFERENTIATION%GOBP%GO:0021879	FOREBRAIN NEURON DIFFERENTIATION%GOBP%GO:0021879		22	0.5003922	1.29501	0.13490567	0.3775058	1.0	2423	tags=23%, list=16%, signal=27%	
BILE ACID BIOSYNTHETIC PROCESS%GOBP%GO:0006699	BILE ACID BIOSYNTHETIC PROCESS%GOBP%GO:0006699		21	0.50022584	1.2949415	0.12669246	0.3771972	1.0	2451	tags=38%, list=16%, signal=45%	
STRIATED MUSCLE CONTRACTION%PATHWHIZ%PW000564	STRIATED MUSCLE CONTRACTION%PATHWHIZ%PW000564		40	0.44131508	1.2946373	0.11282546	0.37745208	1.0	1778	tags=33%, list=12%, signal=37%	
TIMOLOL ACTION PATHWAY%PATHWHIZ%PW000636	TIMOLOL ACTION PATHWAY%PATHWHIZ%PW000636		40	0.44131508	1.2946317	0.102564104	0.37699786	1.0	1778	tags=33%, list=12%, signal=37%	
LIDOCAINE (ANTIARRHYTHMIC) ACTION PATHWAY%PATHWHIZ%PW000381	LIDOCAINE (ANTIARRHYTHMIC) ACTION PATHWAY%PATHWHIZ%PW000381		40	0.4413152	1.2942216	0.10576923	0.37744159	1.0	1778	tags=33%, list=12%, signal=37%	
ALPRENOLOL ACTION PATHWAY%SMPDB%SMP0000297	ALPRENOLOL ACTION PATHWAY%SMPDB%SMP0000297		40	0.44131508	1.2939665	0.09399225	0.3775384	1.0	1778	tags=33%, list=12%, signal=37%	
PROTEIN LOCALIZATION TO MICROTUBULE ORGANIZING CENTER%GOBP%GO:1905508	PROTEIN LOCALIZATION TO MICROTUBULE ORGANIZING CENTER%GOBP%GO:1905508		23	0.49375585	1.2934527	0.14258002	0.37829936	1.0	5189	tags=70%, list=35%, signal=106%	
REGULATION OF CARDIAC MUSCLE CELL PROLIFERATION%GOBP%GO:0060043	REGULATION OF CARDIAC MUSCLE CELL PROLIFERATION%GOBP%GO:0060043		19	0.51290816	1.2928716	0.13495146	0.3791435	1.0	2902	tags=32%, list=19%, signal=39%	
NEGATIVE REGULATION OF AXONOGENESIS%GOBP%GO:0050771	NEGATIVE REGULATION OF AXONOGENESIS%GOBP%GO:0050771		21	0.50408816	1.2928156	0.14014015	0.37880486	1.0	2587	tags=29%, list=17%, signal=34%	
DETECTION OF BIOTIC STIMULUS%GOBP%GO:0009595	DETECTION OF BIOTIC STIMULUS%GOBP%GO:0009595		28	0.46993232	1.2923186	0.12830958	0.37947953	1.0	939	tags=18%, list=6%, signal=19%	
GLUCAGON SIGNALING IN METABOLIC REGULATION%REACTOME%R-HSA-163359.8	GLUCAGON SIGNALING IN METABOLIC REGULATION%REACTOME%R-HSA-163359.8		26	0.48056486	1.2920206	0.13544668	0.37968078	1.0	1881	tags=31%, list=13%, signal=35%	
PID_TAP63_PATHWAY%MSIGDB_C2%PID_TAP63_PATHWAY	PID_TAP63_PATHWAY%MSIGDB_C2%PID_TAP63_PATHWAY		44	0.42754588	1.2912525	0.10490196	0.38096145	1.0	2708	tags=34%, list=18%, signal=41%	
SIGNALING RECEPTOR LIGAND PRECURSOR PROCESSING%GOBP%GO:0140448	SIGNALING RECEPTOR LIGAND PRECURSOR PROCESSING%GOBP%GO:0140448		29	0.46764556	1.2911421	0.12307692	0.38074744	1.0	2353	tags=31%, list=16%, signal=37%	
IBUTILIDE ACTION PATHWAY%SMPDB%SMP0000332	IBUTILIDE ACTION PATHWAY%SMPDB%SMP0000332		40	0.44131508	1.2911406	0.10769231	0.380287	1.0	1778	tags=33%, list=12%, signal=37%	
SKELETAL MUSCLE ORGAN DEVELOPMENT%GOBP%GO:0060538	SKELETAL MUSCLE ORGAN DEVELOPMENT%GOBP%GO:0060538		43	0.42814866	1.2901978	0.11980198	0.38203728	1.0	2459	tags=35%, list=16%, signal=42%	
REGULATION OF NEUROGENESIS%GOBP%GO:0050767	REGULATION OF NEUROGENESIS%GOBP%GO:0050767		164	0.3474959	1.2901537	0.038767397	0.38167804	1.0	3142	tags=27%, list=21%, signal=34%	
CENTRAL NERVOUS SYSTEM DEVELOPMENT%GOBP%GO:0007417	CENTRAL NERVOUS SYSTEM DEVELOPMENT%GOBP%GO:0007417		464	0.31666964	1.2901461	0.005976096	0.38123348	1.0	2281	tags=22%, list=15%, signal=25%	
REGULATION OF BONE MINERALIZATION%GOBP%GO:0030500	REGULATION OF BONE MINERALIZATION%GOBP%GO:0030500		59	0.40910086	1.2894751	0.083588175	0.3822937	1.0	2570	tags=29%, list=17%, signal=35%	
ACTIVATION OF GABAB RECEPTORS%REACTOME%R-HSA-991365.6	ACTIVATION OF GABAB RECEPTORS%REACTOME%R-HSA-991365.6		32	0.45502946	1.2893902	0.112094395	0.38203982	1.0	1294	tags=28%, list=9%, signal=31%	
VERAPAMIL ACTION PATHWAY%SMPDB%SMP0000375	VERAPAMIL ACTION PATHWAY%SMPDB%SMP0000375		40	0.44131508	1.2889979	0.099616855	0.38249254	1.0	1778	tags=33%, list=12%, signal=37%	
G-PROTEIN MEDIATED EVENTS%REACTOME DATABASE ID RELEASE 95%112040	G-PROTEIN MEDIATED EVENTS%REACTOME DATABASE ID RELEASE 95%112040		49	0.42118484	1.2885829	0.08991009	0.38296744	1.0	1881	tags=22%, list=13%, signal=26%	
STRIATED MUSCLE TISSUE DEVELOPMENT%GOBP%GO:0014706	STRIATED MUSCLE TISSUE DEVELOPMENT%GOBP%GO:0014706		132	0.35983783	1.2881876	0.041874375	0.38341263	1.0	2605	tags=30%, list=17%, signal=36%	
NADOLOL ACTION PATHWAY%PATHWHIZ%PW000371	NADOLOL ACTION PATHWAY%PATHWHIZ%PW000371		40	0.44131508	1.2876703	0.11065574	0.3840695	1.0	1778	tags=33%, list=12%, signal=37%	
POSITIVE REGULATION OF GLYCOPROTEIN METABOLIC PROCESS%GOBP%GO:1903020	POSITIVE REGULATION OF GLYCOPROTEIN METABOLIC PROCESS%GOBP%GO:1903020		16	0.5337887	1.287441	0.15615907	0.38410887	1.0	1835	tags=50%, list=12%, signal=57%	
NEGATIVE REGULATION OF CILIUM ASSEMBLY%GOBP%GO:1902018	NEGATIVE REGULATION OF CILIUM ASSEMBLY%GOBP%GO:1902018		26	0.4790098	1.2872345	0.13930348	0.38413012	1.0	1973	tags=31%, list=13%, signal=35%	
POSITIVE REGULATION OF KINASE ACTIVITY%GOBP%GO:0033674	POSITIVE REGULATION OF KINASE ACTIVITY%GOBP%GO:0033674		117	0.36441192	1.2869614	0.054027505	0.38428056	1.0	1842	tags=17%, list=12%, signal=19%	
EFFECT OF PROGERIN ON GENES INVOLVED IN PROGERIA%WIKIPATHWAYS_20260211%WP4320%HOMO SAPIENS	EFFECT OF PROGERIN ON GENES INVOLVED IN PROGERIA%WIKIPATHWAYS_20260211%WP4320%HOMO SAPIENS		16	0.5392509	1.2863984	0.16616617	0.38510254	1.0	1138	tags=19%, list=8%, signal=20%	
PROCAINAMIDE (ANTIARRHYTHMIC) ACTION PATHWAY%PATHWHIZ%PW000377	PROCAINAMIDE (ANTIARRHYTHMIC) ACTION PATHWAY%PATHWHIZ%PW000377		40	0.44131508	1.2862695	0.10541586	0.38493004	1.0	1778	tags=33%, list=12%, signal=37%	
REGULATION OF PROTEIN DEPOLYMERIZATION%GOBP%GO:1901879	REGULATION OF PROTEIN DEPOLYMERIZATION%GOBP%GO:1901879		61	0.4011716	1.2859404	0.09716981	0.3852373	1.0	2862	tags=33%, list=19%, signal=40%	
POSITIVE REGULATION OF STEM CELL DIFFERENTIATION%GOBP%GO:2000738	POSITIVE REGULATION OF STEM CELL DIFFERENTIATION%GOBP%GO:2000738		18	0.5149105	1.2855625	0.14447592	0.38562202	1.0	3341	tags=39%, list=22%, signal=50%	
BISOPROLOL ACTION PATHWAY%SMPDB%SMP0000300	BISOPROLOL ACTION PATHWAY%SMPDB%SMP0000300		40	0.44131508	1.285544	0.1165524	0.38520324	1.0	1778	tags=33%, list=12%, signal=37%	
ENDOTHELIAL CELL DIFFERENTIATION%GOBP%GO:0045446	ENDOTHELIAL CELL DIFFERENTIATION%GOBP%GO:0045446		56	0.4103268	1.2851737	0.09411765	0.3855265	1.0	1374	tags=14%, list=9%, signal=16%	
REGULATION OF ADENYLATE CYCLASE ACTIVITY%GOBP%GO:0045761	REGULATION OF ADENYLATE CYCLASE ACTIVITY%GOBP%GO:0045761		24	0.48195618	1.2849555	0.14423077	0.38558367	1.0	1380	tags=25%, list=9%, signal=27%	
REGULATION OF DENDRITIC SPINE DEVELOPMENT%GOBP%GO:0060998	REGULATION OF DENDRITIC SPINE DEVELOPMENT%GOBP%GO:0060998		26	0.4767252	1.2845602	0.13809524	0.38606092	1.0	3446	tags=50%, list=23%, signal=65%	
NEGATIVE REGULATION OF INSULIN SECRETION%GOBP%GO:0046676	NEGATIVE REGULATION OF INSULIN SECRETION%GOBP%GO:0046676		18	0.5143816	1.2844642	0.15891473	0.38582933	1.0	3085	tags=50%, list=21%, signal=63%	
EBSTEIN BARR VIRUS LMP1 SIGNALING%WIKIPATHWAYS_20260211%WP262%HOMO SAPIENS	EBSTEIN BARR VIRUS LMP1 SIGNALING%WIKIPATHWAYS_20260211%WP262%HOMO SAPIENS		20	0.50031143	1.2842546	0.14042126	0.38584822	1.0	3035	tags=30%, list=20%, signal=38%	
GLYPICAN 1 NETWORK%PATHWAY INTERACTION DATABASE NCI-NATURE CURATED DATA%GLYPICAN 1 NETWORK	GLYPICAN 1 NETWORK%PATHWAY INTERACTION DATABASE NCI-NATURE CURATED DATA%GLYPICAN 1 NETWORK		24	0.47929215	1.2838563	0.1489573	0.38630173	1.0	1711	tags=25%, list=11%, signal=28%	
REGULATION OF CALCINEURIN-NFAT SIGNALING CASCADE%GOBP%GO:0070884	REGULATION OF CALCINEURIN-NFAT SIGNALING CASCADE%GOBP%GO:0070884		30	0.46516806	1.2838398	0.12830558	0.3858821	1.0	2506	tags=30%, list=17%, signal=36%	
PID_AR_PATHWAY%MSIGDB_C2%PID_AR_PATHWAY	PID_AR_PATHWAY%MSIGDB_C2%PID_AR_PATHWAY		44	0.42426267	1.2837149	0.10086455	0.38574696	1.0	2592	tags=23%, list=17%, signal=27%	
SMOOTH MUSCLE CONTRACTION%REACTOME%R-HSA-445355.8	SMOOTH MUSCLE CONTRACTION%REACTOME%R-HSA-445355.8		37	0.44143948	1.2829217	0.12781186	0.38712493	1.0	2849	tags=38%, list=19%, signal=47%	
REGULATION OF BIOMINERAL TISSUE DEVELOPMENT%GOBP%GO:0070167	REGULATION OF BIOMINERAL TISSUE DEVELOPMENT%GOBP%GO:0070167		74	0.38727313	1.2826554	0.08490566	0.38726875	1.0	2570	tags=27%, list=17%, signal=32%	
CALCINEURIN-MEDIATED SIGNALING%GOBP%GO:0097720	CALCINEURIN-MEDIATED SIGNALING%GOBP%GO:0097720		15	0.5371242	1.2821321	0.16683622	0.388016	1.0	1414	tags=27%, list=9%, signal=29%	
POSITIVE REGULATION OF PROTEIN SERINE/THREONINE KINASE ACTIVITY%GOBP%GO:0071902	POSITIVE REGULATION OF PROTEIN SERINE/THREONINE KINASE ACTIVITY%GOBP%GO:0071902		41	0.43589643	1.2817019	0.10773751	0.38856968	1.0	1733	tags=24%, list=12%, signal=27%	
EPHB FORWARD SIGNALING%PATHWAY INTERACTION DATABASE NCI-NATURE CURATED DATA%EPHB FORWARD SIGNALING	EPHB FORWARD SIGNALING%PATHWAY INTERACTION DATABASE NCI-NATURE CURATED DATA%EPHB FORWARD SIGNALING		39	0.43421292	1.2813604	0.11423221	0.388874	1.0	1445	tags=23%, list=10%, signal=25%	
IMATINIB AND CHRONIC MYELOID LEUKEMIA%WIKIPATHWAYS_20260211%WP3640%HOMO SAPIENS	IMATINIB AND CHRONIC MYELOID LEUKEMIA%WIKIPATHWAYS_20260211%WP3640%HOMO SAPIENS		16	0.52849513	1.2809879	0.1628131	0.38928023	1.0	1316	tags=25%, list=9%, signal=27%	
ENTRAINMENT OF CIRCADIAN CLOCK%GOBP%GO:0009649	ENTRAINMENT OF CIRCADIAN CLOCK%GOBP%GO:0009649		23	0.48994535	1.2809778	0.1485053	0.38885242	1.0	1797	tags=30%, list=12%, signal=35%	
CORTOCOTROPIN RELEASING FACTOR RECEPTOR SIGNALING PATHWAY%PANTHER PATHWAY%P04380	CORTOCOTROPIN RELEASING FACTOR RECEPTOR SIGNALING PATHWAY%PANTHER PATHWAY%P04380		16	0.53058636	1.2809507	0.14851485	0.3884649	1.0	1294	tags=31%, list=9%, signal=34%	
CARDIAC EPITHELIAL TO MESENCHYMAL TRANSITION%GOBP%GO:0060317	CARDIAC EPITHELIAL TO MESENCHYMAL TRANSITION%GOBP%GO:0060317		18	0.5081421	1.2806295	0.15228426	0.38875127	1.0	774	tags=28%, list=5%, signal=29%	
INNER EAR MORPHOGENESIS%GOBP%GO:0042472	INNER EAR MORPHOGENESIS%GOBP%GO:0042472		31	0.459724	1.2798104	0.119	0.39020467	1.0	2599	tags=42%, list=17%, signal=51%	
DEFECTIVE B3GAT3 CAUSES JDSSDHD%REACTOME DATABASE ID RELEASE 95%3560801	DEFECTIVE B3GAT3 CAUSES JDSSDHD%REACTOME DATABASE ID RELEASE 95%3560801		18	0.50586516	1.2796106	0.15052733	0.39016563	1.0	1342	tags=39%, list=9%, signal=43%	
GABA RECEPTOR ACTIVATION%REACTOME%R-HSA-977443.7	GABA RECEPTOR ACTIVATION%REACTOME%R-HSA-977443.7		37	0.4398658	1.279003	0.1194332	0.39110628	1.0	1557	tags=27%, list=10%, signal=30%	
ATF-2 TRANSCRIPTION FACTOR NETWORK%PATHWAY INTERACTION DATABASE NCI-NATURE CURATED DATA%ATF-2 TRANSCRIPTION FACTOR NETWORK	ATF-2 TRANSCRIPTION FACTOR NETWORK%PATHWAY INTERACTION DATABASE NCI-NATURE CURATED DATA%ATF-2 TRANSCRIPTION FACTOR NETWORK		55	0.40274152	1.2789512	0.09557344	0.39076808	1.0	3097	tags=35%, list=21%, signal=43%	
NEGATIVE REGULATION OF LEUKOCYTE MIGRATION%GOBP%GO:0002686	NEGATIVE REGULATION OF LEUKOCYTE MIGRATION%GOBP%GO:0002686		37	0.43463832	1.2781873	0.11770428	0.39211497	1.0	3230	tags=41%, list=22%, signal=52%	
COGNITION%GOBP%GO:0050890	COGNITION%GOBP%GO:0050890		125	0.35768604	1.2773722	0.053846154	0.39347863	1.0	2601	tags=33%, list=17%, signal=39%	
REGULATION OF MEMBRANE POTENTIAL%GOBP%GO:0042391	REGULATION OF MEMBRANE POTENTIAL%GOBP%GO:0042391		236	0.33264178	1.2772506	0.031598512	0.3933108	1.0	2809	tags=32%, list=19%, signal=39%	
RESPONSE TO GLUCAGON%GOBP%GO:0033762	RESPONSE TO GLUCAGON%GOBP%GO:0033762		15	0.5395767	1.2770509	0.17988394	0.39331406	1.0	1417	tags=33%, list=9%, signal=37%	
G BETA:GAMMA SIGNALLING THROUGH CDC42%REACTOME DATABASE ID RELEASE 95%8964616	G BETA:GAMMA SIGNALLING THROUGH CDC42%REACTOME DATABASE ID RELEASE 95%8964616		15	0.53998524	1.2769693	0.15703276	0.39303204	1.0	1294	tags=27%, list=9%, signal=29%	
LEVOBUNOLOL ACTION PATHWAY%SMPDB%SMP0000666	LEVOBUNOLOL ACTION PATHWAY%SMPDB%SMP0000666		40	0.44131508	1.276757	0.12643678	0.39307794	1.0	1778	tags=33%, list=12%, signal=37%	
REGULATION OF NUCLEAR-TRANSCRIBED MRNA POLY(A) TAIL SHORTENING%GOBP%GO:0060211	REGULATION OF NUCLEAR-TRANSCRIBED MRNA POLY(A) TAIL SHORTENING%GOBP%GO:0060211		15	0.5323095	1.2758982	0.16267465	0.3946303	1.0	1832	tags=27%, list=12%, signal=30%	
POSITIVE REGULATION OF CELL JUNCTION ASSEMBLY%GOBP%GO:1901890	POSITIVE REGULATION OF CELL JUNCTION ASSEMBLY%GOBP%GO:1901890		64	0.3998062	1.2756484	0.09313726	0.3947449	1.0	1653	tags=25%, list=11%, signal=28%	
REGULATION OF EXPRESSION AND FUNCTION OF TYPE II CLASSICAL CADHERINS%REACTOME DATABASE ID RELEASE 95%9764260	REGULATION OF EXPRESSION AND FUNCTION OF TYPE II CLASSICAL CADHERINS%REACTOME DATABASE ID RELEASE 95%9764260		29	0.4649677	1.2755232	0.15355086	0.39458176	1.0	3084	tags=41%, list=21%, signal=52%	
POSITIVE REGULATION OF ANGIOGENESIS%GOBP%GO:0045766	POSITIVE REGULATION OF ANGIOGENESIS%GOBP%GO:0045766		110	0.364695	1.274869	0.058232933	0.3956482	1.0	1993	tags=24%, list=13%, signal=27%	
NEGATIVE REGULATION OF CARTILAGE DEVELOPMENT%GOBP%GO:0061037	NEGATIVE REGULATION OF CARTILAGE DEVELOPMENT%GOBP%GO:0061037		16	0.5289339	1.273903	0.14243902	0.39735213	1.0	2371	tags=31%, list=16%, signal=37%	
POSITIVE REGULATION OF ENDOTHELIAL CELL PROLIFERATION%GOBP%GO:0001938	POSITIVE REGULATION OF ENDOTHELIAL CELL PROLIFERATION%GOBP%GO:0001938		66	0.3940302	1.2728835	0.08585366	0.39927408	1.0	1569	tags=21%, list=10%, signal=24%	
SENESCENCE AND AUTOPHAGY IN CANCER%WIKIPATHWAYS_20260211%WP615%HOMO SAPIENS	SENESCENCE AND AUTOPHAGY IN CANCER%WIKIPATHWAYS_20260211%WP615%HOMO SAPIENS		81	0.37822866	1.2726169	0.08425276	0.39944717	1.0	877	tags=12%, list=6%, signal=13%	
RHO GTPASES ACTIVATE PAKS%REACTOME DATABASE ID RELEASE 95%5627123	RHO GTPASES ACTIVATE PAKS%REACTOME DATABASE ID RELEASE 95%5627123		21	0.50139874	1.2720526	0.14581281	0.40033206	1.0	1749	tags=29%, list=12%, signal=32%	
DEVELOPMENTAL GROWTH INVOLVED IN MORPHOGENESIS%GOBP%GO:0060560	DEVELOPMENTAL GROWTH INVOLVED IN MORPHOGENESIS%GOBP%GO:0060560		54	0.40803742	1.2719889	0.105522685	0.40002185	1.0	2917	tags=31%, list=19%, signal=39%	
TROP2 REGULATORY SIGNALING%WIKIPATHWAYS_20260211%WP5300%HOMO SAPIENS	TROP2 REGULATORY SIGNALING%WIKIPATHWAYS_20260211%WP5300%HOMO SAPIENS		35	0.442232	1.2717624	0.13326941	0.40011388	1.0	699	tags=14%, list=5%, signal=15%	
REGULATION OF CYCLIN-DEPENDENT PROTEIN SERINE/THREONINE KINASE ACTIVITY%GOBP%GO:0000079	REGULATION OF CYCLIN-DEPENDENT PROTEIN SERINE/THREONINE KINASE ACTIVITY%GOBP%GO:0000079		30	0.44860572	1.2717494	0.1509434	0.39968908	1.0	332	tags=10%, list=2%, signal=10%	
FOCAL ADHESION ASSEMBLY%GOBP%GO:0048041	FOCAL ADHESION ASSEMBLY%GOBP%GO:0048041		23	0.4946204	1.2716568	0.14638783	0.39943576	1.0	2782	tags=35%, list=19%, signal=43%	
DOWNSTREAM SIGNALING OF ACTIVATED FGFR2%REACTOME%R-HSA-5654696.3	DOWNSTREAM SIGNALING OF ACTIVATED FGFR2%REACTOME%R-HSA-5654696.3		16	0.5307849	1.2714491	0.17820868	0.39948002	1.0	2458	tags=31%, list=16%, signal=37%	
MORPHOGENESIS OF A BRANCHING STRUCTURE%GOBP%GO:0001763	MORPHOGENESIS OF A BRANCHING STRUCTURE%GOBP%GO:0001763		45	0.42014545	1.2713983	0.119	0.3991522	1.0	2459	tags=31%, list=16%, signal=37%	
PHOTOPERIODISM%GOBP%GO:0009648	PHOTOPERIODISM%GOBP%GO:0009648		21	0.49251398	1.2712448	0.1521099	0.39905226	1.0	3053	tags=38%, list=20%, signal=48%	
NGF-STIMULATED TRANSCRIPTION%REACTOME DATABASE ID RELEASE 95%9031628	NGF-STIMULATED TRANSCRIPTION%REACTOME DATABASE ID RELEASE 95%9031628		34	0.44709566	1.2708299	0.1298027	0.3995853	1.0	2994	tags=35%, list=20%, signal=44%	
DEFECTIVE B4GALT7 CAUSES EDS, PROGEROID TYPE%REACTOME DATABASE ID RELEASE 95%3560783	DEFECTIVE B4GALT7 CAUSES EDS, PROGEROID TYPE%REACTOME DATABASE ID RELEASE 95%3560783		18	0.51058286	1.2707728	0.15642995	0.39927024	1.0	1342	tags=39%, list=9%, signal=43%	
MAGNESIUM ION TRANSPORT%GOBP%GO:0015693	MAGNESIUM ION TRANSPORT%GOBP%GO:0015693		17	0.52566236	1.2705796	0.17305802	0.3992616	1.0	2638	tags=29%, list=18%, signal=36%	
POSITIVE REGULATION OF SMOOTHENED SIGNALING PATHWAY%GOBP%GO:0045880	POSITIVE REGULATION OF SMOOTHENED SIGNALING PATHWAY%GOBP%GO:0045880		22	0.4800606	1.2705256	0.15206446	0.39893785	1.0	2632	tags=41%, list=18%, signal=50%	
GLYCOSAMINOGLYCAN-PROTEIN LINKAGE REGION BIOSYNTHESIS%REACTOME%R-HSA-1971475.6	GLYCOSAMINOGLYCAN-PROTEIN LINKAGE REGION BIOSYNTHESIS%REACTOME%R-HSA-1971475.6		26	0.46557906	1.2700721	0.14631686	0.39955375	1.0	1425	tags=35%, list=9%, signal=38%	
POSITIVE REGULATION OF EPITHELIAL CELL DIFFERENTIATION%GOBP%GO:0030858	POSITIVE REGULATION OF EPITHELIAL CELL DIFFERENTIATION%GOBP%GO:0030858		41	0.42328155	1.269872	0.114230394	0.39956647	1.0	3286	tags=37%, list=22%, signal=47%	
G ALPHA (Z) SIGNALLING EVENTS%REACTOME DATABASE ID RELEASE 95%418597	G ALPHA (Z) SIGNALLING EVENTS%REACTOME DATABASE ID RELEASE 95%418597		39	0.43166438	1.2698596	0.115384616	0.39914203	1.0	1700	tags=31%, list=11%, signal=35%	
KINETOCHORE ASSEMBLY%GOBP%GO:0051382	KINETOCHORE ASSEMBLY%GOBP%GO:0051382		18	0.5169577	1.2694675	0.1623439	0.39960495	1.0	5509	tags=61%, list=37%, signal=96%	
HS-GAG DEGRADATION%REACTOME DATABASE ID RELEASE 95%2024096	HS-GAG DEGRADATION%REACTOME DATABASE ID RELEASE 95%2024096		19	0.50680095	1.2693303	0.16119403	0.39945513	1.0	2188	tags=42%, list=15%, signal=49%	
MODULATION OF CHEMICAL SYNAPTIC TRANSMISSION%GOBP%GO:0050804	MODULATION OF CHEMICAL SYNAPTIC TRANSMISSION%GOBP%GO:0050804		227	0.33010325	1.2691137	0.024582105	0.39949563	1.0	1802	tags=23%, list=12%, signal=26%	
POSITIVE REGULATION OF GLIOGENESIS%GOBP%GO:0014015	POSITIVE REGULATION OF GLIOGENESIS%GOBP%GO:0014015		25	0.47598466	1.2687943	0.14383562	0.3997904	1.0	1926	tags=24%, list=13%, signal=27%	
SIGNALING BY BMP%REACTOME%R-HSA-201451.6	SIGNALING BY BMP%REACTOME%R-HSA-201451.6		26	0.46863422	1.2685295	0.14454277	0.39997986	1.0	219	tags=8%, list=1%, signal=8%	
HETEROTRIMERIC G-PROTEIN SIGNALING PATHWAY-ROD OUTER SEGMENT PHOTOTRANSDUCTION%PANTHER PATHWAY%P00028	HETEROTRIMERIC G-PROTEIN SIGNALING PATHWAY-ROD OUTER SEGMENT PHOTOTRANSDUCTION%PANTHER PATHWAY%P00028		16	0.5266714	1.267929	0.16883117	0.4009349	1.0	1294	tags=25%, list=9%, signal=27%	
AMIODARONE ACTION PATHWAY%PATHWHIZ%PW000642	AMIODARONE ACTION PATHWAY%PATHWHIZ%PW000642		48	0.41633996	1.267812	0.115188584	0.40076154	1.0	2574	tags=35%, list=17%, signal=43%	
PHENYTOIN (ANTIARRHYTHMIC) ACTION PATHWAY%PATHWHIZ%PW000380	PHENYTOIN (ANTIARRHYTHMIC) ACTION PATHWAY%PATHWHIZ%PW000380		56	0.40958196	1.2677726	0.11298315	0.4004056	1.0	2574	tags=38%, list=17%, signal=45%	
REGULATION OF BONE REMODELING%GOBP%GO:0046850	REGULATION OF BONE REMODELING%GOBP%GO:0046850		35	0.44517788	1.2677494	0.12266929	0.4000136	1.0	1659	tags=23%, list=11%, signal=26%	
POSITIVE REGULATION OF DEVELOPMENTAL GROWTH%GOBP%GO:0048639	POSITIVE REGULATION OF DEVELOPMENTAL GROWTH%GOBP%GO:0048639		61	0.39314	1.2668895	0.10354746	0.40159696	1.0	2326	tags=26%, list=15%, signal=31%	
REGULATION OF INTRINSIC APOPTOTIC SIGNALING PATHWAY BY P53 CLASS MEDIATOR%GOBP%GO:1902253	REGULATION OF INTRINSIC APOPTOTIC SIGNALING PATHWAY BY P53 CLASS MEDIATOR%GOBP%GO:1902253		24	0.48151264	1.2662834	0.15172414	0.40259215	1.0	4080	tags=38%, list=27%, signal=51%	
NEGATIVE REGULATION OF CDH1 GENE TRANSCRIPTION%REACTOME%R-HSA-9764725.1	NEGATIVE REGULATION OF CDH1 GENE TRANSCRIPTION%REACTOME%R-HSA-9764725.1		47	0.41563645	1.2662358	0.12199808	0.4022462	1.0	3445	tags=28%, list=23%, signal=36%	
VALIDATED TRANSCRIPTIONAL TARGETS OF TAP63 ISOFORMS%PATHWAY INTERACTION DATABASE NCI-NATURE CURATED DATA%VALIDATED TRANSCRIPTIONAL TARGETS OF TAP63 ISOFORMS	VALIDATED TRANSCRIPTIONAL TARGETS OF TAP63 ISOFORMS%PATHWAY INTERACTION DATABASE NCI-NATURE CURATED DATA%VALIDATED TRANSCRIPTIONAL TARGETS OF TAP63 ISOFORMS		54	0.4035988	1.2660867	0.10773751	0.40217647	1.0	2708	tags=35%, list=18%, signal=43%	
GABA B RECEPTOR ACTIVATION%REACTOME%R-HSA-977444.5	GABA B RECEPTOR ACTIVATION%REACTOME%R-HSA-977444.5		32	0.45502946	1.2660419	0.13068181	0.4018289	1.0	1294	tags=28%, list=9%, signal=31%	
REGULATION OF CYTOSOLIC CALCIUM ION CONCENTRATION%GOBP%GO:0051480	REGULATION OF CYTOSOLIC CALCIUM ION CONCENTRATION%GOBP%GO:0051480		28	0.46301314	1.265986	0.1366765	0.40152365	1.0	2427	tags=36%, list=16%, signal=43%	
REGULATION OF MEMBRANE REPOLARIZATION%GOBP%GO:0060306	REGULATION OF MEMBRANE REPOLARIZATION%GOBP%GO:0060306		28	0.46171388	1.2657938	0.14257812	0.4015241	1.0	2203	tags=39%, list=15%, signal=46%	
GLYCOPROTEIN CATABOLIC PROCESS%GOBP%GO:0006516	GLYCOPROTEIN CATABOLIC PROCESS%GOBP%GO:0006516		33	0.44817737	1.2656957	0.1368524	0.40131283	1.0	2078	tags=30%, list=14%, signal=35%	
NEURON PROJECTION EXTENSION%GOBP%GO:1990138	NEURON PROJECTION EXTENSION%GOBP%GO:1990138		37	0.43930638	1.2656503	0.14593536	0.40097338	1.0	625	tags=16%, list=4%, signal=17%	
CANONICAL AND NON CANONICAL TGF B SIGNALING%WIKIPATHWAYS_20260211%WP3874%HOMO SAPIENS	CANONICAL AND NON CANONICAL TGF B SIGNALING%WIKIPATHWAYS_20260211%WP3874%HOMO SAPIENS		16	0.5222575	1.2654701	0.16342412	0.40097857	1.0	1218	tags=31%, list=8%, signal=34%	
REGULATION OF T CELL RECEPTOR SIGNALING PATHWAY%GOBP%GO:0050856	REGULATION OF T CELL RECEPTOR SIGNALING PATHWAY%GOBP%GO:0050856		50	0.40926364	1.265463	0.1140873	0.40055048	1.0	1093	tags=14%, list=7%, signal=15%	
ENSHEATHMENT OF NEURONS%GOBP%GO:0007272	ENSHEATHMENT OF NEURONS%GOBP%GO:0007272		59	0.39579442	1.2653775	0.106614016	0.40029725	1.0	2202	tags=24%, list=15%, signal=28%	
INTERMEDIATE FILAMENT CYTOSKELETON ORGANIZATION%GOBP%GO:0045104	INTERMEDIATE FILAMENT CYTOSKELETON ORGANIZATION%GOBP%GO:0045104		42	0.42820996	1.2652982	0.1340405	0.40004528	1.0	3359	tags=38%, list=22%, signal=49%	
DENDRITIC SPINE MORPHOGENESIS%GOBP%GO:0060997	DENDRITIC SPINE MORPHOGENESIS%GOBP%GO:0060997		15	0.53465223	1.2648405	0.1743295	0.4006456	1.0	2157	tags=53%, list=14%, signal=62%	
CELL JUNCTION ORGANIZATION%GOBP%GO:0034330	CELL JUNCTION ORGANIZATION%GOBP%GO:0034330		344	0.31724784	1.2643622	0.019379845	0.40133166	1.0	2862	tags=27%, list=19%, signal=32%	
ALZHEIMER DISEASE-PRESENILIN PATHWAY%PANTHER PATHWAY%P00004	ALZHEIMER DISEASE-PRESENILIN PATHWAY%PANTHER PATHWAY%P00004		74	0.38139343	1.2640101	0.0970297	0.40170407	1.0	1771	tags=27%, list=12%, signal=30%	
WNT SIGNALING PATHWAY%GOBP%GO:0016055	WNT SIGNALING PATHWAY%GOBP%GO:0016055		97	0.36689547	1.2637787	0.071150094	0.40182564	1.0	2104	tags=26%, list=14%, signal=30%	
REGULATION OF ANGIOGENESIS%GOBP%GO:0045765	REGULATION OF ANGIOGENESIS%GOBP%GO:0045765		212	0.33199897	1.2635329	0.035714287	0.40193677	1.0	1648	tags=19%, list=11%, signal=21%	
REGULATION OF SYNAPTIC TRANSMISSION, GLUTAMATERGIC%GOBP%GO:0051966	REGULATION OF SYNAPTIC TRANSMISSION, GLUTAMATERGIC%GOBP%GO:0051966		36	0.43788323	1.263375	0.14186507	0.40188316	1.0	2493	tags=33%, list=17%, signal=40%	
CALCIUM MEDIATED T CELL APOPTOSIS INVOLVED IN INCLUSION BODY MYOSITIS%WIKIPATHWAYS_20260211%WP5142%HOMO SAPIENS	CALCIUM MEDIATED T CELL APOPTOSIS INVOLVED IN INCLUSION BODY MYOSITIS%WIKIPATHWAYS_20260211%WP5142%HOMO SAPIENS		15	0.53576905	1.2632645	0.1656746	0.40169927	1.0	6106	tags=67%, list=41%, signal=112%	
SIGNALING BY GPCR%REACTOME DATABASE ID RELEASE 95%372790	SIGNALING BY GPCR%REACTOME DATABASE ID RELEASE 95%372790		478	0.3062406	1.2632146	0.0038461538	0.40136954	1.0	2021	tags=21%, list=13%, signal=24%	
BEHAVIOR%GOBP%GO:0007610	BEHAVIOR%GOBP%GO:0007610		162	0.34411007	1.2627531	0.045592707	0.4019744	1.0	2601	tags=33%, list=17%, signal=40%	
REGULATION OF NEURON DIFFERENTIATION%GOBP%GO:0045664	REGULATION OF NEURON DIFFERENTIATION%GOBP%GO:0045664		66	0.39353895	1.2626072	0.10463969	0.40189588	1.0	3192	tags=35%, list=21%, signal=44%	
AXON ENSHEATHMENT%GOBP%GO:0008366	AXON ENSHEATHMENT%GOBP%GO:0008366		59	0.39579442	1.2609099	0.11376673	0.40541285	1.0	2202	tags=24%, list=15%, signal=28%	
RESPONSE TO KETONE%GOBP%GO:1901654	RESPONSE TO KETONE%GOBP%GO:1901654		66	0.39068606	1.2604172	0.0906568	0.40616706	1.0	2575	tags=33%, list=17%, signal=40%	
MUSCLE CONTRACTION%REACTOME DATABASE ID RELEASE 95%397014	MUSCLE CONTRACTION%REACTOME DATABASE ID RELEASE 95%397014		156	0.3433733	1.2602444	0.06346154	0.406127	1.0	2782	tags=34%, list=19%, signal=41%	
REGULATION OF TRANSFORMING GROWTH FACTOR BETA PRODUCTION%GOBP%GO:0071634	REGULATION OF TRANSFORMING GROWTH FACTOR BETA PRODUCTION%GOBP%GO:0071634		23	0.477021	1.2601873	0.15564598	0.40583086	1.0	2433	tags=35%, list=16%, signal=41%	
RESPONSE TO FIBROBLAST GROWTH FACTOR%GOBP%GO:0071774	RESPONSE TO FIBROBLAST GROWTH FACTOR%GOBP%GO:0071774		45	0.4126551	1.2597394	0.13547759	0.40645397	1.0	2607	tags=36%, list=17%, signal=43%	
MAMMARY GLAND DEVELOPMENT%GOBP%GO:0030879	MAMMARY GLAND DEVELOPMENT%GOBP%GO:0030879		31	0.4488241	1.2582033	0.14326108	0.409629	1.0	2121	tags=19%, list=14%, signal=22%	
EXTRA-NUCLEAR ESTROGEN SIGNALING%REACTOME DATABASE ID RELEASE 95%9009391	EXTRA-NUCLEAR ESTROGEN SIGNALING%REACTOME DATABASE ID RELEASE 95%9009391		64	0.38846245	1.2580043	0.09817814	0.40969092	1.0	2827	tags=30%, list=19%, signal=36%	
POSITIVE REGULATION OF T CELL RECEPTOR SIGNALING PATHWAY%GOBP%GO:0050862	POSITIVE REGULATION OF T CELL RECEPTOR SIGNALING PATHWAY%GOBP%GO:0050862		16	0.5222608	1.2578604	0.18118812	0.40960765	1.0	2127	tags=19%, list=14%, signal=22%	
VALIDATED TRANSCRIPTIONAL TARGETS OF DELTANP63 ISOFORMS%PATHWAY INTERACTION DATABASE NCI-NATURE CURATED DATA%VALIDATED TRANSCRIPTIONAL TARGETS OF DELTANP63 ISOFORMS	VALIDATED TRANSCRIPTIONAL TARGETS OF DELTANP63 ISOFORMS%PATHWAY INTERACTION DATABASE NCI-NATURE CURATED DATA%VALIDATED TRANSCRIPTIONAL TARGETS OF DELTANP63 ISOFORMS		45	0.41478145	1.2577676	0.11812627	0.40936774	1.0	1482	tags=24%, list=10%, signal=27%	
SARCOMERE ORGANIZATION%GOBP%GO:0045214	SARCOMERE ORGANIZATION%GOBP%GO:0045214		29	0.4558812	1.2577403	0.1353755	0.40899724	1.0	1346	tags=28%, list=9%, signal=30%	
REGULATION OF ACTIN FILAMENT LENGTH%GOBP%GO:0030832	REGULATION OF ACTIN FILAMENT LENGTH%GOBP%GO:0030832		103	0.3595862	1.2574433	0.07459678	0.40925792	1.0	1545	tags=16%, list=10%, signal=17%	
RND3 GTPASE CYCLE%REACTOME DATABASE ID RELEASE 95%9696264	RND3 GTPASE CYCLE%REACTOME DATABASE ID RELEASE 95%9696264		38	0.4313629	1.2570705	0.13502936	0.40968347	1.0	3256	tags=34%, list=22%, signal=44%	
REGULATION OF GLYCOPROTEIN BIOSYNTHETIC PROCESS%GOBP%GO:0010559	REGULATION OF GLYCOPROTEIN BIOSYNTHETIC PROCESS%GOBP%GO:0010559		30	0.45436847	1.2565053	0.15478425	0.4105665	1.0	1835	tags=37%, list=12%, signal=42%	
PROTEIN LOCALIZATION TO CELL JUNCTION%GOBP%GO:1902414	PROTEIN LOCALIZATION TO CELL JUNCTION%GOBP%GO:1902414		55	0.39913905	1.2544655	0.112953365	0.4149937	1.0	2707	tags=36%, list=18%, signal=44%	
REGULATION OF KERATINOCYTE DIFFERENTIATION%GOBP%GO:0045616	REGULATION OF KERATINOCYTE DIFFERENTIATION%GOBP%GO:0045616		25	0.46858564	1.2543921	0.16525024	0.41471612	1.0	2947	tags=36%, list=20%, signal=45%	
POSITIVE REGULATION OF ION TRANSMEMBRANE TRANSPORTER ACTIVITY%GOBP%GO:0032414	POSITIVE REGULATION OF ION TRANSMEMBRANE TRANSPORTER ACTIVITY%GOBP%GO:0032414		26	0.46945363	1.2530886	0.1596474	0.4173046	1.0	2648	tags=46%, list=18%, signal=56%	
RESPONSE TO OXYGEN LEVELS%GOBP%GO:0070482	RESPONSE TO OXYGEN LEVELS%GOBP%GO:0070482		145	0.34489852	1.2529207	0.06581532	0.41725558	1.0	2654	tags=28%, list=18%, signal=33%	
POSITIVE REGULATION OF MONOATOMIC ION TRANSPORT%GOBP%GO:0043270	POSITIVE REGULATION OF MONOATOMIC ION TRANSPORT%GOBP%GO:0043270		117	0.3550915	1.2524391	0.07594936	0.41795588	1.0	2782	tags=31%, list=19%, signal=37%	
VALIDATED TARGETS OF C-MYC TRANSCRIPTIONAL REPRESSION%PATHWAY INTERACTION DATABASE NCI-NATURE CURATED DATA%VALIDATED TARGETS OF C-MYC TRANSCRIPTIONAL REPRESSION	VALIDATED TARGETS OF C-MYC TRANSCRIPTIONAL REPRESSION%PATHWAY INTERACTION DATABASE NCI-NATURE CURATED DATA%VALIDATED TARGETS OF C-MYC TRANSCRIPTIONAL REPRESSION		59	0.39118817	1.2521386	0.12070657	0.4181991	1.0	1967	tags=24%, list=13%, signal=27%	
CELL GROWTH%GOBP%GO:0016049	CELL GROWTH%GOBP%GO:0016049		48	0.40908402	1.2517337	0.118712276	0.4186884	1.0	2917	tags=31%, list=19%, signal=39%	
REGULATION OF CELLULAR EXTRAVASATION%GOBP%GO:0002691	REGULATION OF CELLULAR EXTRAVASATION%GOBP%GO:0002691		27	0.46325102	1.2515465	0.15809894	0.4186516	1.0	2838	tags=37%, list=19%, signal=46%	
BIOGENIC AMINE BIOSYNTHETIC PROCESS%GOBP%GO:0042401	BIOGENIC AMINE BIOSYNTHETIC PROCESS%GOBP%GO:0042401		19	0.49342325	1.2513449	0.16983017	0.41865203	1.0	1454	tags=26%, list=10%, signal=29%	
RHOBTB1 GTPASE CYCLE%REACTOME%R-HSA-9013422.4	RHOBTB1 GTPASE CYCLE%REACTOME%R-HSA-9013422.4		23	0.48395538	1.2509813	0.16650343	0.4190957	1.0	4268	tags=48%, list=28%, signal=67%	
ENTRAINMENT OF CIRCADIAN CLOCK BY PHOTOPERIOD%GOBP%GO:0043153	ENTRAINMENT OF CIRCADIAN CLOCK BY PHOTOPERIOD%GOBP%GO:0043153		20	0.49329907	1.250905	0.17134559	0.41882992	1.0	3053	tags=40%, list=20%, signal=50%	
REGULATION OF GLIOGENESIS%GOBP%GO:0014013	REGULATION OF GLIOGENESIS%GOBP%GO:0014013		38	0.42664304	1.2508703	0.13837095	0.41845977	1.0	1926	tags=21%, list=13%, signal=24%	
POSITIVE REGULATION OF CARTILAGE DEVELOPMENT%GOBP%GO:0061036	POSITIVE REGULATION OF CARTILAGE DEVELOPMENT%GOBP%GO:0061036		17	0.51934654	1.250564	0.17156398	0.4187668	1.0	2519	tags=41%, list=17%, signal=49%	
MYELINATION%GOBP%GO:0042552	MYELINATION%GOBP%GO:0042552		58	0.3966572	1.2503296	0.11467444	0.418901	1.0	2202	tags=24%, list=15%, signal=28%	
REGULATION OF EPIDERMAL CELL DIFFERENTIATION%GOBP%GO:0045604	REGULATION OF EPIDERMAL CELL DIFFERENTIATION%GOBP%GO:0045604		35	0.4358055	1.249249	0.14796905	0.4211008	1.0	2594	tags=31%, list=17%, signal=38%	
EPIDERMAL CELL DIFFERENTIATION%GOBP%GO:0009913	EPIDERMAL CELL DIFFERENTIATION%GOBP%GO:0009913		62	0.38626114	1.2490312	0.11890838	0.42118534	1.0	2629	tags=31%, list=18%, signal=37%	
CHK1 CHK2(CDS1) MEDIATED INACTIVATION OF CYCLIN B:CDK1 COMPLEX%REACTOME%R-HSA-75035.6	CHK1 CHK2(CDS1) MEDIATED INACTIVATION OF CYCLIN B:CDK1 COMPLEX%REACTOME%R-HSA-75035.6		15	0.5270279	1.2485646	0.19370697	0.42187837	1.0	2335	tags=27%, list=16%, signal=32%	
CELLULAR RESPONSE TO GLUCOCORTICOID STIMULUS%GOBP%GO:0071385	CELLULAR RESPONSE TO GLUCOCORTICOID STIMULUS%GOBP%GO:0071385		17	0.5128438	1.248492	0.18913858	0.42162305	1.0	1967	tags=47%, list=13%, signal=54%	
MICROTUBULE POLYMERIZATION OR DEPOLYMERIZATION%GOBP%GO:0031109	MICROTUBULE POLYMERIZATION OR DEPOLYMERIZATION%GOBP%GO:0031109		55	0.396066	1.2481794	0.120192304	0.42190635	1.0	4112	tags=49%, list=27%, signal=67%	
PID_HIF1_TFPATHWAY%MSIGDB_C2%PID_HIF1_TFPATHWAY	PID_HIF1_TFPATHWAY%MSIGDB_C2%PID_HIF1_TFPATHWAY		40	0.423162	1.2481182	0.14058107	0.42161155	1.0	1737	tags=25%, list=12%, signal=28%	
REGULATION OF CHEMOTAXIS%GOBP%GO:0050920	REGULATION OF CHEMOTAXIS%GOBP%GO:0050920		146	0.34201878	1.2480149	0.0653218	0.4214085	1.0	1505	tags=17%, list=10%, signal=19%	
SOCIAL BEHAVIOR%GOBP%GO:0035176	SOCIAL BEHAVIOR%GOBP%GO:0035176		22	0.4810837	1.2474188	0.17884615	0.42240843	1.0	2157	tags=36%, list=14%, signal=42%	
OBSOLETE PROTEOLYSIS INVOLVED IN PROTEIN CATABOLIC PROCESS%GOBP%GO:0051603	OBSOLETE PROTEOLYSIS INVOLVED IN PROTEIN CATABOLIC PROCESS%GOBP%GO:0051603		30	0.44892532	1.2457889	0.18118118	0.42596564	1.0	1522	tags=20%, list=10%, signal=22%	
POSITIVE REGULATION OF CANONICAL WNT SIGNALING PATHWAY%GOBP%GO:0090263	POSITIVE REGULATION OF CANONICAL WNT SIGNALING PATHWAY%GOBP%GO:0090263		94	0.36187896	1.2457372	0.09144543	0.4256609	1.0	2797	tags=27%, list=19%, signal=32%	
REGULATION OF STEM CELL POPULATION MAINTENANCE%GOBP%GO:2000036	REGULATION OF STEM CELL POPULATION MAINTENANCE%GOBP%GO:2000036		59	0.3904581	1.2457045	0.13927856	0.42530316	1.0	2833	tags=29%, list=19%, signal=35%	
REGULATION OF ACTIVATED T CELL PROLIFERATION%GOBP%GO:0046006	REGULATION OF ACTIVATED T CELL PROLIFERATION%GOBP%GO:0046006		27	0.4552624	1.245382	0.17261904	0.42567834	1.0	1720	tags=26%, list=11%, signal=29%	
COREGULATION OF ANDROGEN RECEPTOR ACTIVITY%PATHWAY INTERACTION DATABASE NCI-NATURE CURATED DATA%COREGULATION OF ANDROGEN RECEPTOR ACTIVITY	COREGULATION OF ANDROGEN RECEPTOR ACTIVITY%PATHWAY INTERACTION DATABASE NCI-NATURE CURATED DATA%COREGULATION OF ANDROGEN RECEPTOR ACTIVITY		57	0.39656428	1.2447484	0.1194907	0.42677405	1.0	2592	tags=25%, list=17%, signal=30%	
CELLULAR RESPONSE TO STEROL%GOBP%GO:0036315	CELLULAR RESPONSE TO STEROL%GOBP%GO:0036315		15	0.51926553	1.2446866	0.20854022	0.4264854	1.0	1955	tags=27%, list=13%, signal=31%	
MONOATOMIC CATION TRANSMEMBRANE TRANSPORT%GOBP%GO:0098655	MONOATOMIC CATION TRANSMEMBRANE TRANSPORT%GOBP%GO:0098655		322	0.31134218	1.2441381	0.023483366	0.42736512	1.0	2888	tags=29%, list=19%, signal=35%	
ID%IOB%ID	ID%IOB%ID		15	0.5261144	1.2436055	0.18862559	0.42819673	1.0	2389	tags=27%, list=16%, signal=32%	
VASOPRESSIN REGULATES RENAL WATER HOMEOSTASIS VIA AQUAPORINS%REACTOME%R-HSA-432040.5	VASOPRESSIN REGULATES RENAL WATER HOMEOSTASIS VIA AQUAPORINS%REACTOME%R-HSA-432040.5		35	0.43358007	1.2434626	0.15472779	0.42808273	1.0	1294	tags=23%, list=9%, signal=25%	
REGULATION OF TRANS-SYNAPTIC SIGNALING%GOBP%GO:0099177	REGULATION OF TRANS-SYNAPTIC SIGNALING%GOBP%GO:0099177		228	0.32331428	1.2431895	0.05064548	0.42830446	1.0	1802	tags=23%, list=12%, signal=26%	
MITOTIC DNA DAMAGE CHECKPOINT SIGNALING%GOBP%GO:0044773	MITOTIC DNA DAMAGE CHECKPOINT SIGNALING%GOBP%GO:0044773		61	0.3858074	1.2426583	0.12403101	0.42916426	1.0	2025	tags=16%, list=13%, signal=19%	
SPLICING FACTOR NOVA REGULATED SYNAPTIC PROTEINS%WIKIPATHWAYS_20260211%WP4148%HOMO SAPIENS	SPLICING FACTOR NOVA REGULATED SYNAPTIC PROTEINS%WIKIPATHWAYS_20260211%WP4148%HOMO SAPIENS		29	0.4441649	1.2426146	0.16898608	0.4288362	1.0	1785	tags=31%, list=12%, signal=35%	
LEFT/RIGHT PATTERN FORMATION%GOBP%GO:0060972	LEFT/RIGHT PATTERN FORMATION%GOBP%GO:0060972		63	0.38793147	1.2412583	0.116256155	0.43173203	1.0	4427	tags=52%, list=29%, signal=74%	
AMP METABOLIC PROCESS%GOBP%GO:0046033	AMP METABOLIC PROCESS%GOBP%GO:0046033		16	0.5140173	1.241093	0.19361085	0.4317118	1.0	3131	tags=44%, list=21%, signal=55%	
RESPONSE TO GLUCOCORTICOID%GOBP%GO:0051384	RESPONSE TO GLUCOCORTICOID%GOBP%GO:0051384		26	0.45870835	1.2409815	0.1656746	0.43152717	1.0	1967	tags=35%, list=13%, signal=40%	
REGULATION OF STEM CELL PROLIFERATION%GOBP%GO:0072091	REGULATION OF STEM CELL PROLIFERATION%GOBP%GO:0072091		22	0.47907364	1.2404542	0.18461539	0.43233907	1.0	472	tags=14%, list=3%, signal=14%	
PKA ACTIVATION%REACTOME DATABASE ID RELEASE 95%163615	PKA ACTIVATION%REACTOME DATABASE ID RELEASE 95%163615		17	0.50587034	1.239882	0.17507724	0.43330732	1.0	1881	tags=35%, list=13%, signal=40%	
CA2+ PATHWAY%REACTOME%R-HSA-4086398.5	CA2+ PATHWAY%REACTOME%R-HSA-4086398.5		53	0.39770418	1.2387922	0.12608278	0.43552253	1.0	2259	tags=26%, list=15%, signal=31%	
NEGATIVE REGULATION OF G1/S TRANSITION OF MITOTIC CELL CYCLE%GOBP%GO:2000134	NEGATIVE REGULATION OF G1/S TRANSITION OF MITOTIC CELL CYCLE%GOBP%GO:2000134		45	0.41132718	1.2386361	0.14620431	0.43544018	1.0	3156	tags=36%, list=21%, signal=45%	
OPIOID SIGNALLING%REACTOME DATABASE ID RELEASE 95%111885	OPIOID SIGNALLING%REACTOME DATABASE ID RELEASE 95%111885		76	0.37273073	1.2385904	0.09768379	0.43510234	1.0	2601	tags=25%, list=17%, signal=30%	
BIOLOGICAL PROCESS INVOLVED IN INTRASPECIES INTERACTION BETWEEN ORGANISMS%GOBP%GO:0051703	BIOLOGICAL PROCESS INVOLVED IN INTRASPECIES INTERACTION BETWEEN ORGANISMS%GOBP%GO:0051703		22	0.4810837	1.2385688	0.18199418	0.43471178	1.0	2157	tags=36%, list=14%, signal=42%	
CELL CYCLE G2/M PHASE TRANSITION%GOBP%GO:0044839	CELL CYCLE G2/M PHASE TRANSITION%GOBP%GO:0044839		47	0.4033042	1.2380898	0.13614103	0.43544164	1.0	3227	tags=30%, list=21%, signal=38%	
DETERMINATION OF LEFT/RIGHT SYMMETRY%GOBP%GO:0007368	DETERMINATION OF LEFT/RIGHT SYMMETRY%GOBP%GO:0007368		62	0.38825452	1.2378461	0.12238806	0.43557593	1.0	4427	tags=53%, list=29%, signal=75%	
SODIUM ION TRANSMEMBRANE TRANSPORT%GOBP%GO:0035725	SODIUM ION TRANSMEMBRANE TRANSPORT%GOBP%GO:0035725		67	0.38389653	1.2377025	0.12282398	0.43547815	1.0	2888	tags=34%, list=19%, signal=42%	
RESPONSE TO STEROL%GOBP%GO:0036314	RESPONSE TO STEROL%GOBP%GO:0036314		23	0.47006363	1.2376782	0.17779869	0.43509015	1.0	1955	tags=22%, list=13%, signal=25%	
RESPONSE TO COLD%GOBP%GO:0009409	RESPONSE TO COLD%GOBP%GO:0009409		15	0.51759	1.2374737	0.20741484	0.4351752	1.0	2802	tags=33%, list=19%, signal=41%	
REGULATION OF MONOATOMIC ION TRANSMEMBRANE TRANSPORT%GOBP%GO:0034765	REGULATION OF MONOATOMIC ION TRANSMEMBRANE TRANSPORT%GOBP%GO:0034765		183	0.33177096	1.2373022	0.06575073	0.4351496	1.0	2648	tags=27%, list=18%, signal=32%	
HINDBRAIN DEVELOPMENT%GOBP%GO:0030902	HINDBRAIN DEVELOPMENT%GOBP%GO:0030902		32	0.4346118	1.2368594	0.17269076	0.43582314	1.0	1954	tags=28%, list=13%, signal=32%	
PKA-MEDIATED PHOSPHORYLATION OF CREB%REACTOME%R-HSA-111931.3	PKA-MEDIATED PHOSPHORYLATION OF CREB%REACTOME%R-HSA-111931.3		18	0.50387245	1.2356429	0.19391635	0.4383327	1.0	1881	tags=33%, list=13%, signal=38%	
SKELETAL MUSCLE TISSUE DEVELOPMENT%GOBP%GO:0007519	SKELETAL MUSCLE TISSUE DEVELOPMENT%GOBP%GO:0007519		35	0.4302959	1.2356197	0.15206446	0.43794245	1.0	3100	tags=37%, list=21%, signal=47%	
LIMB MORPHOGENESIS%GOBP%GO:0035108	LIMB MORPHOGENESIS%GOBP%GO:0035108		41	0.41453156	1.2351749	0.1482587	0.43860424	1.0	2326	tags=32%, list=15%, signal=37%	
PHENOL-CONTAINING COMPOUND METABOLIC PROCESS%GOBP%GO:0018958	PHENOL-CONTAINING COMPOUND METABOLIC PROCESS%GOBP%GO:0018958		38	0.41870564	1.2347405	0.15959597	0.43924072	1.0	777	tags=21%, list=5%, signal=22%	
APPENDAGE MORPHOGENESIS%GOBP%GO:0035107	APPENDAGE MORPHOGENESIS%GOBP%GO:0035107		41	0.41453156	1.2342831	0.16589434	0.43987063	1.0	2326	tags=32%, list=15%, signal=37%	
RHOBTB GTPASE CYCLE%REACTOME%R-HSA-9706574.4	RHOBTB GTPASE CYCLE%REACTOME%R-HSA-9706574.4		35	0.4351517	1.2342649	0.16363636	0.43946952	1.0	4268	tags=49%, list=28%, signal=68%	
NEGATIVE REGULATION OF PROTEIN PHOSPHORYLATION%GOBP%GO:0001933	NEGATIVE REGULATION OF PROTEIN PHOSPHORYLATION%GOBP%GO:0001933		97	0.35758364	1.2340518	0.10858835	0.43953112	1.0	2234	tags=21%, list=15%, signal=24%	
HINT1 PATHWAY%WIKIPATHWAYS_20260211%WP5523%HOMO SAPIENS	HINT1 PATHWAY%WIKIPATHWAYS_20260211%WP5523%HOMO SAPIENS		20	0.48539406	1.2336797	0.19592628	0.43997633	1.0	1640	tags=30%, list=11%, signal=34%	
POSITIVE REGULATION OF CELL-SUBSTRATE ADHESION%GOBP%GO:0010811	POSITIVE REGULATION OF CELL-SUBSTRATE ADHESION%GOBP%GO:0010811		83	0.3667809	1.2333213	0.10381979	0.44040918	1.0	1709	tags=19%, list=11%, signal=22%	
REGULATION OF INSULIN SECRETION%GOBP%GO:0050796	REGULATION OF INSULIN SECRETION%GOBP%GO:0050796		88	0.36272326	1.2327794	0.10029791	0.44129166	1.0	3085	tags=32%, list=21%, signal=40%	
ADENYLATE CYCLASE-MODULATING G PROTEIN-COUPLED RECEPTOR SIGNALING PATHWAY%GOBP%GO:0007188	ADENYLATE CYCLASE-MODULATING G PROTEIN-COUPLED RECEPTOR SIGNALING PATHWAY%GOBP%GO:0007188		156	0.33448204	1.2321422	0.069565214	0.4424089	1.0	1985	tags=23%, list=13%, signal=26%	
POSITIVE REGULATION OF TRANSPORTER ACTIVITY%GOBP%GO:0032411	POSITIVE REGULATION OF TRANSPORTER ACTIVITY%GOBP%GO:0032411		30	0.4419724	1.2319481	0.17526777	0.44246292	1.0	3069	tags=50%, list=20%, signal=63%	
REGULATION OF MONOATOMIC CATION TRANSMEMBRANE TRANSPORT%GOBP%GO:1904062	REGULATION OF MONOATOMIC CATION TRANSMEMBRANE TRANSPORT%GOBP%GO:1904062		176	0.32980123	1.2310516	0.06811731	0.44426146	1.0	2648	tags=27%, list=18%, signal=33%	
GLIAL CELL DEVELOPMENT%GOBP%GO:0021782	GLIAL CELL DEVELOPMENT%GOBP%GO:0021782		55	0.38984475	1.230807	0.13275194	0.44440547	1.0	1266	tags=18%, list=8%, signal=20%	
HEDGEHOG SIGNALING%WIKIPATHWAYS_20260211%WP4249%HOMO SAPIENS	HEDGEHOG SIGNALING%WIKIPATHWAYS_20260211%WP4249%HOMO SAPIENS		32	0.44029272	1.2304773	0.17267552	0.44479293	1.0	1597	tags=28%, list=11%, signal=31%	
PROTEOGLYCAN BIOSYNTHESIS%WIKIPATHWAYS_20260211%WP4784%HOMO SAPIENS	PROTEOGLYCAN BIOSYNTHESIS%WIKIPATHWAYS_20260211%WP4784%HOMO SAPIENS		15	0.5273071	1.2303778	0.19542421	0.44462278	1.0	2170	tags=33%, list=14%, signal=39%	
CELL DEATH SIGNALLING VIA NRAGE, NRIF AND NADE%REACTOME%R-HSA-204998.3	CELL DEATH SIGNALLING VIA NRAGE, NRIF AND NADE%REACTOME%R-HSA-204998.3		75	0.36924106	1.2303262	0.12151395	0.44431138	1.0	2330	tags=23%, list=16%, signal=27%	
MONOATOMIC CATION TRANSPORT%GOBP%GO:0006812	MONOATOMIC CATION TRANSPORT%GOBP%GO:0006812		423	0.30277672	1.2298111	0.023483366	0.4450957	1.0	2888	tags=29%, list=19%, signal=35%	
REGULATION OF PROTEIN SUMOYLATION%GOBP%GO:0033233	REGULATION OF PROTEIN SUMOYLATION%GOBP%GO:0033233		15	0.5221875	1.2283492	0.20916335	0.44827473	1.0	2245	tags=27%, list=15%, signal=31%	
PID_S1P_S1P1_PATHWAY%MSIGDB_C2%PID_S1P_S1P1_PATHWAY	PID_S1P_S1P1_PATHWAY%MSIGDB_C2%PID_S1P_S1P1_PATHWAY		17	0.49657932	1.2279582	0.20879121	0.44881585	1.0	1700	tags=24%, list=11%, signal=27%	
BIOCARTA_MITOCHONDRIA_PATHWAY%MSIGDB_C2%BIOCARTA_MITOCHONDRIA_PATHWAY	BIOCARTA_MITOCHONDRIA_PATHWAY%MSIGDB_C2%BIOCARTA_MITOCHONDRIA_PATHWAY		15	0.5125983	1.2277824	0.20138204	0.44879133	1.0	3074	tags=33%, list=20%, signal=42%	
REGULATION OF TP53 EXPRESSION AND DEGRADATION%REACTOME%R-HSA-6806003.4	REGULATION OF TP53 EXPRESSION AND DEGRADATION%REACTOME%R-HSA-6806003.4		37	0.4250763	1.2277566	0.16666667	0.4484215	1.0	3032	tags=32%, list=20%, signal=41%	
RESPONSE OF ENDOTHELIAL CELLS TO SHEAR STRESS%REACTOME DATABASE ID RELEASE 95%9860931	RESPONSE OF ENDOTHELIAL CELLS TO SHEAR STRESS%REACTOME DATABASE ID RELEASE 95%9860931		82	0.3647876	1.2273908	0.115384616	0.44886255	1.0	1565	tags=18%, list=10%, signal=20%	
REGULATION OF EPIDERMIS DEVELOPMENT%GOBP%GO:0045682	REGULATION OF EPIDERMIS DEVELOPMENT%GOBP%GO:0045682		38	0.42135608	1.2272996	0.17034069	0.44864142	1.0	2594	tags=29%, list=17%, signal=35%	
SPINAL CORD INJURY%WIKIPATHWAYS_20260211%WP2431%HOMO SAPIENS	SPINAL CORD INJURY%WIKIPATHWAYS_20260211%WP2431%HOMO SAPIENS		87	0.36166513	1.2272403	0.1185259	0.4483378	1.0	2851	tags=34%, list=19%, signal=42%	
REGULATION OF PEPTIDYL-SERINE PHOSPHORYLATION%GOBP%GO:0033135	REGULATION OF PEPTIDYL-SERINE PHOSPHORYLATION%GOBP%GO:0033135		27	0.4489245	1.2271215	0.16338028	0.4481854	1.0	2828	tags=33%, list=19%, signal=41%	
POTASSIUM ION TRANSPORT%GOBP%GO:0006813	POTASSIUM ION TRANSPORT%GOBP%GO:0006813		103	0.352018	1.2268404	0.104549855	0.44842085	1.0	2888	tags=33%, list=19%, signal=41%	
BASEMENT MEMBRANE ORGANIZATION%GOBP%GO:0071711	BASEMENT MEMBRANE ORGANIZATION%GOBP%GO:0071711		18	0.49674585	1.2265799	0.20058423	0.44864735	1.0	2411	tags=44%, list=16%, signal=53%	
SUPRAMOLECULAR FIBER ORGANIZATION%GOBP%GO:0097435	SUPRAMOLECULAR FIBER ORGANIZATION%GOBP%GO:0097435		429	0.30022734	1.2263798	0.029026218	0.44870847	1.0	3045	tags=27%, list=20%, signal=33%	
COMPLEMENT ACTIVATION%GOBP%GO:0006956	COMPLEMENT ACTIVATION%GOBP%GO:0006956		26	0.45653027	1.2263725	0.16883117	0.44828153	1.0	2629	tags=42%, list=18%, signal=51%	
NEURON RECOGNITION%GOBP%GO:0008038	NEURON RECOGNITION%GOBP%GO:0008038		32	0.4349439	1.2263483	0.18609408	0.44790164	1.0	2739	tags=44%, list=18%, signal=53%	
TUMOR NECROSIS FACTOR-MEDIATED SIGNALING PATHWAY%GOBP%GO:0033209	TUMOR NECROSIS FACTOR-MEDIATED SIGNALING PATHWAY%GOBP%GO:0033209		40	0.41585118	1.224459	0.14901961	0.452098	1.0	1705	tags=15%, list=11%, signal=17%	
PID_FGF_PATHWAY%MSIGDB_C2%PID_FGF_PATHWAY	PID_FGF_PATHWAY%MSIGDB_C2%PID_FGF_PATHWAY		40	0.4126584	1.2243675	0.15719697	0.45186925	1.0	2021	tags=28%, list=13%, signal=32%	
CLATHRIN-DEPENDENT ENDOCYTOSIS%GOBP%GO:0072583	CLATHRIN-DEPENDENT ENDOCYTOSIS%GOBP%GO:0072583		31	0.43178856	1.2240933	0.16932271	0.4521148	1.0	963	tags=16%, list=6%, signal=17%	
CELL JUNCTION ASSEMBLY%GOBP%GO:0034329	CELL JUNCTION ASSEMBLY%GOBP%GO:0034329		202	0.32193166	1.2238429	0.058653846	0.45229217	1.0	2862	tags=28%, list=19%, signal=34%	
INTERACTION BETWEEN L1 AND ANKYRINS%REACTOME DATABASE ID RELEASE 95%445095	INTERACTION BETWEEN L1 AND ANKYRINS%REACTOME DATABASE ID RELEASE 95%445095		25	0.46075806	1.223335	0.1803766	0.45312917	1.0	2766	tags=52%, list=18%, signal=64%	
REGULATION OF CALCIUM ION TRANSPORT%GOBP%GO:0051924	REGULATION OF CALCIUM ION TRANSPORT%GOBP%GO:0051924		140	0.33424968	1.2227676	0.07841239	0.4540596	1.0	2674	tags=29%, list=18%, signal=34%	
REGULATION OF CELL-SUBSTRATE ADHESION%GOBP%GO:0010810	REGULATION OF CELL-SUBSTRATE ADHESION%GOBP%GO:0010810		162	0.3321484	1.2225401	0.06800766	0.4541451	1.0	1785	tags=17%, list=12%, signal=19%	
NUCLEOTIDE CATABOLISM%REACTOME DATABASE ID RELEASE 95%8956319	NUCLEOTIDE CATABOLISM%REACTOME DATABASE ID RELEASE 95%8956319		26	0.4568247	1.222532	0.18678162	0.4537206	1.0	1592	tags=23%, list=11%, signal=26%	
TGF-BETA SIGNALING PATHWAY%PANTHER PATHWAY%P00052	TGF-BETA SIGNALING PATHWAY%PANTHER PATHWAY%P00052		72	0.37216806	1.2222686	0.11462451	0.4539381	1.0	2556	tags=26%, list=17%, signal=32%	
CELLULAR RESPONSE TO LIPID%GOBP%GO:0071396	CELLULAR RESPONSE TO LIPID%GOBP%GO:0071396		291	0.31175804	1.2214319	0.040191386	0.45560932	1.0	2711	tags=26%, list=18%, signal=31%	
PHOTORECEPTOR CELL MAINTENANCE%GOBP%GO:0045494	PHOTORECEPTOR CELL MAINTENANCE%GOBP%GO:0045494		27	0.44781342	1.2206725	0.19079578	0.4570543	1.0	4717	tags=59%, list=31%, signal=86%	
HALLMARK_ESTROGEN_RESPONSE_EARLY%MSIGDBHALLMARK%HALLMARK_ESTROGEN_RESPONSE_EARLY	HALLMARK_ESTROGEN_RESPONSE_EARLY%MSIGDBHALLMARK%HALLMARK_ESTROGEN_RESPONSE_EARLY		170	0.3261731	1.2205894	0.07619048	0.45680788	1.0	2434	tags=29%, list=16%, signal=34%	
POSITIVE REGULATION OF ANTIGEN RECEPTOR-MEDIATED SIGNALING PATHWAY%GOBP%GO:0050857	POSITIVE REGULATION OF ANTIGEN RECEPTOR-MEDIATED SIGNALING PATHWAY%GOBP%GO:0050857		20	0.47883132	1.2204022	0.20418327	0.45680913	1.0	2127	tags=15%, list=14%, signal=17%	
PLC BETA MEDIATED EVENTS%REACTOME DATABASE ID RELEASE 95%112043	PLC BETA MEDIATED EVENTS%REACTOME DATABASE ID RELEASE 95%112043		45	0.40272433	1.2202474	0.16003788	0.456755	1.0	1881	tags=22%, list=13%, signal=25%	
GENES ASSOCIATED WITH THE DEVELOPMENT OF RHEUMATOID ARTHRITIS%WIKIPATHWAYS_20260211%WP5033%HOMO SAPIENS	GENES ASSOCIATED WITH THE DEVELOPMENT OF RHEUMATOID ARTHRITIS%WIKIPATHWAYS_20260211%WP5033%HOMO SAPIENS		15	0.5058165	1.2200992	0.2147651	0.45667493	1.0	3179	tags=53%, list=21%, signal=68%	
MICROTUBULE CYTOSKELETON REGULATION%WIKIPATHWAYS_20260211%WP2038%HOMO SAPIENS	MICROTUBULE CYTOSKELETON REGULATION%WIKIPATHWAYS_20260211%WP2038%HOMO SAPIENS		32	0.42949522	1.2196927	0.17794971	0.4571905	1.0	2872	tags=31%, list=19%, signal=39%	
REGULATION OF MYOBLAST DIFFERENTIATION%GOBP%GO:0045661	REGULATION OF MYOBLAST DIFFERENTIATION%GOBP%GO:0045661		49	0.40039295	1.2189356	0.15873016	0.4586521	1.0	2762	tags=41%, list=18%, signal=50%	
POSITIVE REGULATION OF EPITHELIAL CELL PROLIFERATION%GOBP%GO:0050679	POSITIVE REGULATION OF EPITHELIAL CELL PROLIFERATION%GOBP%GO:0050679		119	0.34137812	1.2186787	0.098963246	0.45886585	1.0	1569	tags=21%, list=10%, signal=23%	
POSITIVE REGULATION OF CELL PROJECTION ORGANIZATION%GOBP%GO:0031346	POSITIVE REGULATION OF CELL PROJECTION ORGANIZATION%GOBP%GO:0031346		226	0.31606928	1.2184919	0.0678128	0.4589046	1.0	3712	tags=32%, list=25%, signal=42%	
ENDOMETRIAL CANCER%WIKIPATHWAYS_20260211%WP4155%HOMO SAPIENS	ENDOMETRIAL CANCER%WIKIPATHWAYS_20260211%WP4155%HOMO SAPIENS		50	0.39133534	1.2183429	0.15172414	0.45881534	1.0	2157	tags=22%, list=14%, signal=26%	
RESPONSE TO AMYLOID-BETA%GOBP%GO:1904645	RESPONSE TO AMYLOID-BETA%GOBP%GO:1904645		38	0.40955308	1.2178789	0.17475729	0.45956194	1.0	1364	tags=24%, list=9%, signal=26%	
TRANSCRIPTIONAL REGULATION OF MEMORY B CELL DIFFERENTIATION%WIKIPATHWAYS_20260211%WP5491%HOMO SAPIENS	TRANSCRIPTIONAL REGULATION OF MEMORY B CELL DIFFERENTIATION%WIKIPATHWAYS_20260211%WP5491%HOMO SAPIENS		38	0.41358873	1.2175616	0.17487437	0.45991284	1.0	1767	tags=32%, list=12%, signal=36%	
NEGATIVE REGULATION OF CD4-POSITIVE, ALPHA-BETA T CELL ACTIVATION%GOBP%GO:2000515	NEGATIVE REGULATION OF CD4-POSITIVE, ALPHA-BETA T CELL ACTIVATION%GOBP%GO:2000515		23	0.4625365	1.217323	0.19959058	0.46009442	1.0	1690	tags=26%, list=11%, signal=29%	
POSITIVE REGULATION OF FAT CELL DIFFERENTIATION%GOBP%GO:0045600	POSITIVE REGULATION OF FAT CELL DIFFERENTIATION%GOBP%GO:0045600		49	0.39518067	1.2169666	0.15768854	0.46051556	1.0	2613	tags=29%, list=17%, signal=34%	
MICROTUBULE-BASED TRANSPORT%GOBP%GO:0099111	MICROTUBULE-BASED TRANSPORT%GOBP%GO:0099111		176	0.3247386	1.2159835	0.068686865	0.46253216	1.0	4277	tags=45%, list=28%, signal=62%	
DEFECTIVE B3GALT6 CAUSES EDSP2 AND SEMDJL1%REACTOME DATABASE ID RELEASE 95%4420332	DEFECTIVE B3GALT6 CAUSES EDSP2 AND SEMDJL1%REACTOME DATABASE ID RELEASE 95%4420332		18	0.49024636	1.2159086	0.22137405	0.4622701	1.0	1342	tags=39%, list=9%, signal=43%	
NON-CANONICAL NF-KAPPAB SIGNAL TRANSDUCTION%GOBP%GO:0038061	NON-CANONICAL NF-KAPPAB SIGNAL TRANSDUCTION%GOBP%GO:0038061		29	0.43920854	1.2152183	0.1911912	0.46358556	1.0	1705	tags=17%, list=11%, signal=19%	
DENDRITIC SPINE ORGANIZATION%GOBP%GO:0097061	DENDRITIC SPINE ORGANIZATION%GOBP%GO:0097061		25	0.45462325	1.2149081	0.19089147	0.463914	1.0	2157	tags=36%, list=14%, signal=42%	
BIOCARTA_ALK_PATHWAY%MSIGDB_C2%BIOCARTA_ALK_PATHWAY	BIOCARTA_ALK_PATHWAY%MSIGDB_C2%BIOCARTA_ALK_PATHWAY		24	0.4547019	1.2148633	0.20314033	0.46357647	1.0	2263	tags=25%, list=15%, signal=29%	
POSITIVE REGULATION OF ISOTYPE SWITCHING%GOBP%GO:0045830	POSITIVE REGULATION OF ISOTYPE SWITCHING%GOBP%GO:0045830		15	0.5136145	1.2147869	0.20925553	0.46332642	1.0	679	tags=13%, list=5%, signal=14%	
SECONDARY METABOLIC PROCESS%GOBP%GO:0019748	SECONDARY METABOLIC PROCESS%GOBP%GO:0019748		24	0.46074864	1.2146671	0.197356	0.46318203	1.0	4015	tags=50%, list=27%, signal=68%	
16P11 2 DISTAL DELETION SYNDROME%WIKIPATHWAYS_20260211%WP4950%HOMO SAPIENS	16P11 2 DISTAL DELETION SYNDROME%WIKIPATHWAYS_20260211%WP4950%HOMO SAPIENS		26	0.45163068	1.2138791	0.18862276	0.4647058	1.0	2663	tags=31%, list=18%, signal=37%	
TYPE 2 PAPILLARY RENAL CELL CARCINOMA%WIKIPATHWAYS_20260211%WP4241%HOMO SAPIENS	TYPE 2 PAPILLARY RENAL CELL CARCINOMA%WIKIPATHWAYS_20260211%WP4241%HOMO SAPIENS		24	0.46314338	1.2135016	0.20111732	0.46521387	1.0	823	tags=13%, list=5%, signal=13%	
REGULATION OF CARDIAC MUSCLE CONTRACTION%GOBP%GO:0055117	REGULATION OF CARDIAC MUSCLE CONTRACTION%GOBP%GO:0055117		59	0.38370022	1.213396	0.15009746	0.4650161	1.0	2605	tags=34%, list=17%, signal=41%	
COPII-COATED VESICLE CARGO LOADING%GOBP%GO:0090110	COPII-COATED VESICLE CARGO LOADING%GOBP%GO:0090110		17	0.50045913	1.2133371	0.21533923	0.46472704	1.0	2967	tags=35%, list=20%, signal=44%	
POSITIVE REGULATION OF DNA REPLICATION%GOBP%GO:0045740	POSITIVE REGULATION OF DNA REPLICATION%GOBP%GO:0045740		34	0.42329082	1.2130494	0.1932271	0.46498305	1.0	444	tags=12%, list=3%, signal=12%	
NEGATIVE REGULATION OF REPRODUCTIVE PROCESS%GOBP%GO:2000242	NEGATIVE REGULATION OF REPRODUCTIVE PROCESS%GOBP%GO:2000242		23	0.46175227	1.2124486	0.20079523	0.4660845	1.0	879	tags=13%, list=6%, signal=14%	
REGULATION OF ACTIN FILAMENT DEPOLYMERIZATION%GOBP%GO:0030834	REGULATION OF ACTIN FILAMENT DEPOLYMERIZATION%GOBP%GO:0030834		33	0.4270357	1.2124169	0.17982018	0.46571645	1.0	2782	tags=27%, list=19%, signal=33%	
NECTIN ADHESION PATHWAY%PATHWAY INTERACTION DATABASE NCI-NATURE CURATED DATA%NECTIN ADHESION PATHWAY	NECTIN ADHESION PATHWAY%PATHWAY INTERACTION DATABASE NCI-NATURE CURATED DATA%NECTIN ADHESION PATHWAY		30	0.4350032	1.2121165	0.1743295	0.46606025	1.0	1733	tags=23%, list=12%, signal=26%	
BRANCHING MORPHOGENESIS OF AN EPITHELIAL TUBE%GOBP%GO:0048754	BRANCHING MORPHOGENESIS OF AN EPITHELIAL TUBE%GOBP%GO:0048754		39	0.41282418	1.2116998	0.17682318	0.46668413	1.0	2459	tags=31%, list=16%, signal=37%	
CELLULAR RESPONSE TO KETONE%GOBP%GO:1901655	CELLULAR RESPONSE TO KETONE%GOBP%GO:1901655		49	0.39272153	1.2115316	0.16601562	0.46666855	1.0	3130	tags=43%, list=21%, signal=54%	
EMBRYONIC PLACENTA DEVELOPMENT%GOBP%GO:0001892	EMBRYONIC PLACENTA DEVELOPMENT%GOBP%GO:0001892		19	0.48547772	1.2115313	0.2170088	0.46622705	1.0	3566	tags=42%, list=24%, signal=55%	
THROMBOXANE SIGNALLING THROUGH TP RECEPTOR%REACTOME DATABASE ID RELEASE 95%428930	THROMBOXANE SIGNALLING THROUGH TP RECEPTOR%REACTOME DATABASE ID RELEASE 95%428930		19	0.4798598	1.2114304	0.2011893	0.46605617	1.0	1294	tags=21%, list=9%, signal=23%	
POSITIVE REGULATION OF PHOSPHATIDYLINOSITOL 3-KINASE/PROTEIN KINASE B SIGNAL TRANSDUCTION%GOBP%GO:0051897	POSITIVE REGULATION OF PHOSPHATIDYLINOSITOL 3-KINASE/PROTEIN KINASE B SIGNAL TRANSDUCTION%GOBP%GO:0051897		153	0.32832846	1.2104089	0.088435374	0.4682344	1.0	3093	tags=27%, list=21%, signal=34%	
G2/M TRANSITION OF MITOTIC CELL CYCLE%GOBP%GO:0000086	G2/M TRANSITION OF MITOTIC CELL CYCLE%GOBP%GO:0000086		43	0.40356964	1.209643	0.17119838	0.46974403	1.0	2718	tags=26%, list=18%, signal=31%	
REGULATION OF OSTEOBLAST DIFFERENTIATION%GOBP%GO:0045667	REGULATION OF OSTEOBLAST DIFFERENTIATION%GOBP%GO:0045667		89	0.3543478	1.2095828	0.11363637	0.4694508	1.0	2613	tags=28%, list=17%, signal=34%	
RECEPTOR-TYPE TYROSINE-PROTEIN PHOSPHATASES%REACTOME%R-HSA-388844.4	RECEPTOR-TYPE TYROSINE-PROTEIN PHOSPHATASES%REACTOME%R-HSA-388844.4		16	0.5076023	1.2093477	0.20992367	0.46962044	1.0	3994	tags=50%, list=27%, signal=68%	
DEVELOPMENTAL CELL GROWTH%GOBP%GO:0048588	DEVELOPMENTAL CELL GROWTH%GOBP%GO:0048588		47	0.40119693	1.2090819	0.16986564	0.46984777	1.0	2917	tags=30%, list=19%, signal=37%	
COMPLEMENT SYSTEM IN NEURONAL DEVELOPMENT AND PLASTICITY%WIKIPATHWAYS_20260211%WP5090%HOMO SAPIENS	COMPLEMENT SYSTEM IN NEURONAL DEVELOPMENT AND PLASTICITY%WIKIPATHWAYS_20260211%WP5090%HOMO SAPIENS		79	0.3622157	1.2088858	0.12900098	0.46992314	1.0	2573	tags=28%, list=17%, signal=33%	
REGULATION OF SMOOTHENED SIGNALING PATHWAY%GOBP%GO:0008589	REGULATION OF SMOOTHENED SIGNALING PATHWAY%GOBP%GO:0008589		53	0.38589227	1.2083251	0.15810277	0.47091994	1.0	2848	tags=38%, list=19%, signal=46%	
NEGATIVE REGULATION OF MITOTIC CELL CYCLE%GOBP%GO:0045930	NEGATIVE REGULATION OF MITOTIC CELL CYCLE%GOBP%GO:0045930		173	0.3276477	1.208266	0.07760315	0.47063562	1.0	3175	tags=25%, list=21%, signal=32%	
CIRCADIAN RHYTHM PATHWAY%PATHWAY INTERACTION DATABASE NCI-NATURE CURATED DATA%CIRCADIAN RHYTHM PATHWAY	CIRCADIAN RHYTHM PATHWAY%PATHWAY INTERACTION DATABASE NCI-NATURE CURATED DATA%CIRCADIAN RHYTHM PATHWAY		15	0.5087365	1.2082082	0.22482893	0.4703406	1.0	3521	tags=47%, list=23%, signal=61%	
ION TRANSPORT BY P-TYPE ATPASES%REACTOME%R-HSA-936837.6	ION TRANSPORT BY P-TYPE ATPASES%REACTOME%R-HSA-936837.6		46	0.3942761	1.2080617	0.18237083	0.47027057	1.0	3006	tags=37%, list=20%, signal=46%	
SMALL LIGAND GPCRS%WIKIPATHWAYS_20260211%WP247%HOMO SAPIENS	SMALL LIGAND GPCRS%WIKIPATHWAYS_20260211%WP247%HOMO SAPIENS		15	0.50643444	1.206961	0.22713567	0.47261867	1.0	2927	tags=40%, list=19%, signal=50%	
COPPER HOMEOSTASIS%WIKIPATHWAYS_20260211%WP3286%HOMO SAPIENS	COPPER HOMEOSTASIS%WIKIPATHWAYS_20260211%WP3286%HOMO SAPIENS		38	0.41971985	1.2068301	0.19004065	0.47252268	1.0	3043	tags=37%, list=20%, signal=46%	
OVERVIEW OF PROINFLAMMATORY AND PROFIBROTIC MEDIATORS%WIKIPATHWAYS_20260211%WP5095%HOMO SAPIENS	OVERVIEW OF PROINFLAMMATORY AND PROFIBROTIC MEDIATORS%WIKIPATHWAYS_20260211%WP5095%HOMO SAPIENS		70	0.36745846	1.2064697	0.14175506	0.47301173	1.0	3035	tags=34%, list=20%, signal=43%	
CELLULAR RESPONSE TO STEROID HORMONE STIMULUS%GOBP%GO:0071383	CELLULAR RESPONSE TO STEROID HORMONE STIMULUS%GOBP%GO:0071383		75	0.36290774	1.2064642	0.14169215	0.47258148	1.0	2058	tags=27%, list=14%, signal=31%	
RAC 1 CELL MOTILITY SIGNALING PATHWAY%SMPDB%SMP0063795	RAC 1 CELL MOTILITY SIGNALING PATHWAY%SMPDB%SMP0063795		21	0.47336712	1.2064124	0.2035225	0.47226483	1.0	1897	tags=24%, list=13%, signal=27%	
PID_EPHB_FWD_PATHWAY%MSIGDB_C2%PID_EPHB_FWD_PATHWAY	PID_EPHB_FWD_PATHWAY%MSIGDB_C2%PID_EPHB_FWD_PATHWAY		34	0.42033982	1.2057265	0.17612524	0.47349918	1.0	1445	tags=24%, list=10%, signal=26%	
POSITIVE REGULATION OF RHO PROTEIN SIGNAL TRANSDUCTION%GOBP%GO:0035025	POSITIVE REGULATION OF RHO PROTEIN SIGNAL TRANSDUCTION%GOBP%GO:0035025		28	0.43818703	1.2055303	0.19533528	0.47352853	1.0	486	tags=14%, list=3%, signal=15%	
CELLULAR RESPONSE TO FIBROBLAST GROWTH FACTOR STIMULUS%GOBP%GO:0044344	CELLULAR RESPONSE TO FIBROBLAST GROWTH FACTOR STIMULUS%GOBP%GO:0044344		43	0.4037668	1.2052647	0.15897939	0.47376403	1.0	2607	tags=35%, list=17%, signal=42%	
POSITIVE REGULATION OF MAP KINASE ACTIVITY%GOBP%GO:0043406	POSITIVE REGULATION OF MAP KINASE ACTIVITY%GOBP%GO:0043406		27	0.4419532	1.2050796	0.19471624	0.47378588	1.0	1733	tags=26%, list=12%, signal=29%	
REGULATION OF T-HELPER 17 CELL DIFFERENTIATION%GOBP%GO:2000319	REGULATION OF T-HELPER 17 CELL DIFFERENTIATION%GOBP%GO:2000319		21	0.4709827	1.2050176	0.21653543	0.4735095	1.0	5117	tags=48%, list=34%, signal=72%	
REGULATION OF GLYCOPROTEIN METABOLIC PROCESS%GOBP%GO:1903018	REGULATION OF GLYCOPROTEIN METABOLIC PROCESS%GOBP%GO:1903018		34	0.4202631	1.2040311	0.18297456	0.47557858	1.0	1493	tags=29%, list=10%, signal=33%	
SENSORY PERCEPTION OF LIGHT STIMULUS%GOBP%GO:0050953	SENSORY PERCEPTION OF LIGHT STIMULUS%GOBP%GO:0050953		70	0.36854565	1.203747	0.14245284	0.47586063	1.0	2449	tags=21%, list=16%, signal=25%	
CA-DEPENDENT EVENTS%REACTOME DATABASE ID RELEASE 95%111996	CA-DEPENDENT EVENTS%REACTOME DATABASE ID RELEASE 95%111996		33	0.42288584	1.2037376	0.18533202	0.47543684	1.0	1881	tags=24%, list=13%, signal=28%	
REGULATION OF MONOCYTE CHEMOTAXIS%GOBP%GO:0090025	REGULATION OF MONOCYTE CHEMOTAXIS%GOBP%GO:0090025		23	0.45898312	1.2034687	0.20833333	0.4757122	1.0	1218	tags=22%, list=8%, signal=24%	
MATERNAL TO ZYGOTIC TRANSITION (MZT)%REACTOME%R-HSA-9816359.2	MATERNAL TO ZYGOTIC TRANSITION (MZT)%REACTOME%R-HSA-9816359.2		56	0.38321078	1.2032378	0.15486307	0.47585258	1.0	3445	tags=29%, list=23%, signal=37%	
DENGUE VIRUS ATTACHMENT AND ENTRY%REACTOME DATABASE ID RELEASE 95%9918485	DENGUE VIRUS ATTACHMENT AND ENTRY%REACTOME DATABASE ID RELEASE 95%9918485		43	0.40570927	1.2026511	0.18418418	0.4768926	1.0	2897	tags=28%, list=19%, signal=34%	
POSITIVE REGULATION OF NEUROGENESIS%GOBP%GO:0050769	POSITIVE REGULATION OF NEUROGENESIS%GOBP%GO:0050769		100	0.34860063	1.2024691	0.12004069	0.4769104	1.0	3215	tags=28%, list=21%, signal=35%	
REGULATION OF PROTEIN NEDDYLATION%GOBP%GO:2000434	REGULATION OF PROTEIN NEDDYLATION%GOBP%GO:2000434		16	0.5022854	1.2013551	0.22920696	0.47930273	1.0	823	tags=19%, list=5%, signal=20%	
LENS DEVELOPMENT IN CAMERA-TYPE EYE%GOBP%GO:0002088	LENS DEVELOPMENT IN CAMERA-TYPE EYE%GOBP%GO:0002088		23	0.459698	1.2004004	0.19921105	0.48134932	1.0	1456	tags=30%, list=10%, signal=34%	
POSITIVE REGULATION OF CATALYTIC ACTIVITY%GOBP%GO:0043085	POSITIVE REGULATION OF CATALYTIC ACTIVITY%GOBP%GO:0043085		256	0.308174	1.2001681	0.056092843	0.48149127	1.0	1842	tags=15%, list=12%, signal=17%	
CELL-CELL JUNCTION ORGANIZATION%GOBP%GO:0045216	CELL-CELL JUNCTION ORGANIZATION%GOBP%GO:0045216		120	0.3354176	1.1999152	0.1161665	0.48169577	1.0	1681	tags=18%, list=11%, signal=20%	
NEGATIVE REGULATION OF MACROPHAGE ACTIVATION%GOBP%GO:0043031	NEGATIVE REGULATION OF MACROPHAGE ACTIVATION%GOBP%GO:0043031		15	0.5096595	1.1998842	0.22178988	0.48132864	1.0	1895	tags=33%, list=13%, signal=38%	
G BETA:GAMMA SIGNALLING THROUGH PLC BETA%REACTOME%R-HSA-418217.5	G BETA:GAMMA SIGNALLING THROUGH PLC BETA%REACTOME%R-HSA-418217.5		15	0.50417256	1.1997011	0.23733863	0.4813601	1.0	2575	tags=40%, list=17%, signal=48%	
RUNX2 REGULATES OSTEOBLAST DIFFERENTIATION%REACTOME%R-HSA-8940973.2	RUNX2 REGULATES OSTEOBLAST DIFFERENTIATION%REACTOME%R-HSA-8940973.2		20	0.46917897	1.1991773	0.2060606	0.48228252	1.0	2169	tags=30%, list=14%, signal=35%	
REGULATION OF MUSCLE SYSTEM PROCESS%GOBP%GO:0090257	REGULATION OF MUSCLE SYSTEM PROCESS%GOBP%GO:0090257		139	0.3302609	1.1989076	0.09099901	0.48256072	1.0	1646	tags=22%, list=11%, signal=24%	
RHO GTPASES ACTIVATE CIT%REACTOME%R-HSA-5625900.4	RHO GTPASES ACTIVATE CIT%REACTOME%R-HSA-5625900.4		18	0.48541713	1.198849	0.22771318	0.48225918	1.0	1749	tags=28%, list=12%, signal=31%	
LABETALOL ACTION PATHWAY%PATHWHIZ%PW000389	LABETALOL ACTION PATHWAY%PATHWHIZ%PW000389		41	0.40156066	1.1979803	0.19313726	0.48401546	1.0	1778	tags=32%, list=12%, signal=36%	
CARVEDILOL ACTION PATHWAY%SMPDB%SMP0000367	CARVEDILOL ACTION PATHWAY%SMPDB%SMP0000367		41	0.40156066	1.1976694	0.18216683	0.48436412	1.0	1778	tags=32%, list=12%, signal=36%	
SENSORY PERCEPTION OF CHEMICAL STIMULUS%GOBP%GO:0007606	SENSORY PERCEPTION OF CHEMICAL STIMULUS%GOBP%GO:0007606		31	0.42794424	1.1975062	0.1986166	0.48432583	1.0	1994	tags=29%, list=13%, signal=33%	
P53 PATHWAY%PANTHER PATHWAY%P00059	P53 PATHWAY%PANTHER PATHWAY%P00059		42	0.4037697	1.197249	0.18775101	0.4845824	1.0	2902	tags=29%, list=19%, signal=35%	
RESPONSE TO ESTRADIOL%GOBP%GO:0032355	RESPONSE TO ESTRADIOL%GOBP%GO:0032355		23	0.45762792	1.1970507	0.22510374	0.484658	1.0	1404	tags=26%, list=9%, signal=29%	
POSITIVE REGULATION OF EXCITATORY POSTSYNAPTIC POTENTIAL%GOBP%GO:2000463	POSITIVE REGULATION OF EXCITATORY POSTSYNAPTIC POTENTIAL%GOBP%GO:2000463		16	0.5033642	1.1968904	0.23747495	0.48462865	1.0	2809	tags=56%, list=19%, signal=69%	
APOPTOSIS RELATED NETWORK DUE TO ALTERED NOTCH3 IN OVARIAN CANCER%WIKIPATHWAYS_20260211%WP2864%HOMO SAPIENS	APOPTOSIS RELATED NETWORK DUE TO ALTERED NOTCH3 IN OVARIAN CANCER%WIKIPATHWAYS_20260211%WP2864%HOMO SAPIENS		38	0.41121823	1.1968641	0.19760479	0.48425484	1.0	2663	tags=24%, list=18%, signal=29%	
INFLUENCE OF LAMINOPATHIES ON WNT SIGNALING%WIKIPATHWAYS_20260211%WP4844%HOMO SAPIENS	INFLUENCE OF LAMINOPATHIES ON WNT SIGNALING%WIKIPATHWAYS_20260211%WP4844%HOMO SAPIENS		28	0.43721098	1.1965309	0.21316306	0.4846491	1.0	1829	tags=29%, list=12%, signal=32%	
AQUAPORIN-MEDIATED TRANSPORT%REACTOME%R-HSA-445717.4	AQUAPORIN-MEDIATED TRANSPORT%REACTOME%R-HSA-445717.4		38	0.41072688	1.1962227	0.18756074	0.485029	1.0	1294	tags=21%, list=9%, signal=23%	
SMAD2 SMAD3:SMAD4 HETEROTRIMER REGULATES TRANSCRIPTION%REACTOME%R-HSA-2173796.6	SMAD2 SMAD3:SMAD4 HETEROTRIMER REGULATES TRANSCRIPTION%REACTOME%R-HSA-2173796.6		36	0.41336036	1.1961542	0.1961962	0.48476246	1.0	2679	tags=28%, list=18%, signal=34%	
BIOCARTA_CASPASE_PATHWAY%MSIGDB_C2%BIOCARTA_CASPASE_PATHWAY	BIOCARTA_CASPASE_PATHWAY%MSIGDB_C2%BIOCARTA_CASPASE_PATHWAY		17	0.4872209	1.1960663	0.22277227	0.48454452	1.0	2330	tags=24%, list=16%, signal=28%	
NEGATIVE REGULATION OF CELL DEVELOPMENT%GOBP%GO:0010721	NEGATIVE REGULATION OF CELL DEVELOPMENT%GOBP%GO:0010721		150	0.32547548	1.1959469	0.12343298	0.48441577	1.0	2271	tags=20%, list=15%, signal=23%	
REGULATION OF ENDOTHELIAL CELL PROLIFERATION%GOBP%GO:0001936	REGULATION OF ENDOTHELIAL CELL PROLIFERATION%GOBP%GO:0001936		100	0.34620878	1.1955318	0.1237721	0.48499462	1.0	1569	tags=18%, list=10%, signal=20%	
EXPORT ACROSS PLASMA MEMBRANE%GOBP%GO:0140115	EXPORT ACROSS PLASMA MEMBRANE%GOBP%GO:0140115		49	0.38755256	1.1955042	0.17941177	0.48462778	1.0	1604	tags=22%, list=11%, signal=25%	
METABOTROPIC GLUTAMATE RECEPTOR GROUP III PATHWAY%PANTHER PATHWAY%P00039	METABOTROPIC GLUTAMATE RECEPTOR GROUP III PATHWAY%PANTHER PATHWAY%P00039		46	0.3969005	1.1954191	0.18244576	0.4844082	1.0	1881	tags=26%, list=13%, signal=30%	
POSITIVE REGULATION OF MACROPHAGE CHEMOTAXIS%GOBP%GO:0010759	POSITIVE REGULATION OF MACROPHAGE CHEMOTAXIS%GOBP%GO:0010759		15	0.5074493	1.1952435	0.23285024	0.48440787	1.0	3035	tags=40%, list=20%, signal=50%	
PROTEIN LOCALIZATION TO EXTRACELLULAR REGION%GOBP%GO:0071692	PROTEIN LOCALIZATION TO EXTRACELLULAR REGION%GOBP%GO:0071692		56	0.37687254	1.1950771	0.15519014	0.48438844	1.0	1246	tags=16%, list=8%, signal=17%	
RHOBTB2 GTPASE CYCLE%REACTOME%R-HSA-9013418.4	RHOBTB2 GTPASE CYCLE%REACTOME%R-HSA-9013418.4		23	0.45791432	1.1945313	0.22812192	0.4853563	1.0	2802	tags=35%, list=19%, signal=43%	
REGULATION OF VENTRICULAR CARDIAC MUSCLE CELL MEMBRANE REPOLARIZATION%GOBP%GO:0060307	REGULATION OF VENTRICULAR CARDIAC MUSCLE CELL MEMBRANE REPOLARIZATION%GOBP%GO:0060307		18	0.48046207	1.1944873	0.2381423	0.48505107	1.0	2203	tags=39%, list=15%, signal=46%	
MULTICELLULAR ORGANISMAL REPRODUCTIVE PROCESS%GOBP%GO:0048609	MULTICELLULAR ORGANISMAL REPRODUCTIVE PROCESS%GOBP%GO:0048609		381	0.2960973	1.1938368	0.05207329	0.48632395	1.0	4018	tags=32%, list=27%, signal=43%	
REGULATION OF ACTIN FILAMENT-BASED MOVEMENT%GOBP%GO:1903115	REGULATION OF ACTIN FILAMENT-BASED MOVEMENT%GOBP%GO:1903115		32	0.4249326	1.1937854	0.2049505	0.4860181	1.0	2605	tags=34%, list=17%, signal=41%	
PROTEIN SECRETION%GOBP%GO:0009306	PROTEIN SECRETION%GOBP%GO:0009306		56	0.37687254	1.1935074	0.18857142	0.48630744	1.0	1246	tags=16%, list=8%, signal=17%	
REGULATION OF SIGNAL TRANSDUCTION BY P53 CLASS MEDIATOR%GOBP%GO:1901796	REGULATION OF SIGNAL TRANSDUCTION BY P53 CLASS MEDIATOR%GOBP%GO:1901796		100	0.34408343	1.1927251	0.14081633	0.48789585	1.0	4227	tags=35%, list=28%, signal=48%	
CORTICOTROPIN RELEASING HORMONE SIGNALING%WIKIPATHWAYS_20260211%WP2355%HOMO SAPIENS	CORTICOTROPIN RELEASING HORMONE SIGNALING%WIKIPATHWAYS_20260211%WP2355%HOMO SAPIENS		63	0.36932075	1.192536	0.16942552	0.4879845	1.0	2629	tags=30%, list=18%, signal=36%	
REGULATION OF SYSTEMIC ARTERIAL BLOOD PRESSURE BY HORMONE%GOBP%GO:0001990	REGULATION OF SYSTEMIC ARTERIAL BLOOD PRESSURE BY HORMONE%GOBP%GO:0001990		21	0.46535704	1.1923307	0.22590068	0.48806056	1.0	2353	tags=33%, list=16%, signal=39%	
RESPONSE TO ZINC ION%GOBP%GO:0010043	RESPONSE TO ZINC ION%GOBP%GO:0010043		17	0.48574132	1.1922103	0.23901941	0.48793775	1.0	3317	tags=59%, list=22%, signal=75%	
MITOTIC DNA INTEGRITY CHECKPOINT SIGNALING%GOBP%GO:0044774	MITOTIC DNA INTEGRITY CHECKPOINT SIGNALING%GOBP%GO:0044774		65	0.36910754	1.1921952	0.160555	0.48754033	1.0	2025	tags=15%, list=13%, signal=18%	
POSITIVE REGULATION OF RNA SPLICING%GOBP%GO:0033120	POSITIVE REGULATION OF RNA SPLICING%GOBP%GO:0033120		23	0.45034635	1.1919909	0.21209118	0.48760852	1.0	5393	tags=48%, list=36%, signal=75%	
NEGATIVE REGULATION OF T CELL RECEPTOR SIGNALING PATHWAY%GOBP%GO:0050860	NEGATIVE REGULATION OF T CELL RECEPTOR SIGNALING PATHWAY%GOBP%GO:0050860		31	0.4251977	1.1915934	0.21052632	0.48819524	1.0	918	tags=16%, list=6%, signal=17%	
VESICLE CARGO LOADING%GOBP%GO:0035459	VESICLE CARGO LOADING%GOBP%GO:0035459		29	0.4273487	1.1911119	0.20535715	0.48899686	1.0	2967	tags=31%, list=20%, signal=39%	
CELL CYCLE%WIKIPATHWAYS_20260211%WP179%HOMO SAPIENS	CELL CYCLE%WIKIPATHWAYS_20260211%WP179%HOMO SAPIENS		91	0.34898144	1.1910322	0.147651	0.48876357	1.0	2804	tags=22%, list=19%, signal=27%	
HEAD DEVELOPMENT%GOBP%GO:0060322	HEAD DEVELOPMENT%GOBP%GO:0060322		325	0.29957193	1.1908326	0.05253104	0.48883036	1.0	2281	tags=20%, list=15%, signal=23%	
CARDIAC MUSCLE CELL ACTION POTENTIAL INVOLVED IN CONTRACTION%GOBP%GO:0086002	CARDIAC MUSCLE CELL ACTION POTENTIAL INVOLVED IN CONTRACTION%GOBP%GO:0086002		39	0.40662903	1.1907839	0.189	0.48852193	1.0	2766	tags=46%, list=18%, signal=56%	
SUDDEN INFANT DEATH SYNDROME SIDS SUSCEPTIBILITY PATHWAYS%WIKIPATHWAYS_20260211%WP706%HOMO SAPIENS	SUDDEN INFANT DEATH SYNDROME SIDS SUSCEPTIBILITY PATHWAYS%WIKIPATHWAYS_20260211%WP706%HOMO SAPIENS		93	0.349411	1.190752	0.13569322	0.48817143	1.0	3174	tags=32%, list=21%, signal=41%	
SYNAPSE ORGANIZATION%GOBP%GO:0050808	SYNAPSE ORGANIZATION%GOBP%GO:0050808		198	0.3135375	1.1905683	0.09739634	0.48820546	1.0	3664	tags=37%, list=24%, signal=48%	
MESONEPHRIC TUBULE MORPHOGENESIS%GOBP%GO:0072171	MESONEPHRIC TUBULE MORPHOGENESIS%GOBP%GO:0072171		19	0.46765107	1.1899544	0.23748773	0.48937508	1.0	2459	tags=47%, list=16%, signal=57%	
REGULATION OF ENDOCRINE PROCESS%GOBP%GO:0044060	REGULATION OF ENDOCRINE PROCESS%GOBP%GO:0044060		17	0.49012697	1.1898578	0.2394636	0.48918182	1.0	2173	tags=29%, list=14%, signal=34%	
CHROMATIN MODIFICATIONS DURING THE MATERNAL TO ZYGOTIC TRANSITION (MZT)%REACTOME%R-HSA-9821002.1	CHROMATIN MODIFICATIONS DURING THE MATERNAL TO ZYGOTIC TRANSITION (MZT)%REACTOME%R-HSA-9821002.1		20	0.47109225	1.1896935	0.24063116	0.4891592	1.0	3445	tags=35%, list=23%, signal=45%	
INTRINSIC APOPTOTIC SIGNALING PATHWAY IN RESPONSE TO DNA DAMAGE BY P53 CLASS MEDIATOR%GOBP%GO:0042771	INTRINSIC APOPTOTIC SIGNALING PATHWAY IN RESPONSE TO DNA DAMAGE BY P53 CLASS MEDIATOR%GOBP%GO:0042771		22	0.4531599	1.1891787	0.22132796	0.49006984	1.0	2902	tags=45%, list=19%, signal=56%	
PID_GLYPICAN_1PATHWAY%MSIGDB_C2%PID_GLYPICAN_1PATHWAY	PID_GLYPICAN_1PATHWAY%MSIGDB_C2%PID_GLYPICAN_1PATHWAY		21	0.45959213	1.1882973	0.22319688	0.49192256	1.0	1711	tags=24%, list=11%, signal=27%	
CARDIAC MUSCLE TISSUE DEVELOPMENT%GOBP%GO:0048738	CARDIAC MUSCLE TISSUE DEVELOPMENT%GOBP%GO:0048738		99	0.33980227	1.1880546	0.13942751	0.49209905	1.0	2605	tags=30%, list=17%, signal=36%	
3'-UTR-MEDIATED MRNA DESTABILIZATION%GOBP%GO:0061158	3'-UTR-MEDIATED MRNA DESTABILIZATION%GOBP%GO:0061158		22	0.45925292	1.1867479	0.23212537	0.4950336	1.0	2520	tags=41%, list=17%, signal=49%	
REGULATION OF TISSUE REMODELING%GOBP%GO:0034103	REGULATION OF TISSUE REMODELING%GOBP%GO:0034103		49	0.38438976	1.1864166	0.17526777	0.49546772	1.0	1659	tags=20%, list=11%, signal=23%	
EPITHELIAL CELL DIFFERENTIATION%GOBP%GO:0030855	EPITHELIAL CELL DIFFERENTIATION%GOBP%GO:0030855		271	0.3034327	1.1859586	0.07204611	0.49623477	1.0	2629	tags=22%, list=18%, signal=26%	
CARDIAC MUSCLE CONTRACTION%GOBP%GO:0060048	CARDIAC MUSCLE CONTRACTION%GOBP%GO:0060048		58	0.37198406	1.1854016	0.17793241	0.49724928	1.0	2766	tags=41%, list=18%, signal=51%	
RESPONSE TO HORMONE%GOBP%GO:0009725	RESPONSE TO HORMONE%GOBP%GO:0009725		383	0.29213482	1.1852037	0.04784689	0.49732378	1.0	2350	tags=23%, list=16%, signal=26%	
UROTENSIN II MEDIATED SIGNALING%WIKIPATHWAYS_20260211%WP5158%HOMO SAPIENS	UROTENSIN II MEDIATED SIGNALING%WIKIPATHWAYS_20260211%WP5158%HOMO SAPIENS		55	0.37751368	1.1826292	0.187926	0.5036988	1.0	722	tags=13%, list=5%, signal=13%	
NEGATIVE REGULATION OF MONONUCLEAR CELL MIGRATION%GOBP%GO:0071676	NEGATIVE REGULATION OF MONONUCLEAR CELL MIGRATION%GOBP%GO:0071676		26	0.43734246	1.1822549	0.224429	0.504255	1.0	3230	tags=46%, list=22%, signal=59%	
ACTIVATION OF PROTEIN KINASE ACTIVITY%GOBP%GO:0032147	ACTIVATION OF PROTEIN KINASE ACTIVITY%GOBP%GO:0032147		42	0.3963845	1.1821551	0.2083739	0.50406265	1.0	676	tags=12%, list=5%, signal=12%	
ARYL HYDROCARBON RECEPTOR PATHWAY%WIKIPATHWAYS_20260211%WP2586%HOMO SAPIENS	ARYL HYDROCARBON RECEPTOR PATHWAY%WIKIPATHWAYS_20260211%WP2586%HOMO SAPIENS		34	0.41369143	1.1816031	0.22507122	0.5050959	1.0	1316	tags=15%, list=9%, signal=16%	
NEURON PROJECTION ORGANIZATION%GOBP%GO:0106027	NEURON PROJECTION ORGANIZATION%GOBP%GO:0106027		34	0.40716946	1.1802377	0.21365854	0.50822175	1.0	2157	tags=32%, list=14%, signal=38%	
PID_HEDGEHOG_GLI_PATHWAY%MSIGDB_C2%PID_HEDGEHOG_GLI_PATHWAY	PID_HEDGEHOG_GLI_PATHWAY%MSIGDB_C2%PID_HEDGEHOG_GLI_PATHWAY		37	0.40372315	1.180193	0.2052275	0.5078979	1.0	2845	tags=32%, list=19%, signal=40%	
REGULATION OF MONONUCLEAR CELL PROLIFERATION%GOBP%GO:0032944	REGULATION OF MONONUCLEAR CELL PROLIFERATION%GOBP%GO:0032944		151	0.32273322	1.1797035	0.11782178	0.50875854	1.0	1720	tags=19%, list=11%, signal=21%	
HOMOTYPIC CELL-CELL ADHESION%GOBP%GO:0034109	HOMOTYPIC CELL-CELL ADHESION%GOBP%GO:0034109		45	0.38696238	1.1792698	0.18853256	0.5094889	1.0	1609	tags=18%, list=11%, signal=20%	
CARDIAC CONDUCTION%REACTOME%R-HSA-5576891.4	CARDIAC CONDUCTION%REACTOME%R-HSA-5576891.4		99	0.34249857	1.1788676	0.14885116	0.510104	1.0	2766	tags=36%, list=18%, signal=44%	
HUMORAL IMMUNE RESPONSE%GOBP%GO:0006959	HUMORAL IMMUNE RESPONSE%GOBP%GO:0006959		135	0.3265938	1.1786094	0.13735178	0.5103816	1.0	3054	tags=31%, list=20%, signal=39%	
POLO-LIKE KINASE MEDIATED EVENTS%REACTOME%R-HSA-156711.4	POLO-LIKE KINASE MEDIATED EVENTS%REACTOME%R-HSA-156711.4		16	0.4933715	1.1779617	0.24256505	0.51167876	1.0	1765	tags=13%, list=12%, signal=14%	
PRESYNAPTIC FUNCTION OF KAINATE RECEPTORS%REACTOME%R-HSA-500657.3	PRESYNAPTIC FUNCTION OF KAINATE RECEPTORS%REACTOME%R-HSA-500657.3		16	0.4866112	1.1776582	0.24779628	0.5120282	1.0	1835	tags=31%, list=12%, signal=36%	
RUNX2 REGULATES BONE DEVELOPMENT%REACTOME DATABASE ID RELEASE 95%8941326	RUNX2 REGULATES BONE DEVELOPMENT%REACTOME DATABASE ID RELEASE 95%8941326		27	0.43210262	1.1769009	0.23047619	0.5135588	1.0	2169	tags=26%, list=14%, signal=30%	
REGULATION OF CD4-POSITIVE, ALPHA-BETA T CELL DIFFERENTIATION%GOBP%GO:0043370	REGULATION OF CD4-POSITIVE, ALPHA-BETA T CELL DIFFERENTIATION%GOBP%GO:0043370		44	0.38927746	1.1765733	0.20713578	0.51398116	1.0	1983	tags=20%, list=13%, signal=23%	
REGULATION OF HORMONE BIOSYNTHETIC PROCESS%GOBP%GO:0046885	REGULATION OF HORMONE BIOSYNTHETIC PROCESS%GOBP%GO:0046885		15	0.49756184	1.1763369	0.25211665	0.5141768	1.0	5223	tags=53%, list=35%, signal=82%	
INTRINSIC APOPTOTIC SIGNALING PATHWAY%GOBP%GO:0097193	INTRINSIC APOPTOTIC SIGNALING PATHWAY%GOBP%GO:0097193		131	0.32678548	1.1762052	0.12934363	0.51408523	1.0	2349	tags=27%, list=16%, signal=32%	
REGULATION OF MUSCLE ADAPTATION%GOBP%GO:0043502	REGULATION OF MUSCLE ADAPTATION%GOBP%GO:0043502		38	0.40172595	1.1760207	0.21063395	0.5141295	1.0	1401	tags=24%, list=9%, signal=26%	
RETINOIC ACID METABOLIC PROCESS%GOBP%GO:0042573	RETINOIC ACID METABOLIC PROCESS%GOBP%GO:0042573		17	0.4812742	1.1759198	0.23076923	0.51395184	1.0	4802	tags=59%, list=32%, signal=86%	
MICROTUBULE DEPOLYMERIZATION%GOBP%GO:0007019	MICROTUBULE DEPOLYMERIZATION%GOBP%GO:0007019		15	0.49618572	1.175233	0.2551724	0.5153321	1.0	4354	tags=53%, list=29%, signal=75%	
GLIAL CELL DIFFERENTIATION%GOBP%GO:0010001	GLIAL CELL DIFFERENTIATION%GOBP%GO:0010001		80	0.35089192	1.1750075	0.17463414	0.51550305	1.0	1266	tags=16%, list=8%, signal=18%	
HEDGEHOG SIGNALING EVENTS MEDIATED BY GLI PROTEINS%PATHWAY INTERACTION DATABASE NCI-NATURE CURATED DATA%HEDGEHOG SIGNALING EVENTS MEDIATED BY GLI PROTEINS	HEDGEHOG SIGNALING EVENTS MEDIATED BY GLI PROTEINS%PATHWAY INTERACTION DATABASE NCI-NATURE CURATED DATA%HEDGEHOG SIGNALING EVENTS MEDIATED BY GLI PROTEINS		48	0.3828879	1.1747229	0.1920398	0.5157899	1.0	2845	tags=31%, list=19%, signal=38%	
HETEROTRIMERIC G-PROTEIN SIGNALING PATHWAY-GI ALPHA AND GS ALPHA MEDIATED PATHWAY%PANTHER PATHWAY%P00026	HETEROTRIMERIC G-PROTEIN SIGNALING PATHWAY-GI ALPHA AND GS ALPHA MEDIATED PATHWAY%PANTHER PATHWAY%P00026		80	0.35171378	1.1741626	0.16999051	0.51683825	1.0	1362	tags=24%, list=9%, signal=26%	
SIGNAL TRANSDUCTION BY L1%REACTOME DATABASE ID RELEASE 95%445144	SIGNAL TRANSDUCTION BY L1%REACTOME DATABASE ID RELEASE 95%445144		20	0.45842624	1.1734245	0.24245283	0.5183652	1.0	1503	tags=25%, list=10%, signal=28%	
RENIN ANGIOTENSIN ALDOSTERONE SYSTEM RAAS %WIKIPATHWAYS_20260211%WP4756%HOMO SAPIENS	RENIN ANGIOTENSIN ALDOSTERONE SYSTEM RAAS %WIKIPATHWAYS_20260211%WP4756%HOMO SAPIENS		24	0.4456503	1.173086	0.24392614	0.518829	1.0	2974	tags=33%, list=20%, signal=41%	
UPTAKE AND ACTIONS OF BACTERIAL TOXINS%REACTOME%R-HSA-5339562.5	UPTAKE AND ACTIONS OF BACTERIAL TOXINS%REACTOME%R-HSA-5339562.5		21	0.45667595	1.1729741	0.24387854	0.5186967	1.0	1553	tags=24%, list=10%, signal=27%	
B CELL RECEPTOR SIGNALING PATHWAY%GOBP%GO:0050853	B CELL RECEPTOR SIGNALING PATHWAY%GOBP%GO:0050853		33	0.4134584	1.1725907	0.22007722	0.519279	1.0	2263	tags=30%, list=15%, signal=36%	
CAFFEINE IN MYOCYTES%WIKIPATHWAYS_20260211%WP5603%HOMO SAPIENS	CAFFEINE IN MYOCYTES%WIKIPATHWAYS_20260211%WP5603%HOMO SAPIENS		18	0.47625965	1.171496	0.23577982	0.5217654	1.0	667	tags=22%, list=4%, signal=23%	
REGULATION OF LYMPHOCYTE PROLIFERATION%GOBP%GO:0050670	REGULATION OF LYMPHOCYTE PROLIFERATION%GOBP%GO:0050670		150	0.31669968	1.1711863	0.1319648	0.522167	1.0	1720	tags=18%, list=11%, signal=20%	
REGULATION OF HORMONE SECRETION%GOBP%GO:0046883	REGULATION OF HORMONE SECRETION%GOBP%GO:0046883		133	0.3247265	1.1710367	0.14503042	0.5221308	1.0	3128	tags=31%, list=21%, signal=39%	
HEART LOOPING%GOBP%GO:0001947	HEART LOOPING%GOBP%GO:0001947		30	0.4213596	1.1708075	0.24182358	0.5223101	1.0	1452	tags=23%, list=10%, signal=26%	
MBDNF AND PROBDNF REGULATION OF GABA NEUROTRANSMISSION%WIKIPATHWAYS_20260211%WP4829%HOMO SAPIENS	MBDNF AND PROBDNF REGULATION OF GABA NEUROTRANSMISSION%WIKIPATHWAYS_20260211%WP4829%HOMO SAPIENS		20	0.45663372	1.1702614	0.2517839	0.5232829	1.0	5168	tags=60%, list=34%, signal=91%	
PLATELET HOMEOSTASIS%REACTOME%R-HSA-418346.4	PLATELET HOMEOSTASIS%REACTOME%R-HSA-418346.4		74	0.35351735	1.1701703	0.17117989	0.5230623	1.0	2575	tags=30%, list=17%, signal=36%	
VISUAL PERCEPTION%GOBP%GO:0007601	VISUAL PERCEPTION%GOBP%GO:0007601		67	0.35726744	1.1701175	0.18260038	0.5227672	1.0	2449	tags=21%, list=16%, signal=25%	
PID_IL4_2PATHWAY%MSIGDB_C2%PID_IL4_2PATHWAY	PID_IL4_2PATHWAY%MSIGDB_C2%PID_IL4_2PATHWAY		46	0.3802756	1.1699867	0.20258193	0.522669	1.0	3135	tags=33%, list=21%, signal=41%	
POSITIVE REGULATION OF GLUCOSE METABOLIC PROCESS%GOBP%GO:0010907	POSITIVE REGULATION OF GLUCOSE METABOLIC PROCESS%GOBP%GO:0010907		26	0.4370661	1.1696444	0.22526935	0.5231527	1.0	2553	tags=35%, list=17%, signal=42%	
NEGATIVE REGULATION OF CELL ADHESION%GOBP%GO:0007162	NEGATIVE REGULATION OF CELL ADHESION%GOBP%GO:0007162		237	0.3058159	1.1696084	0.101253614	0.5228003	1.0	1494	tags=16%, list=10%, signal=18%	
HEDGEHOG%IOB%HEDGEHOG	HEDGEHOG%IOB%HEDGEHOG		23	0.44529405	1.1692533	0.2428712	0.52329665	1.0	576	tags=22%, list=4%, signal=23%	
HALLMARK_TGF_BETA_SIGNALING%MSIGDBHALLMARK%HALLMARK_TGF_BETA_SIGNALING	HALLMARK_TGF_BETA_SIGNALING%MSIGDBHALLMARK%HALLMARK_TGF_BETA_SIGNALING		43	0.39337587	1.1686648	0.20267686	0.52441156	1.0	2592	tags=23%, list=17%, signal=28%	
RESPONSE TO LIPID%GOBP%GO:0033993	RESPONSE TO LIPID%GOBP%GO:0033993		390	0.28912508	1.168602	0.06174089	0.52413696	1.0	2711	tags=24%, list=18%, signal=29%	
CIRCADIAN RHYTHM GENES%WIKIPATHWAYS_20260211%WP3594%HOMO SAPIENS	CIRCADIAN RHYTHM GENES%WIKIPATHWAYS_20260211%WP3594%HOMO SAPIENS		128	0.32683432	1.1682407	0.14426878	0.5246484	1.0	3693	tags=34%, list=25%, signal=45%	
CYTOKINE CYTOKINE RECEPTOR INTERACTION%WIKIPATHWAYS_20260211%WP5473%HOMO SAPIENS	CYTOKINE CYTOKINE RECEPTOR INTERACTION%WIKIPATHWAYS_20260211%WP5473%HOMO SAPIENS		170	0.3152744	1.1680506	0.12403101	0.5247261	1.0	2950	tags=29%, list=20%, signal=36%	
REGULATION OF ACTIN POLYMERIZATION OR DEPOLYMERIZATION%GOBP%GO:0008064	REGULATION OF ACTIN POLYMERIZATION OR DEPOLYMERIZATION%GOBP%GO:0008064		100	0.3352855	1.1675044	0.1597633	0.5257357	1.0	2806	tags=23%, list=19%, signal=28%	
REGULATION OF CDH1 GENE TRANSCRIPTION%REACTOME%R-HSA-9764560.1	REGULATION OF CDH1 GENE TRANSCRIPTION%REACTOME%R-HSA-9764560.1		57	0.36817816	1.1667655	0.19272369	0.5272976	1.0	3445	tags=26%, list=23%, signal=34%	
BIOCARTA_G1_PATHWAY%MSIGDB_C2%BIOCARTA_G1_PATHWAY	BIOCARTA_G1_PATHWAY%MSIGDB_C2%BIOCARTA_G1_PATHWAY		19	0.4631834	1.1667247	0.24637681	0.5269618	1.0	2684	tags=26%, list=18%, signal=32%	
CARBOXYTERMINAL POST-TRANSLATIONAL MODIFICATIONS OF TUBULIN%REACTOME DATABASE ID RELEASE 95%8955332	CARBOXYTERMINAL POST-TRANSLATIONAL MODIFICATIONS OF TUBULIN%REACTOME DATABASE ID RELEASE 95%8955332		31	0.4159387	1.1663303	0.24493927	0.52756816	1.0	2257	tags=29%, list=15%, signal=34%	
PROTEIN LOCALIZATION TO CHROMOSOME%GOBP%GO:0034502	PROTEIN LOCALIZATION TO CHROMOSOME%GOBP%GO:0034502		77	0.351069	1.1662637	0.17705242	0.52730125	1.0	4640	tags=38%, list=31%, signal=54%	
RETINA DEVELOPMENT IN CAMERA-TYPE EYE%GOBP%GO:0060041	RETINA DEVELOPMENT IN CAMERA-TYPE EYE%GOBP%GO:0060041		54	0.37117934	1.1641432	0.20077972	0.53260475	1.0	1833	tags=24%, list=12%, signal=27%	
RESPONSE TO PURINE-CONTAINING COMPOUND%GOBP%GO:0014074	RESPONSE TO PURINE-CONTAINING COMPOUND%GOBP%GO:0014074		62	0.3638495	1.1636467	0.18762279	0.5334954	1.0	2756	tags=31%, list=18%, signal=37%	
NEUROPEPTIDE SIGNALING PATHWAY%GOBP%GO:0007218	NEUROPEPTIDE SIGNALING PATHWAY%GOBP%GO:0007218		34	0.41047344	1.1635602	0.237	0.53327197	1.0	2422	tags=38%, list=16%, signal=45%	
CELLULAR RESPONSE TO CORTICOSTEROID STIMULUS%GOBP%GO:0071384	CELLULAR RESPONSE TO CORTICOSTEROID STIMULUS%GOBP%GO:0071384		23	0.4436794	1.16295	0.25243664	0.53448975	1.0	1994	tags=39%, list=13%, signal=45%	
NEURONAL SYSTEM%REACTOME%R-HSA-112316.9	NEURONAL SYSTEM%REACTOME%R-HSA-112316.9		273	0.29740325	1.1628026	0.09889001	0.5344514	1.0	1881	tags=21%, list=13%, signal=23%	
DORSAL/VENTRAL PATTERN FORMATION%GOBP%GO:0009953	DORSAL/VENTRAL PATTERN FORMATION%GOBP%GO:0009953		24	0.44388953	1.1624411	0.25443786	0.5350033	1.0	1796	tags=29%, list=12%, signal=33%	
CANCER PATHWAYS%WIKIPATHWAYS_20260211%WP5434%HOMO SAPIENS	CANCER PATHWAYS%WIKIPATHWAYS_20260211%WP5434%HOMO SAPIENS		359	0.28877357	1.1621023	0.081854045	0.5354775	1.0	2349	tags=20%, list=16%, signal=24%	
MELANOMA%WIKIPATHWAYS_20260211%WP4685%HOMO SAPIENS	MELANOMA%WIKIPATHWAYS_20260211%WP4685%HOMO SAPIENS		49	0.37876248	1.1618445	0.21324246	0.53571373	1.0	3033	tags=27%, list=20%, signal=33%	
HALLMARK_UV_RESPONSE_UP%MSIGDBHALLMARK%HALLMARK_UV_RESPONSE_UP	HALLMARK_UV_RESPONSE_UP%MSIGDBHALLMARK%HALLMARK_UV_RESPONSE_UP		123	0.32641113	1.1616784	0.15407263	0.5357376	1.0	1263	tags=14%, list=8%, signal=15%	
MONOATOMIC ION TRANSMEMBRANE TRANSPORT%GOBP%GO:0034220	MONOATOMIC ION TRANSMEMBRANE TRANSPORT%GOBP%GO:0034220		395	0.28665215	1.1615616	0.07528958	0.5356127	1.0	2888	tags=27%, list=19%, signal=33%	
POSITIVE REGULATION OF GTPASE ACTIVITY%GOBP%GO:0043547	POSITIVE REGULATION OF GTPASE ACTIVITY%GOBP%GO:0043547		76	0.35116822	1.161329	0.18877551	0.5358045	1.0	1840	tags=16%, list=12%, signal=18%	
REGULATION OF FAT CELL DIFFERENTIATION%GOBP%GO:0045598	REGULATION OF FAT CELL DIFFERENTIATION%GOBP%GO:0045598		93	0.34121278	1.1610103	0.17710371	0.53622794	1.0	2613	tags=27%, list=17%, signal=32%	
BIOCARTA_NUCLEARRS_PATHWAY%MSIGDB_C2%BIOCARTA_NUCLEARRS_PATHWAY	BIOCARTA_NUCLEARRS_PATHWAY%MSIGDB_C2%BIOCARTA_NUCLEARRS_PATHWAY		18	0.47185937	1.1602813	0.26331362	0.53777313	1.0	2555	tags=39%, list=17%, signal=47%	
POSITIVE REGULATION OF MYOBLAST DIFFERENTIATION%GOBP%GO:0045663	POSITIVE REGULATION OF MYOBLAST DIFFERENTIATION%GOBP%GO:0045663		33	0.40620312	1.1600612	0.22440945	0.5379443	1.0	2762	tags=36%, list=18%, signal=44%	
REGULATION OF LYMPHOCYTE ACTIVATION%GOBP%GO:0051249	REGULATION OF LYMPHOCYTE ACTIVATION%GOBP%GO:0051249		377	0.2868167	1.1599517	0.07925636	0.5378051	1.0	2622	tags=22%, list=17%, signal=26%	
METABOTROPIC GLUTAMATE RECEPTOR GROUP I PATHWAY%PANTHER PATHWAY%P00041	METABOTROPIC GLUTAMATE RECEPTOR GROUP I PATHWAY%PANTHER PATHWAY%P00041		15	0.49307907	1.1588581	0.28516003	0.5404127	1.0	2259	tags=33%, list=15%, signal=39%	
RESPONSE TO CALCIUM ION%GOBP%GO:0051592	RESPONSE TO CALCIUM ION%GOBP%GO:0051592		83	0.34493864	1.1580446	0.18066406	0.5421713	1.0	1385	tags=18%, list=9%, signal=20%	
MALE GONAD DEVELOPMENT%GOBP%GO:0008584	MALE GONAD DEVELOPMENT%GOBP%GO:0008584		37	0.39582762	1.157488	0.23215985	0.54326177	1.0	3391	tags=38%, list=23%, signal=49%	
POSITIVE REGULATION OF POSITIVE CHEMOTAXIS%GOBP%GO:0050927	POSITIVE REGULATION OF POSITIVE CHEMOTAXIS%GOBP%GO:0050927		15	0.48802188	1.1563351	0.25998053	0.5460188	1.0	940	tags=27%, list=6%, signal=28%	
LIPID TRANSLOCATION%GOBP%GO:0034204	LIPID TRANSLOCATION%GOBP%GO:0034204		40	0.39278448	1.1553576	0.2407767	0.54829735	1.0	3478	tags=40%, list=23%, signal=52%	
DEATH RECEPTOR SIGNALING%REACTOME DATABASE ID RELEASE 95%73887	DEATH RECEPTOR SIGNALING%REACTOME DATABASE ID RELEASE 95%73887		151	0.31533006	1.1553264	0.14829268	0.54792964	1.0	2330	tags=19%, list=16%, signal=22%	
PHOTORECEPTOR CELL DIFFERENTIATION%GOBP%GO:0046530	PHOTORECEPTOR CELL DIFFERENTIATION%GOBP%GO:0046530		33	0.40328288	1.1549631	0.21640316	0.5484728	1.0	3439	tags=45%, list=23%, signal=59%	
G-PROTEIN ACTIVATION%REACTOME DATABASE ID RELEASE 95%202040	G-PROTEIN ACTIVATION%REACTOME DATABASE ID RELEASE 95%202040		17	0.47139722	1.154746	0.2857143	0.5486575	1.0	1294	tags=24%, list=9%, signal=26%	
ACTIN FILAMENT-BASED PROCESS%GOBP%GO:0030029	ACTIN FILAMENT-BASED PROCESS%GOBP%GO:0030029		498	0.27933314	1.1545843	0.06429943	0.54865086	1.0	1818	tags=17%, list=12%, signal=19%	
POSITIVE CHEMOTAXIS%GOBP%GO:0050918	POSITIVE CHEMOTAXIS%GOBP%GO:0050918		19	0.4606749	1.1538539	0.26337448	0.5501986	1.0	1818	tags=21%, list=12%, signal=24%	
SENSORY PROCESSING OF SOUND BY OUTER HAIR CELLS OF THE COCHLEA%REACTOME DATABASE ID RELEASE 95%9662361	SENSORY PROCESSING OF SOUND BY OUTER HAIR CELLS OF THE COCHLEA%REACTOME DATABASE ID RELEASE 95%9662361		42	0.3922892	1.1536603	0.2423945	0.55028623	1.0	1545	tags=19%, list=10%, signal=21%	
RELAXATION OF MUSCLE%GOBP%GO:0090075	RELAXATION OF MUSCLE%GOBP%GO:0090075		15	0.48834336	1.153388	0.27219513	0.5505808	1.0	2570	tags=40%, list=17%, signal=48%	
POSITIVE REGULATION OF OSTEOCLAST DIFFERENTIATION%GOBP%GO:0045672	POSITIVE REGULATION OF OSTEOCLAST DIFFERENTIATION%GOBP%GO:0045672		15	0.48498917	1.1532074	0.2667304	0.55063295	1.0	1434	tags=20%, list=10%, signal=22%	
PID_ATF2_PATHWAY%MSIGDB_C2%PID_ATF2_PATHWAY	PID_ATF2_PATHWAY%MSIGDB_C2%PID_ATF2_PATHWAY		50	0.37514794	1.1526972	0.23842365	0.5515914	1.0	3097	tags=32%, list=21%, signal=40%	
ACTIN CYTOSKELETON ORGANIZATION%GOBP%GO:0030036	ACTIN CYTOSKELETON ORGANIZATION%GOBP%GO:0030036		441	0.28254604	1.1522481	0.06506506	0.5523283	1.0	1818	tags=17%, list=12%, signal=18%	
POSITIVE REGULATION OF EPIDERMAL CELL DIFFERENTIATION%GOBP%GO:0045606	POSITIVE REGULATION OF EPIDERMAL CELL DIFFERENTIATION%GOBP%GO:0045606		19	0.46525857	1.1520811	0.2677702	0.55231273	1.0	955	tags=21%, list=6%, signal=22%	
RESPONSE TO CORTICOSTEROID%GOBP%GO:0031960	RESPONSE TO CORTICOSTEROID%GOBP%GO:0031960		32	0.40844834	1.1520201	0.2514677	0.5520241	1.0	1994	tags=31%, list=13%, signal=36%	
PKA ACTIVATION IN GLUCAGON SIGNALLING%REACTOME DATABASE ID RELEASE 95%164378	PKA ACTIVATION IN GLUCAGON SIGNALLING%REACTOME DATABASE ID RELEASE 95%164378		16	0.4821347	1.1519799	0.2855769	0.55167556	1.0	1881	tags=31%, list=13%, signal=36%	
AXON GUIDANCE%WIKIPATHWAYS_20260211%WP5289%HOMO SAPIENS	AXON GUIDANCE%WIKIPATHWAYS_20260211%WP5289%HOMO SAPIENS		56	0.3675364	1.1518723	0.21953675	0.55150837	1.0	1540	tags=20%, list=10%, signal=22%	
CALMODULIN INDUCED EVENTS%REACTOME DATABASE ID RELEASE 95%111933	CALMODULIN INDUCED EVENTS%REACTOME DATABASE ID RELEASE 95%111933		31	0.40733835	1.1507422	0.24832855	0.5542062	1.0	1881	tags=23%, list=13%, signal=26%	
NEGATIVE REGULATION OF EPITHELIAL CELL PROLIFERATION%GOBP%GO:0050680	NEGATIVE REGULATION OF EPITHELIAL CELL PROLIFERATION%GOBP%GO:0050680		75	0.34943643	1.1507336	0.20197044	0.55378103	1.0	1193	tags=16%, list=8%, signal=17%	
POSITIVE REGULATION OF EPIDERMIS DEVELOPMENT%GOBP%GO:0045684	POSITIVE REGULATION OF EPIDERMIS DEVELOPMENT%GOBP%GO:0045684		22	0.44454077	1.1505042	0.26321036	0.5539341	1.0	955	tags=18%, list=6%, signal=19%	
GLUCAGON-LIKE PEPTIDE-1 (GLP1) REGULATES INSULIN SECRETION%REACTOME DATABASE ID RELEASE 95%381676	GLUCAGON-LIKE PEPTIDE-1 (GLP1) REGULATES INSULIN SECRETION%REACTOME DATABASE ID RELEASE 95%381676		33	0.40259662	1.1504859	0.24515504	0.5535381	1.0	2575	tags=30%, list=17%, signal=36%	
PID_AJDISS_2PATHWAY%MSIGDB_C2%PID_AJDISS_2PATHWAY	PID_AJDISS_2PATHWAY%MSIGDB_C2%PID_AJDISS_2PATHWAY		37	0.3940078	1.1494974	0.233	0.55579764	1.0	1571	tags=19%, list=10%, signal=21%	
CELLULAR RESPONSE TO CALCIUM ION%GOBP%GO:0071277	CELLULAR RESPONSE TO CALCIUM ION%GOBP%GO:0071277		49	0.37245867	1.1493685	0.23546799	0.55569714	1.0	3480	tags=35%, list=23%, signal=45%	
STIMULI-SENSING CHANNELS%REACTOME%R-HSA-2672351.7	STIMULI-SENSING CHANNELS%REACTOME%R-HSA-2672351.7		79	0.34151682	1.1492326	0.20766129	0.5556141	1.0	2994	tags=32%, list=20%, signal=39%	
CELLULAR RESPONSE TO TUMOR NECROSIS FACTOR%GOBP%GO:0071356	CELLULAR RESPONSE TO TUMOR NECROSIS FACTOR%GOBP%GO:0071356		86	0.3356005	1.1490017	0.2	0.5558077	1.0	2663	tags=22%, list=18%, signal=27%	
REGULATION OF LEUKOCYTE ADHESION TO VASCULAR ENDOTHELIAL CELL%GOBP%GO:1904994	REGULATION OF LEUKOCYTE ADHESION TO VASCULAR ENDOTHELIAL CELL%GOBP%GO:1904994		25	0.43135366	1.14899	0.26213592	0.55537933	1.0	2838	tags=32%, list=19%, signal=39%	
RESPONSE TO COPPER ION%GOBP%GO:0046688	RESPONSE TO COPPER ION%GOBP%GO:0046688		18	0.46799016	1.1485959	0.2798077	0.5560109	1.0	3317	tags=50%, list=22%, signal=64%	
RESPONSE TO RADIATION%GOBP%GO:0009314	RESPONSE TO RADIATION%GOBP%GO:0009314		249	0.2959897	1.1483682	0.11943128	0.55619323	1.0	3109	tags=24%, list=21%, signal=29%	
NEGATIVE REGULATION OF PHOSPHORYLATION%GOBP%GO:0042326	NEGATIVE REGULATION OF PHOSPHORYLATION%GOBP%GO:0042326		109	0.32970122	1.1473521	0.17984189	0.5585893	1.0	2341	tags=19%, list=16%, signal=23%	
RESPONSE TO WOUNDING%GOBP%GO:0009611	RESPONSE TO WOUNDING%GOBP%GO:0009611		260	0.29309705	1.1472335	0.11	0.5584623	1.0	1681	tags=16%, list=11%, signal=18%	
SENSORY PERCEPTION OF SWEET, BITTER, AND UMAMI (GLUTAMATE) TASTE%REACTOME%R-HSA-9717207.2	SENSORY PERCEPTION OF SWEET, BITTER, AND UMAMI (GLUTAMATE) TASTE%REACTOME%R-HSA-9717207.2		16	0.4775077	1.1467026	0.28557506	0.5594694	1.0	3343	tags=50%, list=22%, signal=64%	
BIOCARTA_HIVNEF_PATHWAY%MSIGDB_C2%BIOCARTA_HIVNEF_PATHWAY	BIOCARTA_HIVNEF_PATHWAY%MSIGDB_C2%BIOCARTA_HIVNEF_PATHWAY		43	0.38401204	1.1464732	0.22610483	0.55963874	1.0	2663	tags=23%, list=18%, signal=28%	
POSITIVE REGULATION OF SUPRAMOLECULAR FIBER ORGANIZATION%GOBP%GO:1902905	POSITIVE REGULATION OF SUPRAMOLECULAR FIBER ORGANIZATION%GOBP%GO:1902905		138	0.31631243	1.1461655	0.16281407	0.56005293	1.0	2256	tags=19%, list=15%, signal=22%	
MIR TARGETED GENES IN MUSCLE CELL%WIKIPATHWAYS_20260211%WP2005%HOMO SAPIENS	MIR TARGETED GENES IN MUSCLE CELL%WIKIPATHWAYS_20260211%WP2005%HOMO SAPIENS		263	0.2952534	1.1461453	0.12280702	0.5596497	1.0	1894	tags=15%, list=13%, signal=17%	
REGULATION OF SYNAPSE ORGANIZATION%GOBP%GO:0050807	REGULATION OF SYNAPSE ORGANIZATION%GOBP%GO:0050807		137	0.31626454	1.1461148	0.15583174	0.55929	1.0	1780	tags=21%, list=12%, signal=24%	
CAM PATHWAY%REACTOME DATABASE ID RELEASE 95%111997	CAM PATHWAY%REACTOME DATABASE ID RELEASE 95%111997		31	0.40733835	1.1447502	0.24657534	0.56262165	1.0	1881	tags=23%, list=13%, signal=26%	
SEMAPHORIN INTERACTIONS%REACTOME%R-HSA-373755.3	SEMAPHORIN INTERACTIONS%REACTOME%R-HSA-373755.3		63	0.36352286	1.144601	0.22664016	0.5625826	1.0	1097	tags=13%, list=7%, signal=14%	
MITOTIC G2 DNA DAMAGE CHECKPOINT SIGNALING%GOBP%GO:0007095	MITOTIC G2 DNA DAMAGE CHECKPOINT SIGNALING%GOBP%GO:0007095		31	0.40604034	1.143947	0.26530612	0.5639315	1.0	3563	tags=29%, list=24%, signal=38%	
FORMATION OF TUBULIN FOLDING INTERMEDIATES BY CCT TRIC%REACTOME%R-HSA-389960.4	FORMATION OF TUBULIN FOLDING INTERMEDIATES BY CCT TRIC%REACTOME%R-HSA-389960.4		19	0.45764324	1.1436925	0.2729064	0.56419975	1.0	2257	tags=21%, list=15%, signal=25%	
TRANSCRIPTIONAL REGULATION BY NPAS4%REACTOME%R-HSA-9634815.4	TRANSCRIPTIONAL REGULATION BY NPAS4%REACTOME%R-HSA-9634815.4		29	0.41405088	1.1435313	0.2646213	0.56420213	1.0	2642	tags=21%, list=18%, signal=25%	
DETERMINATION OF HEART LEFT/RIGHT ASYMMETRY%GOBP%GO:0061371	DETERMINATION OF HEART LEFT/RIGHT ASYMMETRY%GOBP%GO:0061371		31	0.4082573	1.1431422	0.2696737	0.5648712	1.0	2326	tags=29%, list=15%, signal=34%	
NEGATIVE REGULATION OF BMP SIGNALING PATHWAY%GOBP%GO:0030514	NEGATIVE REGULATION OF BMP SIGNALING PATHWAY%GOBP%GO:0030514		36	0.39652643	1.1425654	0.25	0.5660923	1.0	1576	tags=22%, list=10%, signal=25%	
NEPHRIN FAMILY INTERACTIONS%REACTOME DATABASE ID RELEASE 95%373753	NEPHRIN FAMILY INTERACTIONS%REACTOME DATABASE ID RELEASE 95%373753		17	0.46635905	1.1425493	0.27895266	0.56568146	1.0	2782	tags=29%, list=19%, signal=36%	
PDGFR-ALPHA SIGNALING PATHWAY%PATHWAY INTERACTION DATABASE NCI-NATURE CURATED DATA%PDGFR-ALPHA SIGNALING PATHWAY	PDGFR-ALPHA SIGNALING PATHWAY%PATHWAY INTERACTION DATABASE NCI-NATURE CURATED DATA%PDGFR-ALPHA SIGNALING PATHWAY		21	0.44361416	1.14224	0.26346153	0.56612414	1.0	2215	tags=29%, list=15%, signal=33%	
REGULATION OF POSITIVE CHEMOTAXIS%GOBP%GO:0050926	REGULATION OF POSITIVE CHEMOTAXIS%GOBP%GO:0050926		16	0.4788271	1.1416159	0.29716024	0.5673917	1.0	940	tags=25%, list=6%, signal=27%	
L1CAM INTERACTIONS%REACTOME%R-HSA-373760.4	L1CAM INTERACTIONS%REACTOME%R-HSA-373760.4		90	0.33509588	1.1413988	0.21589793	0.5675486	1.0	2766	tags=34%, list=18%, signal=42%	
POSITIVE REGULATION OF ACTIN FILAMENT POLYMERIZATION%GOBP%GO:0030838	POSITIVE REGULATION OF ACTIN FILAMENT POLYMERIZATION%GOBP%GO:0030838		39	0.38514778	1.1411572	0.2468416	0.5677697	1.0	3093	tags=28%, list=21%, signal=35%	
M-DECAY: DEGRADATION OF MATERNAL MRNAS BY MATERNALLY STORED FACTORS%REACTOME DATABASE ID RELEASE 95%9820841	M-DECAY: DEGRADATION OF MATERNAL MRNAS BY MATERNALLY STORED FACTORS%REACTOME DATABASE ID RELEASE 95%9820841		23	0.43265975	1.1403996	0.26965174	0.56945515	1.0	1736	tags=17%, list=12%, signal=20%	
REGULATION OF METAL ION TRANSPORT%GOBP%GO:0010959	REGULATION OF METAL ION TRANSPORT%GOBP%GO:0010959		221	0.29704973	1.1400871	0.13937622	0.5698778	1.0	2782	tags=26%, list=19%, signal=32%	
SECONDARY PALATE DEVELOPMENT%GOBP%GO:0062009	SECONDARY PALATE DEVELOPMENT%GOBP%GO:0062009		16	0.47122845	1.1399953	0.29863814	0.5696722	1.0	1568	tags=31%, list=10%, signal=35%	
REGULATION OF PEPTIDE HORMONE SECRETION%GOBP%GO:0090276	REGULATION OF PEPTIDE HORMONE SECRETION%GOBP%GO:0090276		106	0.32695276	1.1399513	0.2055336	0.56933796	1.0	3085	tags=29%, list=21%, signal=37%	
PEPTIDE METABOLIC PROCESS%GOBP%GO:0006518	PEPTIDE METABOLIC PROCESS%GOBP%GO:0006518		38	0.3901438	1.1397129	0.2534113	0.5695798	1.0	1498	tags=26%, list=10%, signal=29%	
SUMOYLATION OF TRANSCRIPTION FACTORS%REACTOME DATABASE ID RELEASE 95%3232118	SUMOYLATION OF TRANSCRIPTION FACTORS%REACTOME DATABASE ID RELEASE 95%3232118		16	0.47373235	1.1394876	0.2959381	0.5697458	1.0	3168	tags=38%, list=21%, signal=47%	
POSITIVE REGULATION OF CYCLASE ACTIVITY%GOBP%GO:0031281	POSITIVE REGULATION OF CYCLASE ACTIVITY%GOBP%GO:0031281		19	0.4532961	1.1393853	0.28236493	0.56957424	1.0	1380	tags=26%, list=9%, signal=29%	
NEGATIVE REGULATION OF CHEMOTAXIS%GOBP%GO:0050922	NEGATIVE REGULATION OF CHEMOTAXIS%GOBP%GO:0050922		29	0.41082343	1.1392381	0.2480315	0.5695405	1.0	3031	tags=34%, list=20%, signal=43%	
PID_CASPASE_PATHWAY%MSIGDB_C2%PID_CASPASE_PATHWAY	PID_CASPASE_PATHWAY%MSIGDB_C2%PID_CASPASE_PATHWAY		39	0.38779968	1.1389971	0.25368732	0.56976324	1.0	2615	tags=18%, list=17%, signal=22%	
REGULATION OF CELL DEVELOPMENT%GOBP%GO:0060284	REGULATION OF CELL DEVELOPMENT%GOBP%GO:0060284		496	0.27455783	1.138933	0.0872093	0.5694854	1.0	3151	tags=24%, list=21%, signal=29%	
MESODERMAL COMMITMENT PATHWAY%WIKIPATHWAYS_20260211%WP2857%HOMO SAPIENS	MESODERMAL COMMITMENT PATHWAY%WIKIPATHWAYS_20260211%WP2857%HOMO SAPIENS		107	0.32614157	1.138679	0.198364	0.56973517	1.0	2413	tags=29%, list=16%, signal=34%	
POSITIVE REGULATION OF LYMPHOCYTE CHEMOTAXIS%GOBP%GO:0140131	POSITIVE REGULATION OF LYMPHOCYTE CHEMOTAXIS%GOBP%GO:0140131		16	0.46522686	1.1382877	0.29457363	0.57042086	1.0	3555	tags=38%, list=24%, signal=49%	
REGULATION OF PEPTIDE SECRETION%GOBP%GO:0002791	REGULATION OF PEPTIDE SECRETION%GOBP%GO:0002791		107	0.3256388	1.1381115	0.20523138	0.570463	1.0	3085	tags=29%, list=21%, signal=36%	
VESICLE-MEDIATED TRANSPORT IN SYNAPSE%GOBP%GO:0099003	VESICLE-MEDIATED TRANSPORT IN SYNAPSE%GOBP%GO:0099003		85	0.33478916	1.1380308	0.21088435	0.5702296	1.0	669	tags=13%, list=4%, signal=13%	
REGULATION OF ORGANIC ACID TRANSPORT%GOBP%GO:0032890	REGULATION OF ORGANIC ACID TRANSPORT%GOBP%GO:0032890		32	0.4078488	1.1376008	0.27681306	0.5709958	1.0	2433	tags=28%, list=16%, signal=33%	
TELENCEPHALON CELL MIGRATION%GOBP%GO:0022029	TELENCEPHALON CELL MIGRATION%GOBP%GO:0022029		22	0.43816698	1.1374943	0.29158318	0.5708497	1.0	2587	tags=27%, list=17%, signal=33%	
PATTERN SPECIFICATION PROCESS%GOBP%GO:0007389	PATTERN SPECIFICATION PROCESS%GOBP%GO:0007389		177	0.30370143	1.1370718	0.16809116	0.5715868	1.0	2633	tags=24%, list=18%, signal=28%	
POSITIVE REGULATION OF AXONOGENESIS%GOBP%GO:0050772	POSITIVE REGULATION OF AXONOGENESIS%GOBP%GO:0050772		36	0.3870299	1.1365488	0.25739646	0.57261795	1.0	3821	tags=44%, list=25%, signal=59%	
DEVELOPMENT OF PRIMARY MALE SEXUAL CHARACTERISTICS%GOBP%GO:0046546	DEVELOPMENT OF PRIMARY MALE SEXUAL CHARACTERISTICS%GOBP%GO:0046546		38	0.38547742	1.1364746	0.26444662	0.57236683	1.0	3391	tags=37%, list=23%, signal=47%	
EPITHELIAL TO MESENCHYMAL TRANSITION IN COLORECTAL CANCER%WIKIPATHWAYS_20260211%WP4239%HOMO SAPIENS	EPITHELIAL TO MESENCHYMAL TRANSITION IN COLORECTAL CANCER%WIKIPATHWAYS_20260211%WP4239%HOMO SAPIENS		121	0.31905952	1.1362793	0.18031189	0.5724644	1.0	2021	tags=24%, list=13%, signal=27%	
CIRCULATORY SYSTEM PROCESS%GOBP%GO:0003013	CIRCULATORY SYSTEM PROCESS%GOBP%GO:0003013		303	0.2863239	1.1360719	0.11380597	0.5726104	1.0	1610	tags=19%, list=11%, signal=21%	
REGULATION OF MONOATOMIC ION TRANSPORT%GOBP%GO:0043269	REGULATION OF MONOATOMIC ION TRANSPORT%GOBP%GO:0043269		251	0.29500613	1.1358497	0.13969171	0.57279336	1.0	2674	tags=25%, list=18%, signal=31%	
FOREBRAIN CELL MIGRATION%GOBP%GO:0021885	FOREBRAIN CELL MIGRATION%GOBP%GO:0021885		23	0.43777204	1.1346747	0.28382504	0.57565135	1.0	2587	tags=26%, list=17%, signal=31%	
REGULATION OF ALTERNATIVE MRNA SPLICING, VIA SPLICEOSOME%GOBP%GO:0000381	REGULATION OF ALTERNATIVE MRNA SPLICING, VIA SPLICEOSOME%GOBP%GO:0000381		60	0.35490698	1.1345433	0.2246866	0.57557315	1.0	1797	tags=18%, list=12%, signal=21%	
PROTEIN TRANSPORT ALONG MICROTUBULE%GOBP%GO:0098840	PROTEIN TRANSPORT ALONG MICROTUBULE%GOBP%GO:0098840		19	0.45020404	1.1343455	0.28333333	0.575685	1.0	3793	tags=58%, list=25%, signal=77%	
FORMATION OF THE CANONICAL BAF (CBAF) COMPLEX%REACTOME DATABASE ID RELEASE 95%9933937	FORMATION OF THE CANONICAL BAF (CBAF) COMPLEX%REACTOME DATABASE ID RELEASE 95%9933937		17	0.4621444	1.1342775	0.2947977	0.5754432	1.0	2762	tags=35%, list=18%, signal=43%	
OVARIAN INFERTILITY%WIKIPATHWAYS_20260211%WP34%HOMO SAPIENS	OVARIAN INFERTILITY%WIKIPATHWAYS_20260211%WP34%HOMO SAPIENS		24	0.42794225	1.1339922	0.2897959	0.5758027	1.0	2684	tags=29%, list=18%, signal=35%	
REGULATION OF FILOPODIUM ASSEMBLY%GOBP%GO:0051489	REGULATION OF FILOPODIUM ASSEMBLY%GOBP%GO:0051489		38	0.3903289	1.133775	0.2552343	0.5759897	1.0	371	tags=11%, list=2%, signal=11%	
EMBRYONIC APPENDAGE MORPHOGENESIS%GOBP%GO:0035113	EMBRYONIC APPENDAGE MORPHOGENESIS%GOBP%GO:0035113		35	0.39413413	1.1325809	0.26020893	0.57897246	1.0	2326	tags=31%, list=15%, signal=37%	
NPAS4 REGULATES EXPRESSION OF TARGET GENES%REACTOME%R-HSA-9768919.3	NPAS4 REGULATES EXPRESSION OF TARGET GENES%REACTOME%R-HSA-9768919.3		17	0.46567237	1.1324983	0.27793974	0.57875144	1.0	137	tags=12%, list=1%, signal=12%	
CELLULAR RESPONSE TO HYDROGEN PEROXIDE%GOBP%GO:0070301	CELLULAR RESPONSE TO HYDROGEN PEROXIDE%GOBP%GO:0070301		33	0.40139535	1.132362	0.27722773	0.5786765	1.0	309	tags=9%, list=2%, signal=9%	
CRANIAL NERVE DEVELOPMENT%GOBP%GO:0021545	CRANIAL NERVE DEVELOPMENT%GOBP%GO:0021545		18	0.46249604	1.1319275	0.30777097	0.5794657	1.0	2471	tags=39%, list=16%, signal=46%	
REGULATION OF SYNAPSE STRUCTURE OR ACTIVITY%GOBP%GO:0050803	REGULATION OF SYNAPSE STRUCTURE OR ACTIVITY%GOBP%GO:0050803		140	0.31069157	1.1317239	0.18773946	0.57958394	1.0	1780	tags=21%, list=12%, signal=23%	
REGULATION OF SYNAPSE ASSEMBLY%GOBP%GO:0051963	REGULATION OF SYNAPSE ASSEMBLY%GOBP%GO:0051963		76	0.3403598	1.1316985	0.22340426	0.579199	1.0	1780	tags=22%, list=12%, signal=25%	
NON SMALL CELL LUNG CANCER%WIKIPATHWAYS_20260211%WP4255%HOMO SAPIENS	NON SMALL CELL LUNG CANCER%WIKIPATHWAYS_20260211%WP4255%HOMO SAPIENS		62	0.35357806	1.1311904	0.21511628	0.5801888	1.0	1647	tags=16%, list=11%, signal=18%	
G1 PHASE%REACTOME%R-HSA-69236.6	G1 PHASE%REACTOME%R-HSA-69236.6		45	0.37581474	1.1311003	0.24177949	0.579987	1.0	2337	tags=24%, list=16%, signal=29%	
POSITIVE REGULATION OF DNA METABOLIC PROCESS%GOBP%GO:0051054	POSITIVE REGULATION OF DNA METABOLIC PROCESS%GOBP%GO:0051054		228	0.2951472	1.1309657	0.15815324	0.57991576	1.0	3244	tags=23%, list=22%, signal=29%	
POSITIVE REGULATION OF EPIDERMAL GROWTH FACTOR RECEPTOR SIGNALING PATHWAY%GOBP%GO:0045742	POSITIVE REGULATION OF EPIDERMAL GROWTH FACTOR RECEPTOR SIGNALING PATHWAY%GOBP%GO:0045742		27	0.41651714	1.1306918	0.27149758	0.5802173	1.0	1539	tags=19%, list=10%, signal=21%	
NEGATIVE REGULATION OF ACTIN FILAMENT DEPOLYMERIZATION%GOBP%GO:0030835	NEGATIVE REGULATION OF ACTIN FILAMENT DEPOLYMERIZATION%GOBP%GO:0030835		20	0.44755995	1.1305866	0.3041709	0.58006305	1.0	3527	tags=40%, list=23%, signal=52%	
PROSTAGLANDIN SYNTHESIS AND REGULATION%WIKIPATHWAYS_20260211%WP98%HOMO SAPIENS	PROSTAGLANDIN SYNTHESIS AND REGULATION%WIKIPATHWAYS_20260211%WP98%HOMO SAPIENS		35	0.39116603	1.1302928	0.2778325	0.58045095	1.0	4259	tags=49%, list=28%, signal=68%	
REGIONALIZATION%GOBP%GO:0003002	REGIONALIZATION%GOBP%GO:0003002		155	0.3086172	1.1301941	0.18629344	0.5802837	1.0	4274	tags=43%, list=28%, signal=59%	
INORGANIC ION IMPORT ACROSS PLASMA MEMBRANE%GOBP%GO:0099587	INORGANIC ION IMPORT ACROSS PLASMA MEMBRANE%GOBP%GO:0099587		68	0.348831	1.1301031	0.25244617	0.58008546	1.0	2888	tags=34%, list=19%, signal=42%	
REGULATION OF TP53 DEGRADATION%REACTOME%R-HSA-6804757.3	REGULATION OF TP53 DEGRADATION%REACTOME%R-HSA-6804757.3		36	0.3885203	1.129815	0.2671371	0.5804834	1.0	3032	tags=31%, list=20%, signal=38%	
PROTEIN LOCALIZATION TO SITE OF DOUBLE-STRAND BREAK%GOBP%GO:1990166	PROTEIN LOCALIZATION TO SITE OF DOUBLE-STRAND BREAK%GOBP%GO:1990166		15	0.4758446	1.1296594	0.30241546	0.58048755	1.0	234	tags=7%, list=2%, signal=7%	
POSITIVE REGULATION OF CALCIUM ION TRANSMEMBRANE TRANSPORT%GOBP%GO:1904427	POSITIVE REGULATION OF CALCIUM ION TRANSMEMBRANE TRANSPORT%GOBP%GO:1904427		36	0.3896107	1.1295873	0.25834972	0.5802417	1.0	1791	tags=25%, list=12%, signal=28%	
CYTOKINE PRODUCTION%GOBP%GO:0001816	CYTOKINE PRODUCTION%GOBP%GO:0001816		16	0.4664681	1.1290287	0.29451397	0.5813816	1.0	1458	tags=38%, list=10%, signal=41%	
FGF SIGNALING PATHWAY%PATHWAY INTERACTION DATABASE NCI-NATURE CURATED DATA%FGF SIGNALING PATHWAY	FGF SIGNALING PATHWAY%PATHWAY INTERACTION DATABASE NCI-NATURE CURATED DATA%FGF SIGNALING PATHWAY		43	0.37966636	1.1287022	0.25119388	0.5818734	1.0	1640	tags=23%, list=11%, signal=26%	
PID_ENDOTHELIN_PATHWAY%MSIGDB_C2%PID_ENDOTHELIN_PATHWAY	PID_ENDOTHELIN_PATHWAY%MSIGDB_C2%PID_ENDOTHELIN_PATHWAY		43	0.37784806	1.1286017	0.25641027	0.581722	1.0	1835	tags=21%, list=12%, signal=24%	
NEGATIVE REGULATION OF PLASMA MEMBRANE BOUNDED CELL PROJECTION ASSEMBLY%GOBP%GO:0120033	NEGATIVE REGULATION OF PLASMA MEMBRANE BOUNDED CELL PROJECTION ASSEMBLY%GOBP%GO:0120033		40	0.38089663	1.1282718	0.26845637	0.58220255	1.0	1973	tags=28%, list=13%, signal=32%	
STEM CELL PROLIFERATION%GOBP%GO:0072089	STEM CELL PROLIFERATION%GOBP%GO:0072089		22	0.4344249	1.1279927	0.29092702	0.58251625	1.0	1944	tags=32%, list=13%, signal=36%	
HALLMARK_HEDGEHOG_SIGNALING%MSIGDBHALLMARK%HALLMARK_HEDGEHOG_SIGNALING	HALLMARK_HEDGEHOG_SIGNALING%MSIGDBHALLMARK%HALLMARK_HEDGEHOG_SIGNALING		27	0.41234213	1.1279727	0.2826923	0.582127	1.0	4812	tags=52%, list=32%, signal=76%	
SPINDLE ASSEMBLY CHECKPOINT SIGNALING%GOBP%GO:0071173	SPINDLE ASSEMBLY CHECKPOINT SIGNALING%GOBP%GO:0071173		27	0.41408947	1.1267213	0.28421053	0.5852763	1.0	4622	tags=44%, list=31%, signal=64%	
CARDIAC MUSCLE CELL CONTRACTION%GOBP%GO:0086003	CARDIAC MUSCLE CELL CONTRACTION%GOBP%GO:0086003		43	0.37223393	1.1265663	0.24066797	0.58528244	1.0	2766	tags=44%, list=18%, signal=54%	
REGULATION OF ANTIGEN RECEPTOR-MEDIATED SIGNALING PATHWAY%GOBP%GO:0050854	REGULATION OF ANTIGEN RECEPTOR-MEDIATED SIGNALING PATHWAY%GOBP%GO:0050854		65	0.34664696	1.1265614	0.22395326	0.5848471	1.0	2600	tags=22%, list=17%, signal=26%	
POSITIVE REGULATION OF APOPTOTIC PROCESS%GOBP%GO:0043065	POSITIVE REGULATION OF APOPTOTIC PROCESS%GOBP%GO:0043065		363	0.2799824	1.1264112	0.11549567	0.58482933	1.0	2524	tags=22%, list=17%, signal=26%	
HEART CONTRACTION%GOBP%GO:0060047	HEART CONTRACTION%GOBP%GO:0060047		65	0.34785828	1.1262654	0.252588	0.5847677	1.0	2766	tags=40%, list=18%, signal=49%	
MICROTUBULE-BASED PROTEIN TRANSPORT%GOBP%GO:0099118	MICROTUBULE-BASED PROTEIN TRANSPORT%GOBP%GO:0099118		19	0.45020404	1.1262153	0.31262326	0.58444947	1.0	3793	tags=58%, list=25%, signal=77%	
MITOTIC SPINDLE ASSEMBLY CHECKPOINT SIGNALING%GOBP%GO:0007094	MITOTIC SPINDLE ASSEMBLY CHECKPOINT SIGNALING%GOBP%GO:0007094		27	0.41408947	1.1260054	0.272	0.5845883	1.0	4622	tags=44%, list=31%, signal=64%	
CYCLIN D ASSOCIATED EVENTS IN G1%REACTOME DATABASE ID RELEASE 95%69231	CYCLIN D ASSOCIATED EVENTS IN G1%REACTOME DATABASE ID RELEASE 95%69231		45	0.37581474	1.1258237	0.26032662	0.58464104	1.0	2337	tags=24%, list=16%, signal=29%	
SYNAPTIC VESICLE CYCLE%GOBP%GO:0099504	SYNAPTIC VESICLE CYCLE%GOBP%GO:0099504		83	0.3363312	1.1257277	0.23353294	0.58446574	1.0	669	tags=13%, list=4%, signal=14%	
PROTEIN DEPOLYMERIZATION%GOBP%GO:0051261	PROTEIN DEPOLYMERIZATION%GOBP%GO:0051261		32	0.39726347	1.1255466	0.27123553	0.584506	1.0	3448	tags=31%, list=23%, signal=40%	
NEGATIVE REGULATION OF CELL CYCLE G1/S PHASE TRANSITION%GOBP%GO:1902807	NEGATIVE REGULATION OF CELL CYCLE G1/S PHASE TRANSITION%GOBP%GO:1902807		48	0.3678123	1.1253455	0.25570342	0.58462495	1.0	3156	tags=33%, list=21%, signal=42%	
NERVOUS SYSTEM PROCESS%GOBP%GO:0050877	NERVOUS SYSTEM PROCESS%GOBP%GO:0050877		395	0.27778536	1.1252618	0.11465603	0.5844197	1.0	2527	tags=25%, list=17%, signal=30%	
INORGANIC CATION IMPORT ACROSS PLASMA MEMBRANE%GOBP%GO:0098659	INORGANIC CATION IMPORT ACROSS PLASMA MEMBRANE%GOBP%GO:0098659		68	0.348831	1.1250507	0.2410455	0.58456236	1.0	2888	tags=34%, list=19%, signal=42%	
POSITIVE REGULATION OF CYTOSKELETON ORGANIZATION%GOBP%GO:0051495	POSITIVE REGULATION OF CYTOSKELETON ORGANIZATION%GOBP%GO:0051495		151	0.30700448	1.1248006	0.1724138	0.5848662	1.0	3093	tags=23%, list=21%, signal=29%	
ATRIOVENTRICULAR VALVE DEVELOPMENT%GOBP%GO:0003171	ATRIOVENTRICULAR VALVE DEVELOPMENT%GOBP%GO:0003171		23	0.427671	1.1247859	0.29365852	0.58446395	1.0	994	tags=22%, list=7%, signal=23%	
ENDOTHELIN PATHWAYS%WIKIPATHWAYS_20260211%WP2197%HOMO SAPIENS	ENDOTHELIN PATHWAYS%WIKIPATHWAYS_20260211%WP2197%HOMO SAPIENS		25	0.42752743	1.1246792	0.2822823	0.58432025	1.0	1835	tags=20%, list=12%, signal=23%	
NEURAL CREST CELL DEVELOPMENT%GOBP%GO:0014032	NEURAL CREST CELL DEVELOPMENT%GOBP%GO:0014032		46	0.37195283	1.1241586	0.25519288	0.58537024	1.0	1571	tags=22%, list=10%, signal=24%	
VASCULAR TRANSPORT%GOBP%GO:0010232	VASCULAR TRANSPORT%GOBP%GO:0010232		78	0.33210644	1.1237789	0.23138833	0.58603173	1.0	1344	tags=22%, list=9%, signal=24%	
PID_S1P_META_PATHWAY%MSIGDB_C2%PID_S1P_META_PATHWAY	PID_S1P_META_PATHWAY%MSIGDB_C2%PID_S1P_META_PATHWAY		18	0.45389715	1.1237748	0.3	0.58559537	1.0	72	tags=11%, list=0%, signal=11%	
POSITIVE REGULATION OF CELL ADHESION%GOBP%GO:0045785	POSITIVE REGULATION OF CELL ADHESION%GOBP%GO:0045785		359	0.28078088	1.1236068	0.14355949	0.58563703	1.0	2896	tags=24%, list=19%, signal=29%	
REGULATION OF TRANSMEMBRANE TRANSPORT%GOBP%GO:0034762	REGULATION OF TRANSMEMBRANE TRANSPORT%GOBP%GO:0034762		251	0.2899722	1.1234055	0.1590909	0.5857654	1.0	2587	tags=25%, list=17%, signal=30%	
POSITIVE REGULATION OF ERBB SIGNALING PATHWAY%GOBP%GO:1901186	POSITIVE REGULATION OF ERBB SIGNALING PATHWAY%GOBP%GO:1901186		29	0.4066419	1.1233417	0.27714285	0.5855102	1.0	1539	tags=17%, list=10%, signal=19%	
DOPAMINE NEUROTRANSMITTER RELEASE CYCLE%REACTOME%R-HSA-212676.5	DOPAMINE NEUROTRANSMITTER RELEASE CYCLE%REACTOME%R-HSA-212676.5		22	0.43374333	1.1231784	0.29897958	0.58552814	1.0	3390	tags=41%, list=23%, signal=53%	
POSITIVE REGULATION OF ACTIN FILAMENT BUNDLE ASSEMBLY%GOBP%GO:0032233	POSITIVE REGULATION OF ACTIN FILAMENT BUNDLE ASSEMBLY%GOBP%GO:0032233		50	0.36577976	1.1229078	0.26120856	0.5858398	1.0	2515	tags=22%, list=17%, signal=26%	
REGULATION OF DENDRITE MORPHOGENESIS%GOBP%GO:0048814	REGULATION OF DENDRITE MORPHOGENESIS%GOBP%GO:0048814		31	0.40174654	1.12284	0.2880161	0.5855974	1.0	3446	tags=32%, list=23%, signal=42%	
POSITIVE REGULATION OF GLYCOLYTIC PROCESS%GOBP%GO:0045821	POSITIVE REGULATION OF GLYCOLYTIC PROCESS%GOBP%GO:0045821		18	0.4522016	1.1223186	0.3	0.5866287	1.0	1169	tags=17%, list=8%, signal=18%	
NEURAL RETINA DEVELOPMENT%GOBP%GO:0003407	NEURAL RETINA DEVELOPMENT%GOBP%GO:0003407		28	0.41420352	1.1223035	0.28125	0.5862297	1.0	1644	tags=25%, list=11%, signal=28%	
PHOSPHATIDYLINOSITOL-MEDIATED SIGNALING%GOBP%GO:0048015	PHOSPHATIDYLINOSITOL-MEDIATED SIGNALING%GOBP%GO:0048015		22	0.43156144	1.1221983	0.30486593	0.58609927	1.0	2149	tags=23%, list=14%, signal=26%	
STRIATED MUSCLE CONTRACTION%GOBP%GO:0006941	STRIATED MUSCLE CONTRACTION%GOBP%GO:0006941		125	0.31443432	1.1215218	0.2074364	0.58763427	1.0	2957	tags=27%, list=20%, signal=34%	
REGULATION OF ACTIN FILAMENT POLYMERIZATION%GOBP%GO:0030833	REGULATION OF ACTIN FILAMENT POLYMERIZATION%GOBP%GO:0030833		85	0.33074647	1.1213408	0.23702253	0.5877003	1.0	2806	tags=24%, list=19%, signal=29%	
LEISHMANIA PARASITE GROWTH AND SURVIVAL%REACTOME DATABASE ID RELEASE 95%9664433	LEISHMANIA PARASITE GROWTH AND SURVIVAL%REACTOME DATABASE ID RELEASE 95%9664433		65	0.34707993	1.1212643	0.24483776	0.5874818	1.0	2259	tags=23%, list=15%, signal=27%	
CARDIOGENESIS%REACTOME%R-HSA-9733709.1	CARDIOGENESIS%REACTOME%R-HSA-9733709.1		19	0.4460421	1.1210427	0.29492188	0.58766675	1.0	2263	tags=26%, list=15%, signal=31%	
APOPTOTIC CELL CLEARANCE%GOBP%GO:0043277	APOPTOTIC CELL CLEARANCE%GOBP%GO:0043277		22	0.43663996	1.1207597	0.29615384	0.58802533	1.0	2806	tags=32%, list=19%, signal=39%	
CENTROSOME LOCALIZATION%GOBP%GO:0051642	CENTROSOME LOCALIZATION%GOBP%GO:0051642		18	0.4535073	1.1204385	0.30566406	0.5884739	1.0	4418	tags=56%, list=29%, signal=79%	
GLIOGENESIS%GOBP%GO:0042063	GLIOGENESIS%GOBP%GO:0042063		101	0.32086974	1.1198272	0.23376623	0.5897144	1.0	2493	tags=22%, list=17%, signal=26%	
EMBRYONIC LIMB MORPHOGENESIS%GOBP%GO:0030326	EMBRYONIC LIMB MORPHOGENESIS%GOBP%GO:0030326		35	0.39413413	1.1194798	0.2952953	0.5902621	1.0	2326	tags=31%, list=15%, signal=37%	
CELLULAR RESPONSE TO EPIDERMAL GROWTH FACTOR STIMULUS%GOBP%GO:0071364	CELLULAR RESPONSE TO EPIDERMAL GROWTH FACTOR STIMULUS%GOBP%GO:0071364		27	0.41228268	1.1193224	0.28530258	0.59026724	1.0	2431	tags=30%, list=16%, signal=35%	
HEAD AND NECK SQUAMOUS CELL CARCINOMA%WIKIPATHWAYS_20260211%WP4674%HOMO SAPIENS	HEAD AND NECK SQUAMOUS CELL CARCINOMA%WIKIPATHWAYS_20260211%WP4674%HOMO SAPIENS		62	0.3507893	1.1185192	0.26617375	0.592103	1.0	2361	tags=19%, list=16%, signal=23%	
MITF-M-DEPENDENT GENE EXPRESSION%REACTOME%R-HSA-9856651.3	MITF-M-DEPENDENT GENE EXPRESSION%REACTOME%R-HSA-9856651.3		92	0.32844982	1.1180704	0.24019608	0.5929475	1.0	2228	tags=22%, list=15%, signal=25%	
GAMETE GENERATION%GOBP%GO:0007276	GAMETE GENERATION%GOBP%GO:0007276		343	0.28168172	1.1174018	0.14415322	0.59437627	1.0	4018	tags=31%, list=27%, signal=41%	
REGULATION OF DEVELOPMENTAL GROWTH%GOBP%GO:0048638	REGULATION OF DEVELOPMENTAL GROWTH%GOBP%GO:0048638		124	0.3127032	1.1172798	0.20964567	0.5942925	1.0	2952	tags=29%, list=20%, signal=36%	
NEGATIVE REGULATION OF LEUKOCYTE CHEMOTAXIS%GOBP%GO:0002689	NEGATIVE REGULATION OF LEUKOCYTE CHEMOTAXIS%GOBP%GO:0002689		16	0.4633892	1.1170965	0.2974806	0.5943739	1.0	3031	tags=38%, list=20%, signal=47%	
PID_DELTA_NP63_PATHWAY%MSIGDB_C2%PID_DELTA_NP63_PATHWAY	PID_DELTA_NP63_PATHWAY%MSIGDB_C2%PID_DELTA_NP63_PATHWAY		37	0.38343945	1.1167246	0.26532567	0.59501135	1.0	2791	tags=35%, list=19%, signal=43%	
RESPONSE TO NUTRIENT%GOBP%GO:0007584	RESPONSE TO NUTRIENT%GOBP%GO:0007584		41	0.37439513	1.1166751	0.26923078	0.59471565	1.0	1897	tags=22%, list=13%, signal=25%	
REGULATION OF LEUKOCYTE ACTIVATION%GOBP%GO:0002694	REGULATION OF LEUKOCYTE ACTIVATION%GOBP%GO:0002694		426	0.2747472	1.1160728	0.127	0.5960087	1.0	2622	tags=22%, list=17%, signal=25%	
POSITIVE REGULATION OF SMALL GTPASE MEDIATED SIGNAL TRANSDUCTION%GOBP%GO:0051057	POSITIVE REGULATION OF SMALL GTPASE MEDIATED SIGNAL TRANSDUCTION%GOBP%GO:0051057		67	0.34395948	1.1160305	0.25793245	0.59569037	1.0	3093	tags=33%, list=21%, signal=41%	
MITOTIC SPINDLE CHECKPOINT SIGNALING%GOBP%GO:0071174	MITOTIC SPINDLE CHECKPOINT SIGNALING%GOBP%GO:0071174		27	0.41408947	1.1155638	0.29912874	0.59655225	1.0	4622	tags=44%, list=31%, signal=64%	
PID_HES_HEY_PATHWAY%MSIGDB_C2%PID_HES_HEY_PATHWAY	PID_HES_HEY_PATHWAY%MSIGDB_C2%PID_HES_HEY_PATHWAY		35	0.38530746	1.1154326	0.27437186	0.5964805	1.0	823	tags=11%, list=5%, signal=12%	
POSITIVE REGULATION OF PURINE NUCLEOTIDE CATABOLIC PROCESS%GOBP%GO:0033123	POSITIVE REGULATION OF PURINE NUCLEOTIDE CATABOLIC PROCESS%GOBP%GO:0033123		18	0.4522016	1.1149929	0.3184524	0.5973189	1.0	1169	tags=17%, list=8%, signal=18%	
CELLULAR RESPONSE TO IONIZING RADIATION%GOBP%GO:0071479	CELLULAR RESPONSE TO IONIZING RADIATION%GOBP%GO:0071479		53	0.35910666	1.1147438	0.26467758	0.5975806	1.0	604	tags=9%, list=4%, signal=10%	
REGULATION OF SMALL GTPASE MEDIATED SIGNAL TRANSDUCTION%GOBP%GO:0051056	REGULATION OF SMALL GTPASE MEDIATED SIGNAL TRANSDUCTION%GOBP%GO:0051056		247	0.28685653	1.114728	0.17332035	0.5971831	1.0	2064	tags=17%, list=14%, signal=19%	
B CELL ACTIVATION INVOLVED IN IMMUNE RESPONSE%GOBP%GO:0002312	B CELL ACTIVATION INVOLVED IN IMMUNE RESPONSE%GOBP%GO:0002312		28	0.40196225	1.1146041	0.29275364	0.5970948	1.0	3060	tags=36%, list=20%, signal=45%	
DNA DAMAGE RESPONSE%WIKIPATHWAYS_20260211%WP707%HOMO SAPIENS	DNA DAMAGE RESPONSE%WIKIPATHWAYS_20260211%WP707%HOMO SAPIENS		58	0.34915814	1.1143994	0.2611718	0.5972337	1.0	2804	tags=26%, list=19%, signal=32%	
PID_AURORA_B_PATHWAY%MSIGDB_C2%PID_AURORA_B_PATHWAY	PID_AURORA_B_PATHWAY%MSIGDB_C2%PID_AURORA_B_PATHWAY		22	0.42927125	1.1143636	0.3323782	0.59689367	1.0	3053	tags=18%, list=20%, signal=23%	
REGULATION OF LEUKOCYTE CHEMOTAXIS%GOBP%GO:0002688	REGULATION OF LEUKOCYTE CHEMOTAXIS%GOBP%GO:0002688		95	0.3227929	1.113814	0.22147001	0.5980176	1.0	3093	tags=26%, list=21%, signal=33%	
REGULATION OF KETONE BIOSYNTHETIC PROCESS%GOBP%GO:0010566	REGULATION OF KETONE BIOSYNTHETIC PROCESS%GOBP%GO:0010566		15	0.4684792	1.1136934	0.32180595	0.5979362	1.0	5223	tags=53%, list=35%, signal=82%	
POLYCYSTIC KIDNEY DISEASE PATHWAY%WIKIPATHWAYS_20260211%WP2571%HOMO SAPIENS	POLYCYSTIC KIDNEY DISEASE PATHWAY%WIKIPATHWAYS_20260211%WP2571%HOMO SAPIENS		69	0.34005833	1.1134102	0.24830262	0.5983031	1.0	1771	tags=23%, list=12%, signal=26%	
FRAGILE X SYNDROME%WIKIPATHWAYS_20260211%WP4549%HOMO SAPIENS	FRAGILE X SYNDROME%WIKIPATHWAYS_20260211%WP4549%HOMO SAPIENS		90	0.32563275	1.1127864	0.25073457	0.5996552	1.0	2723	tags=24%, list=18%, signal=30%	
CARDIAC PROGENITOR DIFFERENTIATION%WIKIPATHWAYS_20260211%WP2406%HOMO SAPIENS	CARDIAC PROGENITOR DIFFERENTIATION%WIKIPATHWAYS_20260211%WP2406%HOMO SAPIENS		31	0.40301043	1.1126745	0.28333333	0.59954095	1.0	2263	tags=29%, list=15%, signal=34%	
REGULATION OF STRIATED MUSCLE CONTRACTION%GOBP%GO:0006942	REGULATION OF STRIATED MUSCLE CONTRACTION%GOBP%GO:0006942		69	0.34286344	1.1126608	0.25320196	0.59914404	1.0	2605	tags=30%, list=17%, signal=37%	
P73 TRANSCRIPTION FACTOR NETWORK%PATHWAY INTERACTION DATABASE NCI-NATURE CURATED DATA%P73 TRANSCRIPTION FACTOR NETWORK	P73 TRANSCRIPTION FACTOR NETWORK%PATHWAY INTERACTION DATABASE NCI-NATURE CURATED DATA%P73 TRANSCRIPTION FACTOR NETWORK		78	0.3340362	1.1124787	0.23326571	0.59923846	1.0	2718	tags=27%, list=18%, signal=33%	
MICROTUBULE ORGANIZING CENTER LOCALIZATION%GOBP%GO:0061842	MICROTUBULE ORGANIZING CENTER LOCALIZATION%GOBP%GO:0061842		18	0.4535073	1.1121172	0.31878558	0.59980625	1.0	4418	tags=56%, list=29%, signal=79%	
TRANSPORT ACROSS BLOOD-BRAIN BARRIER%GOBP%GO:0150104	TRANSPORT ACROSS BLOOD-BRAIN BARRIER%GOBP%GO:0150104		78	0.33210644	1.1120622	0.23935667	0.5995305	1.0	1344	tags=22%, list=9%, signal=24%	
EXPORT FROM CELL%GOBP%GO:0140352	EXPORT FROM CELL%GOBP%GO:0140352		292	0.28327024	1.1118838	0.16729678	0.5995993	1.0	1637	tags=17%, list=11%, signal=19%	
NUCLEAR-TRANSCRIBED MRNA POLY(A) TAIL SHORTENING%GOBP%GO:0000289	NUCLEAR-TRANSCRIBED MRNA POLY(A) TAIL SHORTENING%GOBP%GO:0000289		21	0.4363312	1.1114848	0.29565218	0.6002913	1.0	2521	tags=24%, list=17%, signal=29%	
POSITIVE REGULATION OF NUCLEOTIDE CATABOLIC PROCESS%GOBP%GO:0030813	POSITIVE REGULATION OF NUCLEOTIDE CATABOLIC PROCESS%GOBP%GO:0030813		18	0.4522016	1.1113601	0.3176008	0.60019463	1.0	1169	tags=17%, list=8%, signal=18%	
BLOOD CIRCULATION%GOBP%GO:0008015	BLOOD CIRCULATION%GOBP%GO:0008015		223	0.290288	1.1112782	0.17857143	0.5999853	1.0	1610	tags=19%, list=11%, signal=21%	
ANTI-INFLAMMATORY RESPONSE FAVOURING LEISHMANIA PARASITE INFECTION%REACTOME%R-HSA-9662851.3	ANTI-INFLAMMATORY RESPONSE FAVOURING LEISHMANIA PARASITE INFECTION%REACTOME%R-HSA-9662851.3		65	0.34707993	1.1111435	0.25753158	0.5999318	1.0	2259	tags=23%, list=15%, signal=27%	
REGULATION OF T-HELPER CELL DIFFERENTIATION%GOBP%GO:0045622	REGULATION OF T-HELPER CELL DIFFERENTIATION%GOBP%GO:0045622		35	0.38584903	1.1111319	0.29814273	0.59951997	1.0	2526	tags=23%, list=17%, signal=27%	
EPIBOLY INVOLVED IN WOUND HEALING%GOBP%GO:0090505	EPIBOLY INVOLVED IN WOUND HEALING%GOBP%GO:0090505		25	0.41795498	1.110956	0.2954764	0.59959126	1.0	1609	tags=28%, list=11%, signal=31%	
SPHINGOSINE METABOLIC PROCESS%GOBP%GO:0006670	SPHINGOSINE METABOLIC PROCESS%GOBP%GO:0006670		19	0.4469665	1.1107672	0.31422925	0.59968925	1.0	707	tags=16%, list=5%, signal=17%	
REGULATION OF SUBSTRATE ADHESION-DEPENDENT CELL SPREADING%GOBP%GO:1900024	REGULATION OF SUBSTRATE ADHESION-DEPENDENT CELL SPREADING%GOBP%GO:1900024		49	0.36240005	1.1107528	0.26190478	0.59929436	1.0	1709	tags=18%, list=11%, signal=21%	
POSTTRANSLATIONAL REGULATION OF ADHERENS JUNCTION STABILITY AND DISSASSEMBLY%PATHWAY INTERACTION DATABASE NCI-NATURE CURATED DATA%POSTTRANSLATIONAL REGULATION OF ADHERENS JUNCTION STABILITY AND DISSASSEMBLY	POSTTRANSLATIONAL REGULATION OF ADHERENS JUNCTION STABILITY AND DISSASSEMBLY%PATHWAY INTERACTION DATABASE NCI-NATURE CURATED DATA%POSTTRANSLATIONAL REGULATION OF ADHERENS JUNCTION STABILITY AND DISSASSEMBLY		46	0.36361802	1.1106664	0.28486648	0.5991153	1.0	1571	tags=20%, list=10%, signal=22%	
TRANSCRIPTIONAL REGULATION BY E2F6%REACTOME%R-HSA-8953750.3	TRANSCRIPTIONAL REGULATION BY E2F6%REACTOME%R-HSA-8953750.3		34	0.3909302	1.110338	0.2858473	0.5996131	1.0	2230	tags=21%, list=15%, signal=24%	
POSITIVE REGULATION OF CALCIUM ION TRANSPORT%GOBP%GO:0051928	POSITIVE REGULATION OF CALCIUM ION TRANSPORT%GOBP%GO:0051928		60	0.35231006	1.110112	0.26522595	0.5998126	1.0	1791	tags=23%, list=12%, signal=26%	
PLATELET ACTIVATION%GOBP%GO:0030168	PLATELET ACTIVATION%GOBP%GO:0030168		74	0.33514264	1.1090877	0.2440239	0.6023545	1.0	1652	tags=16%, list=11%, signal=18%	
BREAST CANCER PATHWAY%WIKIPATHWAYS_20260211%WP4262%HOMO SAPIENS	BREAST CANCER PATHWAY%WIKIPATHWAYS_20260211%WP4262%HOMO SAPIENS		114	0.31367478	1.1089704	0.23362659	0.6022433	1.0	1818	tags=19%, list=12%, signal=22%	
CELL POPULATION PROLIFERATION%GOBP%GO:0008283	CELL POPULATION PROLIFERATION%GOBP%GO:0008283		237	0.28768474	1.1088151	0.19382834	0.60225713	1.0	2371	tags=22%, list=16%, signal=26%	
GENERATION OF SECOND MESSENGER MOLECULES%REACTOME%R-HSA-202433.5	GENERATION OF SECOND MESSENGER MOLECULES%REACTOME%R-HSA-202433.5		31	0.3908459	1.108381	0.30352047	0.6030481	1.0	224	tags=6%, list=1%, signal=7%	
NOTCH-MEDIATED HES HEY NETWORK%PATHWAY INTERACTION DATABASE NCI-NATURE CURATED DATA%NOTCH-MEDIATED HES HEY NETWORK	NOTCH-MEDIATED HES HEY NETWORK%PATHWAY INTERACTION DATABASE NCI-NATURE CURATED DATA%NOTCH-MEDIATED HES HEY NETWORK		41	0.37360626	1.1082891	0.2901961	0.60286415	1.0	2211	tags=20%, list=15%, signal=23%	
POSITIVE REGULATION OF CELL-SUBSTRATE JUNCTION ORGANIZATION%GOBP%GO:0150117	POSITIVE REGULATION OF CELL-SUBSTRATE JUNCTION ORGANIZATION%GOBP%GO:0150117		25	0.41212806	1.1078491	0.29117647	0.60370135	1.0	2626	tags=32%, list=17%, signal=39%	
RETINA MORPHOGENESIS IN CAMERA-TYPE EYE%GOBP%GO:0060042	RETINA MORPHOGENESIS IN CAMERA-TYPE EYE%GOBP%GO:0060042		27	0.40703905	1.1071882	0.30732635	0.6051805	1.0	1644	tags=30%, list=11%, signal=33%	
HEDGEHOG%NETPATH%HEDGEHOG	HEDGEHOG%NETPATH%HEDGEHOG		20	0.4336842	1.1071631	0.3224254	0.6048116	1.0	576	tags=20%, list=4%, signal=21%	
EMBRYONIC DIGIT MORPHOGENESIS%GOBP%GO:0042733	EMBRYONIC DIGIT MORPHOGENESIS%GOBP%GO:0042733		17	0.45425826	1.1063333	0.32258064	0.60675496	1.0	2169	tags=41%, list=14%, signal=48%	
BIOCARTA_GSK3_PATHWAY%MSIGDB_C2%BIOCARTA_GSK3_PATHWAY	BIOCARTA_GSK3_PATHWAY%MSIGDB_C2%BIOCARTA_GSK3_PATHWAY		18	0.44287622	1.1062573	0.32538167	0.60654926	1.0	334	tags=11%, list=2%, signal=11%	
REGULATION OF LEUKOCYTE PROLIFERATION%GOBP%GO:0070663	REGULATION OF LEUKOCYTE PROLIFERATION%GOBP%GO:0070663		173	0.29914412	1.1061573	0.21915103	0.6064021	1.0	1490	tags=17%, list=10%, signal=19%	
REGULATION OF CELL JUNCTION ASSEMBLY%GOBP%GO:1901888	REGULATION OF CELL JUNCTION ASSEMBLY%GOBP%GO:1901888		159	0.30039954	1.106042	0.22101091	0.60628396	1.0	2604	tags=25%, list=17%, signal=29%	
HEART PROCESS%GOBP%GO:0003015	HEART PROCESS%GOBP%GO:0003015		70	0.33706897	1.1054565	0.27032137	0.6075326	1.0	2766	tags=39%, list=18%, signal=47%	
NOTCH2 ACTIVATION AND TRANSMISSION OF SIGNAL TO THE NUCLEUS%REACTOME%R-HSA-2979096.6	NOTCH2 ACTIVATION AND TRANSMISSION OF SIGNAL TO THE NUCLEUS%REACTOME%R-HSA-2979096.6		22	0.42522925	1.1044503	0.3254902	0.6099938	1.0	3088	tags=41%, list=21%, signal=51%	
POSITIVE REGULATION OF STRIATED MUSCLE CELL DIFFERENTIATION%GOBP%GO:0051155	POSITIVE REGULATION OF STRIATED MUSCLE CELL DIFFERENTIATION%GOBP%GO:0051155		21	0.43065044	1.1042988	0.31190926	0.6100072	1.0	2263	tags=38%, list=15%, signal=45%	
NEGATIVE REGULATION OF SMAD PROTEIN SIGNAL TRANSDUCTION%GOBP%GO:0060392	NEGATIVE REGULATION OF SMAD PROTEIN SIGNAL TRANSDUCTION%GOBP%GO:0060392		21	0.42580107	1.1041484	0.30921704	0.6100138	1.0	2495	tags=29%, list=17%, signal=34%	
SYNTHESIS OF ACTIVE UBIQUITIN: ROLES OF E1 AND E2 ENZYMES%REACTOME DATABASE ID RELEASE 95%8866652	SYNTHESIS OF ACTIVE UBIQUITIN: ROLES OF E1 AND E2 ENZYMES%REACTOME DATABASE ID RELEASE 95%8866652		30	0.39710605	1.1036336	0.30234835	0.61111385	1.0	3402	tags=27%, list=23%, signal=34%	
REGULATION OF MIRNA METABOLIC PROCESS%GOBP%GO:2000628	REGULATION OF MIRNA METABOLIC PROCESS%GOBP%GO:2000628		69	0.3371001	1.1034025	0.2719547	0.6113546	1.0	3800	tags=39%, list=25%, signal=52%	
REGULATION OF PROTEIN EXIT FROM ENDOPLASMIC RETICULUM%GOBP%GO:0070861	REGULATION OF PROTEIN EXIT FROM ENDOPLASMIC RETICULUM%GOBP%GO:0070861		30	0.39563513	1.1026392	0.30618253	0.6131108	1.0	1936	tags=23%, list=13%, signal=27%	
SYNTHESIS OF IP3 AND IP4 IN THE CYTOSOL%REACTOME%R-HSA-1855204.5	SYNTHESIS OF IP3 AND IP4 IN THE CYTOSOL%REACTOME%R-HSA-1855204.5		24	0.41401333	1.1021188	0.31310213	0.61417395	1.0	2157	tags=29%, list=14%, signal=34%	
PID_PDGFRA_PATHWAY%MSIGDB_C2%PID_PDGFRA_PATHWAY	PID_PDGFRA_PATHWAY%MSIGDB_C2%PID_PDGFRA_PATHWAY		19	0.44058818	1.1021132	0.3201581	0.6137487	1.0	2021	tags=26%, list=13%, signal=30%	
HEDGEHOG 'OFF' STATE%REACTOME DATABASE ID RELEASE 95%5610787	HEDGEHOG 'OFF' STATE%REACTOME DATABASE ID RELEASE 95%5610787		85	0.3266805	1.1020144	0.24474187	0.6135927	1.0	1338	tags=15%, list=9%, signal=17%	
SPERMATOGENESIS%GOBP%GO:0007283	SPERMATOGENESIS%GOBP%GO:0007283		286	0.27995598	1.1018602	0.18339768	0.6136274	1.0	4469	tags=36%, list=30%, signal=50%	
WOUND HEALING, SPREADING OF CELLS%GOBP%GO:0044319	WOUND HEALING, SPREADING OF CELLS%GOBP%GO:0044319		25	0.41795498	1.1017698	0.35036495	0.61344194	1.0	1609	tags=28%, list=11%, signal=31%	
RESPONSE TO RETINOIC ACID%GOBP%GO:0032526	RESPONSE TO RETINOIC ACID%GOBP%GO:0032526		51	0.3576806	1.1016163	0.2857143	0.6134436	1.0	1771	tags=22%, list=12%, signal=24%	
SENSORY PROCESSING OF SOUND%REACTOME%R-HSA-9659379.3	SENSORY PROCESSING OF SOUND%REACTOME%R-HSA-9659379.3		59	0.35145444	1.1016018	0.28374383	0.61304414	1.0	1553	tags=19%, list=10%, signal=21%	
SPHINGOID METABOLIC PROCESS%GOBP%GO:0046519	SPHINGOID METABOLIC PROCESS%GOBP%GO:0046519		20	0.43560535	1.1013678	0.32853025	0.6132635	1.0	707	tags=15%, list=5%, signal=16%	
CALCIUM ION IMPORT%GOBP%GO:0070509	CALCIUM ION IMPORT%GOBP%GO:0070509		27	0.40393886	1.1012316	0.31790122	0.61321574	1.0	2862	tags=44%, list=19%, signal=55%	
SUMO E3 LIGASES SUMOYLATE TARGET PROTEINS%REACTOME DATABASE ID RELEASE 95%3108232	SUMO E3 LIGASES SUMOYLATE TARGET PROTEINS%REACTOME DATABASE ID RELEASE 95%3108232		154	0.29922545	1.1007882	0.21407035	0.61408126	1.0	2722	tags=17%, list=18%, signal=20%	
REGULATION OF T CELL ACTIVATION%GOBP%GO:0050863	REGULATION OF T CELL ACTIVATION%GOBP%GO:0050863		291	0.2810438	1.1004052	0.18762678	0.6147555	1.0	3156	tags=26%, list=21%, signal=33%	
RESPONSE TO UNFOLDED PROTEIN%GOBP%GO:0006986	RESPONSE TO UNFOLDED PROTEIN%GOBP%GO:0006986		92	0.3178837	1.1002553	0.25600836	0.61476016	1.0	4332	tags=35%, list=29%, signal=49%	
POSITIVE REGULATION OF B CELL PROLIFERATION%GOBP%GO:0030890	POSITIVE REGULATION OF B CELL PROLIFERATION%GOBP%GO:0030890		25	0.409749	1.0998014	0.30776605	0.6156258	1.0	3179	tags=32%, list=21%, signal=41%	
REGULATION OF MIRNA TRANSCRIPTION%GOBP%GO:1902893	REGULATION OF MIRNA TRANSCRIPTION%GOBP%GO:1902893		61	0.3445401	1.0997376	0.2835821	0.6153697	1.0	3244	tags=36%, list=22%, signal=46%	
POSITIVE REGULATION OF SMOOTH MUSCLE CELL PROLIFERATION%GOBP%GO:0048661	POSITIVE REGULATION OF SMOOTH MUSCLE CELL PROLIFERATION%GOBP%GO:0048661		46	0.36218756	1.0994079	0.3082927	0.61590624	1.0	3035	tags=30%, list=20%, signal=38%	
INTRACELLULAR CALCIUM ION HOMEOSTASIS%GOBP%GO:0006874	INTRACELLULAR CALCIUM ION HOMEOSTASIS%GOBP%GO:0006874		121	0.31167805	1.099308	0.25474524	0.6157604	1.0	3143	tags=31%, list=21%, signal=38%	
BIOCARTA_DEATH_PATHWAY%MSIGDB_C2%BIOCARTA_DEATH_PATHWAY	BIOCARTA_DEATH_PATHWAY%MSIGDB_C2%BIOCARTA_DEATH_PATHWAY		25	0.41330534	1.0992794	0.32264334	0.61540157	1.0	2330	tags=24%, list=16%, signal=28%	
REGULATION OF MICROTUBULE-BASED MOVEMENT%GOBP%GO:0060632	REGULATION OF MICROTUBULE-BASED MOVEMENT%GOBP%GO:0060632		39	0.3740299	1.0992006	0.307109	0.61520225	1.0	4960	tags=59%, list=33%, signal=88%	
BETA2 INTEGRIN CELL SURFACE INTERACTIONS%PATHWAY INTERACTION DATABASE NCI-NATURE CURATED DATA%BETA2 INTEGRIN CELL SURFACE INTERACTIONS	BETA2 INTEGRIN CELL SURFACE INTERACTIONS%PATHWAY INTERACTION DATABASE NCI-NATURE CURATED DATA%BETA2 INTEGRIN CELL SURFACE INTERACTIONS		26	0.4065872	1.0991906	0.32413793	0.6147953	1.0	1286	tags=15%, list=9%, signal=17%	
WNT SIGNALING NETPATH%WIKIPATHWAYS_20260211%WP363%HOMO SAPIENS	WNT SIGNALING NETPATH%WIKIPATHWAYS_20260211%WP363%HOMO SAPIENS		42	0.3682439	1.0991044	0.29265872	0.6146215	1.0	1541	tags=21%, list=10%, signal=24%	
PHOTORECEPTOR CELL DEVELOPMENT%GOBP%GO:0042461	PHOTORECEPTOR CELL DEVELOPMENT%GOBP%GO:0042461		26	0.40933195	1.0990962	0.32093933	0.61421055	1.0	3685	tags=46%, list=25%, signal=61%	
G ALPHA (Q) SIGNALLING EVENTS%REACTOME DATABASE ID RELEASE 95%416476	G ALPHA (Q) SIGNALLING EVENTS%REACTOME DATABASE ID RELEASE 95%416476		143	0.30325	1.0987707	0.25478348	0.6147094	1.0	2333	tags=24%, list=16%, signal=29%	
MIRNA REGULATION OF DNA DAMAGE RESPONSE%WIKIPATHWAYS_20260211%WP1530%HOMO SAPIENS	MIRNA REGULATION OF DNA DAMAGE RESPONSE%WIKIPATHWAYS_20260211%WP1530%HOMO SAPIENS		59	0.34721005	1.0986785	0.28301886	0.61452764	1.0	2804	tags=25%, list=19%, signal=31%	
MALE GAMETE GENERATION%GOBP%GO:0048232	MALE GAMETE GENERATION%GOBP%GO:0048232		291	0.27920365	1.0985813	0.18285714	0.614364	1.0	4469	tags=36%, list=30%, signal=50%	
REGULATION OF MICROTUBULE-BASED PROCESS%GOBP%GO:0032886	REGULATION OF MICROTUBULE-BASED PROCESS%GOBP%GO:0032886		218	0.2869897	1.0985078	0.1996008	0.6141601	1.0	4229	tags=36%, list=28%, signal=50%	
NEURAL TUBE DEVELOPMENT%GOBP%GO:0021915	NEURAL TUBE DEVELOPMENT%GOBP%GO:0021915		47	0.3556115	1.098171	0.3015873	0.61468697	1.0	1980	tags=23%, list=13%, signal=27%	
RESPONSE TO TOPOLOGICALLY INCORRECT PROTEIN%GOBP%GO:0035966	RESPONSE TO TOPOLOGICALLY INCORRECT PROTEIN%GOBP%GO:0035966		109	0.30873975	1.0978622	0.26065412	0.615145	1.0	4332	tags=35%, list=29%, signal=49%	
RESPONSE TO LIGHT STIMULUS%GOBP%GO:0009416	RESPONSE TO LIGHT STIMULUS%GOBP%GO:0009416		170	0.29606104	1.0975835	0.23791103	0.6155217	1.0	3068	tags=26%, list=20%, signal=33%	
REGULATION OF STRIATED MUSCLE CELL DIFFERENTIATION%GOBP%GO:0051153	REGULATION OF STRIATED MUSCLE CELL DIFFERENTIATION%GOBP%GO:0051153		41	0.36909488	1.0973454	0.29981026	0.61579144	1.0	3341	tags=41%, list=22%, signal=53%	
POSITIVE REGULATION OF CHEMOTAXIS%GOBP%GO:0050921	POSITIVE REGULATION OF CHEMOTAXIS%GOBP%GO:0050921		104	0.31198096	1.0973253	0.24503312	0.6154185	1.0	3093	tags=27%, list=21%, signal=34%	
RECEPTOR-MEDIATED ENDOCYTOSIS%GOBP%GO:0006898	RECEPTOR-MEDIATED ENDOCYTOSIS%GOBP%GO:0006898		144	0.30071044	1.0967015	0.22740525	0.61680627	1.0	1511	tags=16%, list=10%, signal=18%	
ORGANELLE BIOGENESIS AND MAINTENANCE%REACTOME%R-HSA-1852241.7	ORGANELLE BIOGENESIS AND MAINTENANCE%REACTOME%R-HSA-1852241.7		271	0.2807612	1.0956217	0.18852459	0.61948395	1.0	3253	tags=28%, list=22%, signal=35%	
PID_SYNDECAN_2_PATHWAY%MSIGDB_C2%PID_SYNDECAN_2_PATHWAY	PID_SYNDECAN_2_PATHWAY%MSIGDB_C2%PID_SYNDECAN_2_PATHWAY		23	0.41664028	1.0954067	0.32696176	0.61968267	1.0	1711	tags=35%, list=11%, signal=39%	
BIOCARTA_HDAC_PATHWAY%MSIGDB_C2%BIOCARTA_HDAC_PATHWAY	BIOCARTA_HDAC_PATHWAY%MSIGDB_C2%BIOCARTA_HDAC_PATHWAY		17	0.44653437	1.0952013	0.3273632	0.619839	1.0	2687	tags=29%, list=18%, signal=36%	
POSITIVE REGULATION OF CELL DEVELOPMENT%GOBP%GO:0010720	POSITIVE REGULATION OF CELL DEVELOPMENT%GOBP%GO:0010720		244	0.28201413	1.0946319	0.2020202	0.6210347	1.0	3142	tags=27%, list=21%, signal=33%	
INTRACELLULAR POTASSIUM ION HOMEOSTASIS%GOBP%GO:0030007	INTRACELLULAR POTASSIUM ION HOMEOSTASIS%GOBP%GO:0030007		15	0.45750442	1.0945134	0.32854405	0.6209426	1.0	1005	tags=20%, list=7%, signal=21%	
PI3K AKT SIGNALING IN CANCER%REACTOME DATABASE ID RELEASE 95%2219528	PI3K AKT SIGNALING IN CANCER%REACTOME DATABASE ID RELEASE 95%2219528		89	0.32044643	1.0940989	0.2691552	0.6216885	1.0	3033	tags=33%, list=20%, signal=41%	
HORMONE METABOLIC PROCESS%GOBP%GO:0042445	HORMONE METABOLIC PROCESS%GOBP%GO:0042445		101	0.31569558	1.0940751	0.26139817	0.6213197	1.0	1689	tags=19%, list=11%, signal=21%	
NEGATIVE REGULATION OF MITOTIC CELL CYCLE PHASE TRANSITION%GOBP%GO:1901991	NEGATIVE REGULATION OF MITOTIC CELL CYCLE PHASE TRANSITION%GOBP%GO:1901991		135	0.30334434	1.0939287	0.24607843	0.62128043	1.0	3175	tags=24%, list=21%, signal=31%	
SPINDLE CHECKPOINT SIGNALING%GOBP%GO:0031577	SPINDLE CHECKPOINT SIGNALING%GOBP%GO:0031577		28	0.39736328	1.0938659	0.32838774	0.62102854	1.0	4622	tags=43%, list=31%, signal=62%	
NEGATIVE REGULATION OF CELL ACTIVATION%GOBP%GO:0050866	NEGATIVE REGULATION OF CELL ACTIVATION%GOBP%GO:0050866		161	0.2961384	1.0936779	0.23398058	0.621146	1.0	3156	tags=29%, list=21%, signal=37%	
CELLULAR RESPONSE TO HORMONE STIMULUS%GOBP%GO:0032870	CELLULAR RESPONSE TO HORMONE STIMULUS%GOBP%GO:0032870		299	0.27880967	1.093557	0.1986368	0.6210632	1.0	2791	tags=27%, list=19%, signal=33%	
CHRONIC HYPERGLYCEMIA IMPAIRMENT OF NEURON FUNCTION%WIKIPATHWAYS_20260211%WP5283%HOMO SAPIENS	CHRONIC HYPERGLYCEMIA IMPAIRMENT OF NEURON FUNCTION%WIKIPATHWAYS_20260211%WP5283%HOMO SAPIENS		33	0.3820075	1.0934668	0.31195337	0.62088794	1.0	1633	tags=27%, list=11%, signal=31%	
S1P3 PATHWAY%PATHWAY INTERACTION DATABASE NCI-NATURE CURATED DATA%S1P3 PATHWAY	S1P3 PATHWAY%PATHWAY INTERACTION DATABASE NCI-NATURE CURATED DATA%S1P3 PATHWAY		25	0.40610656	1.0928288	0.3277559	0.6223116	1.0	1733	tags=20%, list=12%, signal=23%	
EPHRIN SIGNALING%REACTOME%R-HSA-3928664.4	EPHRIN SIGNALING%REACTOME%R-HSA-3928664.4		18	0.44344035	1.0924721	0.3326886	0.62290466	1.0	818	tags=22%, list=5%, signal=23%	
NEGATIVE REGULATION OF BIOMINERAL TISSUE DEVELOPMENT%GOBP%GO:0070168	NEGATIVE REGULATION OF BIOMINERAL TISSUE DEVELOPMENT%GOBP%GO:0070168		22	0.42075875	1.0924027	0.33166334	0.62267864	1.0	3808	tags=45%, list=25%, signal=61%	
NEGATIVE REGULATION OF HEMOPOIESIS%GOBP%GO:1903707	NEGATIVE REGULATION OF HEMOPOIESIS%GOBP%GO:1903707		87	0.32303402	1.092325	0.25579053	0.6224637	1.0	2515	tags=23%, list=17%, signal=27%	
GROWTH HORMONE RECEPTOR SIGNALING PATHWAY%GOBP%GO:0060396	GROWTH HORMONE RECEPTOR SIGNALING PATHWAY%GOBP%GO:0060396		16	0.45325002	1.0918429	0.3316929	0.62341994	1.0	1126	tags=13%, list=7%, signal=13%	
REGULATION OF T CELL PROLIFERATION%GOBP%GO:0042129	REGULATION OF T CELL PROLIFERATION%GOBP%GO:0042129		111	0.30924037	1.0901694	0.2763672	0.6278456	1.0	1720	tags=17%, list=11%, signal=19%	
B CELL DIFFERENTIATION%GOBP%GO:0030183	B CELL DIFFERENTIATION%GOBP%GO:0030183		64	0.33636937	1.0897183	0.31311154	0.6287174	1.0	3442	tags=38%, list=23%, signal=48%	
POSITIVE REGULATION OF HEART CONTRACTION%GOBP%GO:0045823	POSITIVE REGULATION OF HEART CONTRACTION%GOBP%GO:0045823		20	0.42472088	1.089551	0.33494207	0.6287752	1.0	667	tags=25%, list=4%, signal=26%	
POSITIVE REGULATION OF B CELL ACTIVATION%GOBP%GO:0050871	POSITIVE REGULATION OF B CELL ACTIVATION%GOBP%GO:0050871		51	0.349565	1.0888314	0.30177516	0.6304362	1.0	3241	tags=29%, list=22%, signal=37%	
CELLULAR RESPONSE TO GROWTH HORMONE STIMULUS%GOBP%GO:0071378	CELLULAR RESPONSE TO GROWTH HORMONE STIMULUS%GOBP%GO:0071378		16	0.45325002	1.0877538	0.3439681	0.6331506	1.0	1126	tags=13%, list=7%, signal=13%	
NEGATIVE REGULATION OF NEURON APOPTOTIC PROCESS%GOBP%GO:0043524	NEGATIVE REGULATION OF NEURON APOPTOTIC PROCESS%GOBP%GO:0043524		72	0.32862177	1.0877504	0.28080228	0.63272196	1.0	2478	tags=25%, list=16%, signal=30%	
REGULATION OF EPITHELIAL CELL APOPTOTIC PROCESS%GOBP%GO:1904035	REGULATION OF EPITHELIAL CELL APOPTOTIC PROCESS%GOBP%GO:1904035		20	0.42712718	1.0871996	0.34751037	0.63388264	1.0	1967	tags=40%, list=13%, signal=46%	
P75 NTR RECEPTOR-MEDIATED SIGNALLING%REACTOME DATABASE ID RELEASE 95%193704	P75 NTR RECEPTOR-MEDIATED SIGNALLING%REACTOME DATABASE ID RELEASE 95%193704		95	0.31840408	1.0871792	0.2607422	0.6335024	1.0	2330	tags=19%, list=16%, signal=22%	
REGULATION OF GLUCOSE METABOLIC PROCESS%GOBP%GO:0010906	REGULATION OF GLUCOSE METABOLIC PROCESS%GOBP%GO:0010906		61	0.33908498	1.0870092	0.2895257	0.63356805	1.0	2553	tags=28%, list=17%, signal=33%	
MITOTIC CELL CYCLE CHECKPOINT SIGNALING%GOBP%GO:0007093	MITOTIC CELL CYCLE CHECKPOINT SIGNALING%GOBP%GO:0007093		106	0.31303677	1.0867923	0.26937985	0.6337783	1.0	3175	tags=21%, list=21%, signal=26%	
NEGATIVE REGULATION OF ERK1 AND ERK2 CASCADE%GOBP%GO:0070373	NEGATIVE REGULATION OF ERK1 AND ERK2 CASCADE%GOBP%GO:0070373		46	0.35953176	1.0865448	0.30806607	0.6340671	1.0	818	tags=15%, list=5%, signal=16%	
CELLULAR RESPONSE TO CAMP%GOBP%GO:0071320	CELLULAR RESPONSE TO CAMP%GOBP%GO:0071320		28	0.39075172	1.0864068	0.3346574	0.6340254	1.0	2756	tags=36%, list=18%, signal=44%	
REGULATION OF ENDOGENOUS RETROELEMENTS BY PIWI-INTERACTING RNAS (PIRNAS)%REACTOME DATABASE ID RELEASE 95%9845323	REGULATION OF ENDOGENOUS RETROELEMENTS BY PIWI-INTERACTING RNAS (PIRNAS)%REACTOME DATABASE ID RELEASE 95%9845323		48	0.35588852	1.0855441	0.3167702	0.6361374	1.0	3445	tags=25%, list=23%, signal=32%	
EPIBOLY%GOBP%GO:0090504	EPIBOLY%GOBP%GO:0090504		26	0.40044785	1.0852715	0.3323263	0.6365321	1.0	1609	tags=27%, list=11%, signal=30%	
REGULATION OF INSULIN SECRETION%REACTOME%R-HSA-422356.6	REGULATION OF INSULIN SECRETION%REACTOME%R-HSA-422356.6		65	0.33246586	1.0849926	0.29640427	0.6369009	1.0	1881	tags=22%, list=13%, signal=25%	
POSITIVE REGULATION OF CYTOSOLIC CALCIUM ION CONCENTRATION%GOBP%GO:0007204	POSITIVE REGULATION OF CYTOSOLIC CALCIUM ION CONCENTRATION%GOBP%GO:0007204		102	0.3093125	1.0848331	0.2670051	0.6369069	1.0	2862	tags=35%, list=19%, signal=43%	
PROTEIN HETEROOLIGOMERIZATION%GOBP%GO:0051291	PROTEIN HETEROOLIGOMERIZATION%GOBP%GO:0051291		17	0.44319806	1.0847021	0.34122288	0.6368706	1.0	1669	tags=24%, list=11%, signal=26%	
NLS-BEARING PROTEIN IMPORT INTO NUCLEUS%GOBP%GO:0006607	NLS-BEARING PROTEIN IMPORT INTO NUCLEUS%GOBP%GO:0006607		15	0.46305078	1.0846686	0.3586338	0.6365291	1.0	5459	tags=53%, list=36%, signal=84%	
IONOTROPIC GLUTAMATE RECEPTOR PATHWAY%PANTHER PATHWAY%P00037	IONOTROPIC GLUTAMATE RECEPTOR PATHWAY%PANTHER PATHWAY%P00037		23	0.41678423	1.084093	0.32525253	0.63781047	1.0	1722	tags=35%, list=11%, signal=39%	
RHO GTPASES ACTIVATE ROCKS%REACTOME%R-HSA-5627117.5	RHO GTPASES ACTIVATE ROCKS%REACTOME%R-HSA-5627117.5		19	0.43090975	1.0840011	0.34626576	0.6376405	1.0	1749	tags=21%, list=12%, signal=24%	
AURKA ACTIVATION BY TPX2%REACTOME%R-HSA-8854518.4	AURKA ACTIVATION BY TPX2%REACTOME%R-HSA-8854518.4		70	0.3325091	1.0839275	0.30212355	0.6374228	1.0	4937	tags=50%, list=33%, signal=74%	
KINESINS%REACTOME%R-HSA-983189.5	KINESINS%REACTOME%R-HSA-983189.5		40	0.36424783	1.083424	0.31243682	0.6384981	1.0	4863	tags=52%, list=32%, signal=77%	
PHOTODYNAMIC THERAPY INDUCED HIF 1 SURVIVAL SIGNALING%WIKIPATHWAYS_20260211%WP3614%HOMO SAPIENS	PHOTODYNAMIC THERAPY INDUCED HIF 1 SURVIVAL SIGNALING%WIKIPATHWAYS_20260211%WP3614%HOMO SAPIENS		23	0.41217524	1.0833836	0.33465347	0.63818574	1.0	1575	tags=13%, list=10%, signal=15%	
REGULATION OF COMPLEMENT CASCADE%REACTOME%R-HSA-977606.8	REGULATION OF COMPLEMENT CASCADE%REACTOME%R-HSA-977606.8		33	0.38054758	1.0832891	0.34134135	0.6380312	1.0	2130	tags=24%, list=14%, signal=28%	
RESPONSE TO METAL ION%GOBP%GO:0010038	RESPONSE TO METAL ION%GOBP%GO:0010038		154	0.2971425	1.0830609	0.25680932	0.63826716	1.0	2517	tags=23%, list=17%, signal=28%	
GONAD DEVELOPMENT%GOBP%GO:0008406	GONAD DEVELOPMENT%GOBP%GO:0008406		61	0.33556303	1.0827177	0.31041455	0.63885826	1.0	3391	tags=31%, list=23%, signal=40%	
PID_NCADHERIN_PATHWAY%MSIGDB_C2%PID_NCADHERIN_PATHWAY	PID_NCADHERIN_PATHWAY%MSIGDB_C2%PID_NCADHERIN_PATHWAY		27	0.4002082	1.0826855	0.3467433	0.6385304	1.0	1076	tags=15%, list=7%, signal=16%	
GASTRIC CANCER NETWORK 2%WIKIPATHWAYS_20260211%WP2363%HOMO SAPIENS	GASTRIC CANCER NETWORK 2%WIKIPATHWAYS_20260211%WP2363%HOMO SAPIENS		26	0.39912376	1.0826687	0.32142857	0.6381448	1.0	1316	tags=15%, list=9%, signal=17%	
LEUKOCYTE TETHERING OR ROLLING%GOBP%GO:0050901	LEUKOCYTE TETHERING OR ROLLING%GOBP%GO:0050901		17	0.4412543	1.0826032	0.35956174	0.63790685	1.0	2838	tags=47%, list=19%, signal=58%	
POSITIVE REGULATION OF FOCAL ADHESION ASSEMBLY%GOBP%GO:0051894	POSITIVE REGULATION OF FOCAL ADHESION ASSEMBLY%GOBP%GO:0051894		18	0.4379777	1.0821589	0.3570039	0.6387803	1.0	2515	tags=33%, list=17%, signal=40%	
SODIUM CHANNEL IN EPILEPSY%WIKIPATHWAYS_20260211%WP5598%HOMO SAPIENS	SODIUM CHANNEL IN EPILEPSY%WIKIPATHWAYS_20260211%WP5598%HOMO SAPIENS		29	0.39956337	1.0819763	0.3478261	0.63889223	1.0	2766	tags=45%, list=18%, signal=55%	
REGULATION OF ACTIN FILAMENT-BASED PROCESS%GOBP%GO:0032970	REGULATION OF ACTIN FILAMENT-BASED PROCESS%GOBP%GO:0032970		300	0.27407616	1.0815312	0.21908471	0.63980395	1.0	1806	tags=14%, list=12%, signal=16%	
COMPLEMENT CASCADE%REACTOME%R-HSA-166658.6	COMPLEMENT CASCADE%REACTOME%R-HSA-166658.6		40	0.36934352	1.0813572	0.31861803	0.63988453	1.0	2573	tags=28%, list=17%, signal=33%	
NEGATIVE REGULATION OF ACTIVIN RECEPTOR SIGNALING PATHWAY%GOBP%GO:0032926	NEGATIVE REGULATION OF ACTIVIN RECEPTOR SIGNALING PATHWAY%GOBP%GO:0032926		15	0.45896196	1.0809858	0.3539055	0.64052653	1.0	1801	tags=20%, list=12%, signal=23%	
ANTIGEN RECEPTOR-MEDIATED SIGNALING PATHWAY%GOBP%GO:0050851	ANTIGEN RECEPTOR-MEDIATED SIGNALING PATHWAY%GOBP%GO:0050851		112	0.3060098	1.0803427	0.27996165	0.64197963	1.0	2324	tags=19%, list=15%, signal=22%	
REGULATION OF LEUKOCYTE CELL-CELL ADHESION%GOBP%GO:1903037	REGULATION OF LEUKOCYTE CELL-CELL ADHESION%GOBP%GO:1903037		295	0.27372155	1.0801847	0.22553588	0.64202166	1.0	3156	tags=26%, list=21%, signal=32%	
BRAIN DEVELOPMENT%GOBP%GO:0007420	BRAIN DEVELOPMENT%GOBP%GO:0007420		307	0.27378908	1.0801761	0.21730769	0.64161265	1.0	2281	tags=19%, list=15%, signal=22%	
PID_ILK_PATHWAY%MSIGDB_C2%PID_ILK_PATHWAY	PID_ILK_PATHWAY%MSIGDB_C2%PID_ILK_PATHWAY		34	0.37849864	1.0798455	0.33791748	0.64216155	1.0	2694	tags=21%, list=18%, signal=25%	
MICROTUBULE POLYMERIZATION%GOBP%GO:0046785	MICROTUBULE POLYMERIZATION%GOBP%GO:0046785		41	0.3619606	1.0797783	0.30503455	0.64191234	1.0	4112	tags=49%, list=27%, signal=67%	
REGULATION OF MUSCLE CELL APOPTOTIC PROCESS%GOBP%GO:0010660	REGULATION OF MUSCLE CELL APOPTOTIC PROCESS%GOBP%GO:0010660		35	0.37429452	1.0796722	0.33521128	0.6417856	1.0	313	tags=14%, list=2%, signal=15%	
EPITHELIAL STRUCTURE MAINTENANCE%GOBP%GO:0010669	EPITHELIAL STRUCTURE MAINTENANCE%GOBP%GO:0010669		25	0.40261444	1.0796067	0.32971373	0.6415414	1.0	873	tags=16%, list=6%, signal=17%	
UTERINE NATURAL KILLER CELLS AND PROGESTERONE ESTROGEN AND CHORIONIC GONADOTROPIN%WIKIPATHWAYS_20260211%WP5569%HOMO SAPIENS	UTERINE NATURAL KILLER CELLS AND PROGESTERONE ESTROGEN AND CHORIONIC GONADOTROPIN%WIKIPATHWAYS_20260211%WP5569%HOMO SAPIENS		43	0.35837302	1.0791467	0.3271665	0.64248186	1.0	3555	tags=33%, list=24%, signal=43%	
WOUND HEALING%GOBP%GO:0042060	WOUND HEALING%GOBP%GO:0042060		215	0.28416464	1.0790775	0.23512477	0.6422497	1.0	1681	tags=16%, list=11%, signal=18%	
DIGESTIVE SYSTEM PROCESS%GOBP%GO:0022600	DIGESTIVE SYSTEM PROCESS%GOBP%GO:0022600		36	0.37387332	1.0787235	0.31309298	0.64283615	1.0	2811	tags=33%, list=19%, signal=41%	
NEGATIVE REGULATION OF AMYLOID-BETA FORMATION%GOBP%GO:1902430	NEGATIVE REGULATION OF AMYLOID-BETA FORMATION%GOBP%GO:1902430		16	0.45475277	1.0784075	0.3468208	0.64332986	1.0	2412	tags=25%, list=16%, signal=30%	
ENDOTHELINS%PATHWAY INTERACTION DATABASE NCI-NATURE CURATED DATA%ENDOTHELINS	ENDOTHELINS%PATHWAY INTERACTION DATABASE NCI-NATURE CURATED DATA%ENDOTHELINS		60	0.33548763	1.0780295	0.30404738	0.6440035	1.0	2250	tags=23%, list=15%, signal=27%	
TRP CHANNELS%REACTOME%R-HSA-3295583.4	TRP CHANNELS%REACTOME%R-HSA-3295583.4		18	0.43505096	1.0774559	0.358581	0.64523214	1.0	2862	tags=39%, list=19%, signal=48%	
POSITIVE REGULATION OF VASCULAR ENDOTHELIAL GROWTH FACTOR PRODUCTION%GOBP%GO:0010575	POSITIVE REGULATION OF VASCULAR ENDOTHELIAL GROWTH FACTOR PRODUCTION%GOBP%GO:0010575		23	0.40684342	1.0770112	0.35528943	0.64613855	1.0	823	tags=13%, list=5%, signal=14%	
POSITIVE REGULATION OF BLOOD CIRCULATION%GOBP%GO:1903524	POSITIVE REGULATION OF BLOOD CIRCULATION%GOBP%GO:1903524		20	0.42472088	1.0769645	0.36398837	0.6458264	1.0	667	tags=25%, list=4%, signal=26%	
REGULATION OF ORGAN GROWTH%GOBP%GO:0046620	REGULATION OF ORGAN GROWTH%GOBP%GO:0046620		34	0.37487578	1.0768416	0.33136678	0.64577526	1.0	2291	tags=26%, list=15%, signal=31%	
TRANSPORT ALONG MICROTUBULE%GOBP%GO:0010970	TRANSPORT ALONG MICROTUBULE%GOBP%GO:0010970		158	0.29189956	1.0764426	0.2755682	0.6464976	1.0	4277	tags=42%, list=28%, signal=58%	
REGULATION OF CELL CYCLE G1/S PHASE TRANSITION%GOBP%GO:1902806	REGULATION OF CELL CYCLE G1/S PHASE TRANSITION%GOBP%GO:1902806		152	0.29562584	1.0757368	0.2777778	0.6481415	1.0	2791	tags=25%, list=19%, signal=30%	
DNA IR DOUBLE STRAND BREAKS AND CELLULAR RESPONSE VIA ATM%WIKIPATHWAYS_20260211%WP3959%HOMO SAPIENS	DNA IR DOUBLE STRAND BREAKS AND CELLULAR RESPONSE VIA ATM%WIKIPATHWAYS_20260211%WP3959%HOMO SAPIENS		45	0.35543725	1.0756915	0.3363545	0.6478485	1.0	3521	tags=27%, list=23%, signal=35%	
REGULATION OF POSTSYNAPSE ORGANIZATION%GOBP%GO:0099175	REGULATION OF POSTSYNAPSE ORGANIZATION%GOBP%GO:0099175		50	0.34750593	1.0755048	0.32957748	0.64796096	1.0	1363	tags=22%, list=9%, signal=24%	
HIGH LAMINAR FLOW SHEAR STRESS ACTIVATES SIGNALING BY PIEZO1 AND PECAM1:CDH5:KDR IN ENDOTHELIAL CELLS%REACTOME DATABASE ID RELEASE 95%9856530	HIGH LAMINAR FLOW SHEAR STRESS ACTIVATES SIGNALING BY PIEZO1 AND PECAM1:CDH5:KDR IN ENDOTHELIAL CELLS%REACTOME DATABASE ID RELEASE 95%9856530		61	0.33805597	1.0747774	0.32030505	0.6497047	1.0	1562	tags=18%, list=10%, signal=20%	
SUMOYLATION%REACTOME DATABASE ID RELEASE 95%2990846	SUMOYLATION%REACTOME DATABASE ID RELEASE 95%2990846		160	0.29061592	1.0745524	0.2679097	0.6499403	1.0	2722	tags=16%, list=18%, signal=20%	
ENDOTHELIAL CELL MIGRATION%GOBP%GO:0043542	ENDOTHELIAL CELL MIGRATION%GOBP%GO:0043542		56	0.3417955	1.0744921	0.3246628	0.64967746	1.0	1569	tags=21%, list=10%, signal=24%	
REGULATION OF REPRODUCTIVE PROCESS%GOBP%GO:2000241	REGULATION OF REPRODUCTIVE PROCESS%GOBP%GO:2000241		81	0.31996757	1.0739003	0.30753565	0.65099424	1.0	3870	tags=31%, list=26%, signal=41%	
IRINOTECAN ACTION PATHWAY%PATHWHIZ%PW000238	IRINOTECAN ACTION PATHWAY%PATHWHIZ%PW000238		19	0.42349678	1.0738744	0.3546845	0.650636	1.0	2278	tags=21%, list=15%, signal=25%	
TRANSPORT TO THE GOLGI AND SUBSEQUENT MODIFICATION%REACTOME%R-HSA-948021.4	TRANSPORT TO THE GOLGI AND SUBSEQUENT MODIFICATION%REACTOME%R-HSA-948021.4		159	0.2912705	1.073867	0.2778325	0.65022415	1.0	2993	tags=26%, list=20%, signal=33%	
COMPLEMENT AND COAGULATION CASCADES%WIKIPATHWAYS_20260211%WP558%HOMO SAPIENS	COMPLEMENT AND COAGULATION CASCADES%WIKIPATHWAYS_20260211%WP558%HOMO SAPIENS		38	0.36491156	1.0735126	0.33686236	0.6507886	1.0	2983	tags=34%, list=20%, signal=43%	
TELENCEPHALON DEVELOPMENT%GOBP%GO:0021537	TELENCEPHALON DEVELOPMENT%GOBP%GO:0021537		87	0.31573036	1.0731922	0.30608174	0.6512898	1.0	2587	tags=29%, list=17%, signal=35%	
POSITIVE REGULATION OF OSSIFICATION%GOBP%GO:0045778	POSITIVE REGULATION OF OSSIFICATION%GOBP%GO:0045778		41	0.36175734	1.0731028	0.343955	0.65111864	1.0	2570	tags=29%, list=17%, signal=35%	
CAFFEINE IN BLOOD VESSELS%WIKIPATHWAYS_20260211%WP5601%HOMO SAPIENS	CAFFEINE IN BLOOD VESSELS%WIKIPATHWAYS_20260211%WP5601%HOMO SAPIENS		20	0.42902392	1.0727087	0.36145735	0.6518606	1.0	1559	tags=35%, list=10%, signal=39%	
GAP JUNCTION TRAFFICKING%REACTOME DATABASE ID RELEASE 95%190828	GAP JUNCTION TRAFFICKING%REACTOME DATABASE ID RELEASE 95%190828		21	0.4158844	1.0724882	0.3446215	0.6520639	1.0	1691	tags=24%, list=11%, signal=27%	
REGULATION OF G PROTEIN-COUPLED RECEPTOR SIGNALING PATHWAY%GOBP%GO:0008277	REGULATION OF G PROTEIN-COUPLED RECEPTOR SIGNALING PATHWAY%GOBP%GO:0008277		111	0.30441052	1.0722858	0.29713723	0.6522307	1.0	1654	tags=20%, list=11%, signal=22%	
REGULATION OF VASCULAR ENDOTHELIAL GROWTH FACTOR RECEPTOR SIGNALING PATHWAY%GOBP%GO:0030947	REGULATION OF VASCULAR ENDOTHELIAL GROWTH FACTOR RECEPTOR SIGNALING PATHWAY%GOBP%GO:0030947		25	0.39652362	1.07224	0.34072024	0.6519273	1.0	1343	tags=16%, list=9%, signal=18%	
T CELL RECEPTOR AND CO STIMULATORY SIGNALING%WIKIPATHWAYS_20260211%WP2583%HOMO SAPIENS	T CELL RECEPTOR AND CO STIMULATORY SIGNALING%WIKIPATHWAYS_20260211%WP2583%HOMO SAPIENS		21	0.415923	1.0718954	0.35044423	0.6525333	1.0	2362	tags=33%, list=16%, signal=39%	
POSITIVE REGULATION OF TRANSLATIONAL INITIATION%GOBP%GO:0045948	POSITIVE REGULATION OF TRANSLATIONAL INITIATION%GOBP%GO:0045948		26	0.39681202	1.071723	0.35707316	0.6526012	1.0	3773	tags=31%, list=25%, signal=41%	
LOCOMOTION%GOBP%GO:0040011	LOCOMOTION%GOBP%GO:0040011		236	0.27866113	1.0717206	0.26484907	0.6521766	1.0	3156	tags=30%, list=21%, signal=37%	
POSITIVE REGULATION OF LEUKOCYTE MIGRATION%GOBP%GO:0002687	POSITIVE REGULATION OF LEUKOCYTE MIGRATION%GOBP%GO:0002687		108	0.30736616	1.0716121	0.30807087	0.65206003	1.0	1565	tags=16%, list=10%, signal=17%	
AMINE BIOSYNTHETIC PROCESS%GOBP%GO:0009309	AMINE BIOSYNTHETIC PROCESS%GOBP%GO:0009309		20	0.4205434	1.0714817	0.342131	0.6520175	1.0	1454	tags=25%, list=10%, signal=28%	
FEMALE GONAD DEVELOPMENT%GOBP%GO:0008585	FEMALE GONAD DEVELOPMENT%GOBP%GO:0008585		26	0.3989603	1.0709869	0.3462963	0.6530045	1.0	2835	tags=23%, list=19%, signal=28%	
NEGATIVE REGULATION OF FGFR2 SIGNALING%REACTOME DATABASE ID RELEASE 95%5654727	NEGATIVE REGULATION OF FGFR2 SIGNALING%REACTOME DATABASE ID RELEASE 95%5654727		21	0.41728216	1.0709072	0.36247545	0.65282124	1.0	2458	tags=24%, list=16%, signal=28%	
REGULATION OF PHOSPHATIDYLINOSITOL 3-KINASE/PROTEIN KINASE B SIGNAL TRANSDUCTION%GOBP%GO:0051896	REGULATION OF PHOSPHATIDYLINOSITOL 3-KINASE/PROTEIN KINASE B SIGNAL TRANSDUCTION%GOBP%GO:0051896		206	0.28249785	1.0705863	0.26699507	0.6533032	1.0	3093	tags=25%, list=21%, signal=31%	
NUCLEAR RECEPTORS META PATHWAY%WIKIPATHWAYS_20260211%WP2882%HOMO SAPIENS	NUCLEAR RECEPTORS META PATHWAY%WIKIPATHWAYS_20260211%WP2882%HOMO SAPIENS		205	0.2830881	1.0705695	0.26871794	0.6529238	1.0	3097	tags=30%, list=21%, signal=37%	
DETECTION OF STIMULUS%GOBP%GO:0051606	DETECTION OF STIMULUS%GOBP%GO:0051606		110	0.30473176	1.0696498	0.29879275	0.65517473	1.0	1529	tags=18%, list=10%, signal=20%	
FOXO-MEDIATED TRANSCRIPTION%REACTOME%R-HSA-9614085.3	FOXO-MEDIATED TRANSCRIPTION%REACTOME%R-HSA-9614085.3		59	0.33098608	1.0694412	0.30954677	0.655369	1.0	3286	tags=31%, list=22%, signal=39%	
REGULATION OF CILIUM ASSEMBLY%GOBP%GO:1902017	REGULATION OF CILIUM ASSEMBLY%GOBP%GO:1902017		73	0.3265354	1.0692927	0.34460095	0.6553612	1.0	3685	tags=38%, list=25%, signal=51%	
IRINOTECAN METABOLISM PATHWAY%SMPDB%SMP0000600	IRINOTECAN METABOLISM PATHWAY%SMPDB%SMP0000600		19	0.42349678	1.0692639	0.35397318	0.65501124	1.0	2278	tags=21%, list=15%, signal=25%	
REGULATION OF CELL ACTIVATION%GOBP%GO:0050865	REGULATION OF CELL ACTIVATION%GOBP%GO:0050865		466	0.26122293	1.0691584	0.21797323	0.6548938	1.0	2622	tags=21%, list=17%, signal=25%	
LEUKOCYTE INTRINSIC HIPPO PATHWAY FUNCTIONS%WIKIPATHWAYS_20260211%WP4542%HOMO SAPIENS	LEUKOCYTE INTRINSIC HIPPO PATHWAY FUNCTIONS%WIKIPATHWAYS_20260211%WP4542%HOMO SAPIENS		25	0.3969312	1.0688123	0.3469185	0.65547985	1.0	2146	tags=32%, list=14%, signal=37%	
RESPONSE TO UV%GOBP%GO:0009411	RESPONSE TO UV%GOBP%GO:0009411		118	0.30383426	1.0687612	0.3038835	0.65520877	1.0	2824	tags=25%, list=19%, signal=30%	
INTERNALIZATION OF ERBB1%PATHWAY INTERACTION DATABASE NCI-NATURE CURATED DATA%INTERNALIZATION OF ERBB1	INTERNALIZATION OF ERBB1%PATHWAY INTERACTION DATABASE NCI-NATURE CURATED DATA%INTERNALIZATION OF ERBB1		38	0.36149213	1.0687271	0.33464566	0.65487295	1.0	2021	tags=21%, list=13%, signal=24%	
DEVELOPMENTAL PROCESS INVOLVED IN REPRODUCTION%GOBP%GO:0003006	DEVELOPMENTAL PROCESS INVOLVED IN REPRODUCTION%GOBP%GO:0003006		406	0.26378685	1.0685871	0.23025048	0.6548776	1.0	4018	tags=30%, list=27%, signal=40%	
REGULATION OF PROTEIN POLYMERIZATION%GOBP%GO:0032271	REGULATION OF PROTEIN POLYMERIZATION%GOBP%GO:0032271		145	0.29180345	1.0683306	0.27669904	0.65521264	1.0	2806	tags=22%, list=19%, signal=27%	
ENDODERM DIFFERENTIATION%WIKIPATHWAYS_20260211%WP2853%HOMO SAPIENS	ENDODERM DIFFERENTIATION%WIKIPATHWAYS_20260211%WP2853%HOMO SAPIENS		105	0.30498084	1.0670912	0.30365974	0.6583904	1.0	2585	tags=26%, list=17%, signal=31%	
REGULATION OF CELL-CELL ADHESION%GOBP%GO:0022407	REGULATION OF CELL-CELL ADHESION%GOBP%GO:0022407		387	0.26383293	1.0670135	0.24572004	0.65819395	1.0	2967	tags=23%, list=20%, signal=28%	
DOUBLE-STRAND BREAK REPAIR VIA NONHOMOLOGOUS END JOINING%GOBP%GO:0006303	DOUBLE-STRAND BREAK REPAIR VIA NONHOMOLOGOUS END JOINING%GOBP%GO:0006303		46	0.34862778	1.0670067	0.33431086	0.65778095	1.0	4012	tags=28%, list=27%, signal=38%	
UNFOLDED PROTEIN RESPONSE%WIKIPATHWAYS_20260211%WP4925%HOMO SAPIENS	UNFOLDED PROTEIN RESPONSE%WIKIPATHWAYS_20260211%WP4925%HOMO SAPIENS		18	0.4313539	1.0668169	0.3539823	0.6579025	1.0	2258	tags=28%, list=15%, signal=33%	
REGULATION OF PEPTIDE TRANSPORT%GOBP%GO:0090087	REGULATION OF PEPTIDE TRANSPORT%GOBP%GO:0090087		109	0.30384365	1.066359	0.31428573	0.65879303	1.0	3085	tags=28%, list=21%, signal=36%	
BIOCARTA_G2_PATHWAY%MSIGDB_C2%BIOCARTA_G2_PATHWAY	BIOCARTA_G2_PATHWAY%MSIGDB_C2%BIOCARTA_G2_PATHWAY		18	0.42867902	1.0652076	0.3617021	0.6618279	1.0	2684	tags=50%, list=18%, signal=61%	
SYNDECAN-2-MEDIATED SIGNALING EVENTS%PATHWAY INTERACTION DATABASE NCI-NATURE CURATED DATA%SYNDECAN-2-MEDIATED SIGNALING EVENTS	SYNDECAN-2-MEDIATED SIGNALING EVENTS%PATHWAY INTERACTION DATABASE NCI-NATURE CURATED DATA%SYNDECAN-2-MEDIATED SIGNALING EVENTS		33	0.37529975	1.0651512	0.348723	0.6615588	1.0	1711	tags=30%, list=11%, signal=34%	
CHROMOSOME LOCALIZATION%GOBP%GO:0050000	CHROMOSOME LOCALIZATION%GOBP%GO:0050000		89	0.313137	1.0650669	0.3114428	0.6613843	1.0	2219	tags=15%, list=15%, signal=17%	
NOTCH SIGNALING PATHWAY%GOBP%GO:0007219	NOTCH SIGNALING PATHWAY%GOBP%GO:0007219		38	0.3683847	1.0648233	0.35471332	0.66171134	1.0	3192	tags=42%, list=21%, signal=53%	
DENGUE 2 INTERACTIONS WITH COMPLEMENT AND COAGULATION CASCADES%WIKIPATHWAYS_20260211%WP3896%HOMO SAPIENS	DENGUE 2 INTERACTIONS WITH COMPLEMENT AND COAGULATION CASCADES%WIKIPATHWAYS_20260211%WP3896%HOMO SAPIENS		38	0.36491156	1.0646024	0.34974873	0.6619415	1.0	2983	tags=34%, list=20%, signal=43%	
RESPONSE TO ORGANOPHOSPHORUS%GOBP%GO:0046683	RESPONSE TO ORGANOPHOSPHORUS%GOBP%GO:0046683		52	0.34447953	1.0645041	0.35653004	0.6617885	1.0	2756	tags=29%, list=18%, signal=35%	
REGULATION OF HORMONE LEVELS%GOBP%GO:0010817	REGULATION OF HORMONE LEVELS%GOBP%GO:0010817		275	0.27512544	1.0643889	0.25948104	0.6617027	1.0	2299	tags=21%, list=15%, signal=24%	
NEGATIVE REGULATION OF CELL-CELL ADHESION%GOBP%GO:0022408	NEGATIVE REGULATION OF CELL-CELL ADHESION%GOBP%GO:0022408		157	0.29081994	1.0641065	0.29249012	0.6621172	1.0	1690	tags=16%, list=11%, signal=18%	
REGULATION OF NEURON APOPTOTIC PROCESS%GOBP%GO:0043523	REGULATION OF NEURON APOPTOTIC PROCESS%GOBP%GO:0043523		122	0.2992669	1.0640209	0.31317073	0.66194755	1.0	2478	tags=26%, list=16%, signal=31%	
LOSS OF NLP FROM MITOTIC CENTROSOMES%REACTOME DATABASE ID RELEASE 95%380259	LOSS OF NLP FROM MITOTIC CENTROSOMES%REACTOME DATABASE ID RELEASE 95%380259		67	0.3246219	1.0632292	0.32344213	0.66385865	1.0	4937	tags=49%, list=33%, signal=73%	
SYNAPTIC VESICLE RECYCLING%GOBP%GO:0036465	SYNAPTIC VESICLE RECYCLING%GOBP%GO:0036465		42	0.3551239	1.0627463	0.3529412	0.6648637	1.0	297	tags=12%, list=2%, signal=12%	
REGULATION OF NEUROTRANSMITTER TRANSPORT%GOBP%GO:0051588	REGULATION OF NEUROTRANSMITTER TRANSPORT%GOBP%GO:0051588		55	0.33720115	1.0626662	0.32894737	0.6646735	1.0	1571	tags=25%, list=10%, signal=28%	
SPROUTING ANGIOGENESIS%GOBP%GO:0002040	SPROUTING ANGIOGENESIS%GOBP%GO:0002040		53	0.33968395	1.0626116	0.33655706	0.6644023	1.0	1599	tags=19%, list=11%, signal=21%	
URETERIC BUD MORPHOGENESIS%GOBP%GO:0060675	URETERIC BUD MORPHOGENESIS%GOBP%GO:0060675		17	0.44197375	1.062543	0.36954412	0.66417855	1.0	2459	tags=47%, list=16%, signal=56%	
IL19 SIGNALING%WIKIPATHWAYS_20260211%WP5422%HOMO SAPIENS	IL19 SIGNALING%WIKIPATHWAYS_20260211%WP5422%HOMO SAPIENS		22	0.41048127	1.0625012	0.36302683	0.6638677	1.0	1540	tags=18%, list=10%, signal=20%	
ENDOTHELIAL CELL DEVELOPMENT%GOBP%GO:0001885	ENDOTHELIAL CELL DEVELOPMENT%GOBP%GO:0001885		32	0.37331924	1.0618507	0.3402367	0.6653528	1.0	1374	tags=13%, list=9%, signal=14%	
RENAL WATER HOMEOSTASIS%GOBP%GO:0003091	RENAL WATER HOMEOSTASIS%GOBP%GO:0003091		24	0.3968295	1.0617971	0.37202382	0.6650952	1.0	988	tags=21%, list=7%, signal=22%	
NEGATIVE REGULATION OF LEUKOCYTE CELL-CELL ADHESION%GOBP%GO:1903038	NEGATIVE REGULATION OF LEUKOCYTE CELL-CELL ADHESION%GOBP%GO:1903038		115	0.30032143	1.0617329	0.31128404	0.6648482	1.0	2362	tags=21%, list=16%, signal=25%	
BARBED-END ACTIN FILAMENT CAPPING%GOBP%GO:0051016	BARBED-END ACTIN FILAMENT CAPPING%GOBP%GO:0051016		17	0.4319883	1.0616223	0.37314907	0.6647469	1.0	3527	tags=41%, list=23%, signal=54%	
NEGATIVE REGULATION OF LYMPHOCYTE ACTIVATION%GOBP%GO:0051250	NEGATIVE REGULATION OF LYMPHOCYTE ACTIVATION%GOBP%GO:0051250		121	0.2987395	1.0608987	0.31135902	0.6664923	1.0	3156	tags=29%, list=21%, signal=36%	
STABILIZATION AND EXPANSION OF THE E-CADHERIN ADHERENS JUNCTION%PATHWAY INTERACTION DATABASE NCI-NATURE CURATED DATA%STABILIZATION AND EXPANSION OF THE E-CADHERIN ADHERENS JUNCTION	STABILIZATION AND EXPANSION OF THE E-CADHERIN ADHERENS JUNCTION%PATHWAY INTERACTION DATABASE NCI-NATURE CURATED DATA%STABILIZATION AND EXPANSION OF THE E-CADHERIN ADHERENS JUNCTION		41	0.36151543	1.0608181	0.35334647	0.66629326	1.0	1591	tags=22%, list=11%, signal=24%	
MEIOSIS I CELL CYCLE PROCESS%GOBP%GO:0061982	MEIOSIS I CELL CYCLE PROCESS%GOBP%GO:0061982		70	0.32473838	1.0606372	0.33206108	0.6663997	1.0	3724	tags=30%, list=25%, signal=40%	
CARBOHYDRATE METABOLISM%REACTOME DATABASE ID RELEASE 95%71387	CARBOHYDRATE METABOLISM%REACTOME DATABASE ID RELEASE 95%71387		258	0.2728396	1.0605026	0.2803104	0.6663698	1.0	2596	tags=24%, list=17%, signal=29%	
RESPONSE TO HYDROGEN PEROXIDE%GOBP%GO:0042542	RESPONSE TO HYDROGEN PEROXIDE%GOBP%GO:0042542		41	0.35590354	1.0602498	0.3540434	0.66669315	1.0	2348	tags=17%, list=16%, signal=20%	
CELL RECOGNITION%GOBP%GO:0008037	CELL RECOGNITION%GOBP%GO:0008037		73	0.3242664	1.0601208	0.31878173	0.66664165	1.0	2526	tags=27%, list=17%, signal=33%	
NEGATIVE REGULATION OF LEUKOCYTE PROLIFERATION%GOBP%GO:0070664	NEGATIVE REGULATION OF LEUKOCYTE PROLIFERATION%GOBP%GO:0070664		61	0.33524147	1.0599838	0.3450351	0.66661507	1.0	1363	tags=20%, list=9%, signal=22%	
SWI SNF CHROMATIN REMODELERS%REACTOME%R-HSA-9932451.1	SWI SNF CHROMATIN REMODELERS%REACTOME%R-HSA-9932451.1		29	0.3829244	1.0595648	0.3634558	0.66745067	1.0	2762	tags=31%, list=18%, signal=38%	
REGULATION OF T CELL MIGRATION%GOBP%GO:2000404	REGULATION OF T CELL MIGRATION%GOBP%GO:2000404		36	0.36115837	1.0588479	0.35797665	0.66917664	1.0	1895	tags=22%, list=13%, signal=25%	
REGULATION OF LEUKOCYTE MIGRATION%GOBP%GO:0002685	REGULATION OF LEUKOCYTE MIGRATION%GOBP%GO:0002685		158	0.2879254	1.0585564	0.30512017	0.669609	1.0	3093	tags=27%, list=21%, signal=33%	
REGULATION OF PROTEIN KINASE ACTIVITY%GOBP%GO:0045859	REGULATION OF PROTEIN KINASE ACTIVITY%GOBP%GO:0045859		208	0.27642244	1.0578232	0.29041627	0.67134064	1.0	1733	tags=13%, list=12%, signal=15%	
5HT2 TYPE RECEPTOR MEDIATED SIGNALING PATHWAY%PANTHER PATHWAY%P04374	5HT2 TYPE RECEPTOR MEDIATED SIGNALING PATHWAY%PANTHER PATHWAY%P04374		35	0.36953044	1.0578146	0.3559322	0.6709339	1.0	1294	tags=20%, list=9%, signal=22%	
DIGESTION%GOBP%GO:0007586	DIGESTION%GOBP%GO:0007586		46	0.34814233	1.0573828	0.36049855	0.67178005	1.0	2811	tags=33%, list=19%, signal=40%	
NEGATIVE REGULATION OF INTERLEUKIN-2 PRODUCTION%GOBP%GO:0032703	NEGATIVE REGULATION OF INTERLEUKIN-2 PRODUCTION%GOBP%GO:0032703		22	0.40349728	1.0570931	0.36952192	0.67221934	1.0	918	tags=18%, list=6%, signal=19%	
REGULATION OF EXTRACELLULAR MATRIX DISASSEMBLY%GOBP%GO:0010715	REGULATION OF EXTRACELLULAR MATRIX DISASSEMBLY%GOBP%GO:0010715		18	0.43105555	1.056697	0.38099808	0.6729566	1.0	4540	tags=39%, list=30%, signal=56%	
POSITIVE REGULATION OF LEUKOCYTE CHEMOTAXIS%GOBP%GO:0002690	POSITIVE REGULATION OF LEUKOCYTE CHEMOTAXIS%GOBP%GO:0002690		74	0.3205592	1.0565474	0.33201972	0.67295474	1.0	3093	tags=27%, list=21%, signal=34%	
METABOLIC DISORDERS OF BIOLOGICAL OXIDATION ENZYMES%REACTOME%R-HSA-5579029.5	METABOLIC DISORDERS OF BIOLOGICAL OXIDATION ENZYMES%REACTOME%R-HSA-5579029.5		23	0.40316123	1.0564761	0.38938054	0.6727381	1.0	1803	tags=30%, list=12%, signal=35%	
MEIOSIS I%GOBP%GO:0007127	MEIOSIS I%GOBP%GO:0007127		66	0.32487026	1.0562456	0.35819432	0.6730327	1.0	3724	tags=30%, list=25%, signal=40%	
RECRUITMENT OF MITOTIC CENTROSOME PROTEINS AND COMPLEXES%REACTOME DATABASE ID RELEASE 95%380270	RECRUITMENT OF MITOTIC CENTROSOME PROTEINS AND COMPLEXES%REACTOME DATABASE ID RELEASE 95%380270		79	0.31277677	1.0560905	0.3390342	0.67304593	1.0	4937	tags=47%, list=33%, signal=69%	
FAT CELL DIFFERENTIATION%GOBP%GO:0045444	FAT CELL DIFFERENTIATION%GOBP%GO:0045444		61	0.32776216	1.0559204	0.339	0.6731415	1.0	2173	tags=33%, list=14%, signal=38%	
METABOLISM OF SPHINGOLIPIDS IN ER AND GOLGI APPARATUS%WIKIPATHWAYS_20260211%WP4142%HOMO SAPIENS	METABOLISM OF SPHINGOLIPIDS IN ER AND GOLGI APPARATUS%WIKIPATHWAYS_20260211%WP4142%HOMO SAPIENS		18	0.41936928	1.055813	0.38514173	0.67302597	1.0	2975	tags=33%, list=20%, signal=42%	
REGULATION OF CELL FATE COMMITMENT%GOBP%GO:0010453	REGULATION OF CELL FATE COMMITMENT%GOBP%GO:0010453		31	0.37222958	1.0556806	0.38203356	0.67298955	1.0	1138	tags=13%, list=8%, signal=14%	
PID_CD40_PATHWAY%MSIGDB_C2%PID_CD40_PATHWAY	PID_CD40_PATHWAY%MSIGDB_C2%PID_CD40_PATHWAY		25	0.39014792	1.0555459	0.37317786	0.6729663	1.0	1705	tags=24%, list=11%, signal=27%	
TSH%NETPATH%TSH	TSH%NETPATH%TSH		16	0.43223676	1.055442	0.3877551	0.6728644	1.0	72	tags=6%, list=0%, signal=6%	
NEURON CELLULAR HOMEOSTASIS%GOBP%GO:0070050	NEURON CELLULAR HOMEOSTASIS%GOBP%GO:0070050		20	0.41130942	1.0554196	0.36023623	0.6725096	1.0	3909	tags=45%, list=26%, signal=61%	
PHOSPHOLIPID TRANSLOCATION%GOBP%GO:0045332	PHOSPHOLIPID TRANSLOCATION%GOBP%GO:0045332		38	0.36235794	1.0554017	0.36666667	0.6721315	1.0	3478	tags=39%, list=23%, signal=51%	
PLURIPOTENT STEM CELL DIFFERENTIATION PATHWAY%WIKIPATHWAYS_20260211%WP2848%HOMO SAPIENS	PLURIPOTENT STEM CELL DIFFERENTIATION PATHWAY%WIKIPATHWAYS_20260211%WP2848%HOMO SAPIENS		32	0.37625396	1.0544417	0.3886163	0.67459834	1.0	1801	tags=28%, list=12%, signal=32%	
DEVELOPMENT OF PRIMARY SEXUAL CHARACTERISTICS%GOBP%GO:0045137	DEVELOPMENT OF PRIMARY SEXUAL CHARACTERISTICS%GOBP%GO:0045137		63	0.3252999	1.0541824	0.3560682	0.67493266	1.0	3391	tags=30%, list=23%, signal=39%	
ATP-DEPENDENT CHROMATIN REMODELERS%REACTOME%R-HSA-9932444.2	ATP-DEPENDENT CHROMATIN REMODELERS%REACTOME%R-HSA-9932444.2		29	0.3829244	1.0537711	0.3811395	0.6757428	1.0	2762	tags=31%, list=18%, signal=38%	
SIGNALING BY NOTCH2%REACTOME%R-HSA-1980145.4	SIGNALING BY NOTCH2%REACTOME%R-HSA-1980145.4		31	0.3750631	1.0536808	0.36923078	0.6755912	1.0	3088	tags=29%, list=21%, signal=36%	
NEGATIVE REGULATION OF HORMONE SECRETION%GOBP%GO:0046888	NEGATIVE REGULATION OF HORMONE SECRETION%GOBP%GO:0046888		29	0.38433096	1.0535269	0.35917565	0.6756217	1.0	3128	tags=45%, list=21%, signal=57%	
LOSS OF PROTEINS REQUIRED FOR INTERPHASE MICROTUBULE ORGANIZATION FROM THE CENTROSOME%REACTOME DATABASE ID RELEASE 95%380284	LOSS OF PROTEINS REQUIRED FOR INTERPHASE MICROTUBULE ORGANIZATION FROM THE CENTROSOME%REACTOME DATABASE ID RELEASE 95%380284		67	0.3246219	1.0535212	0.35051546	0.67521095	1.0	4937	tags=49%, list=33%, signal=73%	
SPHINGOSINE 1-PHOSPHATE (S1P) PATHWAY%PATHWAY INTERACTION DATABASE NCI-NATURE CURATED DATA%SPHINGOSINE 1-PHOSPHATE (S1P) PATHWAY	SPHINGOSINE 1-PHOSPHATE (S1P) PATHWAY%PATHWAY INTERACTION DATABASE NCI-NATURE CURATED DATA%SPHINGOSINE 1-PHOSPHATE (S1P) PATHWAY		21	0.40953675	1.0529419	0.40118578	0.676526	1.0	72	tags=10%, list=0%, signal=10%	
GLUCAGON-TYPE LIGAND RECEPTORS%REACTOME DATABASE ID RELEASE 95%420092	GLUCAGON-TYPE LIGAND RECEPTORS%REACTOME DATABASE ID RELEASE 95%420092		22	0.4064395	1.0523856	0.38076153	0.67776006	1.0	1929	tags=27%, list=13%, signal=31%	
CELL-CELL JUNCTION ASSEMBLY%GOBP%GO:0007043	CELL-CELL JUNCTION ASSEMBLY%GOBP%GO:0007043		87	0.30893898	1.0518857	0.34732825	0.6788259	1.0	1022	tags=14%, list=7%, signal=15%	
REGULATION OF MRNA PROCESSING%GOBP%GO:0050684	REGULATION OF MRNA PROCESSING%GOBP%GO:0050684		125	0.29457366	1.0517482	0.34291187	0.6787953	1.0	4166	tags=29%, list=28%, signal=40%	
NEGATIVE REGULATION OF GROWTH%GOBP%GO:0045926	NEGATIVE REGULATION OF GROWTH%GOBP%GO:0045926		136	0.29320112	1.051458	0.31988472	0.67923	1.0	3329	tags=37%, list=22%, signal=47%	
REGULATION OF POSTSYNAPTIC MEMBRANE POTENTIAL%GOBP%GO:0060078	REGULATION OF POSTSYNAPTIC MEMBRANE POTENTIAL%GOBP%GO:0060078		16	0.43450293	1.0514554	0.3829365	0.67880845	1.0	2479	tags=50%, list=17%, signal=60%	
SIGNALING BY HEDGEHOG%REACTOME DATABASE ID RELEASE 95%5358351	SIGNALING BY HEDGEHOG%REACTOME DATABASE ID RELEASE 95%5358351		120	0.29677036	1.0513847	0.33399603	0.6785889	1.0	1338	tags=15%, list=9%, signal=16%	
POSITIVE REGULATION OF LYMPHOCYTE DIFFERENTIATION%GOBP%GO:0045621	POSITIVE REGULATION OF LYMPHOCYTE DIFFERENTIATION%GOBP%GO:0045621		96	0.30600196	1.0507767	0.3374741	0.6799764	1.0	3241	tags=31%, list=22%, signal=40%	
RENAL ABSORPTION%GOBP%GO:0070293	RENAL ABSORPTION%GOBP%GO:0070293		21	0.404884	1.0507045	0.38706467	0.6797725	1.0	2994	tags=43%, list=20%, signal=53%	
NEUROTROPHIN SIGNALING PATHWAY%GOBP%GO:0038179	NEUROTROPHIN SIGNALING PATHWAY%GOBP%GO:0038179		18	0.42923573	1.0506425	0.39648438	0.6795319	1.0	2952	tags=33%, list=20%, signal=41%	
REGULATION OF MICROTUBULE DEPOLYMERIZATION%GOBP%GO:0031114	REGULATION OF MICROTUBULE DEPOLYMERIZATION%GOBP%GO:0031114		25	0.38771358	1.0489576	0.37104994	0.6840962	1.0	2862	tags=40%, list=19%, signal=49%	
PID_LYSOPHOSPHOLIPID_PATHWAY%MSIGDB_C2%PID_LYSOPHOSPHOLIPID_PATHWAY	PID_LYSOPHOSPHOLIPID_PATHWAY%MSIGDB_C2%PID_LYSOPHOSPHOLIPID_PATHWAY		49	0.34482834	1.0482941	0.37171718	0.68560344	1.0	2607	tags=22%, list=17%, signal=27%	
MITOTIC SPINDLE ASSEMBLY%GOBP%GO:0090307	MITOTIC SPINDLE ASSEMBLY%GOBP%GO:0090307		45	0.346048	1.0481085	0.351	0.68573827	1.0	2498	tags=24%, list=17%, signal=29%	
MEMBRANE REPOLARIZATION%GOBP%GO:0086009	MEMBRANE REPOLARIZATION%GOBP%GO:0086009		23	0.40175518	1.0478835	0.38108882	0.68600327	1.0	1604	tags=26%, list=11%, signal=29%	
TNFR2 NON-CANONICAL NF-KB PATHWAY%REACTOME DATABASE ID RELEASE 95%5668541	TNFR2 NON-CANONICAL NF-KB PATHWAY%REACTOME DATABASE ID RELEASE 95%5668541		84	0.31397963	1.0478244	0.35826772	0.68574774	1.0	1705	tags=18%, list=11%, signal=20%	
TNFR1-INDUCED NF-KAPPA-B SIGNALING PATHWAY%REACTOME%R-HSA-5357956.5	TNFR1-INDUCED NF-KAPPA-B SIGNALING PATHWAY%REACTOME%R-HSA-5357956.5		29	0.37456334	1.0477339	0.38976377	0.6855963	1.0	1705	tags=17%, list=11%, signal=19%	
NEGATIVE REGULATION OF LEUKOCYTE ACTIVATION%GOBP%GO:0002695	NEGATIVE REGULATION OF LEUKOCYTE ACTIVATION%GOBP%GO:0002695		144	0.288761	1.0475557	0.3255578	0.6857107	1.0	3156	tags=29%, list=21%, signal=37%	
NEGATIVE REGULATION OF ENDOTHELIAL CELL APOPTOTIC PROCESS%GOBP%GO:2000352	NEGATIVE REGULATION OF ENDOTHELIAL CELL APOPTOTIC PROCESS%GOBP%GO:2000352		23	0.40131485	1.0475307	0.38539553	0.6853556	1.0	856	tags=22%, list=6%, signal=23%	
NEGATIVE REGULATION OF ANGIOGENESIS%GOBP%GO:0016525	NEGATIVE REGULATION OF ANGIOGENESIS%GOBP%GO:0016525		82	0.3121834	1.0471402	0.36836934	0.6861326	1.0	1620	tags=17%, list=11%, signal=19%	
POTASSIUM ION HOMEOSTASIS%GOBP%GO:0055075	POTASSIUM ION HOMEOSTASIS%GOBP%GO:0055075		22	0.4000424	1.0470998	0.40243903	0.68582106	1.0	2888	tags=32%, list=19%, signal=39%	
CHEMOTAXIS%GOBP%GO:0006935	CHEMOTAXIS%GOBP%GO:0006935		232	0.27205324	1.0468233	0.32623428	0.686208	1.0	3156	tags=30%, list=21%, signal=37%	
NUCLEOTIDE-BINDING DOMAIN, LEUCINE RICH REPEAT CONTAINING RECEPTOR SIGNALING PATHWAY%GOBP%GO:0035872	NUCLEOTIDE-BINDING DOMAIN, LEUCINE RICH REPEAT CONTAINING RECEPTOR SIGNALING PATHWAY%GOBP%GO:0035872		15	0.44149336	1.0464815	0.3994112	0.68677986	1.0	1978	tags=27%, list=13%, signal=31%	
REGULATION OF MUSCLE CONTRACTION%GOBP%GO:0006937	REGULATION OF MUSCLE CONTRACTION%GOBP%GO:0006937		104	0.2994921	1.0461628	0.35823753	0.6872993	1.0	1610	tags=20%, list=11%, signal=22%	
NEGATIVE REGULATION OF T CELL ACTIVATION%GOBP%GO:0050868	NEGATIVE REGULATION OF T CELL ACTIVATION%GOBP%GO:0050868		105	0.2992686	1.0456748	0.33988214	0.6883384	1.0	2362	tags=21%, list=16%, signal=25%	
REGULATION OF ISOTYPE SWITCHING%GOBP%GO:0045191	REGULATION OF ISOTYPE SWITCHING%GOBP%GO:0045191		19	0.40939534	1.0454955	0.41315016	0.6884314	1.0	679	tags=11%, list=5%, signal=11%	
ESTABLISHMENT OF MITOCHONDRION LOCALIZATION%GOBP%GO:0051654	ESTABLISHMENT OF MITOCHONDRION LOCALIZATION%GOBP%GO:0051654		24	0.39898252	1.044956	0.3894325	0.6896103	1.0	1611	tags=17%, list=11%, signal=19%	
NEGATIVE REGULATION OF PEPTIDE HORMONE SECRETION%GOBP%GO:0090278	NEGATIVE REGULATION OF PEPTIDE HORMONE SECRETION%GOBP%GO:0090278		20	0.40352947	1.0447773	0.39292732	0.68971103	1.0	3085	tags=45%, list=21%, signal=57%	
SUBSTRATE ADHESION-DEPENDENT CELL SPREADING%GOBP%GO:0034446	SUBSTRATE ADHESION-DEPENDENT CELL SPREADING%GOBP%GO:0034446		42	0.35072443	1.0444657	0.37536946	0.6902643	1.0	1599	tags=17%, list=11%, signal=19%	
CEREBRAL CORTEX DEVELOPMENT%GOBP%GO:0021987	CEREBRAL CORTEX DEVELOPMENT%GOBP%GO:0021987		47	0.34281465	1.0440483	0.3590998	0.691093	1.0	2587	tags=30%, list=17%, signal=36%	
ACTIN FILAMENT CAPPING%GOBP%GO:0051693	ACTIN FILAMENT CAPPING%GOBP%GO:0051693		17	0.4319883	1.0439427	0.40511307	0.69098186	1.0	3527	tags=41%, list=23%, signal=54%	
BIOCARTA_IGF1_PATHWAY%MSIGDB_C2%BIOCARTA_IGF1_PATHWAY	BIOCARTA_IGF1_PATHWAY%MSIGDB_C2%BIOCARTA_IGF1_PATHWAY		17	0.4255698	1.0439094	0.40497512	0.6906609	1.0	2037	tags=29%, list=14%, signal=34%	
EXTRACELLULAR TRANSPORT%GOBP%GO:0006858	EXTRACELLULAR TRANSPORT%GOBP%GO:0006858		22	0.4031701	1.0432768	0.3903904	0.69214827	1.0	3686	tags=59%, list=25%, signal=78%	
CHEMICAL SYNAPTIC TRANSMISSION, POSTSYNAPTIC%GOBP%GO:0099565	CHEMICAL SYNAPTIC TRANSMISSION, POSTSYNAPTIC%GOBP%GO:0099565		16	0.43450293	1.0431173	0.40830114	0.6922146	1.0	2479	tags=50%, list=17%, signal=60%	
RUNX1 INTERACTS WITH CO-FACTORS WHOSE PRECISE EFFECT ON RUNX1 TARGETS IS NOT KNOWN%REACTOME DATABASE ID RELEASE 95%8939243	RUNX1 INTERACTS WITH CO-FACTORS WHOSE PRECISE EFFECT ON RUNX1 TARGETS IS NOT KNOWN%REACTOME DATABASE ID RELEASE 95%8939243		35	0.3616177	1.0430918	0.3869105	0.69185865	1.0	2762	tags=20%, list=18%, signal=24%	
NEGATIVE REGULATION OF BLOOD VESSEL MORPHOGENESIS%GOBP%GO:2000181	NEGATIVE REGULATION OF BLOOD VESSEL MORPHOGENESIS%GOBP%GO:2000181		83	0.31048575	1.0422677	0.37664974	0.69390786	1.0	1620	tags=17%, list=11%, signal=19%	
CENTROSOME MATURATION%REACTOME DATABASE ID RELEASE 95%380287	CENTROSOME MATURATION%REACTOME DATABASE ID RELEASE 95%380287		79	0.31277677	1.0422343	0.34359485	0.69358313	1.0	4937	tags=47%, list=33%, signal=69%	
DOWNSTREAM SIGNALING OF ACTIVATED FGFR1%REACTOME DATABASE ID RELEASE 95%5654687	DOWNSTREAM SIGNALING OF ACTIVATED FGFR1%REACTOME DATABASE ID RELEASE 95%5654687		16	0.4344207	1.0421755	0.40214217	0.6933393	1.0	2458	tags=25%, list=16%, signal=30%	
REGULATION OF GTPASE ACTIVITY%GOBP%GO:0043087	REGULATION OF GTPASE ACTIVITY%GOBP%GO:0043087		114	0.29623273	1.0421675	0.35099337	0.69293493	1.0	1840	tags=14%, list=12%, signal=16%	
PURINE RIBONUCLEOSIDE MONOPHOSPHATE METABOLIC PROCESS%GOBP%GO:0009167	PURINE RIBONUCLEOSIDE MONOPHOSPHATE METABOLIC PROCESS%GOBP%GO:0009167		23	0.39666122	1.0420494	0.39539346	0.6928505	1.0	5000	tags=57%, list=33%, signal=85%	
NEGATIVE REGULATION OF LEUKOCYTE DIFFERENTIATION%GOBP%GO:1902106	NEGATIVE REGULATION OF LEUKOCYTE DIFFERENTIATION%GOBP%GO:1902106		85	0.30762225	1.0418198	0.35549134	0.69311637	1.0	2515	tags=22%, list=17%, signal=27%	
NEUROTRANSMITTER UPTAKE%GOBP%GO:0001504	NEUROTRANSMITTER UPTAKE%GOBP%GO:0001504		17	0.43045834	1.0417429	0.4165824	0.6929271	1.0	716	tags=24%, list=5%, signal=25%	
NEGATIVE REGULATION OF ALPHA-BETA T CELL DIFFERENTIATION%GOBP%GO:0046639	NEGATIVE REGULATION OF ALPHA-BETA T CELL DIFFERENTIATION%GOBP%GO:0046639		23	0.38905057	1.0412726	0.3934263	0.69390494	1.0	2169	tags=26%, list=14%, signal=30%	
SIGNALING BY EGFR IN CANCER%REACTOME%R-HSA-1643713.4	SIGNALING BY EGFR IN CANCER%REACTOME%R-HSA-1643713.4		23	0.3913251	1.0412468	0.3917422	0.69354874	1.0	3393	tags=35%, list=23%, signal=45%	
REGULATION OF MACROPHAGE CHEMOTAXIS%GOBP%GO:0010758	REGULATION OF MACROPHAGE CHEMOTAXIS%GOBP%GO:0010758		21	0.40577918	1.0411197	0.3866134	0.6935091	1.0	3035	tags=29%, list=20%, signal=36%	
REGULATION OF PROTEIN PHOSPHORYLATION%GOBP%GO:0001932	REGULATION OF PROTEIN PHOSPHORYLATION%GOBP%GO:0001932		339	0.26103434	1.0406666	0.30623817	0.69443625	1.0	2386	tags=16%, list=16%, signal=19%	
MALE INFERTILITY%WIKIPATHWAYS_20260211%WP4673%HOMO SAPIENS	MALE INFERTILITY%WIKIPATHWAYS_20260211%WP4673%HOMO SAPIENS		75	0.31862238	1.0404484	0.3754902	0.69467133	1.0	3459	tags=28%, list=23%, signal=36%	
DISORDERS OF BILE ACID SYNTHESIS AND BILIARY TRANSPORT%WIKIPATHWAYS_20260211%WP5176%HOMO SAPIENS	DISORDERS OF BILE ACID SYNTHESIS AND BILIARY TRANSPORT%WIKIPATHWAYS_20260211%WP5176%HOMO SAPIENS		17	0.4254841	1.0401912	0.3962818	0.6949582	1.0	1479	tags=29%, list=10%, signal=33%	
NEGATIVE REGULATION OF PROTEIN-CONTAINING COMPLEX DISASSEMBLY%GOBP%GO:0043242	NEGATIVE REGULATION OF PROTEIN-CONTAINING COMPLEX DISASSEMBLY%GOBP%GO:0043242		49	0.33709177	1.0401524	0.39257812	0.6946502	1.0	2781	tags=31%, list=19%, signal=37%	
POSITIVE REGULATION OF STRESS FIBER ASSEMBLY%GOBP%GO:0051496	POSITIVE REGULATION OF STRESS FIBER ASSEMBLY%GOBP%GO:0051496		43	0.34606013	1.039968	0.39846006	0.6947723	1.0	2515	tags=21%, list=17%, signal=25%	
BRAIN DERIVED NEUROTROPHIC FACTOR BDNF SIGNALING%WIKIPATHWAYS_20260211%WP2380%HOMO SAPIENS	BRAIN DERIVED NEUROTROPHIC FACTOR BDNF SIGNALING%WIKIPATHWAYS_20260211%WP2380%HOMO SAPIENS		115	0.29393768	1.0397705	0.35535535	0.694928	1.0	2622	tags=24%, list=17%, signal=29%	
REGULATION OF RHO PROTEIN SIGNAL TRANSDUCTION%GOBP%GO:0035023	REGULATION OF RHO PROTEIN SIGNAL TRANSDUCTION%GOBP%GO:0035023		76	0.31544158	1.0391816	0.38308457	0.69624645	1.0	2036	tags=16%, list=14%, signal=18%	
TAXIS%GOBP%GO:0042330	TAXIS%GOBP%GO:0042330		232	0.27205324	1.0390604	0.33652008	0.6961952	1.0	3156	tags=30%, list=21%, signal=37%	
EPITHELIAL TUBE FORMATION%GOBP%GO:0072175	EPITHELIAL TUBE FORMATION%GOBP%GO:0072175		43	0.34348643	1.0385169	0.4	0.697408	1.0	3685	tags=37%, list=25%, signal=49%	
RECRUITMENT OF NUMA TO MITOTIC CENTROSOMES%REACTOME DATABASE ID RELEASE 95%380320	RECRUITMENT OF NUMA TO MITOTIC CENTROSOMES%REACTOME DATABASE ID RELEASE 95%380320		78	0.31143507	1.0383619	0.38515547	0.6974616	1.0	4937	tags=47%, list=33%, signal=70%	
NEGATIVE REGULATION OF VASCULATURE DEVELOPMENT%GOBP%GO:1901343	NEGATIVE REGULATION OF VASCULATURE DEVELOPMENT%GOBP%GO:1901343		84	0.30801928	1.037662	0.38190955	0.6991402	1.0	1620	tags=17%, list=11%, signal=19%	
IRON METABOLISM DISORDERS%WIKIPATHWAYS_20260211%WP5172%HOMO SAPIENS	IRON METABOLISM DISORDERS%WIKIPATHWAYS_20260211%WP5172%HOMO SAPIENS		15	0.43724895	1.0376403	0.41716567	0.69878113	1.0	1421	tags=20%, list=9%, signal=22%	
GPCRS OTHER%WIKIPATHWAYS_20260211%WP117%HOMO SAPIENS	GPCRS OTHER%WIKIPATHWAYS_20260211%WP117%HOMO SAPIENS		42	0.34531033	1.0375896	0.3817468	0.69850165	1.0	1632	tags=24%, list=11%, signal=27%	
GABA AND GLUTAMATE SIGNALLING IN EPILEPTOGENESIS%WIKIPATHWAYS_20260211%WP5600%HOMO SAPIENS	GABA AND GLUTAMATE SIGNALLING IN EPILEPTOGENESIS%WIKIPATHWAYS_20260211%WP5600%HOMO SAPIENS		68	0.3162469	1.0372354	0.37220603	0.69914573	1.0	2805	tags=31%, list=19%, signal=38%	
POSITIVE REGULATION OF MACROPHAGE MIGRATION%GOBP%GO:1905523	POSITIVE REGULATION OF MACROPHAGE MIGRATION%GOBP%GO:1905523		20	0.40582547	1.0369607	0.4073715	0.6995339	1.0	3904	tags=40%, list=26%, signal=54%	
PALLIUM DEVELOPMENT%GOBP%GO:0021543	PALLIUM DEVELOPMENT%GOBP%GO:0021543		58	0.32614633	1.0368335	0.38549617	0.699518	1.0	2587	tags=29%, list=17%, signal=35%	
CELLULAR RESPONSE TO REACTIVE OXYGEN SPECIES%GOBP%GO:0034614	CELLULAR RESPONSE TO REACTIVE OXYGEN SPECIES%GOBP%GO:0034614		77	0.31217256	1.0368329	0.35892513	0.6990948	1.0	1640	tags=14%, list=11%, signal=16%	
CELLULAR RESPONSE TO FLUID SHEAR STRESS%GOBP%GO:0071498	CELLULAR RESPONSE TO FLUID SHEAR STRESS%GOBP%GO:0071498		36	0.35395667	1.0361317	0.3972468	0.70073956	1.0	2263	tags=28%, list=15%, signal=33%	
EXTRACELLULAR VESICLE MEDIATED SIGNALING IN RECIPIENT CELLS%WIKIPATHWAYS_20260211%WP2870%HOMO SAPIENS	EXTRACELLULAR VESICLE MEDIATED SIGNALING IN RECIPIENT CELLS%WIKIPATHWAYS_20260211%WP2870%HOMO SAPIENS		22	0.3949424	1.0360136	0.4105894	0.70065546	1.0	2340	tags=18%, list=16%, signal=22%	
AFFECTED PATHWAYS IN DUCHENNE MUSCULAR DYSTROPHY%WIKIPATHWAYS_20260211%WP5356%HOMO SAPIENS	AFFECTED PATHWAYS IN DUCHENNE MUSCULAR DYSTROPHY%WIKIPATHWAYS_20260211%WP5356%HOMO SAPIENS		54	0.33021796	1.0355233	0.36300692	0.70167255	1.0	1646	tags=19%, list=11%, signal=21%	
REGULATION OF OSTEOCLAST DIFFERENTIATION%GOBP%GO:0045670	REGULATION OF OSTEOCLAST DIFFERENTIATION%GOBP%GO:0045670		42	0.35187218	1.034508	0.38582677	0.7043396	1.0	1434	tags=14%, list=10%, signal=16%	
SEXUAL REPRODUCTION%GOBP%GO:0019953	SEXUAL REPRODUCTION%GOBP%GO:0019953		469	0.25286606	1.0343602	0.31632653	0.704361	1.0	4058	tags=29%, list=27%, signal=39%	
POSITIVE REGULATION OF NEUTROPHIL MIGRATION%GOBP%GO:1902624	POSITIVE REGULATION OF NEUTROPHIL MIGRATION%GOBP%GO:1902624		24	0.39142898	1.0342793	0.41308594	0.7041677	1.0	2607	tags=29%, list=17%, signal=35%	
ALK1 SIGNALING EVENTS%PATHWAY INTERACTION DATABASE NCI-NATURE CURATED DATA%ALK1 SIGNALING EVENTS	ALK1 SIGNALING EVENTS%PATHWAY INTERACTION DATABASE NCI-NATURE CURATED DATA%ALK1 SIGNALING EVENTS		24	0.3941035	1.0341505	0.4069098	0.7041201	1.0	242	tags=8%, list=2%, signal=8%	
MODULATION OF EXCITATORY POSTSYNAPTIC POTENTIAL%GOBP%GO:0098815	MODULATION OF EXCITATORY POSTSYNAPTIC POTENTIAL%GOBP%GO:0098815		24	0.38984752	1.0338566	0.40267766	0.7045694	1.0	1246	tags=25%, list=8%, signal=27%	
VENTRICULAR CARDIAC MUSCLE CELL ACTION POTENTIAL%GOBP%GO:0086005	VENTRICULAR CARDIAC MUSCLE CELL ACTION POTENTIAL%GOBP%GO:0086005		15	0.43533793	1.0338223	0.42703232	0.70423573	1.0	245	tags=20%, list=2%, signal=20%	
CYTOSKELETON-DEPENDENT INTRACELLULAR TRANSPORT%GOBP%GO:0030705	CYTOSKELETON-DEPENDENT INTRACELLULAR TRANSPORT%GOBP%GO:0030705		177	0.27792135	1.0334071	0.35067436	0.7050356	1.0	4277	tags=41%, list=28%, signal=56%	
CATABOLISM OF SKELETAL MUSCLE IN CACHEXIA%WIKIPATHWAYS_20260211%WP5474%HOMO SAPIENS	CATABOLISM OF SKELETAL MUSCLE IN CACHEXIA%WIKIPATHWAYS_20260211%WP5474%HOMO SAPIENS		34	0.36197463	1.0332048	0.4107677	0.7052173	1.0	89	tags=6%, list=1%, signal=6%	
CARDIAC ATRIUM MORPHOGENESIS%GOBP%GO:0003209	CARDIAC ATRIUM MORPHOGENESIS%GOBP%GO:0003209		15	0.43519446	1.0328032	0.41017964	0.7059909	1.0	391	tags=13%, list=3%, signal=14%	
CHAPERONIN-MEDIATED PROTEIN FOLDING%REACTOME DATABASE ID RELEASE 95%390466	CHAPERONIN-MEDIATED PROTEIN FOLDING%REACTOME DATABASE ID RELEASE 95%390466		76	0.3138182	1.0325527	0.40018657	0.7063242	1.0	2257	tags=16%, list=15%, signal=18%	
CHEMOKINE SIGNALING%WIKIPATHWAYS_20260211%WP3929%HOMO SAPIENS	CHEMOKINE SIGNALING%WIKIPATHWAYS_20260211%WP3929%HOMO SAPIENS		123	0.28790864	1.0324553	0.37775648	0.7061963	1.0	3130	tags=26%, list=21%, signal=33%	
POSITIVE REGULATION OF MOLECULAR FUNCTION%GOBP%GO:0044093	POSITIVE REGULATION OF MOLECULAR FUNCTION%GOBP%GO:0044093		329	0.2586356	1.0322391	0.32429817	0.70644116	1.0	1861	tags=14%, list=12%, signal=16%	
NEGATIVE REGULATION OF PEPTIDE SECRETION%GOBP%GO:0002792	NEGATIVE REGULATION OF PEPTIDE SECRETION%GOBP%GO:0002792		21	0.39649	1.0316564	0.41610086	0.7078074	1.0	3085	tags=43%, list=21%, signal=54%	
SYNAPTIC TRANSMISSION, GLUTAMATERGIC%GOBP%GO:0035249	SYNAPTIC TRANSMISSION, GLUTAMATERGIC%GOBP%GO:0035249		18	0.41291806	1.0316256	0.4190955	0.7074751	1.0	3922	tags=67%, list=26%, signal=90%	
PID_LIS1_PATHWAY%MSIGDB_C2%PID_LIS1_PATHWAY	PID_LIS1_PATHWAY%MSIGDB_C2%PID_LIS1_PATHWAY		20	0.39825177	1.0315813	0.41252485	0.70718163	1.0	93	tags=5%, list=1%, signal=5%	
CONSTITUTIVE SIGNALING BY NOTCH1 HD DOMAIN MUTANTS%REACTOME%R-HSA-2691232.3	CONSTITUTIVE SIGNALING BY NOTCH1 HD DOMAIN MUTANTS%REACTOME%R-HSA-2691232.3		15	0.43268773	1.0315753	0.42828485	0.7067782	1.0	2624	tags=40%, list=17%, signal=48%	
REGULATION OF RAC1 ACTIVITY%PATHWAY INTERACTION DATABASE NCI-NATURE CURATED DATA%REGULATION OF RAC1 ACTIVITY	REGULATION OF RAC1 ACTIVITY%PATHWAY INTERACTION DATABASE NCI-NATURE CURATED DATA%REGULATION OF RAC1 ACTIVITY		36	0.3571064	1.0314806	0.39712918	0.706625	1.0	2052	tags=25%, list=14%, signal=29%	
ALPHA9 BETA1 INTEGRIN SIGNALING EVENTS%PATHWAY INTERACTION DATABASE NCI-NATURE CURATED DATA%ALPHA9 BETA1 INTEGRIN SIGNALING EVENTS	ALPHA9 BETA1 INTEGRIN SIGNALING EVENTS%PATHWAY INTERACTION DATABASE NCI-NATURE CURATED DATA%ALPHA9 BETA1 INTEGRIN SIGNALING EVENTS		23	0.39030153	1.0314	0.39104477	0.70644206	1.0	1503	tags=30%, list=10%, signal=34%	
VASCULAR ENDOTHELIAL CELL RESPONSE TO FLUID SHEAR STRESS%GOBP%GO:0097699	VASCULAR ENDOTHELIAL CELL RESPONSE TO FLUID SHEAR STRESS%GOBP%GO:0097699		24	0.38999766	1.0311891	0.43607533	0.7066641	1.0	1881	tags=25%, list=13%, signal=29%	
CANCER IMMUNOTHERAPY BY PD 1 BLOCKADE%WIKIPATHWAYS_20260211%WP4585%HOMO SAPIENS	CANCER IMMUNOTHERAPY BY PD 1 BLOCKADE%WIKIPATHWAYS_20260211%WP4585%HOMO SAPIENS		21	0.4014823	1.0311118	0.40944883	0.706479	1.0	2677	tags=24%, list=18%, signal=29%	
POSITIVE REGULATION OF T CELL DIFFERENTIATION%GOBP%GO:0045582	POSITIVE REGULATION OF T CELL DIFFERENTIATION%GOBP%GO:0045582		83	0.30505934	1.0310194	0.38217822	0.706337	1.0	3135	tags=29%, list=21%, signal=36%	
REGULATION OF OSTEOBLAST PROLIFERATION%GOBP%GO:0033688	REGULATION OF OSTEOBLAST PROLIFERATION%GOBP%GO:0033688		16	0.42967483	1.0309105	0.42040038	0.70625883	1.0	3030	tags=44%, list=20%, signal=55%	
CANONICAL WNT SIGNALING PATHWAY%GOBP%GO:0060070	CANONICAL WNT SIGNALING PATHWAY%GOBP%GO:0060070		60	0.3235634	1.030866	0.38021338	0.7059648	1.0	2071	tags=27%, list=14%, signal=31%	
ION CHANNEL TRANSPORT%REACTOME%R-HSA-983712.4	ION CHANNEL TRANSPORT%REACTOME%R-HSA-983712.4		144	0.28029245	1.0306641	0.36692014	0.70615536	1.0	3006	tags=30%, list=20%, signal=37%	
STEM CELL DEVELOPMENT%GOBP%GO:0048864	STEM CELL DEVELOPMENT%GOBP%GO:0048864		48	0.33663073	1.0301548	0.38949454	0.7072179	1.0	1571	tags=21%, list=10%, signal=23%	
DEVELOPMENT OF PRIMARY FEMALE SEXUAL CHARACTERISTICS%GOBP%GO:0046545	DEVELOPMENT OF PRIMARY FEMALE SEXUAL CHARACTERISTICS%GOBP%GO:0046545		27	0.38177246	1.0299287	0.41559723	0.70745885	1.0	2835	tags=22%, list=19%, signal=27%	
HEMATOPOIETIC STEM CELL GENE REGULATION BY GABP ALPHA BETA COMPLEX%WIKIPATHWAYS_20260211%WP3657%HOMO SAPIENS	HEMATOPOIETIC STEM CELL GENE REGULATION BY GABP ALPHA BETA COMPLEX%WIKIPATHWAYS_20260211%WP3657%HOMO SAPIENS		16	0.42664415	1.029865	0.4280079	0.7072267	1.0	6674	tags=75%, list=44%, signal=135%	
INTERACTOME OF POLYCOMB REPRESSIVE COMPLEX 2 PRC2 %WIKIPATHWAYS_20260211%WP2916%HOMO SAPIENS	INTERACTOME OF POLYCOMB REPRESSIVE COMPLEX 2 PRC2 %WIKIPATHWAYS_20260211%WP2916%HOMO SAPIENS		15	0.43046296	1.0298425	0.42418236	0.70687115	1.0	2359	tags=20%, list=16%, signal=24%	
PRE IMPLANTATION EMBRYO%WIKIPATHWAYS_20260211%WP3527%HOMO SAPIENS	PRE IMPLANTATION EMBRYO%WIKIPATHWAYS_20260211%WP3527%HOMO SAPIENS		38	0.3522993	1.0296205	0.40349075	0.7071094	1.0	1843	tags=24%, list=12%, signal=27%	
DAG AND IP3 SIGNALING%REACTOME%R-HSA-1489509.4	DAG AND IP3 SIGNALING%REACTOME%R-HSA-1489509.4		37	0.35870785	1.029541	0.403	0.7069255	1.0	2601	tags=24%, list=17%, signal=29%	
NEGATIVE REGULATION OF FIBROBLAST PROLIFERATION%GOBP%GO:0048147	NEGATIVE REGULATION OF FIBROBLAST PROLIFERATION%GOBP%GO:0048147		18	0.4115686	1.029504	0.39813083	0.7066118	1.0	2515	tags=22%, list=17%, signal=27%	
REGULATION OF LYMPHOCYTE DIFFERENTIATION%GOBP%GO:0045619	REGULATION OF LYMPHOCYTE DIFFERENTIATION%GOBP%GO:0045619		159	0.27986813	1.0294355	0.35907337	0.70638794	1.0	3241	tags=28%, list=22%, signal=35%	
POSITIVE REGULATION OF B CELL MEDIATED IMMUNITY%GOBP%GO:0002714	POSITIVE REGULATION OF B CELL MEDIATED IMMUNITY%GOBP%GO:0002714		20	0.40154704	1.0293031	0.41897234	0.70638406	1.0	679	tags=10%, list=5%, signal=10%	
PROTEIN-CONTAINING COMPLEX LOCALIZATION%GOBP%GO:0031503	PROTEIN-CONTAINING COMPLEX LOCALIZATION%GOBP%GO:0031503		38	0.3507921	1.0292051	0.40726578	0.7062628	1.0	512	tags=11%, list=3%, signal=11%	
OXYTOCIN RECEPTOR MEDIATED SIGNALING PATHWAY%PANTHER PATHWAY%P04391	OXYTOCIN RECEPTOR MEDIATED SIGNALING PATHWAY%PANTHER PATHWAY%P04391		33	0.3572945	1.029127	0.39637828	0.7060658	1.0	2149	tags=27%, list=14%, signal=32%	
ADENYLATE CYCLASE-ACTIVATING G PROTEIN-COUPLED RECEPTOR SIGNALING PATHWAY%GOBP%GO:0007189	ADENYLATE CYCLASE-ACTIVATING G PROTEIN-COUPLED RECEPTOR SIGNALING PATHWAY%GOBP%GO:0007189		106	0.29588825	1.0289204	0.38476756	0.7062544	1.0	1394	tags=16%, list=9%, signal=18%	
DENDRITE DEVELOPMENT%GOBP%GO:0016358	DENDRITE DEVELOPMENT%GOBP%GO:0016358		52	0.3323405	1.0289055	0.3972332	0.7058847	1.0	2626	tags=31%, list=17%, signal=37%	
SCHWANN CELL DIFFERENTIATION%GOBP%GO:0014037	SCHWANN CELL DIFFERENTIATION%GOBP%GO:0014037		16	0.42689404	1.0288415	0.43713164	0.7056512	1.0	1193	tags=19%, list=8%, signal=20%	
NEGATIVE REGULATION OF OSTEOCLAST DIFFERENTIATION%GOBP%GO:0045671	NEGATIVE REGULATION OF OSTEOCLAST DIFFERENTIATION%GOBP%GO:0045671		22	0.39333725	1.0281982	0.39866155	0.7071443	1.0	421	tags=14%, list=3%, signal=14%	
SIGNALING BY TGFBR3%REACTOME DATABASE ID RELEASE 95%9839373	SIGNALING BY TGFBR3%REACTOME DATABASE ID RELEASE 95%9839373		40	0.34630394	1.0281011	0.41335914	0.7070146	1.0	2228	tags=25%, list=15%, signal=29%	
POSITIVE REGULATION OF MONONUCLEAR CELL PROLIFERATION%GOBP%GO:0032946	POSITIVE REGULATION OF MONONUCLEAR CELL PROLIFERATION%GOBP%GO:0032946		89	0.30484724	1.0279781	0.375852	0.70696265	1.0	1720	tags=17%, list=11%, signal=19%	
SENSORY PERCEPTION%REACTOME%R-HSA-9709957.5	SENSORY PERCEPTION%REACTOME%R-HSA-9709957.5		149	0.28027222	1.0279481	0.3756244	0.7066439	1.0	2203	tags=22%, list=15%, signal=26%	
SIGNALING BY RECEPTOR TYROSINE KINASES%REACTOME DATABASE ID RELEASE 95%9006934	SIGNALING BY RECEPTOR TYROSINE KINASES%REACTOME DATABASE ID RELEASE 95%9006934		466	0.24926126	1.0268383	0.35205993	0.7094819	1.0	2471	tags=19%, list=16%, signal=22%	
POSITIVE REGULATION OF IMMUNOGLOBULIN MEDIATED IMMUNE RESPONSE%GOBP%GO:0002891	POSITIVE REGULATION OF IMMUNOGLOBULIN MEDIATED IMMUNE RESPONSE%GOBP%GO:0002891		20	0.40154704	1.0267457	0.4105263	0.709331	1.0	679	tags=10%, list=5%, signal=10%	
SIGNALING BY NOTCH1 HD DOMAIN MUTANTS IN CANCER%REACTOME DATABASE ID RELEASE 95%2691230	SIGNALING BY NOTCH1 HD DOMAIN MUTANTS IN CANCER%REACTOME DATABASE ID RELEASE 95%2691230		15	0.43268773	1.026417	0.449144	0.7098921	1.0	2624	tags=40%, list=17%, signal=48%	
COOPERATION OF PDCL (PHLP1) AND TRIC CCT IN G-PROTEIN BETA FOLDING%REACTOME%R-HSA-6814122.3	COOPERATION OF PDCL (PHLP1) AND TRIC CCT IN G-PROTEIN BETA FOLDING%REACTOME%R-HSA-6814122.3		32	0.36410582	1.0262958	0.4009756	0.7098304	1.0	2575	tags=19%, list=17%, signal=23%	
DNA DAMAGE RESPONSE ONLY ATM DEPENDENT %WIKIPATHWAYS_20260211%WP710%HOMO SAPIENS	DNA DAMAGE RESPONSE ONLY ATM DEPENDENT %WIKIPATHWAYS_20260211%WP710%HOMO SAPIENS		82	0.303373	1.0261438	0.38579655	0.70985144	1.0	3074	tags=28%, list=20%, signal=35%	
REGULATION OF JNK CASCADE%GOBP%GO:0046328	REGULATION OF JNK CASCADE%GOBP%GO:0046328		121	0.28893408	1.0259287	0.40036398	0.710097	1.0	2256	tags=20%, list=15%, signal=23%	
CALCIUM-MEDIATED SIGNALING%GOBP%GO:0019722	CALCIUM-MEDIATED SIGNALING%GOBP%GO:0019722		109	0.2925289	1.02497	0.38181818	0.7125939	1.0	2200	tags=23%, list=15%, signal=27%	
SEMAPHORIN-PLEXIN SIGNALING PATHWAY%GOBP%GO:0071526	SEMAPHORIN-PLEXIN SIGNALING PATHWAY%GOBP%GO:0071526		41	0.34637535	1.024398	0.4019802	0.7139217	1.0	3319	tags=32%, list=22%, signal=41%	
POSITIVE REGULATION OF MUSCLE HYPERTROPHY%GOBP%GO:0014742	POSITIVE REGULATION OF MUSCLE HYPERTROPHY%GOBP%GO:0014742		20	0.40270004	1.02404	0.43317074	0.7145932	1.0	1394	tags=25%, list=9%, signal=28%	
CILIARY LANDSCAPE%WIKIPATHWAYS_20260211%WP4352%HOMO SAPIENS	CILIARY LANDSCAPE%WIKIPATHWAYS_20260211%WP4352%HOMO SAPIENS		173	0.27208275	1.0240159	0.38376755	0.7142513	1.0	2316	tags=17%, list=15%, signal=20%	
ORNITHINE AMINOTRANSFERASE DEFICIENCY (OAT DEFICIENCY)%SMPDB%SMP0000363	ORNITHINE AMINOTRANSFERASE DEFICIENCY (OAT DEFICIENCY)%SMPDB%SMP0000363		19	0.4023847	1.0232075	0.4194831	0.71626794	1.0	974	tags=16%, list=6%, signal=17%	
REGULATION OF ENDOTHELIAL CELL DIFFERENTIATION%GOBP%GO:0045601	REGULATION OF ENDOTHELIAL CELL DIFFERENTIATION%GOBP%GO:0045601		25	0.38204077	1.0231147	0.43032786	0.7161179	1.0	308	tags=8%, list=2%, signal=8%	
NEGATIVE REGULATION OF CELL GROWTH%GOBP%GO:0030308	NEGATIVE REGULATION OF CELL GROWTH%GOBP%GO:0030308		110	0.28998482	1.0230687	0.3865462	0.71583873	1.0	2662	tags=27%, list=18%, signal=33%	
CELL JUNCTION ORGANIZATION%REACTOME DATABASE ID RELEASE 95%446728	CELL JUNCTION ORGANIZATION%REACTOME DATABASE ID RELEASE 95%446728		228	0.2664489	1.0230094	0.375969	0.71559185	1.0	2291	tags=17%, list=15%, signal=20%	
ARGININE AND PROLINE METABOLISM%SMPDB%SMP0000020	ARGININE AND PROLINE METABOLISM%SMPDB%SMP0000020		19	0.4023847	1.0227381	0.41222113	0.71598023	1.0	974	tags=16%, list=6%, signal=17%	
ATRIOVENTRICULAR VALVE MORPHOGENESIS%GOBP%GO:0003181	ATRIOVENTRICULAR VALVE MORPHOGENESIS%GOBP%GO:0003181		21	0.40392914	1.0226549	0.42366025	0.7158177	1.0	747	tags=19%, list=5%, signal=20%	
PEPTIDYL-TYROSINE PHOSPHORYLATION%GOBP%GO:0018108	PEPTIDYL-TYROSINE PHOSPHORYLATION%GOBP%GO:0018108		46	0.33628467	1.0226479	0.4124016	0.7154161	1.0	1733	tags=20%, list=12%, signal=22%	
NEURAL CREST CELL DIFFERENTIATION%GOBP%GO:0014033	NEURAL CREST CELL DIFFERENTIATION%GOBP%GO:0014033		54	0.32728496	1.0222478	0.42162699	0.7161626	1.0	1571	tags=19%, list=10%, signal=21%	
NEGATIVE REGULATION OF TUMOR NECROSIS FACTOR-MEDIATED SIGNALING PATHWAY%GOBP%GO:0010804	NEGATIVE REGULATION OF TUMOR NECROSIS FACTOR-MEDIATED SIGNALING PATHWAY%GOBP%GO:0010804		21	0.3945508	1.0221921	0.43083003	0.71591604	1.0	676	tags=10%, list=5%, signal=10%	
MET ACTIVATES PTK2 SIGNALING%REACTOME DATABASE ID RELEASE 95%8874081	MET ACTIVATES PTK2 SIGNALING%REACTOME DATABASE ID RELEASE 95%8874081		18	0.41234624	1.0221034	0.4343534	0.7157587	1.0	1711	tags=22%, list=11%, signal=25%	
PEPTIDE LIGAND-BINDING RECEPTORS%REACTOME%R-HSA-375276.10	PEPTIDE LIGAND-BINDING RECEPTORS%REACTOME%R-HSA-375276.10		108	0.2935384	1.0220138	0.38817734	0.7156145	1.0	3093	tags=32%, list=21%, signal=41%	
POSITIVE REGULATION OF PROGRAMMED CELL DEATH%GOBP%GO:0043068	POSITIVE REGULATION OF PROGRAMMED CELL DEATH%GOBP%GO:0043068		383	0.25443637	1.021892	0.38046795	0.71556795	1.0	2524	tags=21%, list=17%, signal=25%	
HYPERPROLINEMIA TYPE II%SMPDB%SMP0000360	HYPERPROLINEMIA TYPE II%SMPDB%SMP0000360		19	0.4023847	1.0218631	0.43427458	0.71523803	1.0	974	tags=16%, list=6%, signal=17%	
GAP JUNCTION TRAFFICKING AND REGULATION%REACTOME DATABASE ID RELEASE 95%157858	GAP JUNCTION TRAFFICKING AND REGULATION%REACTOME DATABASE ID RELEASE 95%157858		22	0.3886365	1.0215636	0.43847656	0.71572423	1.0	1691	tags=23%, list=11%, signal=26%	
NONCANONICAL WNT SIGNALING PATHWAY%PATHWAY INTERACTION DATABASE NCI-NATURE CURATED DATA%NONCANONICAL WNT SIGNALING PATHWAY	NONCANONICAL WNT SIGNALING PATHWAY%PATHWAY INTERACTION DATABASE NCI-NATURE CURATED DATA%NONCANONICAL WNT SIGNALING PATHWAY		32	0.35980856	1.0203696	0.42578125	0.71888727	1.0	1609	tags=28%, list=11%, signal=31%	
INTERACTIONS BETWEEN IMMUNE CELLS AND MICRORNAS IN TUMOR MICROENVIRONMENT%WIKIPATHWAYS_20260211%WP4559%HOMO SAPIENS	INTERACTIONS BETWEEN IMMUNE CELLS AND MICRORNAS IN TUMOR MICROENVIRONMENT%WIKIPATHWAYS_20260211%WP4559%HOMO SAPIENS		19	0.41213647	1.0200008	0.43852857	0.7195853	1.0	3035	tags=26%, list=20%, signal=33%	
NEGATIVE REGULATION OF PROTEIN DEPOLYMERIZATION%GOBP%GO:1901880	NEGATIVE REGULATION OF PROTEIN DEPOLYMERIZATION%GOBP%GO:1901880		39	0.34449348	1.0199891	0.41538462	0.7191992	1.0	2781	tags=33%, list=19%, signal=41%	
CONSTITUTIVE SIGNALING BY ABERRANT PI3K IN CANCER%REACTOME DATABASE ID RELEASE 95%2219530	CONSTITUTIVE SIGNALING BY ABERRANT PI3K IN CANCER%REACTOME DATABASE ID RELEASE 95%2219530		63	0.3152241	1.0196517	0.40421262	0.71980006	1.0	3033	tags=32%, list=20%, signal=40%	
HEPATITIS C AND HEPATOCELLULAR CARCINOMA%WIKIPATHWAYS_20260211%WP3646%HOMO SAPIENS	HEPATITIS C AND HEPATOCELLULAR CARCINOMA%WIKIPATHWAYS_20260211%WP3646%HOMO SAPIENS		39	0.34218368	1.0196472	0.4148515	0.7193956	1.0	2607	tags=26%, list=17%, signal=31%	
POSITIVE REGULATION OF CARDIAC MUSCLE HYPERTROPHY%GOBP%GO:0010613	POSITIVE REGULATION OF CARDIAC MUSCLE HYPERTROPHY%GOBP%GO:0010613		20	0.40270004	1.019576	0.4264849	0.71918994	1.0	1394	tags=25%, list=9%, signal=28%	
REGULATION OF MICROTUBULE CYTOSKELETON ORGANIZATION%GOBP%GO:0070507	REGULATION OF MICROTUBULE CYTOSKELETON ORGANIZATION%GOBP%GO:0070507		140	0.27977854	1.0194055	0.40338644	0.7192658	1.0	2421	tags=19%, list=16%, signal=23%	
CELLULAR RESPONSE TO HYPOXIA%GOBP%GO:0071456	CELLULAR RESPONSE TO HYPOXIA%GOBP%GO:0071456		72	0.3108682	1.018385	0.4305835	0.72191584	1.0	2654	tags=25%, list=18%, signal=30%	
XBP1(S) ACTIVATES CHAPERONE GENES%REACTOME%R-HSA-381038.5	XBP1(S) ACTIVATES CHAPERONE GENES%REACTOME%R-HSA-381038.5		46	0.33471283	1.018235	0.43192947	0.7219416	1.0	1445	tags=15%, list=10%, signal=17%	
RESPONSE TO CAMP%GOBP%GO:0051591	RESPONSE TO CAMP%GOBP%GO:0051591		32	0.35975477	1.0181103	0.42307693	0.72188085	1.0	2756	tags=31%, list=18%, signal=38%	
POSITIVE REGULATION OF BONE MINERALIZATION%GOBP%GO:0030501	POSITIVE REGULATION OF BONE MINERALIZATION%GOBP%GO:0030501		37	0.34849998	1.0180837	0.4229249	0.72154474	1.0	2570	tags=30%, list=17%, signal=36%	
POSITIVE REGULATION OF CARBOHYDRATE METABOLIC PROCESS%GOBP%GO:0045913	POSITIVE REGULATION OF CARBOHYDRATE METABOLIC PROCESS%GOBP%GO:0045913		51	0.33084834	1.0180581	0.4271255	0.72119844	1.0	2553	tags=25%, list=17%, signal=31%	
5-HYDROXYTRYPTAMINE DEGREDATION%PANTHER PATHWAY%P04372	5-HYDROXYTRYPTAMINE DEGREDATION%PANTHER PATHWAY%P04372		18	0.41067234	1.0178397	0.42100284	0.72145134	1.0	1534	tags=22%, list=10%, signal=25%	
ANDROGEN RECEPTOR SIGNALING%WIKIPATHWAYS_20260211%WP138%HOMO SAPIENS	ANDROGEN RECEPTOR SIGNALING%WIKIPATHWAYS_20260211%WP138%HOMO SAPIENS		65	0.31825137	1.0175724	0.41108987	0.72182584	1.0	2642	tags=17%, list=18%, signal=20%	
PEPTIDE GPCRS%WIKIPATHWAYS_20260211%WP24%HOMO SAPIENS	PEPTIDE GPCRS%WIKIPATHWAYS_20260211%WP24%HOMO SAPIENS		33	0.35857642	1.0175216	0.4193227	0.7215595	1.0	1992	tags=30%, list=13%, signal=35%	
NEGATIVE REGULATION OF DNA RECOMBINATION%GOBP%GO:0045910	NEGATIVE REGULATION OF DNA RECOMBINATION%GOBP%GO:0045910		39	0.34078923	1.0174724	0.41409266	0.72128266	1.0	3194	tags=28%, list=21%, signal=36%	
POSITIVE REGULATION OF NEUTROPHIL CHEMOTAXIS%GOBP%GO:0090023	POSITIVE REGULATION OF NEUTROPHIL CHEMOTAXIS%GOBP%GO:0090023		20	0.39535487	1.0174617	0.4278892	0.720899	1.0	3093	tags=35%, list=21%, signal=44%	
SIGNAL TRANSDUCTION IN RESPONSE TO DNA DAMAGE%GOBP%GO:0042770	SIGNAL TRANSDUCTION IN RESPONSE TO DNA DAMAGE%GOBP%GO:0042770		127	0.28485575	1.0167475	0.39981008	0.72259057	1.0	2718	tags=21%, list=18%, signal=26%	
REGULATION OF ENDOTHELIAL CELL APOPTOTIC PROCESS%GOBP%GO:2000351	REGULATION OF ENDOTHELIAL CELL APOPTOTIC PROCESS%GOBP%GO:2000351		42	0.34143013	1.0164386	0.43306288	0.7231034	1.0	971	tags=17%, list=6%, signal=18%	
SENSORY PROCESSING OF SOUND BY INNER HAIR CELLS OF THE COCHLEA%REACTOME%R-HSA-9662360.2	SENSORY PROCESSING OF SOUND BY INNER HAIR CELLS OF THE COCHLEA%REACTOME%R-HSA-9662360.2		53	0.32514808	1.0163759	0.41434264	0.72288567	1.0	1553	tags=17%, list=10%, signal=19%	
PID_P75_NTR_PATHWAY%MSIGDB_C2%PID_P75_NTR_PATHWAY	PID_P75_NTR_PATHWAY%MSIGDB_C2%PID_P75_NTR_PATHWAY		54	0.32820886	1.016256	0.41417167	0.7228383	1.0	1705	tags=22%, list=11%, signal=25%	
ESTABLISHMENT OR MAINTENANCE OF EPITHELIAL CELL APICAL/BASAL POLARITY%GOBP%GO:0045197	ESTABLISHMENT OR MAINTENANCE OF EPITHELIAL CELL APICAL/BASAL POLARITY%GOBP%GO:0045197		30	0.36397058	1.0154763	0.41086748	0.7247632	1.0	1256	tags=20%, list=8%, signal=22%	
REGULATION OF TELOMERE MAINTENANCE%GOBP%GO:0032204	REGULATION OF TELOMERE MAINTENANCE%GOBP%GO:0032204		91	0.2972222	1.0153103	0.43069306	0.72484076	1.0	3763	tags=31%, list=25%, signal=41%	
ARGININE: GLYCINE AMIDINOTRANSFERASE DEFICIENCY (AGAT DEFICIENCY)%PATHWHIZ%PW000084	ARGININE: GLYCINE AMIDINOTRANSFERASE DEFICIENCY (AGAT DEFICIENCY)%PATHWHIZ%PW000084		19	0.4023847	1.0152504	0.44227007	0.7246067	1.0	974	tags=16%, list=6%, signal=17%	
NEGATIVE REGULATION OF CELL-SUBSTRATE ADHESION%GOBP%GO:0010812	NEGATIVE REGULATION OF CELL-SUBSTRATE ADHESION%GOBP%GO:0010812		52	0.3242671	1.0149354	0.4226705	0.72512937	1.0	2433	tags=23%, list=16%, signal=27%	
NEGATIVE REGULATION OF MIRNA TRANSCRIPTION%GOBP%GO:1902894	NEGATIVE REGULATION OF MIRNA TRANSCRIPTION%GOBP%GO:1902894		25	0.3780144	1.0145831	0.42590776	0.7257593	1.0	3568	tags=36%, list=24%, signal=47%	
POSITIVE REGULATION OF CD4-POSITIVE, ALPHA-BETA T CELL DIFFERENTIATION%GOBP%GO:0043372	POSITIVE REGULATION OF CD4-POSITIVE, ALPHA-BETA T CELL DIFFERENTIATION%GOBP%GO:0043372		26	0.37581196	1.0142704	0.41601562	0.7262847	1.0	1690	tags=19%, list=11%, signal=22%	
WNT%NETPATH%WNT	WNT%NETPATH%WNT		42	0.34024552	1.0135082	0.42058823	0.72815096	1.0	1971	tags=21%, list=13%, signal=25%	
CXCR4-MEDIATED SIGNALING EVENTS%PATHWAY INTERACTION DATABASE NCI-NATURE CURATED DATA%CXCR4-MEDIATED SIGNALING EVENTS	CXCR4-MEDIATED SIGNALING EVENTS%PATHWAY INTERACTION DATABASE NCI-NATURE CURATED DATA%CXCR4-MEDIATED SIGNALING EVENTS		83	0.29817256	1.0125105	0.40511307	0.73074317	1.0	297	tags=6%, list=2%, signal=6%	
NEGATIVE REGULATION OF CYTOKINE PRODUCTION INVOLVED IN IMMUNE RESPONSE%GOBP%GO:0002719	NEGATIVE REGULATION OF CYTOKINE PRODUCTION INVOLVED IN IMMUNE RESPONSE%GOBP%GO:0002719		20	0.39966497	1.0124755	0.4404297	0.7304289	1.0	902	tags=10%, list=6%, signal=11%	
GASTRIN SIGNALING%WIKIPATHWAYS_20260211%WP4659%HOMO SAPIENS	GASTRIN SIGNALING%WIKIPATHWAYS_20260211%WP4659%HOMO SAPIENS		91	0.2971282	1.0123496	0.40295565	0.7303962	1.0	2330	tags=23%, list=16%, signal=27%	
WNT LIGAND BIOGENESIS AND TRAFFICKING%REACTOME%R-HSA-3238698.3	WNT LIGAND BIOGENESIS AND TRAFFICKING%REACTOME%R-HSA-3238698.3		21	0.40214932	1.0121661	0.43222004	0.7305204	1.0	1771	tags=29%, list=12%, signal=32%	
NEGATIVE REGULATION OF G2/M TRANSITION OF MITOTIC CELL CYCLE%GOBP%GO:0010972	NEGATIVE REGULATION OF G2/M TRANSITION OF MITOTIC CELL CYCLE%GOBP%GO:0010972		64	0.31595007	1.01216	0.42259008	0.73012304	1.0	3909	tags=25%, list=26%, signal=34%	
SEROTONIN NEUROTRANSMITTER RELEASE CYCLE%REACTOME DATABASE ID RELEASE 95%181429	SEROTONIN NEUROTRANSMITTER RELEASE CYCLE%REACTOME DATABASE ID RELEASE 95%181429		17	0.4178426	1.0121037	0.4648148	0.7298677	1.0	3390	tags=41%, list=23%, signal=53%	
L-ARGININE:GLYCINE AMIDINOTRANSFERASE DEFICIENCY%PATHWHIZ%PW000483	L-ARGININE:GLYCINE AMIDINOTRANSFERASE DEFICIENCY%PATHWHIZ%PW000483		19	0.4023847	1.0119346	0.44653466	0.7299469	1.0	974	tags=16%, list=6%, signal=17%	
NEGATIVE REGULATION OF STEROID METABOLIC PROCESS%GOBP%GO:0045939	NEGATIVE REGULATION OF STEROID METABOLIC PROCESS%GOBP%GO:0045939		18	0.41513962	1.0117279	0.43098313	0.73015845	1.0	5063	tags=61%, list=34%, signal=92%	
BIOGENIC AMINE METABOLIC PROCESS%GOBP%GO:0006576	BIOGENIC AMINE METABOLIC PROCESS%GOBP%GO:0006576		37	0.34833965	1.0117037	0.4317269	0.72981805	1.0	1852	tags=24%, list=12%, signal=28%	
NEGATIVE REGULATION OF MIRNA METABOLIC PROCESS%GOBP%GO:2000629	NEGATIVE REGULATION OF MIRNA METABOLIC PROCESS%GOBP%GO:2000629		26	0.37633723	1.0112519	0.41848907	0.7307671	1.0	3568	tags=35%, list=24%, signal=45%	
AMEBOIDAL-TYPE CELL MIGRATION%GOBP%GO:0001667	AMEBOIDAL-TYPE CELL MIGRATION%GOBP%GO:0001667		72	0.30862838	1.011148	0.4254511	0.7306636	1.0	3442	tags=31%, list=23%, signal=39%	
DETECTION OF EXTERNAL BIOTIC STIMULUS%GOBP%GO:0098581	DETECTION OF EXTERNAL BIOTIC STIMULUS%GOBP%GO:0098581		19	0.40512693	1.0109818	0.45436507	0.7307426	1.0	491	tags=11%, list=3%, signal=11%	
GUANIDINOACETATE METHYLTRANSFERASE DEFICIENCY (GAMT DEFICIENCY)%SMPDB%SMP0000188	GUANIDINOACETATE METHYLTRANSFERASE DEFICIENCY (GAMT DEFICIENCY)%SMPDB%SMP0000188		19	0.4023847	1.0109675	0.457561	0.7303685	1.0	974	tags=16%, list=6%, signal=17%	
PROLINEMIA TYPE II%PATHWHIZ%PW000087	PROLINEMIA TYPE II%PATHWHIZ%PW000087		19	0.4023847	1.0106391	0.44554454	0.7309339	1.0	974	tags=16%, list=6%, signal=17%	
REGULATION OF MRNA SPLICING, VIA SPLICEOSOME%GOBP%GO:0048024	REGULATION OF MRNA SPLICING, VIA SPLICEOSOME%GOBP%GO:0048024		103	0.28951955	1.01042	0.43173078	0.7311693	1.0	4166	tags=28%, list=28%, signal=39%	
2Q37 COPY NUMBER VARIATION SYNDROME%WIKIPATHWAYS_20260211%WP5224%HOMO SAPIENS	2Q37 COPY NUMBER VARIATION SYNDROME%WIKIPATHWAYS_20260211%WP5224%HOMO SAPIENS		83	0.30177617	1.0103414	0.4416996	0.7310066	1.0	2431	tags=22%, list=16%, signal=26%	
CLASS B 2 (SECRETIN FAMILY RECEPTORS)%REACTOME%R-HSA-373080.4	CLASS B 2 (SECRETIN FAMILY RECEPTORS)%REACTOME%R-HSA-373080.4		68	0.30995637	1.0102625	0.42068273	0.73082614	1.0	1456	tags=21%, list=10%, signal=23%	
NEGATIVE REGULATION OF CELL CYCLE G2/M PHASE TRANSITION%GOBP%GO:1902750	NEGATIVE REGULATION OF CELL CYCLE G2/M PHASE TRANSITION%GOBP%GO:1902750		66	0.31047985	1.009924	0.42011833	0.73144907	1.0	3909	tags=24%, list=26%, signal=33%	
NEGATIVE REGULATION OF GENE EXPRESSION, EPIGENETIC%GOBP%GO:0045814	NEGATIVE REGULATION OF GENE EXPRESSION, EPIGENETIC%GOBP%GO:0045814		170	0.27046463	1.0097457	0.41435406	0.73156667	1.0	4187	tags=29%, list=28%, signal=40%	
REGULATION OF MUSCLE CELL DIFFERENTIATION%GOBP%GO:0051147	REGULATION OF MUSCLE CELL DIFFERENTIATION%GOBP%GO:0051147		79	0.30309424	1.0093874	0.43290892	0.7322129	1.0	3143	tags=33%, list=21%, signal=41%	
PHOSPHOLIPASE C-ACTIVATING G PROTEIN-COUPLED RECEPTOR SIGNALING PATHWAY%GOBP%GO:0007200	PHOSPHOLIPASE C-ACTIVATING G PROTEIN-COUPLED RECEPTOR SIGNALING PATHWAY%GOBP%GO:0007200		82	0.30137306	1.008879	0.4376784	0.73331434	1.0	1222	tags=15%, list=8%, signal=16%	
POSITIVE REGULATION OF HYDROLASE ACTIVITY%GOBP%GO:0051345	POSITIVE REGULATION OF HYDROLASE ACTIVITY%GOBP%GO:0051345		94	0.2931382	1.0083281	0.44489795	0.7345452	1.0	1840	tags=14%, list=12%, signal=16%	
PRC2 METHYLATES HISTONES AND DNA%REACTOME DATABASE ID RELEASE 95%212300	PRC2 METHYLATES HISTONES AND DNA%REACTOME DATABASE ID RELEASE 95%212300		28	0.3672948	1.008122	0.43962264	0.73473847	1.0	4429	tags=36%, list=29%, signal=51%	
RESPONSE TO VITAMIN%GOBP%GO:0033273	RESPONSE TO VITAMIN%GOBP%GO:0033273		21	0.39971697	1.0077899	0.42971888	0.7353108	1.0	2892	tags=29%, list=19%, signal=35%	
HYPERORNITHINEMIA-HYPERAMMONEMIA-HOMOCITRULLINURIA [HHH-SYNDROME]%PATHWHIZ%PW000482	HYPERORNITHINEMIA-HYPERAMMONEMIA-HOMOCITRULLINURIA [HHH-SYNDROME]%PATHWHIZ%PW000482		19	0.4023847	1.0074525	0.44268775	0.73589957	1.0	974	tags=16%, list=6%, signal=17%	
BIOCARTA_FAS_PATHWAY%MSIGDB_C2%BIOCARTA_FAS_PATHWAY	BIOCARTA_FAS_PATHWAY%MSIGDB_C2%BIOCARTA_FAS_PATHWAY		24	0.38065696	1.0071337	0.4423828	0.7364564	1.0	4137	tags=38%, list=28%, signal=52%	
CELL FATE COMMITMENT%GOBP%GO:0045165	CELL FATE COMMITMENT%GOBP%GO:0045165		109	0.28590465	1.0067918	0.43238094	0.73704475	1.0	2649	tags=26%, list=18%, signal=31%	
NEUROTRANSMITTER RECEPTORS AND POSTSYNAPTIC SIGNAL TRANSMISSION%REACTOME%R-HSA-112314.10	NEUROTRANSMITTER RECEPTORS AND POSTSYNAPTIC SIGNAL TRANSMISSION%REACTOME%R-HSA-112314.10		120	0.2815007	1.0064898	0.41951218	0.7375122	1.0	1881	tags=20%, list=13%, signal=23%	
CREATINE DEFICIENCY, GUANIDINOACETATE METHYLTRANSFERASE DEFICIENCY%PATHWHIZ%PW000480	CREATINE DEFICIENCY, GUANIDINOACETATE METHYLTRANSFERASE DEFICIENCY%PATHWHIZ%PW000480		19	0.4023847	1.006211	0.4625984	0.73793477	1.0	974	tags=16%, list=6%, signal=17%	
HYPERPROLINEMIA TYPE I%SMPDB%SMP0000361	HYPERPROLINEMIA TYPE I%SMPDB%SMP0000361		19	0.4023847	1.0060403	0.4397233	0.73803294	1.0	974	tags=16%, list=6%, signal=17%	
REGULATION OF VASOCONSTRICTION%GOBP%GO:0019229	REGULATION OF VASOCONSTRICTION%GOBP%GO:0019229		29	0.36113325	1.0057863	0.43699187	0.73839545	1.0	1992	tags=28%, list=13%, signal=32%	
AORTA MORPHOGENESIS%GOBP%GO:0035909	AORTA MORPHOGENESIS%GOBP%GO:0035909		20	0.40326658	1.0057794	0.44990548	0.737997	1.0	1972	tags=30%, list=13%, signal=34%	
SENSORY PERCEPTION%GOBP%GO:0007600	SENSORY PERCEPTION%GOBP%GO:0007600		212	0.26435935	1.0057452	0.44455445	0.73768353	1.0	1722	tags=17%, list=11%, signal=19%	
SYNAPSE ASSEMBLY%GOBP%GO:0007416	SYNAPSE ASSEMBLY%GOBP%GO:0007416		83	0.2979589	1.0056826	0.4241245	0.7374647	1.0	2587	tags=30%, list=17%, signal=36%	
REGULATION OF LYMPHOCYTE CHEMOTAXIS%GOBP%GO:1901623	REGULATION OF LYMPHOCYTE CHEMOTAXIS%GOBP%GO:1901623		21	0.39155978	1.0056349	0.45242718	0.7371958	1.0	3555	tags=33%, list=24%, signal=44%	
PROLIDASE DEFICIENCY (PD)%PATHWHIZ%PW000083	PROLIDASE DEFICIENCY (PD)%PATHWHIZ%PW000083		19	0.4023847	1.0053915	0.45576924	0.7375006	1.0	974	tags=16%, list=6%, signal=17%	
PROTEIN PHOSPHORYLATION%GOBP%GO:0006468	PROTEIN PHOSPHORYLATION%GOBP%GO:0006468		294	0.25604615	1.004849	0.42970297	0.73867995	1.0	2718	tags=20%, list=18%, signal=24%	
PEPTIDYL-TYROSINE MODIFICATION%GOBP%GO:0018212	PEPTIDYL-TYROSINE MODIFICATION%GOBP%GO:0018212		48	0.3298593	1.0044954	0.44346115	0.73931783	1.0	1733	tags=21%, list=12%, signal=23%	
POLYAMINE METABOLIC PROCESS%GOBP%GO:0006595	POLYAMINE METABOLIC PROCESS%GOBP%GO:0006595		15	0.4249459	1.0044	0.46592066	0.7391873	1.0	1454	tags=20%, list=10%, signal=22%	
PHOSPHORYLATION%GOBP%GO:0016310	PHOSPHORYLATION%GOBP%GO:0016310		317	0.25274	1.0043311	0.43045112	0.73897547	1.0	2718	tags=19%, list=18%, signal=23%	
RESPONSE TO EPIDERMAL GROWTH FACTOR%GOBP%GO:0070849	RESPONSE TO EPIDERMAL GROWTH FACTOR%GOBP%GO:0070849		30	0.36146313	1.0039195	0.44849116	0.739787	1.0	2431	tags=27%, list=16%, signal=32%	
BETA GLOBIN GENE EXPRESSION REGULATION%WIKIPATHWAYS_20260211%WP5606%HOMO SAPIENS	BETA GLOBIN GENE EXPRESSION REGULATION%WIKIPATHWAYS_20260211%WP5606%HOMO SAPIENS		16	0.41783565	1.0039084	0.46019417	0.73940605	1.0	4380	tags=44%, list=29%, signal=62%	
CALCIUM ION HOMEOSTASIS%GOBP%GO:0055074	CALCIUM ION HOMEOSTASIS%GOBP%GO:0055074		134	0.2817971	1.0035348	0.4340344	0.7401094	1.0	3143	tags=29%, list=21%, signal=36%	
ACTIVATION OF SMO%REACTOME DATABASE ID RELEASE 95%5635838	ACTIVATION OF SMO%REACTOME DATABASE ID RELEASE 95%5635838		17	0.4116511	1.0035105	0.45892352	0.73976433	1.0	486	tags=24%, list=3%, signal=24%	
SECRETION BY CELL%GOBP%GO:0032940	SECRETION BY CELL%GOBP%GO:0032940		243	0.25953323	1.0034387	0.42468417	0.73956406	1.0	1637	tags=16%, list=11%, signal=17%	
SYNAPTIC_VESICLE_TRAFFICKING%PANTHER PATHWAY%P05734	SYNAPTIC_VESICLE_TRAFFICKING%PANTHER PATHWAY%P05734		15	0.42270842	1.0032961	0.4591322	0.7395859	1.0	1553	tags=33%, list=10%, signal=37%	
CASPASE CASCADE IN APOPTOSIS%PATHWAY INTERACTION DATABASE NCI-NATURE CURATED DATA%CASPASE CASCADE IN APOPTOSIS	CASPASE CASCADE IN APOPTOSIS%PATHWAY INTERACTION DATABASE NCI-NATURE CURATED DATA%CASPASE CASCADE IN APOPTOSIS		51	0.32352522	1.0032681	0.45267105	0.73926055	1.0	2615	tags=18%, list=17%, signal=21%	
POSITIVE REGULATION OF SYNAPTIC TRANSMISSION%GOBP%GO:0050806	POSITIVE REGULATION OF SYNAPTIC TRANSMISSION%GOBP%GO:0050806		67	0.3090641	1.0031744	0.44729346	0.73911434	1.0	864	tags=15%, list=6%, signal=16%	
REGULATION OF ACTIN FILAMENT ORGANIZATION%GOBP%GO:0110053	REGULATION OF ACTIN FILAMENT ORGANIZATION%GOBP%GO:0110053		196	0.26387486	1.0030065	0.45454547	0.73922735	1.0	2283	tags=16%, list=15%, signal=18%	
DNA DAMAGE CHECKPOINT SIGNALING%GOBP%GO:0000077	DNA DAMAGE CHECKPOINT SIGNALING%GOBP%GO:0000077		87	0.29373613	1.0019641	0.44249514	0.741905	1.0	2395	tags=17%, list=16%, signal=20%	
NEGATIVE REGULATION OF CALCIUM-MEDIATED SIGNALING%GOBP%GO:0050849	NEGATIVE REGULATION OF CALCIUM-MEDIATED SIGNALING%GOBP%GO:0050849		18	0.40146494	1.001893	0.44680852	0.7417032	1.0	2427	tags=39%, list=16%, signal=46%	
SENSORY PERCEPTION OF TASTE%GOBP%GO:0050909	SENSORY PERCEPTION OF TASTE%GOBP%GO:0050909		20	0.39525434	1.0018722	0.4559387	0.74134535	1.0	1994	tags=30%, list=13%, signal=35%	
REGULATION OF MYELINATION%GOBP%GO:0031641	REGULATION OF MYELINATION%GOBP%GO:0031641		25	0.37595794	1.0014672	0.45656565	0.7421652	1.0	498	tags=12%, list=3%, signal=12%	
PID_ANTHRAX_PATHWAY%MSIGDB_C2%PID_ANTHRAX_PATHWAY	PID_ANTHRAX_PATHWAY%MSIGDB_C2%PID_ANTHRAX_PATHWAY		15	0.4154027	1.0012199	0.4485437	0.7424891	1.0	2761	tags=33%, list=18%, signal=41%	
MUSCLE ADAPTATION%GOBP%GO:0043500	MUSCLE ADAPTATION%GOBP%GO:0043500		17	0.40647936	1.0008965	0.4516129	0.74302053	1.0	2047	tags=29%, list=14%, signal=34%	
PD-L1(CD274) GLYCOSYLATION AND TRANSLOCATION TO PLASMA MEMBRANE%REACTOME DATABASE ID RELEASE 95%9931295	PD-L1(CD274) GLYCOSYLATION AND TRANSLOCATION TO PLASMA MEMBRANE%REACTOME DATABASE ID RELEASE 95%9931295		17	0.39669213	1.0005507	0.46432063	0.7436428	1.0	2392	tags=24%, list=16%, signal=28%	
AMB2 INTEGRIN SIGNALING%PATHWAY INTERACTION DATABASE NCI-NATURE CURATED DATA%AMB2 INTEGRIN SIGNALING	AMB2 INTEGRIN SIGNALING%PATHWAY INTERACTION DATABASE NCI-NATURE CURATED DATA%AMB2 INTEGRIN SIGNALING		30	0.36205104	1.0004773	0.45338568	0.74345255	1.0	31	tags=7%, list=0%, signal=7%	
ESTABLISHMENT OR MAINTENANCE OF APICAL/BASAL CELL POLARITY%GOBP%GO:0035088	ESTABLISHMENT OR MAINTENANCE OF APICAL/BASAL CELL POLARITY%GOBP%GO:0035088		33	0.3524391	1.0004431	0.44607842	0.7431443	1.0	1256	tags=18%, list=8%, signal=20%	
POSITIVE REGULATION OF MIRNA TRANSCRIPTION%GOBP%GO:1902895	POSITIVE REGULATION OF MIRNA TRANSCRIPTION%GOBP%GO:1902895		44	0.3315275	1.0004301	0.4471387	0.74276656	1.0	3244	tags=36%, list=22%, signal=46%	
TP53 REGULATES TRANSCRIPTION OF CELL CYCLE GENES%REACTOME%R-HSA-6791312.6	TP53 REGULATES TRANSCRIPTION OF CELL CYCLE GENES%REACTOME%R-HSA-6791312.6		49	0.32527074	1.0003812	0.4621285	0.7425073	1.0	3137	tags=22%, list=21%, signal=28%	
HYPERORNITHINEMIA WITH GYRATE ATROPHY (HOGA)%PATHWHIZ%PW000481	HYPERORNITHINEMIA WITH GYRATE ATROPHY (HOGA)%PATHWHIZ%PW000481		19	0.4023847	0.9998794	0.46190935	0.7435935	1.0	974	tags=16%, list=6%, signal=17%	
ESTABLISHMENT OR MAINTENANCE OF BIPOLAR CELL POLARITY%GOBP%GO:0061245	ESTABLISHMENT OR MAINTENANCE OF BIPOLAR CELL POLARITY%GOBP%GO:0061245		33	0.3524391	0.9998566	0.43980584	0.74324983	1.0	1256	tags=18%, list=8%, signal=20%	
RETROGRADE AXONAL TRANSPORT%GOBP%GO:0008090	RETROGRADE AXONAL TRANSPORT%GOBP%GO:0008090		15	0.42516384	0.99983734	0.45759368	0.7429046	1.0	1369	tags=20%, list=9%, signal=22%	
E2F TRANSCRIPTION FACTOR NETWORK%PATHWAY INTERACTION DATABASE NCI-NATURE CURATED DATA%E2F TRANSCRIPTION FACTOR NETWORK	E2F TRANSCRIPTION FACTOR NETWORK%PATHWAY INTERACTION DATABASE NCI-NATURE CURATED DATA%E2F TRANSCRIPTION FACTOR NETWORK		71	0.30612153	0.9994392	0.44744745	0.7436809	1.0	2902	tags=23%, list=19%, signal=28%	
IRE1ALPHA ACTIVATES CHAPERONES%REACTOME%R-HSA-381070.3	IRE1ALPHA ACTIVATES CHAPERONES%REACTOME%R-HSA-381070.3		48	0.32694006	0.9992762	0.46829268	0.7437541	1.0	1445	tags=15%, list=10%, signal=16%	
POSITIVE REGULATION OF MIRNA METABOLIC PROCESS%GOBP%GO:2000630	POSITIVE REGULATION OF MIRNA METABOLIC PROCESS%GOBP%GO:2000630		49	0.3270296	0.9982153	0.46027133	0.7465503	1.0	3800	tags=41%, list=25%, signal=54%	
NOREPINEPHRINE NEUROTRANSMITTER RELEASE CYCLE%REACTOME DATABASE ID RELEASE 95%181430	NOREPINEPHRINE NEUROTRANSMITTER RELEASE CYCLE%REACTOME DATABASE ID RELEASE 95%181430		15	0.4176917	0.99820614	0.45671642	0.74616545	1.0	154	tags=13%, list=1%, signal=13%	
REGULATION OF BONE RESORPTION%GOBP%GO:0045124	REGULATION OF BONE RESORPTION%GOBP%GO:0045124		29	0.3643752	0.9981682	0.4502814	0.74586433	1.0	1659	tags=21%, list=11%, signal=23%	
ESR-MEDIATED SIGNALING%REACTOME DATABASE ID RELEASE 95%8939211	ESR-MEDIATED SIGNALING%REACTOME DATABASE ID RELEASE 95%8939211		160	0.27006194	0.9979976	0.45703125	0.74598306	1.0	3118	tags=23%, list=21%, signal=28%	
N-CADHERIN SIGNALING EVENTS%PATHWAY INTERACTION DATABASE NCI-NATURE CURATED DATA%N-CADHERIN SIGNALING EVENTS	N-CADHERIN SIGNALING EVENTS%PATHWAY INTERACTION DATABASE NCI-NATURE CURATED DATA%N-CADHERIN SIGNALING EVENTS		32	0.35109332	0.99788517	0.4662162	0.74590987	1.0	1545	tags=16%, list=10%, signal=17%	
REGULATION OF MAPK CASCADE%GOBP%GO:0043408	REGULATION OF MAPK CASCADE%GOBP%GO:0043408		471	0.24353826	0.9976222	0.4604878	0.746276	1.0	2526	tags=20%, list=17%, signal=23%	
REGULATION OF CELL-MATRIX ADHESION%GOBP%GO:0001952	REGULATION OF CELL-MATRIX ADHESION%GOBP%GO:0001952		100	0.2861213	0.99691457	0.43945312	0.7479702	1.0	2647	tags=22%, list=18%, signal=27%	
PID_MYC_PATHWAY%MSIGDB_C2%PID_MYC_PATHWAY	PID_MYC_PATHWAY%MSIGDB_C2%PID_MYC_PATHWAY		21	0.3820537	0.9963238	0.46602872	0.7493422	1.0	1316	tags=19%, list=9%, signal=21%	
HALLMARK_P53_PATHWAY%MSIGDBHALLMARK%HALLMARK_P53_PATHWAY	HALLMARK_P53_PATHWAY%MSIGDBHALLMARK%HALLMARK_P53_PATHWAY		174	0.26783702	0.9962662	0.45489442	0.7491055	1.0	2718	tags=25%, list=18%, signal=30%	
NUCLEAR DNA REPLICATION%GOBP%GO:0033260	NUCLEAR DNA REPLICATION%GOBP%GO:0033260		20	0.39266473	0.9958334	0.45797923	0.7499592	1.0	4971	tags=45%, list=33%, signal=67%	
SMOOTH MUSCLE CELL DIFFERENTIATION%GOBP%GO:0051145	SMOOTH MUSCLE CELL DIFFERENTIATION%GOBP%GO:0051145		18	0.40043035	0.9958165	0.45895153	0.74960005	1.0	2599	tags=33%, list=17%, signal=40%	
RESPONSE TO TUMOR NECROSIS FACTOR%GOBP%GO:0034612	RESPONSE TO TUMOR NECROSIS FACTOR%GOBP%GO:0034612		103	0.28891543	0.9957686	0.45903257	0.74933636	1.0	2896	tags=22%, list=19%, signal=27%	
GROWTH FACTORS AND HORMONES IN BETA CELL PROLIFERATION%WIKIPATHWAYS_20260211%WP5385%HOMO SAPIENS	GROWTH FACTORS AND HORMONES IN BETA CELL PROLIFERATION%WIKIPATHWAYS_20260211%WP5385%HOMO SAPIENS		19	0.39876637	0.99545735	0.45617342	0.7498734	1.0	2146	tags=16%, list=14%, signal=18%	
REGULATION OF PHOSPHORYLATION%GOBP%GO:0042325	REGULATION OF PHOSPHORYLATION%GOBP%GO:0042325		375	0.24620607	0.9946428	0.46833014	0.7519137	1.0	2515	tags=16%, list=17%, signal=19%	
POSITIVE REGULATION OF PROTEIN PHOSPHORYLATION%GOBP%GO:0001934	POSITIVE REGULATION OF PROTEIN PHOSPHORYLATION%GOBP%GO:0001934		200	0.2647817	0.99446654	0.46586347	0.75202686	1.0	1854	tags=15%, list=12%, signal=16%	
CENTRIOLE REPLICATION%GOBP%GO:0007099	CENTRIOLE REPLICATION%GOBP%GO:0007099		24	0.37444505	0.994169	0.457561	0.75250864	1.0	4249	tags=50%, list=28%, signal=70%	
CELL CHEMOTAXIS%GOBP%GO:0060326	CELL CHEMOTAXIS%GOBP%GO:0060326		157	0.26965228	0.9940228	0.45158198	0.7525459	1.0	3093	tags=31%, list=21%, signal=38%	
POSITIVE REGULATION OF LYMPHOCYTE ACTIVATION%GOBP%GO:0051251	POSITIVE REGULATION OF LYMPHOCYTE ACTIVATION%GOBP%GO:0051251		239	0.25947773	0.99399424	0.4701923	0.7522133	1.0	2169	tags=17%, list=14%, signal=20%	
CXCR4 SIGNALING PATHWAY%SMPDB%SMP0064625	CXCR4 SIGNALING PATHWAY%SMPDB%SMP0064625		18	0.3974087	0.99352974	0.4728682	0.753219	1.0	1540	tags=11%, list=10%, signal=12%	
POSITIVE REGULATION OF LYMPHOCYTE PROLIFERATION%GOBP%GO:0050671	POSITIVE REGULATION OF LYMPHOCYTE PROLIFERATION%GOBP%GO:0050671		88	0.2935882	0.99349964	0.4621514	0.75290084	1.0	1720	tags=16%, list=11%, signal=18%	
CELL CYCLE DNA REPLICATION%GOBP%GO:0044786	CELL CYCLE DNA REPLICATION%GOBP%GO:0044786		21	0.38473418	0.9920362	0.4760479	0.7568641	1.0	3725	tags=33%, list=25%, signal=44%	
REGULATION OF HUMORAL IMMUNE RESPONSE%GOBP%GO:0002920	REGULATION OF HUMORAL IMMUNE RESPONSE%GOBP%GO:0002920		27	0.3659034	0.9919933	0.48133594	0.7565827	1.0	2130	tags=22%, list=14%, signal=26%	
ALLOGRAFT REJECTION%WIKIPATHWAYS_20260211%WP2328%HOMO SAPIENS	ALLOGRAFT REJECTION%WIKIPATHWAYS_20260211%WP2328%HOMO SAPIENS		68	0.30787477	0.9917802	0.47175142	0.7568176	1.0	2866	tags=28%, list=19%, signal=34%	
PID_LKB1_PATHWAY%MSIGDB_C2%PID_LKB1_PATHWAY	PID_LKB1_PATHWAY%MSIGDB_C2%PID_LKB1_PATHWAY		36	0.34337455	0.9914842	0.46084338	0.7572874	1.0	2335	tags=19%, list=16%, signal=23%	
PID_AMB2_NEUTROPHILS_PATHWAY%MSIGDB_C2%PID_AMB2_NEUTROPHILS_PATHWAY	PID_AMB2_NEUTROPHILS_PATHWAY%MSIGDB_C2%PID_AMB2_NEUTROPHILS_PATHWAY		28	0.3581596	0.99086875	0.4428008	0.7586893	1.0	31	tags=7%, list=0%, signal=7%	
REGULATION OF CELLULAR COMPONENT SIZE%GOBP%GO:0032535	REGULATION OF CELLULAR COMPONENT SIZE%GOBP%GO:0032535		210	0.26090893	0.9900141	0.48771265	0.76085365	1.0	2862	tags=20%, list=19%, signal=25%	
REGULATION OF DENDRITIC SPINE MORPHOGENESIS%GOBP%GO:0061001	REGULATION OF DENDRITIC SPINE MORPHOGENESIS%GOBP%GO:0061001		28	0.36292523	0.9894915	0.45645645	0.7620026	1.0	947	tags=21%, list=6%, signal=23%	
PID_NETRIN_PATHWAY%MSIGDB_C2%PID_NETRIN_PATHWAY	PID_NETRIN_PATHWAY%MSIGDB_C2%PID_NETRIN_PATHWAY		25	0.37136865	0.9892363	0.45845553	0.7623565	1.0	860	tags=12%, list=6%, signal=13%	
REGULATION OF LEUKOCYTE DIFFERENTIATION%GOBP%GO:1902105	REGULATION OF LEUKOCYTE DIFFERENTIATION%GOBP%GO:1902105		238	0.255542	0.9890397	0.47545716	0.7625224	1.0	2625	tags=21%, list=17%, signal=25%	
NEGATIVE REGULATION OF PLATELET ACTIVATION%GOBP%GO:0010544	NEGATIVE REGULATION OF PLATELET ACTIVATION%GOBP%GO:0010544		15	0.41298229	0.9888594	0.471831	0.76264125	1.0	3671	tags=40%, list=24%, signal=53%	
ERBB RECEPTOR SIGNALING NETWORK%PATHWAY INTERACTION DATABASE NCI-NATURE CURATED DATA%ERBB RECEPTOR SIGNALING NETWORK	ERBB RECEPTOR SIGNALING NETWORK%PATHWAY INTERACTION DATABASE NCI-NATURE CURATED DATA%ERBB RECEPTOR SIGNALING NETWORK		15	0.41211075	0.988232	0.47448015	0.76411986	1.0	2999	tags=40%, list=20%, signal=50%	
REGULATION OF CIRCADIAN RHYTHM%GOBP%GO:0042752	REGULATION OF CIRCADIAN RHYTHM%GOBP%GO:0042752		90	0.28943464	0.98791784	0.476	0.7646616	1.0	3765	tags=32%, list=25%, signal=43%	
REGULATION OF MUSCLE HYPERTROPHY%GOBP%GO:0014743	REGULATION OF MUSCLE HYPERTROPHY%GOBP%GO:0014743		32	0.34759042	0.98784286	0.46221787	0.7644548	1.0	1394	tags=22%, list=9%, signal=24%	
IKK COMPLEX RECRUITMENT MEDIATED BY RIP1%REACTOME%R-HSA-937041.3	IKK COMPLEX RECRUITMENT MEDIATED BY RIP1%REACTOME%R-HSA-937041.3		21	0.3810606	0.9871804	0.4875	0.76604134	1.0	2247	tags=19%, list=15%, signal=22%	
REGULATION OF PROTEIN SERINE/THREONINE KINASE ACTIVITY%GOBP%GO:0071900	REGULATION OF PROTEIN SERINE/THREONINE KINASE ACTIVITY%GOBP%GO:0071900		100	0.28553247	0.986773	0.47817653	0.76684153	1.0	1733	tags=16%, list=12%, signal=18%	
REGULATION OF CELL MORPHOGENESIS%GOBP%GO:0022604	REGULATION OF CELL MORPHOGENESIS%GOBP%GO:0022604		149	0.26866704	0.98619896	0.4990476	0.76815695	1.0	2493	tags=21%, list=17%, signal=25%	
PREFOLDIN MEDIATED TRANSFER OF SUBSTRATE TO CCT TRIC%REACTOME%R-HSA-389957.4	PREFOLDIN MEDIATED TRANSFER OF SUBSTRATE TO CCT TRIC%REACTOME%R-HSA-389957.4		25	0.37089923	0.9861668	0.45694715	0.7678383	1.0	2257	tags=16%, list=15%, signal=19%	
NICOTINE PHARMACODYNAMICS PATHWAY%PANTHER PATHWAY%P06587	NICOTINE PHARMACODYNAMICS PATHWAY%PANTHER PATHWAY%P06587		18	0.4035581	0.9861176	0.49226305	0.76757276	1.0	2575	tags=39%, list=17%, signal=47%	
REGULATION OF CARDIAC MUSCLE HYPERTROPHY%GOBP%GO:0010611	REGULATION OF CARDIAC MUSCLE HYPERTROPHY%GOBP%GO:0010611		32	0.34759042	0.9858441	0.4713314	0.7679682	1.0	1394	tags=22%, list=9%, signal=24%	
RMTS METHYLATE HISTONE ARGININES%REACTOME%R-HSA-3214858.4	RMTS METHYLATE HISTONE ARGININES%REACTOME%R-HSA-3214858.4		36	0.3410687	0.98494744	0.4523107	0.7702437	1.0	3117	tags=19%, list=21%, signal=24%	
MULTICELLULAR ORGANISMAL-LEVEL IRON ION HOMEOSTASIS%GOBP%GO:0060586	MULTICELLULAR ORGANISMAL-LEVEL IRON ION HOMEOSTASIS%GOBP%GO:0060586		15	0.4189463	0.9848878	0.47523808	0.7700017	1.0	2447	tags=20%, list=16%, signal=24%	
REGULATION OF SUPRAMOLECULAR FIBER ORGANIZATION%GOBP%GO:1902903	REGULATION OF SUPRAMOLECULAR FIBER ORGANIZATION%GOBP%GO:1902903		289	0.24901779	0.9848363	0.50049263	0.7697469	1.0	2283	tags=16%, list=15%, signal=18%	
CELLULAR SENESCENCE%GOBP%GO:0090398	CELLULAR SENESCENCE%GOBP%GO:0090398		44	0.3251885	0.984591	0.47702834	0.77006704	1.0	1978	tags=18%, list=13%, signal=21%	
REGULATION OF CELL FATE SPECIFICATION%GOBP%GO:0042659	REGULATION OF CELL FATE SPECIFICATION%GOBP%GO:0042659		19	0.3863373	0.98452413	0.46606785	0.76985687	1.0	1138	tags=16%, list=8%, signal=17%	
CELLULAR RESPONSE TO NITROGEN COMPOUND%GOBP%GO:1901699	CELLULAR RESPONSE TO NITROGEN COMPOUND%GOBP%GO:1901699		350	0.24567157	0.98452014	0.51039696	0.7694527	1.0	2585	tags=23%, list=17%, signal=27%	
ALBUTEROL AND BUDESONIDE THERAPY FOR ASTHMA%WIKIPATHWAYS_20260211%WP5503%HOMO SAPIENS	ALBUTEROL AND BUDESONIDE THERAPY FOR ASTHMA%WIKIPATHWAYS_20260211%WP5503%HOMO SAPIENS		17	0.39926898	0.9837818	0.47852147	0.77129537	1.0	1835	tags=24%, list=12%, signal=27%	
PID_RAC1_REG_PATHWAY%MSIGDB_C2%PID_RAC1_REG_PATHWAY	PID_RAC1_REG_PATHWAY%MSIGDB_C2%PID_RAC1_REG_PATHWAY		26	0.36730403	0.98343974	0.48414984	0.771913	1.0	2052	tags=27%, list=14%, signal=31%	
RESPONSE TO GAMMA RADIATION%GOBP%GO:0010332	RESPONSE TO GAMMA RADIATION%GOBP%GO:0010332		22	0.38117826	0.9831683	0.48255235	0.77232033	1.0	2684	tags=27%, list=18%, signal=33%	
ARTERY MORPHOGENESIS%GOBP%GO:0048844	ARTERY MORPHOGENESIS%GOBP%GO:0048844		36	0.3408413	0.9827233	0.48473284	0.773234	1.0	2260	tags=28%, list=15%, signal=33%	
REGULATION OF TUMOR NECROSIS FACTOR-MEDIATED SIGNALING PATHWAY%GOBP%GO:0010803	REGULATION OF TUMOR NECROSIS FACTOR-MEDIATED SIGNALING PATHWAY%GOBP%GO:0010803		53	0.31695235	0.982714	0.48285994	0.77284694	1.0	697	tags=9%, list=5%, signal=10%	
POSITIVE REGULATION OF BLOOD COAGULATION%GOBP%GO:0030194	POSITIVE REGULATION OF BLOOD COAGULATION%GOBP%GO:0030194		17	0.39827907	0.9823363	0.48632812	0.77357686	1.0	3617	tags=59%, list=24%, signal=77%	
NEGATIVE REGULATION OF CELL-MATRIX ADHESION%GOBP%GO:0001953	NEGATIVE REGULATION OF CELL-MATRIX ADHESION%GOBP%GO:0001953		33	0.3470138	0.98224896	0.47666335	0.77341735	1.0	2433	tags=24%, list=16%, signal=29%	
INTERLEUKIN-6 FAMILY SIGNALING%REACTOME%R-HSA-6783589.8	INTERLEUKIN-6 FAMILY SIGNALING%REACTOME%R-HSA-6783589.8		23	0.36972958	0.98207265	0.47007722	0.77353597	1.0	4700	tags=48%, list=31%, signal=70%	
REGULATION OF MITOTIC CELL CYCLE%GOBP%GO:0007346	REGULATION OF MITOTIC CELL CYCLE%GOBP%GO:0007346		419	0.24109109	0.9820524	0.5377268	0.77317894	1.0	3044	tags=20%, list=20%, signal=24%	
TRANSMISSION OF NERVE IMPULSE%GOBP%GO:0019226	TRANSMISSION OF NERVE IMPULSE%GOBP%GO:0019226		19	0.3914864	0.98193413	0.47523808	0.77311695	1.0	2203	tags=37%, list=15%, signal=43%	
TGF_BETA_RECEPTOR%IOB%TGF_BETA_RECEPTOR	TGF_BETA_RECEPTOR%IOB%TGF_BETA_RECEPTOR		121	0.27715975	0.9817051	0.48812917	0.7733814	1.0	4574	tags=35%, list=30%, signal=50%	
AMINE METABOLIC PROCESS%GOBP%GO:0009308	AMINE METABOLIC PROCESS%GOBP%GO:0009308		48	0.31802005	0.98168844	0.46389714	0.77301544	1.0	1454	tags=21%, list=10%, signal=23%	
PRION DISEASE PATHWAY%WIKIPATHWAYS_20260211%WP3995%HOMO SAPIENS	PRION DISEASE PATHWAY%WIKIPATHWAYS_20260211%WP3995%HOMO SAPIENS		26	0.36161065	0.9814308	0.49173954	0.7733574	1.0	2389	tags=31%, list=16%, signal=37%	
MAMMARY GLAND EPITHELIUM DEVELOPMENT%GOBP%GO:0061180	MAMMARY GLAND EPITHELIUM DEVELOPMENT%GOBP%GO:0061180		17	0.3984848	0.9813453	0.48339844	0.7731935	1.0	2121	tags=18%, list=14%, signal=21%	
IBUPROFEN METABOLISM PATHWAY%PATHWHIZ%PW000566	IBUPROFEN METABOLISM PATHWAY%PATHWHIZ%PW000566		15	0.41888517	0.98131615	0.48995215	0.77286166	1.0	5413	tags=67%, list=36%, signal=104%	
N-GLYCAN ANTENNAE ELONGATION IN THE MEDIAL TRANS-GOLGI%REACTOME%R-HSA-975576.3	N-GLYCAN ANTENNAE ELONGATION IN THE MEDIAL TRANS-GOLGI%REACTOME%R-HSA-975576.3		22	0.38299778	0.9812376	0.48646036	0.7726922	1.0	3225	tags=45%, list=21%, signal=58%	
REGULATION OF HYDROLASE ACTIVITY%GOBP%GO:0051336	REGULATION OF HYDROLASE ACTIVITY%GOBP%GO:0051336		145	0.2698721	0.9811162	0.48473284	0.77263135	1.0	1915	tags=14%, list=13%, signal=16%	
TRANSCRIPTIONAL ACTIVITY OF SMAD2 SMAD3:SMAD4 HETEROTRIMER%REACTOME DATABASE ID RELEASE 95%2173793	TRANSCRIPTIONAL ACTIVITY OF SMAD2 SMAD3:SMAD4 HETEROTRIMER%REACTOME DATABASE ID RELEASE 95%2173793		49	0.31623837	0.9810005	0.47445974	0.77256054	1.0	2679	tags=20%, list=18%, signal=25%	
NUCLEAR RECEPTOR-MEDIATED STEROID HORMONE SIGNALING PATHWAY%GOBP%GO:0030518	NUCLEAR RECEPTOR-MEDIATED STEROID HORMONE SIGNALING PATHWAY%GOBP%GO:0030518		44	0.32674494	0.9808165	0.49415204	0.77270234	1.0	2341	tags=25%, list=16%, signal=30%	
MITOCHONDRIAL TRNA PROCESSING%GOBP%GO:0090646	MITOCHONDRIAL TRNA PROCESSING%GOBP%GO:0090646		17	0.39760366	0.9799059	0.4916091	0.77503914	1.0	187	tags=6%, list=1%, signal=6%	
B CELL ACTIVATION%GOBP%GO:0042113	B CELL ACTIVATION%GOBP%GO:0042113		103	0.2805018	0.9798939	0.50581396	0.7746565	1.0	3060	tags=29%, list=20%, signal=36%	
INWARDLY RECTIFYING K+ CHANNELS%REACTOME%R-HSA-1296065.4	INWARDLY RECTIFYING K+ CHANNELS%REACTOME%R-HSA-1296065.4		24	0.37057233	0.97965664	0.48635477	0.7749598	1.0	1294	tags=21%, list=9%, signal=23%	
PID_HEDGEHOG_2PATHWAY%MSIGDB_C2%PID_HEDGEHOG_2PATHWAY	PID_HEDGEHOG_2PATHWAY%MSIGDB_C2%PID_HEDGEHOG_2PATHWAY		16	0.40676785	0.9795146	0.48084292	0.7749713	1.0	576	tags=25%, list=4%, signal=26%	
NEUROTRANSMITTER SECRETION%GOBP%GO:0007269	NEUROTRANSMITTER SECRETION%GOBP%GO:0007269		53	0.31225702	0.9794902	0.4906954	0.77462924	1.0	1553	tags=17%, list=10%, signal=19%	
PID_WNT_NONCANONICAL_PATHWAY%MSIGDB_C2%PID_WNT_NONCANONICAL_PATHWAY	PID_WNT_NONCANONICAL_PATHWAY%MSIGDB_C2%PID_WNT_NONCANONICAL_PATHWAY		26	0.3612062	0.97944117	0.47347346	0.77436393	1.0	1609	tags=31%, list=11%, signal=34%	
SIGNAL RELEASE FROM SYNAPSE%GOBP%GO:0099643	SIGNAL RELEASE FROM SYNAPSE%GOBP%GO:0099643		53	0.31225702	0.97943074	0.47753906	0.77397996	1.0	1553	tags=17%, list=10%, signal=19%	
NEGATIVE REGULATION OF ANOIKIS%GOBP%GO:2000811	NEGATIVE REGULATION OF ANOIKIS%GOBP%GO:2000811		16	0.4075377	0.97914773	0.4966118	0.7743868	1.0	3033	tags=38%, list=20%, signal=47%	
NEGATIVE REGULATION OF IMMUNE SYSTEM PROCESS%GOBP%GO:0002683	NEGATIVE REGULATION OF IMMUNE SYSTEM PROCESS%GOBP%GO:0002683		401	0.24147037	0.97883046	0.52889323	0.7749437	1.0	2515	tags=19%, list=17%, signal=22%	
REGULATION OF DENDRITE DEVELOPMENT%GOBP%GO:0050773	REGULATION OF DENDRITE DEVELOPMENT%GOBP%GO:0050773		51	0.3172098	0.97879654	0.48082596	0.7746408	1.0	3446	tags=31%, list=23%, signal=41%	
REGULATION OF HEMOPOIESIS%GOBP%GO:1903706	REGULATION OF HEMOPOIESIS%GOBP%GO:1903706		306	0.24864884	0.9787923	0.51095617	0.77424085	1.0	2893	tags=20%, list=19%, signal=25%	
CTNNB1 S33 MUTANTS AREN'T PHOSPHORYLATED%REACTOME DATABASE ID RELEASE 95%5358747	CTNNB1 S33 MUTANTS AREN'T PHOSPHORYLATED%REACTOME DATABASE ID RELEASE 95%5358747		15	0.40944096	0.9787845	0.4936832	0.77384853	1.0	486	tags=13%, list=3%, signal=14%	
CELL JUNCTION MAINTENANCE%GOBP%GO:0034331	CELL JUNCTION MAINTENANCE%GOBP%GO:0034331		25	0.36406288	0.9786014	0.47724974	0.77399236	1.0	1660	tags=24%, list=11%, signal=27%	
THYROTROPIN-RELEASING HORMONE RECEPTOR SIGNALING PATHWAY%PANTHER PATHWAY%P04394	THYROTROPIN-RELEASING HORMONE RECEPTOR SIGNALING PATHWAY%PANTHER PATHWAY%P04394		46	0.32539946	0.97857183	0.47672066	0.7736734	1.0	1347	tags=22%, list=9%, signal=24%	
GLUTAMATE NEUROTRANSMITTER RELEASE CYCLE%REACTOME%R-HSA-210500.6	GLUTAMATE NEUROTRANSMITTER RELEASE CYCLE%REACTOME%R-HSA-210500.6		22	0.37424466	0.9783243	0.4878286	0.7739974	1.0	154	tags=9%, list=1%, signal=9%	
ENERGY HOMEOSTASIS%GOBP%GO:0097009	ENERGY HOMEOSTASIS%GOBP%GO:0097009		36	0.3351809	0.9782428	0.47140038	0.7738363	1.0	2239	tags=25%, list=15%, signal=29%	
NEOVASCULARIZATION PROCESSES%WIKIPATHWAYS_20260211%WP4331%HOMO SAPIENS	NEOVASCULARIZATION PROCESSES%WIKIPATHWAYS_20260211%WP4331%HOMO SAPIENS		29	0.35165304	0.9780149	0.49029127	0.7740901	1.0	1540	tags=17%, list=10%, signal=19%	
POSITIVE REGULATION OF PHOSPHORYLATION%GOBP%GO:0042327	POSITIVE REGULATION OF PHOSPHORYLATION%GOBP%GO:0042327		214	0.25735813	0.977565	0.50147784	0.77500284	1.0	2477	tags=17%, list=16%, signal=20%	
REGULATION OF ALPHA-BETA T CELL DIFFERENTIATION%GOBP%GO:0046637	REGULATION OF ALPHA-BETA T CELL DIFFERENTIATION%GOBP%GO:0046637		54	0.31413603	0.9771838	0.5024438	0.77573997	1.0	2169	tags=20%, list=14%, signal=24%	
VEGFR3 SIGNALING IN LYMPHATIC ENDOTHELIUM%PATHWAY INTERACTION DATABASE NCI-NATURE CURATED DATA%VEGFR3 SIGNALING IN LYMPHATIC ENDOTHELIUM	VEGFR3 SIGNALING IN LYMPHATIC ENDOTHELIUM%PATHWAY INTERACTION DATABASE NCI-NATURE CURATED DATA%VEGFR3 SIGNALING IN LYMPHATIC ENDOTHELIUM		25	0.3630926	0.97697806	0.4980198	0.77593106	1.0	353	tags=16%, list=2%, signal=16%	
CTNNB1 S37 MUTANTS AREN'T PHOSPHORYLATED%REACTOME%R-HSA-5358749.4	CTNNB1 S37 MUTANTS AREN'T PHOSPHORYLATED%REACTOME%R-HSA-5358749.4		15	0.40944096	0.9769297	0.48530805	0.7756594	1.0	486	tags=13%, list=3%, signal=14%	
ONCOGENE INDUCED SENESCENCE%REACTOME DATABASE ID RELEASE 95%2559585	ONCOGENE INDUCED SENESCENCE%REACTOME DATABASE ID RELEASE 95%2559585		33	0.34530917	0.9768161	0.4912999	0.77558553	1.0	2642	tags=27%, list=18%, signal=33%	
POSITIVE REGULATION OF NOTCH SIGNALING PATHWAY%GOBP%GO:0045747	POSITIVE REGULATION OF NOTCH SIGNALING PATHWAY%GOBP%GO:0045747		28	0.3578519	0.9764415	0.49902344	0.77628005	1.0	3910	tags=43%, list=26%, signal=58%	
POSITIVE REGULATION OF D-GLUCOSE TRANSMEMBRANE TRANSPORT%GOBP%GO:0010828	POSITIVE REGULATION OF D-GLUCOSE TRANSMEMBRANE TRANSPORT%GOBP%GO:0010828		28	0.35731685	0.97633773	0.49395162	0.776177	1.0	2121	tags=25%, list=14%, signal=29%	
REGULATION OF CATALYTIC ACTIVITY%GOBP%GO:0050790	REGULATION OF CATALYTIC ACTIVITY%GOBP%GO:0050790		457	0.23965631	0.9755213	0.54867256	0.77820355	1.0	1749	tags=13%, list=12%, signal=14%	
NEGATIVE REGULATION OF CYTOKINE-MEDIATED SIGNALING PATHWAY%GOBP%GO:0001960	NEGATIVE REGULATION OF CYTOKINE-MEDIATED SIGNALING PATHWAY%GOBP%GO:0001960		65	0.30146465	0.9755033	0.5125	0.7778481	1.0	676	tags=8%, list=5%, signal=8%	
APOPTOTIC CLEAVAGE OF CELLULAR PROTEINS%REACTOME DATABASE ID RELEASE 95%111465	APOPTOTIC CLEAVAGE OF CELLULAR PROTEINS%REACTOME DATABASE ID RELEASE 95%111465		36	0.33856001	0.97496194	0.50286806	0.77904665	1.0	2605	tags=28%, list=17%, signal=34%	
NEGATIVE REGULATION OF FGFR3 SIGNALING%REACTOME DATABASE ID RELEASE 95%5654732	NEGATIVE REGULATION OF FGFR3 SIGNALING%REACTOME DATABASE ID RELEASE 95%5654732		19	0.3808488	0.97490376	0.47906026	0.7787981	1.0	2458	tags=21%, list=16%, signal=25%	
NEGATIVE REGULATION OF PROTEIN METABOLIC PROCESS%GOBP%GO:0051248	NEGATIVE REGULATION OF PROTEIN METABOLIC PROCESS%GOBP%GO:0051248		422	0.24024992	0.9746818	0.55958056	0.7790448	1.0	2245	tags=17%, list=15%, signal=19%	
LNCRNA IN CANONICAL WNT SIGNALING AND COLORECTAL CANCER%WIKIPATHWAYS_20260211%WP4258%HOMO SAPIENS	LNCRNA IN CANONICAL WNT SIGNALING AND COLORECTAL CANCER%WIKIPATHWAYS_20260211%WP4258%HOMO SAPIENS		74	0.2962489	0.97418165	0.5019493	0.7801489	1.0	1771	tags=23%, list=12%, signal=26%	
BLADDER CANCER%WIKIPATHWAYS_20260211%WP2828%HOMO SAPIENS	BLADDER CANCER%WIKIPATHWAYS_20260211%WP2828%HOMO SAPIENS		32	0.3460218	0.9739474	0.48442212	0.7804599	1.0	441	tags=9%, list=3%, signal=10%	
REGULATION OF G1/S TRANSITION OF MITOTIC CELL CYCLE%GOBP%GO:2000045	REGULATION OF G1/S TRANSITION OF MITOTIC CELL CYCLE%GOBP%GO:2000045		133	0.27015767	0.9738213	0.52986515	0.7804266	1.0	2762	tags=23%, list=18%, signal=28%	
DEVELOPMENTAL CELL LINEAGES%REACTOME DATABASE ID RELEASE 95%9734767	DEVELOPMENTAL CELL LINEAGES%REACTOME DATABASE ID RELEASE 95%9734767		19	0.3894686	0.97360325	0.490961	0.7806523	1.0	1818	tags=21%, list=12%, signal=24%	
POTASSIUM ION IMPORT ACROSS PLASMA MEMBRANE%GOBP%GO:1990573	POTASSIUM ION IMPORT ACROSS PLASMA MEMBRANE%GOBP%GO:1990573		30	0.35160103	0.9734524	0.5070707	0.7807019	1.0	2888	tags=30%, list=19%, signal=37%	
REGULATION OF KINASE ACTIVITY%GOBP%GO:0043549	REGULATION OF KINASE ACTIVITY%GOBP%GO:0043549		228	0.2530869	0.9732194	0.53705484	0.78094137	1.0	1733	tags=12%, list=12%, signal=14%	
REGULATION OF ACTIN CYTOSKELETON ORGANIZATION%GOBP%GO:0032956	REGULATION OF ACTIN CYTOSKELETON ORGANIZATION%GOBP%GO:0032956		267	0.2500024	0.97317773	0.5415058	0.7806669	1.0	1806	tags=13%, list=12%, signal=14%	
SODIUM ION HOMEOSTASIS%GOBP%GO:0055078	SODIUM ION HOMEOSTASIS%GOBP%GO:0055078		24	0.36508262	0.97304183	0.50877196	0.78065467	1.0	2888	tags=29%, list=19%, signal=36%	
HETEROTRIMERIC G-PROTEIN SIGNALING PATHWAY-GQ ALPHA AND GO ALPHA MEDIATED PATHWAY%PANTHER PATHWAY%P00027	HETEROTRIMERIC G-PROTEIN SIGNALING PATHWAY-GQ ALPHA AND GO ALPHA MEDIATED PATHWAY%PANTHER PATHWAY%P00027		60	0.30431652	0.9726611	0.5	0.78137493	1.0	1957	tags=25%, list=13%, signal=29%	
POSITIVE REGULATION OF ERYTHROCYTE DIFFERENTIATION%GOBP%GO:0045648	POSITIVE REGULATION OF ERYTHROCYTE DIFFERENTIATION%GOBP%GO:0045648		27	0.3592293	0.97253895	0.5034826	0.78132486	1.0	1850	tags=15%, list=12%, signal=17%	
HISTAMINE H1 RECEPTOR MEDIATED SIGNALING PATHWAY%PANTHER PATHWAY%P04385	HISTAMINE H1 RECEPTOR MEDIATED SIGNALING PATHWAY%PANTHER PATHWAY%P04385		36	0.33492133	0.97253686	0.48162475	0.7809231	1.0	2575	tags=28%, list=17%, signal=33%	
REGULATION OF ESTABLISHMENT OF ENDOTHELIAL BARRIER%GOBP%GO:1903140	REGULATION OF ESTABLISHMENT OF ENDOTHELIAL BARRIER%GOBP%GO:1903140		15	0.41014716	0.9725241	0.48313493	0.7805542	1.0	68	tags=7%, list=0%, signal=7%	
POSITIVE REGULATION OF SODIUM ION TRANSPORT%GOBP%GO:0010765	POSITIVE REGULATION OF SODIUM ION TRANSPORT%GOBP%GO:0010765		26	0.36348253	0.97244483	0.50842696	0.78038555	1.0	2752	tags=35%, list=18%, signal=42%	
BIOCARTA_VIP_PATHWAY%MSIGDB_C2%BIOCARTA_VIP_PATHWAY	BIOCARTA_VIP_PATHWAY%MSIGDB_C2%BIOCARTA_VIP_PATHWAY		17	0.399279	0.9722605	0.49284253	0.7805354	1.0	1929	tags=24%, list=13%, signal=27%	
SIGNALING EVENTS MEDIATED BY THE HEDGEHOG FAMILY%PATHWAY INTERACTION DATABASE NCI-NATURE CURATED DATA%SIGNALING EVENTS MEDIATED BY THE HEDGEHOG FAMILY	SIGNALING EVENTS MEDIATED BY THE HEDGEHOG FAMILY%PATHWAY INTERACTION DATABASE NCI-NATURE CURATED DATA%SIGNALING EVENTS MEDIATED BY THE HEDGEHOG FAMILY		22	0.37940374	0.97218025	0.49659202	0.78036946	1.0	787	tags=27%, list=5%, signal=29%	
GLUTAMATE BINDING, ACTIVATION OF AMPA RECEPTORS AND SYNAPTIC PLASTICITY%REACTOME%R-HSA-399721.5	GLUTAMATE BINDING, ACTIVATION OF AMPA RECEPTORS AND SYNAPTIC PLASTICITY%REACTOME%R-HSA-399721.5		20	0.38069403	0.97167945	0.4929006	0.7814612	1.0	864	tags=15%, list=6%, signal=16%	
C-MYC PATHWAY%PATHWAY INTERACTION DATABASE NCI-NATURE CURATED DATA%C-MYC PATHWAY	C-MYC PATHWAY%PATHWAY INTERACTION DATABASE NCI-NATURE CURATED DATA%C-MYC PATHWAY		25	0.36143762	0.9716411	0.51097804	0.7811715	1.0	1316	tags=16%, list=9%, signal=18%	
CELLULAR RESPONSE TO DECREASED OXYGEN LEVELS%GOBP%GO:0036294	CELLULAR RESPONSE TO DECREASED OXYGEN LEVELS%GOBP%GO:0036294		75	0.2949014	0.9715078	0.5028958	0.7811702	1.0	2654	tags=24%, list=18%, signal=29%	
NEGATIVE REGULATION OF PROTEIN SERINE/THREONINE KINASE ACTIVITY%GOBP%GO:0071901	NEGATIVE REGULATION OF PROTEIN SERINE/THREONINE KINASE ACTIVITY%GOBP%GO:0071901		27	0.35970417	0.97148895	0.5113524	0.7808188	1.0	225	tags=11%, list=1%, signal=11%	
ESTROGEN RECEPTOR SIGNALING PATHWAY%GOBP%GO:0030520	ESTROGEN RECEPTOR SIGNALING PATHWAY%GOBP%GO:0030520		15	0.41741586	0.9714091	0.49659863	0.7806512	1.0	2711	tags=40%, list=18%, signal=49%	
SIGNAL TRANSDUCTION BY P53 CLASS MEDIATOR%GOBP%GO:0072331	SIGNAL TRANSDUCTION BY P53 CLASS MEDIATOR%GOBP%GO:0072331		66	0.30159298	0.9712988	0.4950298	0.7805598	1.0	2902	tags=32%, list=19%, signal=39%	
STEM CELL DIFFERENTIATION%GOBP%GO:0048863	STEM CELL DIFFERENTIATION%GOBP%GO:0048863		93	0.2837181	0.97129506	0.5147638	0.7801641	1.0	1571	tags=15%, list=10%, signal=17%	
REGULATION OF ENDOTHELIAL CELL DEVELOPMENT%GOBP%GO:1901550	REGULATION OF ENDOTHELIAL CELL DEVELOPMENT%GOBP%GO:1901550		15	0.41014716	0.9712822	0.50921434	0.7797978	1.0	68	tags=7%, list=0%, signal=7%	
GLAND DEVELOPMENT%GOBP%GO:0048732	GLAND DEVELOPMENT%GOBP%GO:0048732		97	0.28387886	0.9712197	0.5069444	0.7795782	1.0	3137	tags=28%, list=21%, signal=35%	
NEGATIVE REGULATION OF ENDOTHELIAL CELL PROLIFERATION%GOBP%GO:0001937	NEGATIVE REGULATION OF ENDOTHELIAL CELL PROLIFERATION%GOBP%GO:0001937		32	0.34557056	0.97092086	0.49761224	0.7800561	1.0	1193	tags=16%, list=8%, signal=17%	
MORPHOGENESIS OF EMBRYONIC EPITHELIUM%GOBP%GO:0016331	MORPHOGENESIS OF EMBRYONIC EPITHELIUM%GOBP%GO:0016331		45	0.32208714	0.9704163	0.49269718	0.78115577	1.0	3685	tags=38%, list=25%, signal=50%	
CTNNB1 S45 MUTANTS AREN'T PHOSPHORYLATED%REACTOME%R-HSA-5358751.4	CTNNB1 S45 MUTANTS AREN'T PHOSPHORYLATED%REACTOME%R-HSA-5358751.4		15	0.40944096	0.970322	0.5058594	0.78103673	1.0	486	tags=13%, list=3%, signal=14%	
ERK1 AND ERK2 CASCADE%GOBP%GO:0070371	ERK1 AND ERK2 CASCADE%GOBP%GO:0070371		23	0.36368832	0.9702692	0.49165848	0.78079134	1.0	2371	tags=30%, list=16%, signal=36%	
CELL INTERACTIONS IN PANCREATIC CANCER MICROENVIRONMENT%WIKIPATHWAYS_20260211%WP5284%HOMO SAPIENS	CELL INTERACTIONS IN PANCREATIC CANCER MICROENVIRONMENT%WIKIPATHWAYS_20260211%WP5284%HOMO SAPIENS		23	0.37288845	0.96998924	0.49085367	0.7812334	1.0	3035	tags=39%, list=20%, signal=49%	
OLIGODENDROCYTE DEVELOPMENT%WIKIPATHWAYS_20260211%WP5574%HOMO SAPIENS	OLIGODENDROCYTE DEVELOPMENT%WIKIPATHWAYS_20260211%WP5574%HOMO SAPIENS		31	0.3419116	0.96966386	0.49477682	0.78178304	1.0	2493	tags=32%, list=17%, signal=39%	
RHOU GTPASE CYCLE%REACTOME%R-HSA-9013420.5	RHOU GTPASE CYCLE%REACTOME%R-HSA-9013420.5		38	0.32910633	0.9691285	0.49017683	0.782969	1.0	1834	tags=16%, list=12%, signal=18%	
ARYL HYDROCARBON RECEPTOR PATHWAY%WIKIPATHWAYS_20260211%WP2873%HOMO SAPIENS	ARYL HYDROCARBON RECEPTOR PATHWAY%WIKIPATHWAYS_20260211%WP2873%HOMO SAPIENS		30	0.34673774	0.96902716	0.50146914	0.7828836	1.0	3000	tags=27%, list=20%, signal=33%	
MAPK FAMILY SIGNALING CASCADES%REACTOME%R-HSA-5683057.5	MAPK FAMILY SIGNALING CASCADES%REACTOME%R-HSA-5683057.5		265	0.246924	0.9685549	0.5536437	0.7838497	1.0	2247	tags=19%, list=15%, signal=22%	
DRAVET SYNDROME%WIKIPATHWAYS_20260211%WP5200%HOMO SAPIENS	DRAVET SYNDROME%WIKIPATHWAYS_20260211%WP5200%HOMO SAPIENS		26	0.35957453	0.96831787	0.49758455	0.78417915	1.0	2752	tags=38%, list=18%, signal=47%	
VASCULAR ENDOTHELIAL CELL RESPONSE TO LAMINAR FLUID SHEAR STRESS%GOBP%GO:0097700	VASCULAR ENDOTHELIAL CELL RESPONSE TO LAMINAR FLUID SHEAR STRESS%GOBP%GO:0097700		20	0.38173547	0.96831053	0.5107252	0.78379714	1.0	988	tags=20%, list=7%, signal=21%	
ESTABLISHMENT OR MAINTENANCE OF CELL POLARITY%GOBP%GO:0007163	ESTABLISHMENT OR MAINTENANCE OF CELL POLARITY%GOBP%GO:0007163		145	0.26638022	0.96817195	0.53149605	0.78379875	1.0	1936	tags=17%, list=13%, signal=20%	
TRAFFICKING OF AMPA RECEPTORS%REACTOME%R-HSA-399719.3	TRAFFICKING OF AMPA RECEPTORS%REACTOME%R-HSA-399719.3		20	0.38069403	0.9678069	0.5	0.7844795	1.0	864	tags=15%, list=6%, signal=16%	
SUPERPATHWAY OF GLYCOSPHINGOLIPIDS BIOSYNTHESIS%BIOCYC%PWY-7835	SUPERPATHWAY OF GLYCOSPHINGOLIPIDS BIOSYNTHESIS%BIOCYC%PWY-7835		24	0.36461318	0.9678043	0.5197305	0.78408146	1.0	2571	tags=38%, list=17%, signal=45%	
SUMOYLATION OF TRANSCRIPTION COFACTORS%REACTOME%R-HSA-3899300.7	SUMOYLATION OF TRANSCRIPTION COFACTORS%REACTOME%R-HSA-3899300.7		42	0.32523143	0.9677804	0.5203575	0.78375053	1.0	2245	tags=21%, list=15%, signal=25%	
CELLULAR RESPONSE TO GAMMA RADIATION%GOBP%GO:0071480	CELLULAR RESPONSE TO GAMMA RADIATION%GOBP%GO:0071480		17	0.39041543	0.9675004	0.5045593	0.78420764	1.0	4530	tags=47%, list=30%, signal=67%	
REGULATION OF VASCULAR ENDOTHELIAL CELL PROLIFERATION%GOBP%GO:1905562	REGULATION OF VASCULAR ENDOTHELIAL CELL PROLIFERATION%GOBP%GO:1905562		18	0.38783324	0.96727854	0.48579547	0.78448117	1.0	2478	tags=22%, list=16%, signal=27%	
CELLULAR RESPONSE TO RADIATION%GOBP%GO:0071478	CELLULAR RESPONSE TO RADIATION%GOBP%GO:0071478		116	0.27484488	0.96681684	0.539055	0.78545475	1.0	2794	tags=22%, list=19%, signal=27%	
STEROID HORMONE RECEPTOR SIGNALING PATHWAY%GOBP%GO:0043401	STEROID HORMONE RECEPTOR SIGNALING PATHWAY%GOBP%GO:0043401		45	0.32184497	0.9667439	0.5257032	0.785276	1.0	2341	tags=24%, list=16%, signal=29%	
REGULATION OF B CELL DIFFERENTIATION%GOBP%GO:0045577	REGULATION OF B CELL DIFFERENTIATION%GOBP%GO:0045577		21	0.37946448	0.96635556	0.5053869	0.7860046	1.0	3241	tags=43%, list=22%, signal=55%	
POSITIVE REGULATION OF TELOMERE MAINTENANCE%GOBP%GO:0032206	POSITIVE REGULATION OF TELOMERE MAINTENANCE%GOBP%GO:0032206		57	0.30677938	0.96625346	0.52	0.7858895	1.0	4850	tags=42%, list=32%, signal=62%	
PURINE NUCLEOSIDE MONOPHOSPHATE METABOLIC PROCESS%GOBP%GO:0009126	PURINE NUCLEOSIDE MONOPHOSPHATE METABOLIC PROCESS%GOBP%GO:0009126		24	0.36567888	0.9661749	0.503876	0.7857146	1.0	5000	tags=54%, list=33%, signal=81%	
HEART DEVELOPMENT%WIKIPATHWAYS_20260211%WP1591%HOMO SAPIENS	HEART DEVELOPMENT%WIKIPATHWAYS_20260211%WP1591%HOMO SAPIENS		29	0.35652333	0.9660414	0.50436467	0.7857122	1.0	2263	tags=31%, list=15%, signal=36%	
CALCINEURIN-REGULATED NFAT-DEPENDENT TRANSCRIPTION IN LYMPHOCYTES%PATHWAY INTERACTION DATABASE NCI-NATURE CURATED DATA%CALCINEURIN-REGULATED NFAT-DEPENDENT TRANSCRIPTION IN LYMPHOCYTES	CALCINEURIN-REGULATED NFAT-DEPENDENT TRANSCRIPTION IN LYMPHOCYTES%PATHWAY INTERACTION DATABASE NCI-NATURE CURATED DATA%CALCINEURIN-REGULATED NFAT-DEPENDENT TRANSCRIPTION IN LYMPHOCYTES		42	0.32316273	0.96601886	0.5325559	0.785373	1.0	2607	tags=38%, list=17%, signal=46%	
REPRODUCTIVE STRUCTURE DEVELOPMENT%GOBP%GO:0048608	REPRODUCTIVE STRUCTURE DEVELOPMENT%GOBP%GO:0048608		77	0.29102138	0.9659133	0.5222993	0.7852964	1.0	2371	tags=22%, list=16%, signal=26%	
LEPTIN%IOB%LEPTIN	LEPTIN%IOB%LEPTIN		21	0.37226528	0.96555436	0.49464458	0.7859537	1.0	590	tags=14%, list=4%, signal=15%	
POSITIVE REGULATION OF HEMOSTASIS%GOBP%GO:1900048	POSITIVE REGULATION OF HEMOSTASIS%GOBP%GO:1900048		17	0.39827907	0.9655205	0.51840794	0.78565013	1.0	3617	tags=59%, list=24%, signal=77%	
BIOCARTA_NFAT_PATHWAY%MSIGDB_C2%BIOCARTA_NFAT_PATHWAY	BIOCARTA_NFAT_PATHWAY%MSIGDB_C2%BIOCARTA_NFAT_PATHWAY		32	0.3368485	0.9651962	0.5085945	0.78619254	1.0	2687	tags=25%, list=18%, signal=30%	
POSITIVE REGULATION OF PROTEIN POLYMERIZATION%GOBP%GO:0032273	POSITIVE REGULATION OF PROTEIN POLYMERIZATION%GOBP%GO:0032273		72	0.2926653	0.9649411	0.5253906	0.7865405	1.0	2159	tags=18%, list=14%, signal=21%	
SISTER CHROMATID COHESION%GOBP%GO:0007062	SISTER CHROMATID COHESION%GOBP%GO:0007062		39	0.327926	0.9647314	0.48720473	0.7867796	1.0	5417	tags=36%, list=36%, signal=56%	
MEIOTIC CHROMOSOME SEGREGATION%GOBP%GO:0045132	MEIOTIC CHROMOSOME SEGREGATION%GOBP%GO:0045132		34	0.33367747	0.9645428	0.49415204	0.78694147	1.0	3724	tags=32%, list=25%, signal=43%	
RECEPTOR LOCALIZATION TO SYNAPSE%GOBP%GO:0097120	RECEPTOR LOCALIZATION TO SYNAPSE%GOBP%GO:0097120		21	0.37596145	0.9643908	0.53103447	0.7869619	1.0	2493	tags=38%, list=17%, signal=46%	
NEGATIVE REGULATION OF PRODUCTION OF MOLECULAR MEDIATOR OF IMMUNE RESPONSE%GOBP%GO:0002701	NEGATIVE REGULATION OF PRODUCTION OF MOLECULAR MEDIATOR OF IMMUNE RESPONSE%GOBP%GO:0002701		25	0.36349252	0.96415985	0.50545096	0.7872575	1.0	1363	tags=12%, list=9%, signal=13%	
CTNNB1 T41 MUTANTS AREN'T PHOSPHORYLATED%REACTOME DATABASE ID RELEASE 95%5358752	CTNNB1 T41 MUTANTS AREN'T PHOSPHORYLATED%REACTOME DATABASE ID RELEASE 95%5358752		15	0.40944096	0.9639102	0.5171737	0.7875781	1.0	486	tags=13%, list=3%, signal=14%	
PLACENTA DEVELOPMENT%GOBP%GO:0001890	PLACENTA DEVELOPMENT%GOBP%GO:0001890		41	0.32355392	0.96371555	0.49190283	0.78773963	1.0	3230	tags=29%, list=22%, signal=37%	
POSITIVE REGULATION OF HOMOTYPIC CELL-CELL ADHESION%GOBP%GO:0034112	POSITIVE REGULATION OF HOMOTYPIC CELL-CELL ADHESION%GOBP%GO:0034112		16	0.40170896	0.96361244	0.48785424	0.7876422	1.0	344	tags=13%, list=2%, signal=13%	
CHEMOKINE RECEPTORS BIND CHEMOKINES%REACTOME%R-HSA-380108.6	CHEMOKINE RECEPTORS BIND CHEMOKINES%REACTOME%R-HSA-380108.6		51	0.310291	0.96340346	0.51991826	0.7878656	1.0	3093	tags=37%, list=21%, signal=47%	
REGULATION OF INTERLEUKIN-4 PRODUCTION%GOBP%GO:0032673	REGULATION OF INTERLEUKIN-4 PRODUCTION%GOBP%GO:0032673		25	0.35977992	0.96282595	0.49901575	0.78918886	1.0	1716	tags=28%, list=11%, signal=32%	
SIGNALING BY ERBB2 TMD JMD MUTANTS%REACTOME%R-HSA-9665686.3	SIGNALING BY ERBB2 TMD JMD MUTANTS%REACTOME%R-HSA-9665686.3		18	0.39009964	0.96267366	0.5058027	0.78923625	1.0	2999	tags=39%, list=20%, signal=49%	
DENDRITE MORPHOGENESIS%GOBP%GO:0048813	DENDRITE MORPHOGENESIS%GOBP%GO:0048813		35	0.33875403	0.9625735	0.5408867	0.7891216	1.0	2328	tags=31%, list=16%, signal=37%	
NEURAL CREST CELL MIGRATION%GOBP%GO:0001755	NEURAL CREST CELL MIGRATION%GOBP%GO:0001755		33	0.33339885	0.96257174	0.51096284	0.7887237	1.0	1571	tags=18%, list=10%, signal=20%	
REPRODUCTIVE SYSTEM DEVELOPMENT%GOBP%GO:0061458	REPRODUCTIVE SYSTEM DEVELOPMENT%GOBP%GO:0061458		77	0.29102138	0.96219736	0.53006476	0.78941834	1.0	2371	tags=22%, list=16%, signal=26%	
NEGATIVE REGULATION OF PROTEIN MODIFICATION PROCESS%GOBP%GO:0031400	NEGATIVE REGULATION OF PROTEIN MODIFICATION PROCESS%GOBP%GO:0031400		167	0.25961444	0.9609844	0.5651322	0.7926161	1.0	2245	tags=18%, list=15%, signal=21%	
HALLMARK_SPERMATOGENESIS%MSIGDBHALLMARK%HALLMARK_SPERMATOGENESIS	HALLMARK_SPERMATOGENESIS%MSIGDBHALLMARK%HALLMARK_SPERMATOGENESIS		65	0.2967978	0.9603237	0.5233831	0.79416305	1.0	3621	tags=29%, list=24%, signal=38%	
RESPONSE TO NITROGEN COMPOUND%GOBP%GO:1901698	RESPONSE TO NITROGEN COMPOUND%GOBP%GO:1901698		428	0.2357866	0.96016	0.6163022	0.7942416	1.0	2585	tags=21%, list=17%, signal=25%	
NOTCH SIGNALING PATHWAY%PATHWAY INTERACTION DATABASE NCI-NATURE CURATED DATA%NOTCH SIGNALING PATHWAY	NOTCH SIGNALING PATHWAY%PATHWAY INTERACTION DATABASE NCI-NATURE CURATED DATA%NOTCH SIGNALING PATHWAY		55	0.30431664	0.9601465	0.51520914	0.79387593	1.0	1316	tags=16%, list=9%, signal=18%	
SIGNALING BY CTNNB1 PHOSPHO-SITE MUTANTS%REACTOME%R-HSA-4839743.5	SIGNALING BY CTNNB1 PHOSPHO-SITE MUTANTS%REACTOME%R-HSA-4839743.5		15	0.40944096	0.96003586	0.51668257	0.7937962	1.0	486	tags=13%, list=3%, signal=14%	
DNA DAMAGE RESPONSE, SIGNAL TRANSDUCTION BY P53 CLASS MEDIATOR%GOBP%GO:0030330	DNA DAMAGE RESPONSE, SIGNAL TRANSDUCTION BY P53 CLASS MEDIATOR%GOBP%GO:0030330		35	0.33334684	0.9598726	0.5315841	0.79388714	1.0	2718	tags=29%, list=18%, signal=35%	
POSITIVE REGULATION OF LEUKOCYTE CELL-CELL ADHESION%GOBP%GO:1903039	POSITIVE REGULATION OF LEUKOCYTE CELL-CELL ADHESION%GOBP%GO:1903039		211	0.25287566	0.95956635	0.57200813	0.79438406	1.0	3135	tags=25%, list=21%, signal=31%	
PI3 KINASE PATHWAY%PANTHER PATHWAY%P00048	PI3 KINASE PATHWAY%PANTHER PATHWAY%P00048		36	0.33094478	0.9595261	0.49618322	0.7941049	1.0	2335	tags=25%, list=16%, signal=30%	
STRIATED MUSCLE CONTRACTION PATHWAY%WIKIPATHWAYS_20260211%WP383%HOMO SAPIENS	STRIATED MUSCLE CONTRACTION PATHWAY%WIKIPATHWAYS_20260211%WP383%HOMO SAPIENS		20	0.37888217	0.959519	0.5407478	0.79372376	1.0	740	tags=20%, list=5%, signal=21%	
REGULATION OF TRANSFERASE ACTIVITY%GOBP%GO:0051338	REGULATION OF TRANSFERASE ACTIVITY%GOBP%GO:0051338		262	0.24797735	0.9591892	0.57604563	0.7942988	1.0	1736	tags=13%, list=12%, signal=14%	
FORMATION OF THE EMBRYONIC STEM CELL BAF (ESBAF) COMPLEX%REACTOME%R-HSA-9933946.1	FORMATION OF THE EMBRYONIC STEM CELL BAF (ESBAF) COMPLEX%REACTOME%R-HSA-9933946.1		19	0.3807176	0.9590012	0.50945276	0.7944464	1.0	2762	tags=32%, list=18%, signal=39%	
BIOCARTA_TFF_PATHWAY%MSIGDB_C2%BIOCARTA_TFF_PATHWAY	BIOCARTA_TFF_PATHWAY%MSIGDB_C2%BIOCARTA_TFF_PATHWAY		17	0.39268163	0.9589928	0.5014191	0.7940662	1.0	2434	tags=29%, list=16%, signal=35%	
POSITIVE REGULATION OF LEUKOCYTE ACTIVATION%GOBP%GO:0002696	POSITIVE REGULATION OF LEUKOCYTE ACTIVATION%GOBP%GO:0002696		260	0.24612467	0.95893246	0.60329777	0.79384303	1.0	2622	tags=20%, list=17%, signal=24%	
UNFOLDED PROTEIN RESPONSE (UPR)%REACTOME%R-HSA-381119.4	UNFOLDED PROTEIN RESPONSE (UPR)%REACTOME%R-HSA-381119.4		89	0.27910858	0.95853186	0.5608782	0.7945954	1.0	1445	tags=12%, list=10%, signal=14%	
LEISHMANIA INFECTION%REACTOME DATABASE ID RELEASE 95%9658195	LEISHMANIA INFECTION%REACTOME DATABASE ID RELEASE 95%9658195		146	0.2635273	0.9584165	0.55195427	0.7945473	1.0	1881	tags=16%, list=13%, signal=18%	
REGULATION OF TELOMERE MAINTENANCE VIA TELOMERE LENGTHENING%GOBP%GO:1904356	REGULATION OF TELOMERE MAINTENANCE VIA TELOMERE LENGTHENING%GOBP%GO:1904356		49	0.31592137	0.95822644	0.532	0.79469967	1.0	4746	tags=37%, list=32%, signal=54%	
REGULATION OF CELL PROJECTION ASSEMBLY%GOBP%GO:0060491	REGULATION OF CELL PROJECTION ASSEMBLY%GOBP%GO:0060491		175	0.25837898	0.9581187	0.5780075	0.79461086	1.0	3601	tags=27%, list=24%, signal=36%	
SIGNALING BY GSK3BETA MUTANTS%REACTOME DATABASE ID RELEASE 95%5339716	SIGNALING BY GSK3BETA MUTANTS%REACTOME DATABASE ID RELEASE 95%5339716		15	0.40944096	0.95810366	0.51193887	0.7942628	1.0	486	tags=13%, list=3%, signal=14%	
HUNTINGTON DISEASE%PANTHER PATHWAY%P00029	HUNTINGTON DISEASE%PANTHER PATHWAY%P00029		86	0.28442377	0.9579592	0.5530452	0.79427665	1.0	2394	tags=21%, list=16%, signal=25%	
PARASITIC INFECTION PATHWAYS%REACTOME DATABASE ID RELEASE 95%9824443	PARASITIC INFECTION PATHWAYS%REACTOME DATABASE ID RELEASE 95%9824443		146	0.2635273	0.95779324	0.5552297	0.79435325	1.0	1881	tags=16%, list=13%, signal=18%	
NEGATIVE REGULATION OF INTRINSIC APOPTOTIC SIGNALING PATHWAY BY P53 CLASS MEDIATOR%GOBP%GO:1902254	NEGATIVE REGULATION OF INTRINSIC APOPTOTIC SIGNALING PATHWAY BY P53 CLASS MEDIATOR%GOBP%GO:1902254		17	0.39120957	0.9572838	0.52115387	0.7954286	1.0	4080	tags=41%, list=27%, signal=56%	
RETT SYNDROME%WIKIPATHWAYS_20260211%WP4312%HOMO SAPIENS	RETT SYNDROME%WIKIPATHWAYS_20260211%WP4312%HOMO SAPIENS		37	0.33202803	0.9569344	0.52079207	0.7960597	1.0	2733	tags=32%, list=18%, signal=40%	
PLK1 SIGNALING EVENTS%PATHWAY INTERACTION DATABASE NCI-NATURE CURATED DATA%PLK1 SIGNALING EVENTS	PLK1 SIGNALING EVENTS%PATHWAY INTERACTION DATABASE NCI-NATURE CURATED DATA%PLK1 SIGNALING EVENTS		45	0.31265405	0.95674974	0.53128105	0.79620016	1.0	4844	tags=44%, list=32%, signal=65%	
PROTEIN FOLDING%REACTOME%R-HSA-391251.3	PROTEIN FOLDING%REACTOME%R-HSA-391251.3		81	0.28510112	0.9564389	0.5578231	0.7967121	1.0	2257	tags=15%, list=15%, signal=17%	
NAD METABOLISM%WIKIPATHWAYS_20260211%WP3644%HOMO SAPIENS	NAD METABOLISM%WIKIPATHWAYS_20260211%WP3644%HOMO SAPIENS		15	0.40840814	0.95620245	0.5282838	0.79700047	1.0	1693	tags=20%, list=11%, signal=23%	
METAPATHWAY BIOTRANSFORMATION PHASE I AND II%WIKIPATHWAYS_20260211%WP702%HOMO SAPIENS	METAPATHWAY BIOTRANSFORMATION PHASE I AND II%WIKIPATHWAYS_20260211%WP702%HOMO SAPIENS		95	0.27624023	0.9561773	0.55467194	0.796677	1.0	2584	tags=23%, list=17%, signal=28%	
REGULATION OF NEUTROPHIL CHEMOTAXIS%GOBP%GO:0090022	REGULATION OF NEUTROPHIL CHEMOTAXIS%GOBP%GO:0090022		27	0.3507304	0.9558108	0.5183752	0.7973415	1.0	3093	tags=30%, list=21%, signal=37%	
RESPONSE TO IONIZING RADIATION%GOBP%GO:0010212	RESPONSE TO IONIZING RADIATION%GOBP%GO:0010212		87	0.28322545	0.9550507	0.5535198	0.79920816	1.0	821	tags=8%, list=5%, signal=8%	
PLATELET DEGRANULATION%REACTOME DATABASE ID RELEASE 95%114608	PLATELET DEGRANULATION%REACTOME DATABASE ID RELEASE 95%114608		114	0.2722329	0.9550203	0.54108214	0.7988892	1.0	2438	tags=23%, list=16%, signal=27%	
NEGATIVE REGULATION OF NERVOUS SYSTEM DEVELOPMENT%GOBP%GO:0051961	NEGATIVE REGULATION OF NERVOUS SYSTEM DEVELOPMENT%GOBP%GO:0051961		58	0.2999441	0.9548442	0.557	0.79899263	1.0	2851	tags=22%, list=19%, signal=28%	
POSITIVE REGULATION OF ENDOTHELIAL CELL MIGRATION%GOBP%GO:0010595	POSITIVE REGULATION OF ENDOTHELIAL CELL MIGRATION%GOBP%GO:0010595		97	0.27653563	0.9548068	0.5466926	0.7986978	1.0	1690	tags=15%, list=11%, signal=17%	
BIOCARTA_EICOSANOID_PATHWAY%MSIGDB_C2%BIOCARTA_EICOSANOID_PATHWAY	BIOCARTA_EICOSANOID_PATHWAY%MSIGDB_C2%BIOCARTA_EICOSANOID_PATHWAY		17	0.390739	0.95472276	0.52248806	0.79855305	1.0	4108	tags=53%, list=27%, signal=73%	
POSITIVE REGULATION OF PHOSPHORUS METABOLIC PROCESS%GOBP%GO:0010562	POSITIVE REGULATION OF PHOSPHORUS METABOLIC PROCESS%GOBP%GO:0010562		254	0.2446326	0.9546021	0.60331386	0.7985052	1.0	2506	tags=17%, list=17%, signal=20%	
PID_BMP_PATHWAY%MSIGDB_C2%PID_BMP_PATHWAY	PID_BMP_PATHWAY%MSIGDB_C2%PID_BMP_PATHWAY		29	0.34571987	0.9543058	0.52682924	0.79899025	1.0	2260	tags=24%, list=15%, signal=28%	
FOREBRAIN DEVELOPMENT%GOBP%GO:0030900	FOREBRAIN DEVELOPMENT%GOBP%GO:0030900		126	0.2714296	0.95430374	0.5565217	0.798596	1.0	2587	tags=24%, list=17%, signal=29%	
PID_E2F_PATHWAY%MSIGDB_C2%PID_E2F_PATHWAY	PID_E2F_PATHWAY%MSIGDB_C2%PID_E2F_PATHWAY		56	0.29917276	0.9539194	0.5426889	0.79937667	1.0	2902	tags=23%, list=19%, signal=29%	
PRESYNAPSE ORGANIZATION%GOBP%GO:0099172	PRESYNAPSE ORGANIZATION%GOBP%GO:0099172		19	0.3778441	0.95380354	0.5240848	0.79931676	1.0	603	tags=16%, list=4%, signal=16%	
POSTMITOTIC NUCLEAR PORE COMPLEX (NPC) REFORMATION%REACTOME DATABASE ID RELEASE 95%9615933	POSTMITOTIC NUCLEAR PORE COMPLEX (NPC) REFORMATION%REACTOME DATABASE ID RELEASE 95%9615933		24	0.3574485	0.95371276	0.5155039	0.7991886	1.0	336	tags=4%, list=2%, signal=4%	
EML4 AND NUDC IN MITOTIC SPINDLE FORMATION%REACTOME DATABASE ID RELEASE 95%9648025	EML4 AND NUDC IN MITOTIC SPINDLE FORMATION%REACTOME DATABASE ID RELEASE 95%9648025		95	0.2771155	0.95339304	0.55784315	0.79970396	1.0	4415	tags=26%, list=29%, signal=37%	
POSITIVE REGULATION OF T CELL MIGRATION%GOBP%GO:2000406	POSITIVE REGULATION OF T CELL MIGRATION%GOBP%GO:2000406		28	0.34767413	0.9527607	0.5341246	0.8011349	1.0	1565	tags=21%, list=10%, signal=24%	
COAGULATION%GOBP%GO:0050817	COAGULATION%GOBP%GO:0050817		115	0.26859	0.9525804	0.5639313	0.8012372	1.0	2983	tags=25%, list=20%, signal=31%	
EPITHELIAL CELL MORPHOGENESIS%GOBP%GO:0003382	EPITHELIAL CELL MORPHOGENESIS%GOBP%GO:0003382		17	0.39254332	0.9522873	0.5261084	0.8017022	1.0	20	tags=6%, list=0%, signal=6%	
NEGATIVE REGULATION OF TYPE II INTERFERON PRODUCTION%GOBP%GO:0032689	NEGATIVE REGULATION OF TYPE II INTERFERON PRODUCTION%GOBP%GO:0032689		25	0.3561417	0.95208657	0.5226804	0.8018947	1.0	918	tags=16%, list=6%, signal=17%	
NEGATIVE REGULATION OF MONONUCLEAR CELL PROLIFERATION%GOBP%GO:0032945	NEGATIVE REGULATION OF MONONUCLEAR CELL PROLIFERATION%GOBP%GO:0032945		54	0.30079576	0.9513505	0.54037887	0.8036496	1.0	1363	tags=17%, list=9%, signal=18%	
ANGIOGENESIS%PANTHER PATHWAY%P00005	ANGIOGENESIS%PANTHER PATHWAY%P00005		139	0.2608247	0.9513292	0.5791985	0.8033137	1.0	2121	tags=21%, list=14%, signal=24%	
ANTIGEN PRESENTATION: FOLDING, ASSEMBLY AND PEPTIDE LOADING OF CLASS I MHC%REACTOME DATABASE ID RELEASE 95%983170	ANTIGEN PRESENTATION: FOLDING, ASSEMBLY AND PEPTIDE LOADING OF CLASS I MHC%REACTOME DATABASE ID RELEASE 95%983170		28	0.34486294	0.95094293	0.5310411	0.80403376	1.0	1672	tags=14%, list=11%, signal=16%	
NUCLEAR PORE ORGANIZATION%GOBP%GO:0006999	NUCLEAR PORE ORGANIZATION%GOBP%GO:0006999		15	0.40095288	0.9509191	0.530888	0.80370814	1.0	336	tags=7%, list=2%, signal=7%	
HEMATOPOIETIC OR LYMPHOID ORGAN DEVELOPMENT%GOBP%GO:0048534	HEMATOPOIETIC OR LYMPHOID ORGAN DEVELOPMENT%GOBP%GO:0048534		25	0.35277307	0.9508273	0.55372703	0.8035617	1.0	1568	tags=16%, list=10%, signal=18%	
LIMBIC SYSTEM DEVELOPMENT%GOBP%GO:0021761	LIMBIC SYSTEM DEVELOPMENT%GOBP%GO:0021761		25	0.3550893	0.9508164	0.527833	0.8031946	1.0	4119	tags=52%, list=27%, signal=72%	
PID_NOTCH_PATHWAY%MSIGDB_C2%PID_NOTCH_PATHWAY	PID_NOTCH_PATHWAY%MSIGDB_C2%PID_NOTCH_PATHWAY		43	0.3168263	0.9507101	0.5329949	0.803113	1.0	1799	tags=16%, list=12%, signal=18%	
REGULATION OF ERYTHROCYTE DIFFERENTIATION%GOBP%GO:0045646	REGULATION OF ERYTHROCYTE DIFFERENTIATION%GOBP%GO:0045646		38	0.32412687	0.95002973	0.53176934	0.8046916	1.0	1967	tags=18%, list=13%, signal=21%	
BLOOD COAGULATION%GOBP%GO:0007596	BLOOD COAGULATION%GOBP%GO:0007596		115	0.26859	0.9497584	0.58171207	0.805089	1.0	2983	tags=25%, list=20%, signal=31%	
REGULATION OF NEUTROPHIL MIGRATION%GOBP%GO:1902622	REGULATION OF NEUTROPHIL MIGRATION%GOBP%GO:1902622		33	0.33965233	0.949368	0.5267327	0.8058308	1.0	3093	tags=27%, list=21%, signal=34%	
CD40 CD40L SIGNALING%PATHWAY INTERACTION DATABASE NCI-NATURE CURATED DATA%CD40 CD40L SIGNALING	CD40 CD40L SIGNALING%PATHWAY INTERACTION DATABASE NCI-NATURE CURATED DATA%CD40 CD40L SIGNALING		34	0.33763048	0.94868463	0.5552268	0.8074306	1.0	1705	tags=21%, list=11%, signal=23%	
MITF-M-REGULATED MELANOCYTE DEVELOPMENT%REACTOME%R-HSA-9730414.5	MITF-M-REGULATED MELANOCYTE DEVELOPMENT%REACTOME%R-HSA-9730414.5		135	0.2612119	0.9486769	0.5815816	0.8070539	1.0	2411	tags=19%, list=16%, signal=23%	
GASTRIC CANCER NETWORK 1%WIKIPATHWAYS_20260211%WP2361%HOMO SAPIENS	GASTRIC CANCER NETWORK 1%WIKIPATHWAYS_20260211%WP2361%HOMO SAPIENS		21	0.3674297	0.9486262	0.51539224	0.8067906	1.0	2620	tags=24%, list=17%, signal=29%	
TNF SIGNALING%REACTOME DATABASE ID RELEASE 95%75893	TNF SIGNALING%REACTOME DATABASE ID RELEASE 95%75893		55	0.30504167	0.94861966	0.5342995	0.80640715	1.0	1786	tags=15%, list=12%, signal=16%	
DEFECTIVE BINDING OF RB1 MUTANTS TO E2F1,(E2F2, E2F3)%REACTOME%R-HSA-9661069.2	DEFECTIVE BINDING OF RB1 MUTANTS TO E2F1,(E2F2, E2F3)%REACTOME%R-HSA-9661069.2		17	0.38393155	0.94836324	0.5294715	0.80675864	1.0	2085	tags=24%, list=14%, signal=27%	
REGULATION OF HOMOTYPIC CELL-CELL ADHESION%GOBP%GO:0034110	REGULATION OF HOMOTYPIC CELL-CELL ADHESION%GOBP%GO:0034110		31	0.33970177	0.9479031	0.5479723	0.8076963	1.0	2353	tags=26%, list=16%, signal=31%	
WNT SIGNALING%WIKIPATHWAYS_20260211%WP428%HOMO SAPIENS	WNT SIGNALING%WIKIPATHWAYS_20260211%WP428%HOMO SAPIENS		90	0.27864328	0.9477334	0.5735294	0.80779964	1.0	1835	tags=21%, list=12%, signal=24%	
SYNTHESIS OF BILE ACIDS AND BILE SALTS%REACTOME DATABASE ID RELEASE 95%192105	SYNTHESIS OF BILE ACIDS AND BILE SALTS%REACTOME DATABASE ID RELEASE 95%192105		26	0.3513593	0.9475885	0.5424575	0.80781907	1.0	2451	tags=35%, list=16%, signal=41%	
G BETA:GAMMA SIGNALLING THROUGH PI3KGAMMA%REACTOME DATABASE ID RELEASE 95%392451	G BETA:GAMMA SIGNALLING THROUGH PI3KGAMMA%REACTOME DATABASE ID RELEASE 95%392451		20	0.3722189	0.9472044	0.5363458	0.8085693	1.0	2575	tags=30%, list=17%, signal=36%	
NUCLEAR RECEPTOR-MEDIATED SIGNALING PATHWAY%GOBP%GO:0141193	NUCLEAR RECEPTOR-MEDIATED SIGNALING PATHWAY%GOBP%GO:0141193		64	0.29471007	0.94718724	0.54844964	0.8082173	1.0	2058	tags=20%, list=14%, signal=23%	
POSITIVE REGULATION OF PHOSPHATE METABOLIC PROCESS%GOBP%GO:0045937	POSITIVE REGULATION OF PHOSPHATE METABOLIC PROCESS%GOBP%GO:0045937		254	0.2446326	0.9471515	0.63653666	0.8079299	1.0	2506	tags=17%, list=17%, signal=20%	
REGULATION OF CELL-SUBSTRATE JUNCTION ORGANIZATION%GOBP%GO:0150116	REGULATION OF CELL-SUBSTRATE JUNCTION ORGANIZATION%GOBP%GO:0150116		64	0.29265577	0.9468586	0.5564279	0.80837494	1.0	2626	tags=22%, list=17%, signal=26%	
REGULATION OF PROTEIN-CONTAINING COMPLEX DISASSEMBLY%GOBP%GO:0043244	REGULATION OF PROTEIN-CONTAINING COMPLEX DISASSEMBLY%GOBP%GO:0043244		96	0.2757639	0.9468096	0.561	0.8081101	1.0	2862	tags=23%, list=19%, signal=28%	
GABA RECEPTOR SIGNALING%WIKIPATHWAYS_20260211%WP4159%HOMO SAPIENS	GABA RECEPTOR SIGNALING%WIKIPATHWAYS_20260211%WP4159%HOMO SAPIENS		15	0.39836225	0.946731	0.5240432	0.8079489	1.0	2980	tags=33%, list=20%, signal=42%	
REGULATION OF MICROTUBULE POLYMERIZATION OR DEPOLYMERIZATION%GOBP%GO:0031110	REGULATION OF MICROTUBULE POLYMERIZATION OR DEPOLYMERIZATION%GOBP%GO:0031110		85	0.28255215	0.94616	0.55196077	0.8092012	1.0	2091	tags=19%, list=14%, signal=22%	
PRESYNAPSE ASSEMBLY%GOBP%GO:0099054	PRESYNAPSE ASSEMBLY%GOBP%GO:0099054		16	0.39395067	0.9460114	0.5423892	0.8092248	1.0	603	tags=19%, list=4%, signal=20%	
REGULATION OF PLK1 ACTIVITY AT G2 M TRANSITION%REACTOME DATABASE ID RELEASE 95%2565942	REGULATION OF PLK1 ACTIVITY AT G2 M TRANSITION%REACTOME DATABASE ID RELEASE 95%2565942		84	0.27792528	0.9460087	0.5530086	0.80883414	1.0	4937	tags=46%, list=33%, signal=69%	
RETINOBLASTOMA GENE IN CANCER%WIKIPATHWAYS_20260211%WP2446%HOMO SAPIENS	RETINOBLASTOMA GENE IN CANCER%WIKIPATHWAYS_20260211%WP2446%HOMO SAPIENS		70	0.28945604	0.9458302	0.5467836	0.808961	1.0	2839	tags=19%, list=19%, signal=23%	
NEGATIVE REGULATION OF ANTIGEN RECEPTOR-MEDIATED SIGNALING PATHWAY%GOBP%GO:0050858	NEGATIVE REGULATION OF ANTIGEN RECEPTOR-MEDIATED SIGNALING PATHWAY%GOBP%GO:0050858		41	0.32016292	0.9457113	0.5285996	0.8088963	1.0	1363	tags=15%, list=9%, signal=16%	
SIGNALING BY ERBB4%REACTOME DATABASE ID RELEASE 95%1236394	SIGNALING BY ERBB4%REACTOME DATABASE ID RELEASE 95%1236394		47	0.30909446	0.9450074	0.5411656	0.8105356	1.0	2999	tags=28%, list=20%, signal=34%	
CENTRIOLE ASSEMBLY%GOBP%GO:0098534	CENTRIOLE ASSEMBLY%GOBP%GO:0098534		31	0.33788022	0.9449452	0.5406504	0.8103243	1.0	4249	tags=48%, list=28%, signal=67%	
REGULATION OF CYTOSKELETON ORGANIZATION%GOBP%GO:0051493	REGULATION OF CYTOSKELETON ORGANIZATION%GOBP%GO:0051493		431	0.23103048	0.9448451	0.68440366	0.81021833	1.0	2423	tags=16%, list=16%, signal=18%	
NEGATIVE REGULATION OF LYMPHOCYTE PROLIFERATION%GOBP%GO:0050672	NEGATIVE REGULATION OF LYMPHOCYTE PROLIFERATION%GOBP%GO:0050672		54	0.30079576	0.94463164	0.55533594	0.81043303	1.0	1363	tags=17%, list=9%, signal=18%	
TURBULENT (OSCILLATORY, DISTURBED) FLOW SHEAR STRESS ACTIVATES SIGNALING BY PIEZO1 AND INTEGRINS IN ENDOTHELIAL CELLS%REACTOME DATABASE ID RELEASE 95%9860927	TURBULENT (OSCILLATORY, DISTURBED) FLOW SHEAR STRESS ACTIVATES SIGNALING BY PIEZO1 AND INTEGRINS IN ENDOTHELIAL CELLS%REACTOME DATABASE ID RELEASE 95%9860927		27	0.34607157	0.9443054	0.5343434	0.81096125	1.0	2760	tags=22%, list=18%, signal=27%	
DOWNSTREAM SIGNALING OF ACTIVATED FGFR4%REACTOME DATABASE ID RELEASE 95%5654716	DOWNSTREAM SIGNALING OF ACTIVATED FGFR4%REACTOME DATABASE ID RELEASE 95%5654716		16	0.39020926	0.9429874	0.53768843	0.81437016	1.0	2458	tags=25%, list=16%, signal=30%	
POSITIVE REGULATION OF COAGULATION%GOBP%GO:0050820	POSITIVE REGULATION OF COAGULATION%GOBP%GO:0050820		19	0.37554827	0.9429814	0.5217391	0.8139902	1.0	3617	tags=53%, list=24%, signal=69%	
CELL-CELL COMMUNICATION%REACTOME%R-HSA-1500931.9	CELL-CELL COMMUNICATION%REACTOME%R-HSA-1500931.9		255	0.24376842	0.9429387	0.63627154	0.8137218	1.0	2291	tags=16%, list=15%, signal=19%	
REGULATION OF TELOMERE MAINTENANCE VIA TELOMERASE%GOBP%GO:0032210	REGULATION OF TELOMERE MAINTENANCE VIA TELOMERASE%GOBP%GO:0032210		43	0.31373355	0.9424093	0.5492683	0.81486887	1.0	4722	tags=35%, list=31%, signal=51%	
AURORA B SIGNALING%PATHWAY INTERACTION DATABASE NCI-NATURE CURATED DATA%AURORA B SIGNALING	AURORA B SIGNALING%PATHWAY INTERACTION DATABASE NCI-NATURE CURATED DATA%AURORA B SIGNALING		40	0.31889886	0.9423922	0.551863	0.8145171	1.0	1084	tags=10%, list=7%, signal=11%	
REGULATION OF SYSTEMIC ARTERIAL BLOOD PRESSURE MEDIATED BY A CHEMICAL SIGNAL%GOBP%GO:0003044	REGULATION OF SYSTEMIC ARTERIAL BLOOD PRESSURE MEDIATED BY A CHEMICAL SIGNAL%GOBP%GO:0003044		26	0.35161093	0.94093806	0.55492955	0.8183258	1.0	2353	tags=35%, list=16%, signal=41%	
MIRNA REGULATION OF PROSTATE CANCER SIGNALING%WIKIPATHWAYS_20260211%WP3981%HOMO SAPIENS	MIRNA REGULATION OF PROSTATE CANCER SIGNALING%WIKIPATHWAYS_20260211%WP3981%HOMO SAPIENS		25	0.3471975	0.94049424	0.55566406	0.81921613	1.0	2642	tags=20%, list=18%, signal=24%	
ABERRANT REGULATION OF MITOTIC G1 S TRANSITION IN CANCER DUE TO RB1 DEFECTS%REACTOME%R-HSA-9659787.2	ABERRANT REGULATION OF MITOTIC G1 S TRANSITION IN CANCER DUE TO RB1 DEFECTS%REACTOME%R-HSA-9659787.2		17	0.38393155	0.94047594	0.56908214	0.81886435	1.0	2085	tags=24%, list=14%, signal=27%	
NEGATIVE REGULATION OF INTRINSIC APOPTOTIC SIGNALING PATHWAY%GOBP%GO:2001243	NEGATIVE REGULATION OF INTRINSIC APOPTOTIC SIGNALING PATHWAY%GOBP%GO:2001243		73	0.28607577	0.9404511	0.5970149	0.8185418	1.0	2882	tags=23%, list=19%, signal=29%	
MESENCHYMAL CELL MIGRATION%GOBP%GO:0090497	MESENCHYMAL CELL MIGRATION%GOBP%GO:0090497		33	0.33339885	0.9403614	0.5629336	0.8183972	1.0	1571	tags=18%, list=10%, signal=20%	
G PROTEIN GATED POTASSIUM CHANNELS%REACTOME%R-HSA-1296059.4	G PROTEIN GATED POTASSIUM CHANNELS%REACTOME%R-HSA-1296059.4		19	0.37254018	0.9400921	0.53968257	0.81878173	1.0	2980	tags=42%, list=20%, signal=52%	
BIOCARTA_CXCR4_PATHWAY%MSIGDB_C2%BIOCARTA_CXCR4_PATHWAY	BIOCARTA_CXCR4_PATHWAY%MSIGDB_C2%BIOCARTA_CXCR4_PATHWAY		16	0.39209968	0.9397626	0.55728155	0.8193434	1.0	1540	tags=13%, list=10%, signal=14%	
NEGATIVE REGULATION OF RESPONSE TO CYTOKINE STIMULUS%GOBP%GO:0060761	NEGATIVE REGULATION OF RESPONSE TO CYTOKINE STIMULUS%GOBP%GO:0060761		69	0.2869216	0.93930626	0.55654764	0.82025915	1.0	676	tags=7%, list=5%, signal=8%	
SIGNALING BY ROBO RECEPTORS%REACTOME%R-HSA-376176.7	SIGNALING BY ROBO RECEPTORS%REACTOME%R-HSA-376176.7		193	0.24973533	0.9391713	0.62172645	0.8202502	1.0	2064	tags=11%, list=14%, signal=12%	
FORMATION OF THE BETA-CATENIN:TCF TRANSACTIVATING COMPLEX%REACTOME DATABASE ID RELEASE 95%201722	FORMATION OF THE BETA-CATENIN:TCF TRANSACTIVATING COMPLEX%REACTOME DATABASE ID RELEASE 95%201722		44	0.3133141	0.9390284	0.55142856	0.820276	1.0	3806	tags=30%, list=25%, signal=39%	
IL26 SIGNALING%WIKIPATHWAYS_20260211%WP5347%HOMO SAPIENS	IL26 SIGNALING%WIKIPATHWAYS_20260211%WP5347%HOMO SAPIENS		38	0.32232505	0.9380178	0.56033576	0.8228026	1.0	413	tags=11%, list=3%, signal=11%	
KERATINOCYTE DIFFERENTIATION%GOBP%GO:0030216	KERATINOCYTE DIFFERENTIATION%GOBP%GO:0030216		40	0.3167163	0.9379149	0.5635636	0.8226934	1.0	3017	tags=38%, list=20%, signal=47%	
COPII-MEDIATED VESICLE TRANSPORT%REACTOME%R-HSA-204005.6	COPII-MEDIATED VESICLE TRANSPORT%REACTOME%R-HSA-204005.6		67	0.28847167	0.93791217	0.58123106	0.8223019	1.0	2948	tags=24%, list=20%, signal=30%	
PID_P73PATHWAY%MSIGDB_C2%PID_P73PATHWAY	PID_P73PATHWAY%MSIGDB_C2%PID_P73PATHWAY		64	0.29107922	0.9378553	0.57527417	0.822059	1.0	2902	tags=27%, list=19%, signal=33%	
CELL MIGRATION INVOLVED IN SPROUTING ANGIOGENESIS%GOBP%GO:0002042	CELL MIGRATION INVOLVED IN SPROUTING ANGIOGENESIS%GOBP%GO:0002042		17	0.37960815	0.93782675	0.5390625	0.82174003	1.0	491	tags=12%, list=3%, signal=12%	
INHIBITION OF VOLTAGE GATED CA2+ CHANNELS VIA GBETA GAMMA SUBUNITS%REACTOME%R-HSA-997272.3	INHIBITION OF VOLTAGE GATED CA2+ CHANNELS VIA GBETA GAMMA SUBUNITS%REACTOME%R-HSA-997272.3		19	0.37254018	0.9376707	0.55104065	0.8218155	1.0	2980	tags=42%, list=20%, signal=52%	
NEGATIVE REGULATION OF MUSCLE CELL APOPTOTIC PROCESS%GOBP%GO:0010656	NEGATIVE REGULATION OF MUSCLE CELL APOPTOTIC PROCESS%GOBP%GO:0010656		21	0.36208376	0.9376384	0.5495495	0.8215101	1.0	2711	tags=38%, list=18%, signal=46%	
GLYCOSAMINOGLYCAN BIOSYNTHETIC PROCESS%GOBP%GO:0006024	GLYCOSAMINOGLYCAN BIOSYNTHETIC PROCESS%GOBP%GO:0006024		23	0.35556176	0.9375979	0.53720695	0.8212205	1.0	2596	tags=35%, list=17%, signal=42%	
INSULIN RECEPTOR SIGNALING PATHWAY%GOBP%GO:0008286	INSULIN RECEPTOR SIGNALING PATHWAY%GOBP%GO:0008286		48	0.31010112	0.9370411	0.5700294	0.82242155	1.0	2249	tags=23%, list=15%, signal=27%	
ANTIGEN PROCESSING AND PRESENTATION OF EXOGENOUS PEPTIDE ANTIGEN VIA MHC CLASS II%GOBP%GO:0019886	ANTIGEN PROCESSING AND PRESENTATION OF EXOGENOUS PEPTIDE ANTIGEN VIA MHC CLASS II%GOBP%GO:0019886		26	0.34945917	0.9368803	0.56187624	0.8224943	1.0	1363	tags=15%, list=9%, signal=17%	
REGULATION OF PEPTIDASE ACTIVITY%GOBP%GO:0052547	REGULATION OF PEPTIDASE ACTIVITY%GOBP%GO:0052547		17	0.38040295	0.9365094	0.5433301	0.8231652	1.0	3115	tags=35%, list=21%, signal=44%	
ENDOCRINE PROCESS%GOBP%GO:0050886	ENDOCRINE PROCESS%GOBP%GO:0050886		25	0.351944	0.9363933	0.53204477	0.8230967	1.0	2353	tags=28%, list=16%, signal=33%	
REGULATION OF GRANULOCYTE CHEMOTAXIS%GOBP%GO:0071622	REGULATION OF GRANULOCYTE CHEMOTAXIS%GOBP%GO:0071622		42	0.3161867	0.9362497	0.5565388	0.82312083	1.0	3093	tags=31%, list=21%, signal=39%	
ENDOPLASMIC RETICULUM CALCIUM ION HOMEOSTASIS%GOBP%GO:0032469	ENDOPLASMIC RETICULUM CALCIUM ION HOMEOSTASIS%GOBP%GO:0032469		20	0.37087816	0.93590254	0.56434697	0.8237023	1.0	1355	tags=15%, list=9%, signal=16%	
APOPTOTIC SIGNALING PATHWAY%GOBP%GO:0097190	APOPTOTIC SIGNALING PATHWAY%GOBP%GO:0097190		222	0.24404755	0.93575925	0.65992296	0.82372004	1.0	2349	tags=22%, list=16%, signal=26%	
MORPHOGENESIS OF AN EPITHELIAL SHEET%GOBP%GO:0002011	MORPHOGENESIS OF AN EPITHELIAL SHEET%GOBP%GO:0002011		35	0.32301065	0.9357383	0.5509397	0.823379	1.0	1609	tags=23%, list=11%, signal=26%	
NEGATIVE REGULATION OF OSSIFICATION%GOBP%GO:0030279	NEGATIVE REGULATION OF OSSIFICATION%GOBP%GO:0030279		28	0.33952615	0.93559563	0.535954	0.8233912	1.0	2515	tags=32%, list=17%, signal=39%	
MITOTIC CELL CYCLE PHASE TRANSITION%GOBP%GO:0044772	MITOTIC CELL CYCLE PHASE TRANSITION%GOBP%GO:0044772		113	0.26367477	0.9349573	0.6132542	0.8248422	1.0	1965	tags=13%, list=13%, signal=15%	
ACTIVATION OF G PROTEIN GATED POTASSIUM CHANNELS%REACTOME%R-HSA-1296041.4	ACTIVATION OF G PROTEIN GATED POTASSIUM CHANNELS%REACTOME%R-HSA-1296041.4		19	0.37254018	0.93475896	0.5368008	0.82500505	1.0	2980	tags=42%, list=20%, signal=52%	
COMPLEMENT SYSTEM%WIKIPATHWAYS_20260211%WP2806%HOMO SAPIENS	COMPLEMENT SYSTEM%WIKIPATHWAYS_20260211%WP2806%HOMO SAPIENS		65	0.28796017	0.93473536	0.59650826	0.824678	1.0	2897	tags=28%, list=19%, signal=34%	
HOMOLOGOUS CHROMOSOME SEGREGATION%GOBP%GO:0045143	HOMOLOGOUS CHROMOSOME SEGREGATION%GOBP%GO:0045143		22	0.362243	0.9347019	0.56133467	0.8243782	1.0	3724	tags=32%, list=25%, signal=42%	
POSITIVE REGULATION OF RESPONSE TO WOUNDING%GOBP%GO:1903036	POSITIVE REGULATION OF RESPONSE TO WOUNDING%GOBP%GO:1903036		49	0.3037004	0.9346771	0.5793037	0.82405365	1.0	2674	tags=35%, list=18%, signal=42%	
EGFR TYROSINE KINASE INHIBITOR RESISTANCE%WIKIPATHWAYS_20260211%WP4806%HOMO SAPIENS	EGFR TYROSINE KINASE INHIBITOR RESISTANCE%WIKIPATHWAYS_20260211%WP4806%HOMO SAPIENS		71	0.28424558	0.93449384	0.6062917	0.82418644	1.0	1445	tags=14%, list=10%, signal=16%	
CELLULAR RESPONSE TO METAL ION%GOBP%GO:0071248	CELLULAR RESPONSE TO METAL ION%GOBP%GO:0071248		91	0.274748	0.9340199	0.6041056	0.82514924	1.0	3480	tags=32%, list=23%, signal=41%	
REGULATION OF COMPLEMENT ACTIVATION%GOBP%GO:0030449	REGULATION OF COMPLEMENT ACTIVATION%GOBP%GO:0030449		19	0.3717605	0.9337712	0.55984175	0.8254584	1.0	2130	tags=21%, list=14%, signal=25%	
REGULATION OF FIBROBLAST MIGRATION%GOBP%GO:0010762	REGULATION OF FIBROBLAST MIGRATION%GOBP%GO:0010762		21	0.36482453	0.9335662	0.55876684	0.82563126	1.0	2846	tags=33%, list=19%, signal=41%	
EMBRYONIC EPITHELIAL TUBE FORMATION%GOBP%GO:0001838	EMBRYONIC EPITHELIAL TUBE FORMATION%GOBP%GO:0001838		38	0.32005385	0.93348646	0.5733591	0.8254704	1.0	3685	tags=37%, list=25%, signal=49%	
IL4-MEDIATED SIGNALING EVENTS%PATHWAY INTERACTION DATABASE NCI-NATURE CURATED DATA%IL4-MEDIATED SIGNALING EVENTS	IL4-MEDIATED SIGNALING EVENTS%PATHWAY INTERACTION DATABASE NCI-NATURE CURATED DATA%IL4-MEDIATED SIGNALING EVENTS		55	0.29818547	0.9333573	0.5646123	0.8254424	1.0	3241	tags=29%, list=22%, signal=37%	
MITOTIC PROMETAPHASE%REACTOME DATABASE ID RELEASE 95%68877	MITOTIC PROMETAPHASE%REACTOME DATABASE ID RELEASE 95%68877		183	0.24831538	0.93301374	0.65974283	0.826024	1.0	4980	tags=35%, list=33%, signal=52%	
REGULATION OF SODIUM ION TRANSPORT%GOBP%GO:0002028	REGULATION OF SODIUM ION TRANSPORT%GOBP%GO:0002028		53	0.29882976	0.93281853	0.58076924	0.8261856	1.0	2887	tags=30%, list=19%, signal=37%	
POSITIVE REGULATION OF T CELL ACTIVATION%GOBP%GO:0050870	POSITIVE REGULATION OF T CELL ACTIVATION%GOBP%GO:0050870		189	0.24979605	0.9326367	0.63712686	0.8263078	1.0	2622	tags=20%, list=17%, signal=24%	
NUCLEOSOME ASSEMBLY%REACTOME DATABASE ID RELEASE 95%774815	NUCLEOSOME ASSEMBLY%REACTOME DATABASE ID RELEASE 95%774815		40	0.3146698	0.9326177	0.5593385	0.8259656	1.0	3698	tags=30%, list=25%, signal=40%	
SIGNAL RELEASE%GOBP%GO:0023061	SIGNAL RELEASE%GOBP%GO:0023061		86	0.2756461	0.9322851	0.6151575	0.8265403	1.0	1246	tags=13%, list=8%, signal=14%	
RIBONUCLEOTIDE CATABOLIC PROCESS%GOBP%GO:0009261	RIBONUCLEOTIDE CATABOLIC PROCESS%GOBP%GO:0009261		50	0.30116534	0.93212783	0.5659656	0.82658726	1.0	1036	tags=14%, list=7%, signal=15%	
D-<I>MYO< I>-INOSITOL-5-PHOSPHATE METABOLISM%BIOCYC%PWY-6367	D-<I>MYO< I>-INOSITOL-5-PHOSPHATE METABOLISM%BIOCYC%PWY-6367		18	0.37646058	0.9320181	0.5592904	0.8264995	1.0	1835	tags=22%, list=12%, signal=25%	
REGULATION OF PLASMA MEMBRANE BOUNDED CELL PROJECTION ASSEMBLY%GOBP%GO:0120032	REGULATION OF PLASMA MEMBRANE BOUNDED CELL PROJECTION ASSEMBLY%GOBP%GO:0120032		174	0.24963118	0.931929	0.6476101	0.82635766	1.0	3601	tags=27%, list=24%, signal=35%	
BIOCARTA_WNT_PATHWAY%MSIGDB_C2%BIOCARTA_WNT_PATHWAY	BIOCARTA_WNT_PATHWAY%MSIGDB_C2%BIOCARTA_WNT_PATHWAY		19	0.3727131	0.93062425	0.5590244	0.8296686	1.0	1466	tags=16%, list=10%, signal=17%	
POSITIVE REGULATION OF CELLULAR RESPONSE TO TRANSFORMING GROWTH FACTOR BETA STIMULUS%GOBP%GO:1903846	POSITIVE REGULATION OF CELLULAR RESPONSE TO TRANSFORMING GROWTH FACTOR BETA STIMULUS%GOBP%GO:1903846		24	0.35103992	0.93053365	0.5672691	0.82951987	1.0	1298	tags=17%, list=9%, signal=18%	
AMPLIFICATION OF SIGNAL FROM UNATTACHED KINETOCHORES VIA A MAD2 INHIBITORY SIGNAL%REACTOME%R-HSA-141444.4	AMPLIFICATION OF SIGNAL FROM UNATTACHED KINETOCHORES VIA A MAD2 INHIBITORY SIGNAL%REACTOME%R-HSA-141444.4		91	0.27243584	0.9295869	0.61277443	0.8318181	1.0	4415	tags=26%, list=29%, signal=37%	
NEGATIVE REGULATION OF CYTOPLASMIC PATTERN RECOGNITION RECEPTOR SIGNALING PATHWAY%GOBP%GO:0039532	NEGATIVE REGULATION OF CYTOPLASMIC PATTERN RECOGNITION RECEPTOR SIGNALING PATHWAY%GOBP%GO:0039532		56	0.29394567	0.9282931	0.58984375	0.83512956	1.0	1850	tags=16%, list=12%, signal=18%	
COLUMNAR/CUBOIDAL EPITHELIAL CELL DIFFERENTIATION%GOBP%GO:0002065	COLUMNAR/CUBOIDAL EPITHELIAL CELL DIFFERENTIATION%GOBP%GO:0002065		27	0.33566457	0.9282598	0.57253385	0.83483124	1.0	4520	tags=52%, list=30%, signal=74%	
NEGATIVE REGULATION OF T CELL DIFFERENTIATION%GOBP%GO:0045581	NEGATIVE REGULATION OF T CELL DIFFERENTIATION%GOBP%GO:0045581		47	0.3009999	0.92822254	0.57988167	0.8345391	1.0	2271	tags=21%, list=15%, signal=25%	
PID_LYMPH_ANGIOGENESIS_PATHWAY%MSIGDB_C2%PID_LYMPH_ANGIOGENESIS_PATHWAY	PID_LYMPH_ANGIOGENESIS_PATHWAY%MSIGDB_C2%PID_LYMPH_ANGIOGENESIS_PATHWAY		22	0.3559894	0.9281678	0.56150794	0.8343055	1.0	2021	tags=27%, list=13%, signal=31%	
AXON GUIDANCE MEDIATED BY NETRIN%PANTHER PATHWAY%P00009	AXON GUIDANCE MEDIATED BY NETRIN%PANTHER PATHWAY%P00009		27	0.33884755	0.92806786	0.5749027	0.8342021	1.0	1411	tags=19%, list=9%, signal=20%	
DEPOSITION OF NEW CENPA-CONTAINING NUCLEOSOMES AT THE CENTROMERE%REACTOME DATABASE ID RELEASE 95%606279	DEPOSITION OF NEW CENPA-CONTAINING NUCLEOSOMES AT THE CENTROMERE%REACTOME DATABASE ID RELEASE 95%606279		40	0.3146698	0.92784345	0.5537428	0.83444893	1.0	3698	tags=30%, list=25%, signal=40%	
SYNAPTIC SIGNALING ASSOCIATED WITH AUTISM SPECTRUM DISORDER%WIKIPATHWAYS_20260211%WP4539%HOMO SAPIENS	SYNAPTIC SIGNALING ASSOCIATED WITH AUTISM SPECTRUM DISORDER%WIKIPATHWAYS_20260211%WP4539%HOMO SAPIENS		36	0.314763	0.92731345	0.58171207	0.8355282	1.0	1193	tags=14%, list=8%, signal=15%	
AMPLIFICATION OF SIGNAL FROM THE KINETOCHORES%REACTOME%R-HSA-141424.4	AMPLIFICATION OF SIGNAL FROM THE KINETOCHORES%REACTOME%R-HSA-141424.4		91	0.27243584	0.92689514	0.59736305	0.83631754	1.0	4415	tags=26%, list=29%, signal=37%	
POSITIVE REGULATION OF CELLULAR COMPONENT BIOGENESIS%GOBP%GO:0044089	POSITIVE REGULATION OF CELLULAR COMPONENT BIOGENESIS%GOBP%GO:0044089		399	0.22982746	0.92656815	0.7382999	0.8368227	1.0	2806	tags=19%, list=19%, signal=23%	
THROMBIN SIGNALLING THROUGH PROTEINASE ACTIVATED RECEPTORS (PARS)%REACTOME%R-HSA-456926.4	THROMBIN SIGNALLING THROUGH PROTEINASE ACTIVATED RECEPTORS (PARS)%REACTOME%R-HSA-456926.4		25	0.34550694	0.926553	0.5909558	0.83646774	1.0	1610	tags=24%, list=11%, signal=27%	
REGULATION OF TNFR1 SIGNALING%REACTOME DATABASE ID RELEASE 95%5357905	REGULATION OF TNFR1 SIGNALING%REACTOME DATABASE ID RELEASE 95%5357905		46	0.3016018	0.9263176	0.5698712	0.8367371	1.0	2247	tags=17%, list=15%, signal=20%	
GLYCOGEN METABOLISM%REACTOME%R-HSA-8982491.3	GLYCOGEN METABOLISM%REACTOME%R-HSA-8982491.3		25	0.3500504	0.92618185	0.5566219	0.8367244	1.0	1250	tags=16%, list=8%, signal=17%	
HETEROCHROMATIN ORGANIZATION%GOBP%GO:0070828	HETEROCHROMATIN ORGANIZATION%GOBP%GO:0070828		152	0.25423586	0.925363	0.6598241	0.83861023	1.0	4478	tags=30%, list=30%, signal=42%	
NUCLEOTIDE EXCISION REPAIR%WIKIPATHWAYS_20260211%WP4753%HOMO SAPIENS	NUCLEOTIDE EXCISION REPAIR%WIKIPATHWAYS_20260211%WP4753%HOMO SAPIENS		32	0.32907802	0.92528445	0.5791075	0.8384198	1.0	3010	tags=25%, list=20%, signal=31%	
GASTRIN_CCK2R_240212%PANTHER PATHWAY%P06959	GASTRIN_CCK2R_240212%PANTHER PATHWAY%P06959		126	0.2590036	0.92441744	0.66198593	0.8405017	1.0	2695	tags=26%, list=18%, signal=32%	
DENDRITIC CELL MIGRATION%GOBP%GO:0036336	DENDRITIC CELL MIGRATION%GOBP%GO:0036336		20	0.3637328	0.92422557	0.56059116	0.84065986	1.0	3093	tags=40%, list=21%, signal=50%	
SIGNALING BY EGFR%REACTOME%R-HSA-177929.6	SIGNALING BY EGFR%REACTOME%R-HSA-177929.6		51	0.29929194	0.92379975	0.6060606	0.84148264	1.0	2247	tags=22%, list=15%, signal=25%	
11P11 2 COPY NUMBER VARIATION SYNDROME %WIKIPATHWAYS_20260211%WP5348%HOMO SAPIENS	11P11 2 COPY NUMBER VARIATION SYNDROME %WIKIPATHWAYS_20260211%WP5348%HOMO SAPIENS		44	0.307865	0.9236506	0.5838384	0.84149665	1.0	2199	tags=25%, list=15%, signal=29%	
MIR TARGETED GENES IN LYMPHOCYTES%WIKIPATHWAYS_20260211%WP2004%HOMO SAPIENS	MIR TARGETED GENES IN LYMPHOCYTES%WIKIPATHWAYS_20260211%WP2004%HOMO SAPIENS		330	0.23178059	0.92364734	0.7338476	0.8411108	1.0	1894	tags=13%, list=13%, signal=15%	
LATE SARS-COV-2 INFECTION EVENTS%REACTOME%R-HSA-9772573.4	LATE SARS-COV-2 INFECTION EVENTS%REACTOME%R-HSA-9772573.4		73	0.28148755	0.92362994	0.6050831	0.8407633	1.0	2559	tags=18%, list=17%, signal=21%	
HORMONE-MEDIATED SIGNALING PATHWAY%GOBP%GO:0009755	HORMONE-MEDIATED SIGNALING PATHWAY%GOBP%GO:0009755		83	0.27468458	0.9233267	0.62426037	0.841223	1.0	2058	tags=19%, list=14%, signal=22%	
RHO GTPASES ACTIVATE FORMINS%REACTOME DATABASE ID RELEASE 95%5663220	RHO GTPASES ACTIVATE FORMINS%REACTOME DATABASE ID RELEASE 95%5663220		116	0.26088187	0.9227542	0.65384614	0.84244853	1.0	2337	tags=14%, list=16%, signal=16%	
REGULATION OF PROTEIN SECRETION%GOBP%GO:0050708	REGULATION OF PROTEIN SECRETION%GOBP%GO:0050708		154	0.25251254	0.9226122	0.6751968	0.84246063	1.0	3246	tags=27%, list=22%, signal=34%	
NEGATIVE REGULATION OF MICROTUBULE POLYMERIZATION OR DEPOLYMERIZATION%GOBP%GO:0031111	NEGATIVE REGULATION OF MICROTUBULE POLYMERIZATION OR DEPOLYMERIZATION%GOBP%GO:0031111		30	0.3290601	0.92256284	0.57129186	0.84221286	1.0	2587	tags=30%, list=17%, signal=36%	
KERATINIZATION%REACTOME DATABASE ID RELEASE 95%6805567	KERATINIZATION%REACTOME DATABASE ID RELEASE 95%6805567		47	0.29995266	0.9218032	0.60193235	0.8439566	1.0	3339	tags=34%, list=22%, signal=44%	
REGULATION OF TRANSMEMBRANE TRANSPORTER ACTIVITY%GOBP%GO:0022898	REGULATION OF TRANSMEMBRANE TRANSPORTER ACTIVITY%GOBP%GO:0022898		54	0.29809958	0.92177796	0.6066667	0.84363276	1.0	2648	tags=31%, list=18%, signal=38%	
REGULATION OF SISTER CHROMATID COHESION%GOBP%GO:0007063	REGULATION OF SISTER CHROMATID COHESION%GOBP%GO:0007063		17	0.37543336	0.9215787	0.5758483	0.843807	1.0	3193	tags=24%, list=21%, signal=30%	
ADHERENS JUNCTION ORGANIZATION%GOBP%GO:0034332	ADHERENS JUNCTION ORGANIZATION%GOBP%GO:0034332		34	0.31744584	0.92157716	0.59574467	0.8434155	1.0	2070	tags=24%, list=14%, signal=27%	
POSITIVE REGULATION OF CELL-CELL ADHESION%GOBP%GO:0022409	POSITIVE REGULATION OF CELL-CELL ADHESION%GOBP%GO:0022409		250	0.23800787	0.9205966	0.7066796	0.8457768	1.0	3035	tags=23%, list=20%, signal=29%	
REGULATION OF DOUBLE-STRAND BREAK REPAIR%GOBP%GO:2000779	REGULATION OF DOUBLE-STRAND BREAK REPAIR%GOBP%GO:2000779		135	0.25514936	0.9204397	0.67241377	0.84583527	1.0	3194	tags=21%, list=21%, signal=26%	
CELL FATE DETERMINATION%GOBP%GO:0001709	CELL FATE DETERMINATION%GOBP%GO:0001709		15	0.38843653	0.9199113	0.5532544	0.84694564	1.0	5212	tags=67%, list=35%, signal=102%	
COOPERATION OF PREFOLDIN AND TRIC CCT IN ACTIN AND TUBULIN FOLDING%REACTOME DATABASE ID RELEASE 95%389958	COOPERATION OF PREFOLDIN AND TRIC CCT IN ACTIN AND TUBULIN FOLDING%REACTOME DATABASE ID RELEASE 95%389958		26	0.33864912	0.9198883	0.568	0.8466102	1.0	457	tags=8%, list=3%, signal=8%	
REGULATION OF DNA BINDING%GOBP%GO:0051101	REGULATION OF DNA BINDING%GOBP%GO:0051101		34	0.3178418	0.9197821	0.58782434	0.84651124	1.0	649	tags=12%, list=4%, signal=12%	
NEGATIVE REGULATION OF MUSCLE CELL DIFFERENTIATION%GOBP%GO:0051148	NEGATIVE REGULATION OF MUSCLE CELL DIFFERENTIATION%GOBP%GO:0051148		31	0.32383788	0.91916114	0.5968064	0.84781784	1.0	3341	tags=42%, list=22%, signal=54%	
T CELL RECEPTOR SIGNALING PATHWAY%GOBP%GO:0050852	T CELL RECEPTOR SIGNALING PATHWAY%GOBP%GO:0050852		86	0.27058852	0.91910666	0.6298124	0.8475793	1.0	2324	tags=14%, list=15%, signal=16%	
COPPER ION HOMEOSTASIS%GOBP%GO:0055070	COPPER ION HOMEOSTASIS%GOBP%GO:0055070		15	0.38617855	0.91899776	0.5672228	0.8475001	1.0	2428	tags=27%, list=16%, signal=32%	
NON-CANONICAL WNT SIGNALING PATHWAY%GOBP%GO:0035567	NON-CANONICAL WNT SIGNALING PATHWAY%GOBP%GO:0035567		45	0.3016332	0.91892135	0.582762	0.8473041	1.0	2797	tags=27%, list=19%, signal=33%	
POSITIVE REGULATION OF D-GLUCOSE IMPORT ACROSS PLASMA MEMBRANE%GOBP%GO:0046326	POSITIVE REGULATION OF D-GLUCOSE IMPORT ACROSS PLASMA MEMBRANE%GOBP%GO:0046326		21	0.35576633	0.9189119	0.5868946	0.846931	1.0	2121	tags=24%, list=14%, signal=28%	
POSITIVE REGULATION OF PROTEIN EXIT FROM ENDOPLASMIC RETICULUM%GOBP%GO:0070863	POSITIVE REGULATION OF PROTEIN EXIT FROM ENDOPLASMIC RETICULUM%GOBP%GO:0070863		18	0.37204868	0.9185215	0.57636887	0.8476348	1.0	1672	tags=17%, list=11%, signal=19%	
POSITIVE REGULATION OF MYELOID CELL DIFFERENTIATION%GOBP%GO:0045639	POSITIVE REGULATION OF MYELOID CELL DIFFERENTIATION%GOBP%GO:0045639		74	0.27804723	0.9184712	0.6437008	0.8473772	1.0	2211	tags=16%, list=15%, signal=19%	
CELL DIVISION%GOBP%GO:0051301	CELL DIVISION%GOBP%GO:0051301		142	0.25527385	0.9180622	0.68114513	0.84812397	1.0	2787	tags=18%, list=19%, signal=21%	
TNF RELATED WEAK INDUCER OF APOPTOSIS TWEAK SIGNALING%WIKIPATHWAYS_20260211%WP2036%HOMO SAPIENS	TNF RELATED WEAK INDUCER OF APOPTOSIS TWEAK SIGNALING%WIKIPATHWAYS_20260211%WP2036%HOMO SAPIENS		34	0.32149333	0.91799873	0.59747815	0.84789735	1.0	2663	tags=26%, list=18%, signal=32%	
AUTOPHAGOSOME ASSEMBLY%GOBP%GO:0000045	AUTOPHAGOSOME ASSEMBLY%GOBP%GO:0000045		67	0.28305757	0.9179308	0.63273454	0.84768665	1.0	1861	tags=13%, list=12%, signal=15%	
SENSORY PERCEPTION OF TASTE%REACTOME%R-HSA-9717189.3	SENSORY PERCEPTION OF TASTE%REACTOME%R-HSA-9717189.3		21	0.36167428	0.91759354	0.5654297	0.8482452	1.0	2752	tags=38%, list=18%, signal=47%	
REGULATION OF CYTOPLASMIC TRANSLATION%GOBP%GO:2000765	REGULATION OF CYTOPLASMIC TRANSLATION%GOBP%GO:2000765		38	0.31323683	0.91753614	0.6048077	0.84801036	1.0	3763	tags=32%, list=25%, signal=42%	
NEGATIVE REGULATION OF NEUROGENESIS%GOBP%GO:0050768	NEGATIVE REGULATION OF NEUROGENESIS%GOBP%GO:0050768		53	0.29591414	0.9166265	0.60697	0.85014445	1.0	2157	tags=17%, list=14%, signal=20%	
POSITIVE REGULATION OF TRANSFORMING GROWTH FACTOR BETA RECEPTOR SIGNALING PATHWAY%GOBP%GO:0030511	POSITIVE REGULATION OF TRANSFORMING GROWTH FACTOR BETA RECEPTOR SIGNALING PATHWAY%GOBP%GO:0030511		24	0.35103992	0.9166169	0.59417474	0.84977466	1.0	1298	tags=17%, list=9%, signal=18%	
SMAD PROTEIN SIGNAL TRANSDUCTION%GOBP%GO:0060395	SMAD PROTEIN SIGNAL TRANSDUCTION%GOBP%GO:0060395		16	0.37984276	0.9164665	0.5810163	0.84980875	1.0	1681	tags=19%, list=11%, signal=21%	
POSITIVE REGULATION OF NUCLEAR DIVISION%GOBP%GO:0051785	POSITIVE REGULATION OF NUCLEAR DIVISION%GOBP%GO:0051785		38	0.31263763	0.91643703	0.60235065	0.8494937	1.0	1842	tags=16%, list=12%, signal=18%	
PRESENILIN ACTION IN NOTCH AND WNT SIGNALING%PATHWAY INTERACTION DATABASE NCI-NATURE CURATED DATA%PRESENILIN ACTION IN NOTCH AND WNT SIGNALING	PRESENILIN ACTION IN NOTCH AND WNT SIGNALING%PATHWAY INTERACTION DATABASE NCI-NATURE CURATED DATA%PRESENILIN ACTION IN NOTCH AND WNT SIGNALING		43	0.30721387	0.91607	0.5920398	0.85012174	1.0	1640	tags=16%, list=11%, signal=18%	
POSITIVE REGULATION OF LYMPHOCYTE MIGRATION%GOBP%GO:2000403	POSITIVE REGULATION OF LYMPHOCYTE MIGRATION%GOBP%GO:2000403		34	0.3195145	0.91583365	0.60518134	0.8503696	1.0	1565	tags=18%, list=10%, signal=20%	
REGULATION OF MYOTUBE DIFFERENTIATION%GOBP%GO:0010830	REGULATION OF MYOTUBE DIFFERENTIATION%GOBP%GO:0010830		21	0.354635	0.9157103	0.5766208	0.85031897	1.0	3143	tags=43%, list=21%, signal=54%	
REGULATION OF MONONUCLEAR CELL MIGRATION%GOBP%GO:0071675	REGULATION OF MONONUCLEAR CELL MIGRATION%GOBP%GO:0071675		106	0.26269883	0.9155922	0.6720379	0.85025144	1.0	3093	tags=25%, list=21%, signal=31%	
NEURON APOPTOTIC PROCESS%GOBP%GO:0051402	NEURON APOPTOTIC PROCESS%GOBP%GO:0051402		23	0.3517116	0.9155408	0.5761719	0.84999865	1.0	2089	tags=26%, list=14%, signal=30%	
RESPONSE TO REACTIVE OXYGEN SPECIES%GOBP%GO:0000302	RESPONSE TO REACTIVE OXYGEN SPECIES%GOBP%GO:0000302		93	0.26784527	0.91545725	0.61708254	0.84984267	1.0	1640	tags=14%, list=11%, signal=16%	
ANGIOGENESIS OVERVIEW%WIKIPATHWAYS_20260211%WP1993%HOMO SAPIENS	ANGIOGENESIS OVERVIEW%WIKIPATHWAYS_20260211%WP1993%HOMO SAPIENS		55	0.29273972	0.91543007	0.6073858	0.8495295	1.0	2021	tags=15%, list=13%, signal=17%	
POSITIVE REGULATION OF CELL ACTIVATION%GOBP%GO:0050867	POSITIVE REGULATION OF CELL ACTIVATION%GOBP%GO:0050867		273	0.23393801	0.9150639	0.7527309	0.8501537	1.0	2656	tags=21%, list=18%, signal=24%	
REGULATION OF ENDOGENOUS RETROELEMENTS%REACTOME DATABASE ID RELEASE 95%9842860	REGULATION OF ENDOGENOUS RETROELEMENTS%REACTOME DATABASE ID RELEASE 95%9842860		92	0.26583102	0.9145194	0.6518375	0.85124946	1.0	3445	tags=21%, list=23%, signal=27%	
LYMPHOCYTE MIGRATION%GOBP%GO:0072676	LYMPHOCYTE MIGRATION%GOBP%GO:0072676		39	0.30987588	0.91397446	0.59683794	0.8523796	1.0	1339	tags=15%, list=9%, signal=17%	
POSITIVE REGULATION OF TYROSINE PHOSPHORYLATION OF STAT PROTEIN%GOBP%GO:0042531	POSITIVE REGULATION OF TYROSINE PHOSPHORYLATION OF STAT PROTEIN%GOBP%GO:0042531		26	0.33901986	0.9127422	0.5916749	0.85544604	1.0	1661	tags=15%, list=11%, signal=17%	
REGULATION OF T CELL DIFFERENTIATION%GOBP%GO:0045580	REGULATION OF T CELL DIFFERENTIATION%GOBP%GO:0045580		138	0.25072107	0.91273445	0.6890595	0.8550705	1.0	3151	tags=25%, list=21%, signal=31%	
ADULT BEHAVIOR%GOBP%GO:0030534	ADULT BEHAVIOR%GOBP%GO:0030534		27	0.33633232	0.9122306	0.6033797	0.8561006	1.0	2479	tags=33%, list=17%, signal=40%	
STRIATED MUSCLE CONTRACTION%REACTOME%R-HSA-390522.3	STRIATED MUSCLE CONTRACTION%REACTOME%R-HSA-390522.3		26	0.34267408	0.91201675	0.5952381	0.85628927	1.0	1276	tags=19%, list=8%, signal=21%	
REGULATION OF ANATOMICAL STRUCTURE SIZE%GOBP%GO:0090066	REGULATION OF ANATOMICAL STRUCTURE SIZE%GOBP%GO:0090066		274	0.23226216	0.9119534	0.7639311	0.8560818	1.0	2352	tags=16%, list=16%, signal=19%	
TRANSCRIPTIONAL REGULATION BY RUNX3%REACTOME DATABASE ID RELEASE 95%8878159	TRANSCRIPTIONAL REGULATION BY RUNX3%REACTOME DATABASE ID RELEASE 95%8878159		85	0.27109972	0.9100758	0.6614173	0.8608594	1.0	1681	tags=14%, list=11%, signal=16%	
REACTIVE OXYGEN SPECIES METABOLIC PROCESS%GOBP%GO:0072593	REACTIVE OXYGEN SPECIES METABOLIC PROCESS%GOBP%GO:0072593		60	0.28353167	0.90997744	0.63539654	0.86072737	1.0	1242	tags=15%, list=8%, signal=16%	
REGULATION OF DNA BIOSYNTHETIC PROCESS%GOBP%GO:2000278	REGULATION OF DNA BIOSYNTHETIC PROCESS%GOBP%GO:2000278		70	0.28079146	0.9097386	0.6330366	0.86098766	1.0	3193	tags=20%, list=21%, signal=25%	
NUCLEAR MIGRATION%GOBP%GO:0007097	NUCLEAR MIGRATION%GOBP%GO:0007097		21	0.34602302	0.90969616	0.5931707	0.8607114	1.0	3052	tags=29%, list=20%, signal=36%	
REGULATION OF TYROSINE PHOSPHORYLATION OF STAT PROTEIN%GOBP%GO:0042509	REGULATION OF TYROSINE PHOSPHORYLATION OF STAT PROTEIN%GOBP%GO:0042509		27	0.33304548	0.90956706	0.6044922	0.86068255	1.0	1661	tags=15%, list=11%, signal=17%	
NEGATIVE REGULATION OF CELL CYCLE PHASE TRANSITION%GOBP%GO:1901988	NEGATIVE REGULATION OF CELL CYCLE PHASE TRANSITION%GOBP%GO:1901988		188	0.2419684	0.90938497	0.7195716	0.8607816	1.0	3175	tags=21%, list=21%, signal=27%	
SIGNALING BY FGFR3%REACTOME DATABASE ID RELEASE 95%5654741	SIGNALING BY FGFR3%REACTOME DATABASE ID RELEASE 95%5654741		28	0.3311712	0.90910745	0.5969437	0.8611462	1.0	2458	tags=18%, list=16%, signal=21%	
PANCREAS DEVELOPMENT%GOBP%GO:0031016	PANCREAS DEVELOPMENT%GOBP%GO:0031016		24	0.34864706	0.90862805	0.5877551	0.86207324	1.0	3276	tags=46%, list=22%, signal=59%	
MULTICELLULAR ORGANISMAL-LEVEL WATER HOMEOSTASIS%GOBP%GO:0050891	MULTICELLULAR ORGANISMAL-LEVEL WATER HOMEOSTASIS%GOBP%GO:0050891		30	0.3266541	0.9085925	0.6160714	0.8617733	1.0	988	tags=17%, list=7%, signal=18%	
LPA RECEPTOR MEDIATED EVENTS%PATHWAY INTERACTION DATABASE NCI-NATURE CURATED DATA%LPA RECEPTOR MEDIATED EVENTS	LPA RECEPTOR MEDIATED EVENTS%PATHWAY INTERACTION DATABASE NCI-NATURE CURATED DATA%LPA RECEPTOR MEDIATED EVENTS		63	0.28387916	0.9081997	0.6477495	0.8624405	1.0	2607	tags=21%, list=17%, signal=25%	
PROGERIA ASSOCIATED LIPODYSTROPHY%WIKIPATHWAYS_20260211%WP5103%HOMO SAPIENS	PROGERIA ASSOCIATED LIPODYSTROPHY%WIKIPATHWAYS_20260211%WP5103%HOMO SAPIENS		16	0.38243777	0.90811545	0.5977121	0.8622817	1.0	214	tags=13%, list=1%, signal=13%	
POSITIVE REGULATION OF MONONUCLEAR CELL MIGRATION%GOBP%GO:0071677	POSITIVE REGULATION OF MONONUCLEAR CELL MIGRATION%GOBP%GO:0071677		72	0.2770505	0.9076442	0.6418338	0.8631429	1.0	1565	tags=14%, list=10%, signal=15%	
APOPTOTIC EXECUTION PHASE%REACTOME DATABASE ID RELEASE 95%75153	APOPTOTIC EXECUTION PHASE%REACTOME DATABASE ID RELEASE 95%75153		48	0.296925	0.907429	0.6156156	0.8633254	1.0	2605	tags=23%, list=17%, signal=28%	
SIGNALING BY ERBB2 KD MUTANTS%REACTOME%R-HSA-9664565.3	SIGNALING BY ERBB2 KD MUTANTS%REACTOME%R-HSA-9664565.3		21	0.35282382	0.9064121	0.6038278	0.8657337	1.0	2999	tags=33%, list=20%, signal=42%	
NEGATIVE REGULATION OF PHOSPHATE METABOLIC PROCESS%GOBP%GO:0045936	NEGATIVE REGULATION OF PHOSPHATE METABOLIC PROCESS%GOBP%GO:0045936		136	0.25024983	0.90567994	0.6878669	0.86736363	1.0	472	tags=7%, list=3%, signal=8%	
POSITIVE REGULATION OF T CELL PROLIFERATION%GOBP%GO:0042102	POSITIVE REGULATION OF T CELL PROLIFERATION%GOBP%GO:0042102		64	0.28294376	0.90505576	0.6553846	0.8686559	1.0	1720	tags=16%, list=11%, signal=18%	
NEGATIVE REGULATION OF PHOSPHORUS METABOLIC PROCESS%GOBP%GO:0010563	NEGATIVE REGULATION OF PHOSPHORUS METABOLIC PROCESS%GOBP%GO:0010563		136	0.25024983	0.90479296	0.7206318	0.8689854	1.0	472	tags=7%, list=3%, signal=8%	
HALLMARK_ALLOGRAFT_REJECTION%MSIGDBHALLMARK%HALLMARK_ALLOGRAFT_REJECTION	HALLMARK_ALLOGRAFT_REJECTION%MSIGDBHALLMARK%HALLMARK_ALLOGRAFT_REJECTION		161	0.24741574	0.9038714	0.721174	0.871105	1.0	2893	tags=21%, list=19%, signal=26%	
SODIUM ION IMPORT ACROSS PLASMA MEMBRANE%GOBP%GO:0098719	SODIUM ION IMPORT ACROSS PLASMA MEMBRANE%GOBP%GO:0098719		16	0.3732883	0.9038145	0.59939146	0.87086385	1.0	2570	tags=25%, list=17%, signal=30%	
ER TO GOLGI ANTEROGRADE TRANSPORT%REACTOME%R-HSA-199977.6	ER TO GOLGI ANTEROGRADE TRANSPORT%REACTOME%R-HSA-199977.6		132	0.25124004	0.9036285	0.69712013	0.8709772	1.0	2993	tags=23%, list=20%, signal=28%	
BILE ACID AND BILE SALT METABOLISM%REACTOME%R-HSA-194068.3	BILE ACID AND BILE SALT METABOLISM%REACTOME%R-HSA-194068.3		32	0.32214102	0.90239227	0.61015326	0.8739677	1.0	2451	tags=31%, list=16%, signal=37%	
MITOTIC G2/M TRANSITION CHECKPOINT%GOBP%GO:0044818	MITOTIC G2/M TRANSITION CHECKPOINT%GOBP%GO:0044818		50	0.29377374	0.90232265	0.63352275	0.8737755	1.0	3563	tags=20%, list=24%, signal=26%	
POSITIVE REGULATION OF LEUKOCYTE DIFFERENTIATION%GOBP%GO:1902107	POSITIVE REGULATION OF LEUKOCYTE DIFFERENTIATION%GOBP%GO:1902107		139	0.24905118	0.90230787	0.70866144	0.873413	1.0	3025	tags=25%, list=20%, signal=31%	
METAL ION SLC TRANSPORTERS%REACTOME DATABASE ID RELEASE 95%425410	METAL ION SLC TRANSPORTERS%REACTOME DATABASE ID RELEASE 95%425410		32	0.31513596	0.90202665	0.6257367	0.8737701	1.0	1583	tags=16%, list=11%, signal=17%	
P75(NTR)-MEDIATED SIGNALING%PATHWAY INTERACTION DATABASE NCI-NATURE CURATED DATA%P75(NTR)-MEDIATED SIGNALING	P75(NTR)-MEDIATED SIGNALING%PATHWAY INTERACTION DATABASE NCI-NATURE CURATED DATA%P75(NTR)-MEDIATED SIGNALING		67	0.27874482	0.900929	0.6591577	0.87637806	1.0	2089	tags=22%, list=14%, signal=26%	
CONSTITUTIVE SIGNALING BY AKT1 E17K IN CANCER%REACTOME DATABASE ID RELEASE 95%5674400	CONSTITUTIVE SIGNALING BY AKT1 E17K IN CANCER%REACTOME DATABASE ID RELEASE 95%5674400		25	0.3367843	0.9007506	0.6086956	0.87647045	1.0	2642	tags=32%, list=18%, signal=39%	
SOMATIC RECOMBINATION OF IMMUNOGLOBULIN GENE SEGMENTS%GOBP%GO:0016447	SOMATIC RECOMBINATION OF IMMUNOGLOBULIN GENE SEGMENTS%GOBP%GO:0016447		17	0.36657226	0.90068907	0.5903614	0.87623304	1.0	2349	tags=29%, list=16%, signal=35%	
BMP RECEPTOR SIGNALING%PATHWAY INTERACTION DATABASE NCI-NATURE CURATED DATA%BMP RECEPTOR SIGNALING	BMP RECEPTOR SIGNALING%PATHWAY INTERACTION DATABASE NCI-NATURE CURATED DATA%BMP RECEPTOR SIGNALING		38	0.30256128	0.9006454	0.6086066	0.8759585	1.0	2260	tags=21%, list=15%, signal=25%	
PID_EPHA_FWDPATHWAY%MSIGDB_C2%PID_EPHA_FWDPATHWAY	PID_EPHA_FWDPATHWAY%MSIGDB_C2%PID_EPHA_FWDPATHWAY		24	0.34287128	0.9006078	0.59624875	0.8756605	1.0	1376	tags=17%, list=9%, signal=18%	
DNA IR DAMAGE AND CELLULAR RESPONSE VIA ATR%WIKIPATHWAYS_20260211%WP4016%HOMO SAPIENS	DNA IR DAMAGE AND CELLULAR RESPONSE VIA ATR%WIKIPATHWAYS_20260211%WP4016%HOMO SAPIENS		69	0.27766776	0.9005606	0.64795434	0.8753946	1.0	2684	tags=17%, list=18%, signal=21%	
INITIATION OF TRANSCRIPTION AND TRANSLATION ELONGATION AT THE HIV 1 LTR%WIKIPATHWAYS_20260211%WP3414%HOMO SAPIENS	INITIATION OF TRANSCRIPTION AND TRANSLATION ELONGATION AT THE HIV 1 LTR%WIKIPATHWAYS_20260211%WP3414%HOMO SAPIENS		27	0.33156824	0.9004771	0.6016512	0.8752237	1.0	2205	tags=15%, list=15%, signal=17%	
PID_PLK1_PATHWAY%MSIGDB_C2%PID_PLK1_PATHWAY	PID_PLK1_PATHWAY%MSIGDB_C2%PID_PLK1_PATHWAY		32	0.31627598	0.89991194	0.6017029	0.87635106	1.0	1826	tags=13%, list=12%, signal=14%	
RAF-INDEPENDENT MAPK1 3 ACTIVATION%REACTOME%R-HSA-112409.5	RAF-INDEPENDENT MAPK1 3 ACTIVATION%REACTOME%R-HSA-112409.5		21	0.35070822	0.8993229	0.6167315	0.8775519	1.0	1422	tags=19%, list=9%, signal=21%	
REGULATION OF P38MAPK CASCADE%GOBP%GO:1900744	REGULATION OF P38MAPK CASCADE%GOBP%GO:1900744		33	0.31953803	0.89889467	0.6146245	0.87832224	1.0	3560	tags=30%, list=24%, signal=40%	
POSITIVE REGULATION OF CALCINEURIN-MEDIATED SIGNALING%GOBP%GO:0106058	POSITIVE REGULATION OF CALCINEURIN-MEDIATED SIGNALING%GOBP%GO:0106058		17	0.36698332	0.8985198	0.6001946	0.87894154	1.0	1394	tags=12%, list=9%, signal=13%	
REGULATION OF DNA METABOLIC PROCESS%GOBP%GO:0051052	REGULATION OF DNA METABOLIC PROCESS%GOBP%GO:0051052		425	0.22143912	0.89844257	0.85673624	0.87875223	1.0	3244	tags=20%, list=22%, signal=25%	
REGULATION OF SYSTEMIC ARTERIAL BLOOD PRESSURE%GOBP%GO:0003073	REGULATION OF SYSTEMIC ARTERIAL BLOOD PRESSURE%GOBP%GO:0003073		40	0.3046649	0.89836127	0.6452223	0.87857044	1.0	2353	tags=28%, list=16%, signal=33%	
DENGUE VIRUS GENOME TRANSLATION AND REPLICATION%REACTOME%R-HSA-9918487.1	DENGUE VIRUS GENOME TRANSLATION AND REPLICATION%REACTOME%R-HSA-9918487.1		80	0.26929012	0.8983021	0.68652344	0.87833863	1.0	2464	tags=19%, list=16%, signal=22%	
NEGATIVE REGULATION OF REGULATORY T CELL DIFFERENTIATION%GOBP%GO:0045590	NEGATIVE REGULATION OF REGULATORY T CELL DIFFERENTIATION%GOBP%GO:0045590		19	0.35653636	0.8981084	0.61621094	0.8784791	1.0	679	tags=16%, list=5%, signal=17%	
NEGATIVE REGULATION OF ALPHA-BETA T CELL ACTIVATION%GOBP%GO:0046636	NEGATIVE REGULATION OF ALPHA-BETA T CELL ACTIVATION%GOBP%GO:0046636		34	0.31408018	0.8980139	0.6213592	0.87834287	1.0	2169	tags=24%, list=14%, signal=27%	
POSITIVE REGULATION OF CALCINEURIN-NFAT SIGNALING CASCADE%GOBP%GO:0070886	POSITIVE REGULATION OF CALCINEURIN-NFAT SIGNALING CASCADE%GOBP%GO:0070886		17	0.36698332	0.89715946	0.6062992	0.88027275	1.0	1394	tags=12%, list=9%, signal=13%	
EXTRINSIC APOPTOTIC SIGNALING PATHWAY VIA DEATH DOMAIN RECEPTORS%GOBP%GO:0008625	EXTRINSIC APOPTOTIC SIGNALING PATHWAY VIA DEATH DOMAIN RECEPTORS%GOBP%GO:0008625		38	0.30859822	0.8961441	0.63479143	0.88259584	1.0	2652	tags=26%, list=18%, signal=32%	
PID_ANGIOPOIETIN_RECEPTOR_PATHWAY%MSIGDB_C2%PID_ANGIOPOIETIN_RECEPTOR_PATHWAY	PID_ANGIOPOIETIN_RECEPTOR_PATHWAY%MSIGDB_C2%PID_ANGIOPOIETIN_RECEPTOR_PATHWAY		36	0.31052485	0.8959361	0.61493695	0.8827372	1.0	2262	tags=19%, list=15%, signal=23%	
REGULATION OF ENDOGENOUS RETROELEMENTS BY THE HUMAN SILENCING HUB (HUSH) COMPLEX%REACTOME DATABASE ID RELEASE 95%9843970	REGULATION OF ENDOGENOUS RETROELEMENTS BY THE HUMAN SILENCING HUB (HUSH) COMPLEX%REACTOME DATABASE ID RELEASE 95%9843970		24	0.33405057	0.8956759	0.6217565	0.88304716	1.0	3445	tags=29%, list=23%, signal=38%	
EXTRINSIC APOPTOTIC SIGNALING PATHWAY%GOBP%GO:0097191	EXTRINSIC APOPTOTIC SIGNALING PATHWAY%GOBP%GO:0097191		76	0.2704264	0.89545643	0.68295115	0.88325435	1.0	2104	tags=21%, list=14%, signal=24%	
RAC1 GTPASE CYCLE%REACTOME%R-HSA-9013149.2	RAC1 GTPASE CYCLE%REACTOME%R-HSA-9013149.2		177	0.23816451	0.8952175	0.76504296	0.883485	1.0	2064	tags=17%, list=14%, signal=19%	
MHC CLASS II ANTIGEN PRESENTATION%REACTOME DATABASE ID RELEASE 95%2132295	MHC CLASS II ANTIGEN PRESENTATION%REACTOME DATABASE ID RELEASE 95%2132295		103	0.2585124	0.89494216	0.7043651	0.8838148	1.0	1837	tags=15%, list=12%, signal=16%	
NETWORK MAP OF SARS COV 2 SIGNALING%WIKIPATHWAYS_20260211%WP5115%HOMO SAPIENS	NETWORK MAP OF SARS COV 2 SIGNALING%WIKIPATHWAYS_20260211%WP5115%HOMO SAPIENS		185	0.23906535	0.89487535	0.7730924	0.88359874	1.0	3035	tags=22%, list=20%, signal=27%	
REGULATION OF CENTRIOLE REPLICATION%GOBP%GO:0046599	REGULATION OF CENTRIOLE REPLICATION%GOBP%GO:0046599		23	0.34199557	0.8944243	0.61208576	0.88439894	1.0	4389	tags=39%, list=29%, signal=55%	
NEGATIVE REGULATION OF FAT CELL DIFFERENTIATION%GOBP%GO:0045599	NEGATIVE REGULATION OF FAT CELL DIFFERENTIATION%GOBP%GO:0045599		38	0.3082294	0.8936551	0.63414633	0.8860618	1.0	2146	tags=24%, list=14%, signal=28%	
SUPERPATHWAY OF D-<I>MYO< I>-INOSITOL (1,4,5)-TRISPHOSPHATE METABOLISM%BIOCYC%PWY-6358	SUPERPATHWAY OF D-<I>MYO< I>-INOSITOL (1,4,5)-TRISPHOSPHATE METABOLISM%BIOCYC%PWY-6358		19	0.36048508	0.8936022	0.6049618	0.88581127	1.0	2157	tags=21%, list=14%, signal=25%	
POSITIVE REGULATION OF HEMOPOIESIS%GOBP%GO:1903708	POSITIVE REGULATION OF HEMOPOIESIS%GOBP%GO:1903708		139	0.24905118	0.89337254	0.74190474	0.88602805	1.0	3025	tags=25%, list=20%, signal=31%	
SIGNALING BY FLT3 FUSION PROTEINS%REACTOME DATABASE ID RELEASE 95%9703465	SIGNALING BY FLT3 FUSION PROTEINS%REACTOME DATABASE ID RELEASE 95%9703465		17	0.36487657	0.8933322	0.6237525	0.8857381	1.0	2621	tags=29%, list=17%, signal=36%	
NEGATIVE REGULATION OF STRIATED MUSCLE CELL DIFFERENTIATION%GOBP%GO:0051154	NEGATIVE REGULATION OF STRIATED MUSCLE CELL DIFFERENTIATION%GOBP%GO:0051154		16	0.37487608	0.8931359	0.61613214	0.8858491	1.0	3341	tags=44%, list=22%, signal=56%	
NEGATIVE REGULATION OF PROTEIN POLYMERIZATION%GOBP%GO:0032272	NEGATIVE REGULATION OF PROTEIN POLYMERIZATION%GOBP%GO:0032272		41	0.29854795	0.8928135	0.654	0.886301	1.0	1709	tags=17%, list=11%, signal=19%	
PROSTANOID BIOSYNTHETIC PROCESS%GOBP%GO:0046457	PROSTANOID BIOSYNTHETIC PROCESS%GOBP%GO:0046457		17	0.36485004	0.8924726	0.6273946	0.8867913	1.0	2172	tags=24%, list=14%, signal=27%	
RET SIGNALING%REACTOME%R-HSA-8853659.7	RET SIGNALING%REACTOME%R-HSA-8853659.7		35	0.31083307	0.8922557	0.63837993	0.886967	1.0	2021	tags=26%, list=13%, signal=30%	
HISTONE MODIFICATIONS%WIKIPATHWAYS_20260211%WP2369%HOMO SAPIENS	HISTONE MODIFICATIONS%WIKIPATHWAYS_20260211%WP2369%HOMO SAPIENS		34	0.31147674	0.8921459	0.63957936	0.8868534	1.0	5075	tags=53%, list=34%, signal=80%	
POSITIVE REGULATION OF JNK CASCADE%GOBP%GO:0046330	POSITIVE REGULATION OF JNK CASCADE%GOBP%GO:0046330		83	0.26680967	0.89187974	0.6834817	0.8871712	1.0	1975	tags=18%, list=13%, signal=21%	
POSITIVE REGULATION OF LEUKOCYTE PROLIFERATION%GOBP%GO:0070665	POSITIVE REGULATION OF LEUKOCYTE PROLIFERATION%GOBP%GO:0070665		104	0.25699311	0.89174765	0.72321427	0.8871342	1.0	1720	tags=15%, list=11%, signal=17%	
DNA INTEGRITY CHECKPOINT SIGNALING%GOBP%GO:0031570	DNA INTEGRITY CHECKPOINT SIGNALING%GOBP%GO:0031570		99	0.25875685	0.89132136	0.7240385	0.88787425	1.0	2395	tags=15%, list=16%, signal=18%	
OTHER SEMAPHORIN INTERACTIONS%REACTOME%R-HSA-416700.3	OTHER SEMAPHORIN INTERACTIONS%REACTOME%R-HSA-416700.3		19	0.35882595	0.89124316	0.6227898	0.8876763	1.0	1503	tags=16%, list=10%, signal=18%	
REGULATION OF REGULATORY T CELL DIFFERENTIATION%GOBP%GO:0045589	REGULATION OF REGULATORY T CELL DIFFERENTIATION%GOBP%GO:0045589		39	0.30387318	0.89063007	0.64453125	0.8888859	1.0	1401	tags=15%, list=9%, signal=17%	
HETEROCHROMATIN FORMATION%GOBP%GO:0031507	HETEROCHROMATIN FORMATION%GOBP%GO:0031507		144	0.24352467	0.89006996	0.75417894	0.8899505	1.0	4478	tags=28%, list=30%, signal=40%	
POSITIVE REGULATION OF PLASMA MEMBRANE BOUNDED CELL PROJECTION ASSEMBLY%GOBP%GO:0120034	POSITIVE REGULATION OF PLASMA MEMBRANE BOUNDED CELL PROJECTION ASSEMBLY%GOBP%GO:0120034		95	0.2588756	0.8893229	0.69552237	0.8915189	1.0	771	tags=6%, list=5%, signal=7%	
G-PROTEIN BETA:GAMMA SIGNALLING%REACTOME%R-HSA-397795.6	G-PROTEIN BETA:GAMMA SIGNALLING%REACTOME%R-HSA-397795.6		27	0.33214185	0.8889985	0.63032705	0.8919792	1.0	2575	tags=26%, list=17%, signal=31%	
PID_IL2_STAT5_PATHWAY%MSIGDB_C2%PID_IL2_STAT5_PATHWAY	PID_IL2_STAT5_PATHWAY%MSIGDB_C2%PID_IL2_STAT5_PATHWAY		25	0.33499977	0.88872087	0.6229839	0.8922846	1.0	2262	tags=28%, list=15%, signal=33%	
POLYSACCHARIDE BIOSYNTHETIC PROCESS%GOBP%GO:0000271	POLYSACCHARIDE BIOSYNTHETIC PROCESS%GOBP%GO:0000271		15	0.37456623	0.8885027	0.6276392	0.89246315	1.0	2596	tags=40%, list=17%, signal=48%	
BILE ACID METABOLIC PROCESS%GOBP%GO:0008206	BILE ACID METABOLIC PROCESS%GOBP%GO:0008206		26	0.32756343	0.88818115	0.625	0.8929246	1.0	2451	tags=31%, list=16%, signal=37%	
GNRH SIGNALING PATHWAY%PATHWHIZ%PW064816	GNRH SIGNALING PATHWAY%PATHWHIZ%PW064816		40	0.2995546	0.8880647	0.6659919	0.8928199	1.0	2388	tags=25%, list=16%, signal=30%	
RHO GTPASE CYCLE%REACTOME DATABASE ID RELEASE 95%9012999	RHO GTPASE CYCLE%REACTOME DATABASE ID RELEASE 95%9012999		434	0.21794961	0.8876525	0.8983218	0.8935084	1.0	2622	tags=17%, list=17%, signal=20%	
REGULATION OF ENDOTHELIAL CELL MIGRATION%GOBP%GO:0010594	REGULATION OF ENDOTHELIAL CELL MIGRATION%GOBP%GO:0010594		149	0.24167436	0.88694113	0.74926543	0.8949526	1.0	1343	tags=13%, list=9%, signal=14%	
POSITIVE REGULATION OF WOUND HEALING%GOBP%GO:0090303	POSITIVE REGULATION OF WOUND HEALING%GOBP%GO:0090303		44	0.2953189	0.8867869	0.67572814	0.89496017	1.0	2674	tags=36%, list=18%, signal=44%	
REGULATION OF FOCAL ADHESION ASSEMBLY%GOBP%GO:0051893	REGULATION OF FOCAL ADHESION ASSEMBLY%GOBP%GO:0051893		56	0.2820446	0.886449	0.6765873	0.89544314	1.0	2515	tags=20%, list=17%, signal=24%	
TARGETING YAP IN PANCREATIC DUCTAL ADENOCARCINOMA PDAC %WIKIPATHWAYS_20260211%WP5495%HOMO SAPIENS	TARGETING YAP IN PANCREATIC DUCTAL ADENOCARCINOMA PDAC %WIKIPATHWAYS_20260211%WP5495%HOMO SAPIENS		17	0.36070046	0.88626516	0.6264591	0.89553255	1.0	1169	tags=18%, list=8%, signal=19%	
REGULATION OF RECEPTOR-MEDIATED ENDOCYTOSIS%GOBP%GO:0048259	REGULATION OF RECEPTOR-MEDIATED ENDOCYTOSIS%GOBP%GO:0048259		81	0.2640054	0.88622725	0.7001934	0.8952303	1.0	2899	tags=25%, list=19%, signal=30%	
REGULATION OF CELL-SUBSTRATE JUNCTION ASSEMBLY%GOBP%GO:0090109	REGULATION OF CELL-SUBSTRATE JUNCTION ASSEMBLY%GOBP%GO:0090109		56	0.2820446	0.88580096	0.6740891	0.8959521	1.0	2515	tags=20%, list=17%, signal=24%	
PROSTAGLANDIN METABOLIC PROCESS%GOBP%GO:0006693	PROSTAGLANDIN METABOLIC PROCESS%GOBP%GO:0006693		27	0.32559744	0.8851717	0.6227316	0.89722556	1.0	4507	tags=48%, list=30%, signal=69%	
NEGATIVE REGULATION OF MYELOID LEUKOCYTE DIFFERENTIATION%GOBP%GO:0002762	NEGATIVE REGULATION OF MYELOID LEUKOCYTE DIFFERENTIATION%GOBP%GO:0002762		32	0.31426987	0.8848408	0.6660324	0.8976906	1.0	421	tags=9%, list=3%, signal=10%	
NUCLEOSIDE DIPHOSPHATE CATABOLIC PROCESS%GOBP%GO:0009134	NUCLEOSIDE DIPHOSPHATE CATABOLIC PROCESS%GOBP%GO:0009134		36	0.3038092	0.8844486	0.6549296	0.89829314	1.0	975	tags=11%, list=6%, signal=12%	
EPHRIN B REVERSE SIGNALING%PATHWAY INTERACTION DATABASE NCI-NATURE CURATED DATA%EPHRIN B REVERSE SIGNALING	EPHRIN B REVERSE SIGNALING%PATHWAY INTERACTION DATABASE NCI-NATURE CURATED DATA%EPHRIN B REVERSE SIGNALING		26	0.33142486	0.8841781	0.64705884	0.8985885	1.0	1466	tags=23%, list=10%, signal=26%	
NEUROINFLAMMATION AND GLUTAMATERGIC SIGNALING%WIKIPATHWAYS_20260211%WP5083%HOMO SAPIENS	NEUROINFLAMMATION AND GLUTAMATERGIC SIGNALING%WIKIPATHWAYS_20260211%WP5083%HOMO SAPIENS		91	0.26067355	0.8836649	0.7287805	0.89950764	1.0	3201	tags=22%, list=21%, signal=28%	
MEIOTIC NUCLEAR DIVISION%GOBP%GO:0140013	MEIOTIC NUCLEAR DIVISION%GOBP%GO:0140013		90	0.25931942	0.8832806	0.7294118	0.9000899	1.0	3724	tags=28%, list=25%, signal=37%	
REGULATION OF SMOOTH MUSCLE CELL DIFFERENTIATION%GOBP%GO:0051150	REGULATION OF SMOOTH MUSCLE CELL DIFFERENTIATION%GOBP%GO:0051150		23	0.33854258	0.8830062	0.6268222	0.9003946	1.0	1842	tags=30%, list=12%, signal=35%	
AMPK REGULATION OF MAMMARY MILK PROTEIN SYNTHESIS%WIKIPATHWAYS_20260211%WP5492%HOMO SAPIENS	AMPK REGULATION OF MAMMARY MILK PROTEIN SYNTHESIS%WIKIPATHWAYS_20260211%WP5492%HOMO SAPIENS		16	0.36579317	0.8829377	0.62699157	0.90016836	1.0	4732	tags=44%, list=32%, signal=64%	
REGULATION OF CD4-POSITIVE, ALPHA-BETA T CELL ACTIVATION%GOBP%GO:2000514	REGULATION OF CD4-POSITIVE, ALPHA-BETA T CELL ACTIVATION%GOBP%GO:2000514		55	0.28268865	0.8829025	0.68537074	0.89986223	1.0	1983	tags=18%, list=13%, signal=21%	
MALE SEX DIFFERENTIATION%GOBP%GO:0046661	MALE SEX DIFFERENTIATION%GOBP%GO:0046661		40	0.29987484	0.8827479	0.66534656	0.8998528	1.0	3391	tags=35%, list=23%, signal=45%	
PID_FAK_PATHWAY%MSIGDB_C2%PID_FAK_PATHWAY	PID_FAK_PATHWAY%MSIGDB_C2%PID_FAK_PATHWAY		49	0.28733668	0.88212544	0.6686332	0.90107584	1.0	2021	tags=18%, list=13%, signal=21%	
EPIDERMAL GROWTH FACTOR RECEPTOR SIGNALING PATHWAY%GOBP%GO:0007173	EPIDERMAL GROWTH FACTOR RECEPTOR SIGNALING PATHWAY%GOBP%GO:0007173		50	0.2856353	0.8818361	0.68394816	0.90141517	1.0	3085	tags=28%, list=21%, signal=35%	
PID_S1P_S1P2_PATHWAY%MSIGDB_C2%PID_S1P_S1P2_PATHWAY	PID_S1P_S1P2_PATHWAY%MSIGDB_C2%PID_S1P_S1P2_PATHWAY		18	0.35358816	0.88101125	0.62956035	0.9031041	1.0	2037	tags=22%, list=14%, signal=26%	
POSITIVE REGULATION OF PEPTIDYL-TYROSINE PHOSPHORYLATION%GOBP%GO:0050731	POSITIVE REGULATION OF PEPTIDYL-TYROSINE PHOSPHORYLATION%GOBP%GO:0050731		46	0.29109752	0.88062423	0.68266404	0.9037197	1.0	1818	tags=15%, list=12%, signal=17%	
CELLULAR RESPONSE TO ESTRADIOL STIMULUS%GOBP%GO:0071392	CELLULAR RESPONSE TO ESTRADIOL STIMULUS%GOBP%GO:0071392		15	0.36949864	0.8801123	0.63013697	0.9046513	1.0	2711	tags=40%, list=18%, signal=49%	
PID_PI3K_PLC_TRK_PATHWAY%MSIGDB_C2%PID_PI3K_PLC_TRK_PATHWAY	PID_PI3K_PLC_TRK_PATHWAY%MSIGDB_C2%PID_PI3K_PLC_TRK_PATHWAY		27	0.32360968	0.8798813	0.6394231	0.90483946	1.0	2601	tags=26%, list=17%, signal=31%	
PID_MYC_REPRESS_PATHWAY%MSIGDB_C2%PID_MYC_REPRESS_PATHWAY	PID_MYC_REPRESS_PATHWAY%MSIGDB_C2%PID_MYC_REPRESS_PATHWAY		46	0.29037985	0.87948656	0.6768936	0.9054583	1.0	1874	tags=15%, list=12%, signal=17%	
TICAM1, RIP1-MEDIATED IKK COMPLEX RECRUITMENT%REACTOME%R-HSA-168927.5	TICAM1, RIP1-MEDIATED IKK COMPLEX RECRUITMENT%REACTOME%R-HSA-168927.5		19	0.3561274	0.87863255	0.6459144	0.9071969	1.0	2247	tags=21%, list=15%, signal=25%	
CELLULAR COMPONENT MAINTENANCE%GOBP%GO:0043954	CELLULAR COMPONENT MAINTENANCE%GOBP%GO:0043954		35	0.30616057	0.87840146	0.67209774	0.9073919	1.0	1660	tags=20%, list=11%, signal=22%	
POLYSACCHARIDE METABOLIC PROCESS%GOBP%GO:0005976	POLYSACCHARIDE METABOLIC PROCESS%GOBP%GO:0005976		41	0.295021	0.87829226	0.6703187	0.907287	1.0	2170	tags=22%, list=14%, signal=26%	
PID_IL6_7_PATHWAY%MSIGDB_C2%PID_IL6_7_PATHWAY	PID_IL6_7_PATHWAY%MSIGDB_C2%PID_IL6_7_PATHWAY		37	0.2993029	0.878223	0.6865365	0.9070613	1.0	2146	tags=24%, list=14%, signal=28%	
ANTIGEN PROCESSING AND PRESENTATION OF PEPTIDE ANTIGEN VIA MHC CLASS II%GOBP%GO:0002495	ANTIGEN PROCESSING AND PRESENTATION OF PEPTIDE ANTIGEN VIA MHC CLASS II%GOBP%GO:0002495		28	0.3208115	0.8772751	0.6814672	0.9090438	1.0	1363	tags=14%, list=9%, signal=16%	
ANATOMICAL STRUCTURE HOMEOSTASIS%GOBP%GO:0060249	ANATOMICAL STRUCTURE HOMEOSTASIS%GOBP%GO:0060249		113	0.24919792	0.8771866	0.76632655	0.90886354	1.0	1108	tags=13%, list=7%, signal=14%	
TISSUE HOMEOSTASIS%GOBP%GO:0001894	TISSUE HOMEOSTASIS%GOBP%GO:0001894		113	0.24919792	0.87703174	0.77918285	0.9088694	1.0	1108	tags=13%, list=7%, signal=14%	
PLATELET CALCIUM HOMEOSTASIS%REACTOME DATABASE ID RELEASE 95%418360	PLATELET CALCIUM HOMEOSTASIS%REACTOME DATABASE ID RELEASE 95%418360		23	0.33638337	0.8764317	0.654359	0.9099926	1.0	2570	tags=35%, list=17%, signal=42%	
REGULATION OF MYELOID CELL DIFFERENTIATION%GOBP%GO:0045637	REGULATION OF MYELOID CELL DIFFERENTIATION%GOBP%GO:0045637		138	0.24204892	0.876232	0.78857714	0.91009825	1.0	1496	tags=11%, list=10%, signal=12%	
CELLULAR RESPONSE TO ALKALOID%GOBP%GO:0071312	CELLULAR RESPONSE TO ALKALOID%GOBP%GO:0071312		17	0.35642907	0.8760327	0.6363636	0.9101982	1.0	2570	tags=35%, list=17%, signal=43%	
POSITIVE REGULATION OF MONOCYTE CHEMOTAXIS%GOBP%GO:0090026	POSITIVE REGULATION OF MONOCYTE CHEMOTAXIS%GOBP%GO:0090026		16	0.36145687	0.87599933	0.6391347	0.90988594	1.0	856	tags=13%, list=6%, signal=13%	
OOGENESIS%GOBP%GO:0048477	OOGENESIS%GOBP%GO:0048477		31	0.30729613	0.87500507	0.64469916	0.9119629	1.0	2835	tags=23%, list=19%, signal=28%	
IONOTROPIC GLUTAMATE RECEPTOR SIGNALING PATHWAY%GOBP%GO:0035235	IONOTROPIC GLUTAMATE RECEPTOR SIGNALING PATHWAY%GOBP%GO:0035235		16	0.36104324	0.87500346	0.6420118	0.91156596	1.0	864	tags=19%, list=6%, signal=20%	
POSITIVE REGULATION OF DNA RECOMBINATION%GOBP%GO:0045911	POSITIVE REGULATION OF DNA RECOMBINATION%GOBP%GO:0045911		58	0.28116736	0.8748848	0.6967054	0.91145587	1.0	2557	tags=16%, list=17%, signal=19%	
PURINERGIC SIGNALING IN LEISHMANIASIS INFECTION%REACTOME DATABASE ID RELEASE 95%9660826	PURINERGIC SIGNALING IN LEISHMANIASIS INFECTION%REACTOME DATABASE ID RELEASE 95%9660826		25	0.323715	0.8744072	0.671371	0.91226506	1.0	939	tags=12%, list=6%, signal=13%	
NEGATIVE REGULATION OF EXTRINSIC APOPTOTIC SIGNALING PATHWAY%GOBP%GO:2001237	NEGATIVE REGULATION OF EXTRINSIC APOPTOTIC SIGNALING PATHWAY%GOBP%GO:2001237		69	0.26910776	0.8741935	0.72316384	0.9124	1.0	2433	tags=25%, list=16%, signal=29%	
NEGATIVE REGULATION OF APOPTOTIC SIGNALING PATHWAY%GOBP%GO:2001234	NEGATIVE REGULATION OF APOPTOTIC SIGNALING PATHWAY%GOBP%GO:2001234		153	0.23843084	0.8740979	0.7986315	0.9122423	1.0	2433	tags=20%, list=16%, signal=24%	
NEUROBLAST PROLIFERATION%GOBP%GO:0007405	NEUROBLAST PROLIFERATION%GOBP%GO:0007405		16	0.365937	0.873244	0.648	0.9140455	1.0	2787	tags=44%, list=19%, signal=54%	
GLYCOGEN METABOLIC PROCESS%GOBP%GO:0005977	GLYCOGEN METABOLIC PROCESS%GOBP%GO:0005977		32	0.3119653	0.87239045	0.6650672	0.9157856	1.0	1250	tags=16%, list=8%, signal=17%	
NETRIN UNC5B SIGNALING%WIKIPATHWAYS_20260211%WP4747%HOMO SAPIENS	NETRIN UNC5B SIGNALING%WIKIPATHWAYS_20260211%WP4747%HOMO SAPIENS		40	0.2970928	0.87230814	0.672179	0.9155838	1.0	2866	tags=28%, list=19%, signal=34%	
NEUROTRANSMITTER TRANSPORT%GOBP%GO:0006836	NEUROTRANSMITTER TRANSPORT%GOBP%GO:0006836		79	0.26526386	0.8721737	0.74899596	0.9155241	1.0	1891	tags=18%, list=13%, signal=20%	
MATURATION OF SPIKE PROTEIN%REACTOME%R-HSA-9694548.5	MATURATION OF SPIKE PROTEIN%REACTOME%R-HSA-9694548.5		41	0.29140887	0.8719469	0.6927711	0.91567504	1.0	3225	tags=22%, list=21%, signal=28%	
NEGATIVE REGULATION OF LYMPHOCYTE DIFFERENTIATION%GOBP%GO:0045620	NEGATIVE REGULATION OF LYMPHOCYTE DIFFERENTIATION%GOBP%GO:0045620		51	0.28391874	0.8719462	0.7086999	0.91527516	1.0	2515	tags=22%, list=17%, signal=26%	
TUBE FORMATION%GOBP%GO:0035148	TUBE FORMATION%GOBP%GO:0035148		50	0.2836823	0.87190443	0.69452447	0.91498184	1.0	3685	tags=32%, list=25%, signal=42%	
PHAGOSOME MATURATION%GOBP%GO:0090382	PHAGOSOME MATURATION%GOBP%GO:0090382		24	0.32631826	0.8716206	0.65957445	0.91530716	1.0	528	tags=13%, list=4%, signal=13%	
OXIDATIVE STRESS INDUCED SENESCENCE%REACTOME DATABASE ID RELEASE 95%2559580	OXIDATIVE STRESS INDUCED SENESCENCE%REACTOME DATABASE ID RELEASE 95%2559580		75	0.26324335	0.8711236	0.7370518	0.9161347	1.0	2247	tags=20%, list=15%, signal=23%	
RESPONSE TO TEMPERATURE STIMULUS%GOBP%GO:0009266	RESPONSE TO TEMPERATURE STIMULUS%GOBP%GO:0009266		79	0.25865155	0.87108773	0.7371541	0.9158167	1.0	2862	tags=23%, list=19%, signal=28%	
PID_AR_NONGENOMIC_PATHWAY%MSIGDB_C2%PID_AR_NONGENOMIC_PATHWAY	PID_AR_NONGENOMIC_PATHWAY%MSIGDB_C2%PID_AR_NONGENOMIC_PATHWAY		26	0.32441184	0.8707632	0.6660232	0.9162092	1.0	1835	tags=15%, list=12%, signal=17%	
RESPONSE TO ATP%GOBP%GO:0033198	RESPONSE TO ATP%GOBP%GO:0033198		17	0.3580392	0.8706418	0.6489875	0.91611034	1.0	757	tags=18%, list=5%, signal=19%	
OLIGODENDROCYTE SPECIFICATION AND DIFFERENTIATION LEADING TO MYELIN COMPONENTS FOR CNS%WIKIPATHWAYS_20260211%WP4304%HOMO SAPIENS	OLIGODENDROCYTE SPECIFICATION AND DIFFERENTIATION LEADING TO MYELIN COMPONENTS FOR CNS%WIKIPATHWAYS_20260211%WP4304%HOMO SAPIENS		18	0.3479823	0.86993074	0.65814394	0.917458	1.0	2712	tags=39%, list=18%, signal=47%	
NEGATIVE REGULATION OF RECEPTOR-MEDIATED ENDOCYTOSIS%GOBP%GO:0048261	NEGATIVE REGULATION OF RECEPTOR-MEDIATED ENDOCYTOSIS%GOBP%GO:0048261		21	0.33936492	0.8690306	0.6417323	0.9192969	1.0	938	tags=14%, list=6%, signal=15%	
REGULATION OF MITOTIC CELL CYCLE PHASE TRANSITION%GOBP%GO:1901990	REGULATION OF MITOTIC CELL CYCLE PHASE TRANSITION%GOBP%GO:1901990		287	0.22165331	0.86891675	0.88450146	0.9191726	1.0	3175	tags=21%, list=21%, signal=26%	
KERATAN SULFATE PROTEOGLYCAN METABOLIC PROCESS%GOBP%GO:0042339	KERATAN SULFATE PROTEOGLYCAN METABOLIC PROCESS%GOBP%GO:0042339		15	0.36787492	0.8687651	0.629	0.9191473	1.0	2392	tags=33%, list=16%, signal=40%	
CELLULAR RESPONSE TO AMYLOID-BETA%GOBP%GO:1904646	CELLULAR RESPONSE TO AMYLOID-BETA%GOBP%GO:1904646		32	0.30569845	0.8685891	0.69863015	0.9191841	1.0	1364	tags=19%, list=9%, signal=21%	
BIOCARTA_TNFR1_PATHWAY%MSIGDB_C2%BIOCARTA_TNFR1_PATHWAY	BIOCARTA_TNFR1_PATHWAY%MSIGDB_C2%BIOCARTA_TNFR1_PATHWAY		27	0.31589568	0.8683587	0.67564964	0.9193406	1.0	2615	tags=19%, list=17%, signal=22%	
POSITIVE REGULATION OF PROTEIN SECRETION%GOBP%GO:0050714	POSITIVE REGULATION OF PROTEIN SECRETION%GOBP%GO:0050714		81	0.25903878	0.8682755	0.7487781	0.9191582	1.0	849	tags=9%, list=6%, signal=9%	
RHOV GTPASE CYCLE%REACTOME DATABASE ID RELEASE 95%9013424	RHOV GTPASE CYCLE%REACTOME DATABASE ID RELEASE 95%9013424		37	0.3000676	0.8676739	0.69543654	0.92022634	1.0	4571	tags=38%, list=30%, signal=54%	
NEGATIVE REGULATION OF CELL CYCLE PROCESS%GOBP%GO:0010948	NEGATIVE REGULATION OF CELL CYCLE PROCESS%GOBP%GO:0010948		227	0.22675273	0.8673729	0.86180425	0.92056346	1.0	3227	tags=22%, list=21%, signal=27%	
RHOF GTPASE CYCLE%REACTOME%R-HSA-9035034.5	RHOF GTPASE CYCLE%REACTOME%R-HSA-9035034.5		40	0.29204866	0.8668609	0.69790626	0.92145467	1.0	2064	tags=18%, list=14%, signal=20%	
CELLULAR RESPONSE TO VIRUS%GOBP%GO:0098586	CELLULAR RESPONSE TO VIRUS%GOBP%GO:0098586		39	0.2901565	0.8667596	0.7002012	0.92130804	1.0	3573	tags=28%, list=24%, signal=37%	
POSITIVE REGULATION OF MUSCLE CELL APOPTOTIC PROCESS%GOBP%GO:0010661	POSITIVE REGULATION OF MUSCLE CELL APOPTOTIC PROCESS%GOBP%GO:0010661		15	0.36854723	0.8664854	0.6501487	0.9215878	1.0	225	tags=13%, list=1%, signal=14%	
SHANK3 PATHWAY INVOLVED IN PHELAN MCDERMID SYNDROME%WIKIPATHWAYS_20260211%WP5566%HOMO SAPIENS	SHANK3 PATHWAY INVOLVED IN PHELAN MCDERMID SYNDROME%WIKIPATHWAYS_20260211%WP5566%HOMO SAPIENS		19	0.34252578	0.8660247	0.66532665	0.92234486	1.0	1709	tags=26%, list=11%, signal=30%	
BMAL1:CLOCK,NPAS2 ACTIVATES CIRCADIAN EXPRESSION%REACTOME%R-HSA-1368108.9	BMAL1:CLOCK,NPAS2 ACTIVATES CIRCADIAN EXPRESSION%REACTOME%R-HSA-1368108.9		24	0.32621878	0.86537224	0.6814516	0.9235071	1.0	3056	tags=21%, list=20%, signal=26%	
NEGATIVE REGULATION OF INTERLEUKIN-8 PRODUCTION%GOBP%GO:0032717	NEGATIVE REGULATION OF INTERLEUKIN-8 PRODUCTION%GOBP%GO:0032717		16	0.36356276	0.8638181	0.657561	0.9269014	1.0	1690	tags=19%, list=11%, signal=21%	
GLYCOGEN CATABOLIC PROCESS%GOBP%GO:0005980	GLYCOGEN CATABOLIC PROCESS%GOBP%GO:0005980		21	0.33978435	0.8632471	0.671627	0.9278764	1.0	1250	tags=14%, list=8%, signal=16%	
NUCLEOTIDE METABOLISM%REACTOME DATABASE ID RELEASE 95%15869	NUCLEOTIDE METABOLISM%REACTOME DATABASE ID RELEASE 95%15869		85	0.25560904	0.86302537	0.75626206	0.9280175	1.0	2096	tags=15%, list=14%, signal=18%	
PROTEIN LOCALIZATION TO GOLGI APPARATUS%GOBP%GO:0034067	PROTEIN LOCALIZATION TO GOLGI APPARATUS%GOBP%GO:0034067		26	0.32548052	0.8629839	0.67219514	0.92771345	1.0	4840	tags=54%, list=32%, signal=79%	
B CELL PROLIFERATION%GOBP%GO:0042100	B CELL PROLIFERATION%GOBP%GO:0042100		19	0.3403071	0.86293805	0.6558505	0.9274173	1.0	2866	tags=37%, list=19%, signal=45%	
ALTERNATIVE MRNA SPLICING, VIA SPLICEOSOME%GOBP%GO:0000380	ALTERNATIVE MRNA SPLICING, VIA SPLICEOSOME%GOBP%GO:0000380		19	0.34343925	0.86284953	0.668952	0.9272258	1.0	4059	tags=42%, list=27%, signal=58%	
PRADER WILLI AND ANGELMAN SYNDROME%WIKIPATHWAYS_20260211%WP3998%HOMO SAPIENS	PRADER WILLI AND ANGELMAN SYNDROME%WIKIPATHWAYS_20260211%WP3998%HOMO SAPIENS		66	0.2665617	0.8626316	0.7461977	0.92734206	1.0	4454	tags=32%, list=30%, signal=45%	
PURINE RIBONUCLEOTIDE CATABOLIC PROCESS%GOBP%GO:0009154	PURINE RIBONUCLEOTIDE CATABOLIC PROCESS%GOBP%GO:0009154		45	0.28812045	0.8625405	0.7167167	0.9271692	1.0	1036	tags=13%, list=7%, signal=14%	
RESPONSE TO ALKALOID%GOBP%GO:0043279	RESPONSE TO ALKALOID%GOBP%GO:0043279		17	0.356429	0.86204046	0.6749522	0.92801446	1.0	2570	tags=35%, list=17%, signal=43%	
PID_EPHRINB_REV_PATHWAY%MSIGDB_C2%PID_EPHRINB_REV_PATHWAY	PID_EPHRINB_REV_PATHWAY%MSIGDB_C2%PID_EPHRINB_REV_PATHWAY		24	0.3258367	0.86155796	0.67110264	0.92875636	1.0	1540	tags=25%, list=10%, signal=28%	
CORONARY VASCULATURE DEVELOPMENT%GOBP%GO:0060976	CORONARY VASCULATURE DEVELOPMENT%GOBP%GO:0060976		17	0.3551531	0.86137044	0.6737864	0.92879957	1.0	2260	tags=29%, list=15%, signal=35%	
PHOSPHOLIPID TRANSPORT%GOBP%GO:0015914	PHOSPHOLIPID TRANSPORT%GOBP%GO:0015914		76	0.25848532	0.86115754	0.74581283	0.9289035	1.0	3006	tags=29%, list=20%, signal=36%	
CELLULAR RESPONSE TO GLUCOSE STARVATION%GOBP%GO:0042149	CELLULAR RESPONSE TO GLUCOSE STARVATION%GOBP%GO:0042149		42	0.28458568	0.8609894	0.71010387	0.9288976	1.0	3560	tags=26%, list=24%, signal=34%	
REGULATION OF CALCIUM ION-DEPENDENT EXOCYTOSIS%GOBP%GO:0017158	REGULATION OF CALCIUM ION-DEPENDENT EXOCYTOSIS%GOBP%GO:0017158		26	0.32128575	0.8607917	0.67473376	0.928979	1.0	1637	tags=27%, list=11%, signal=30%	
7Q11 23 COPY NUMBER VARIATION SYNDROME%WIKIPATHWAYS_20260211%WP4932%HOMO SAPIENS	7Q11 23 COPY NUMBER VARIATION SYNDROME%WIKIPATHWAYS_20260211%WP4932%HOMO SAPIENS		84	0.25666666	0.86020374	0.77110696	0.9299751	1.0	2442	tags=15%, list=16%, signal=18%	
CELL CYCLE PHASE TRANSITION%GOBP%GO:0044770	CELL CYCLE PHASE TRANSITION%GOBP%GO:0044770		125	0.24225819	0.8595465	0.8257874	0.9311519	1.0	1965	tags=12%, list=13%, signal=14%	
ACTIVATION OF RRNA EXPRESSION BY ERCC6 (CSB) AND EHMT2 (G9A)%REACTOME%R-HSA-427389.3	ACTIVATION OF RRNA EXPRESSION BY ERCC6 (CSB) AND EHMT2 (G9A)%REACTOME%R-HSA-427389.3		29	0.30884713	0.85945857	0.6772592	0.93096524	1.0	3445	tags=21%, list=23%, signal=27%	
EXCITATORY SYNAPSE ASSEMBLY%GOBP%GO:1904861	EXCITATORY SYNAPSE ASSEMBLY%GOBP%GO:1904861		16	0.35468146	0.859086	0.66325486	0.93145126	1.0	2493	tags=38%, list=17%, signal=45%	
CELL RECRUITMENT (PRO-INFLAMMATORY RESPONSE)%REACTOME DATABASE ID RELEASE 95%9664424	CELL RECRUITMENT (PRO-INFLAMMATORY RESPONSE)%REACTOME DATABASE ID RELEASE 95%9664424		25	0.323715	0.8587688	0.6778989	0.9318191	1.0	939	tags=12%, list=6%, signal=13%	
POSITIVE REGULATION OF HORMONE SECRETION%GOBP%GO:0046887	POSITIVE REGULATION OF HORMONE SECRETION%GOBP%GO:0046887		66	0.26837695	0.858566	0.74752474	0.9318815	1.0	2229	tags=20%, list=15%, signal=23%	
MORPHOGENESIS OF A POLARIZED EPITHELIUM%GOBP%GO:0001738	MORPHOGENESIS OF A POLARIZED EPITHELIUM%GOBP%GO:0001738		24	0.3240656	0.85848886	0.6812016	0.9316605	1.0	331	tags=8%, list=2%, signal=9%	
POST-CHAPERONIN TUBULIN FOLDING PATHWAY%REACTOME DATABASE ID RELEASE 95%389977	POST-CHAPERONIN TUBULIN FOLDING PATHWAY%REACTOME DATABASE ID RELEASE 95%389977		15	0.3641122	0.8581853	0.6591124	0.93198675	1.0	2257	tags=27%, list=15%, signal=31%	
ESTABLISHMENT OF CELL POLARITY%GOBP%GO:0030010	ESTABLISHMENT OF CELL POLARITY%GOBP%GO:0030010		92	0.25060856	0.8578942	0.79041916	0.9322832	1.0	1936	tags=17%, list=13%, signal=20%	
PLASMA LIPOPROTEIN REMODELING%REACTOME%R-HSA-8963899.3	PLASMA LIPOPROTEIN REMODELING%REACTOME%R-HSA-8963899.3		19	0.33920893	0.85777307	0.668906	0.93217033	1.0	1993	tags=26%, list=13%, signal=30%	
DETECTION OF OTHER ORGANISM%GOBP%GO:0098543	DETECTION OF OTHER ORGANISM%GOBP%GO:0098543		15	0.36091155	0.8575761	0.6600398	0.932236	1.0	14	tags=7%, list=0%, signal=7%	
INTEGRIN-LINKED KINASE SIGNALING%PATHWAY INTERACTION DATABASE NCI-NATURE CURATED DATA%INTEGRIN-LINKED KINASE SIGNALING	INTEGRIN-LINKED KINASE SIGNALING%PATHWAY INTERACTION DATABASE NCI-NATURE CURATED DATA%INTEGRIN-LINKED KINASE SIGNALING		45	0.2850098	0.8575471	0.72879684	0.9319065	1.0	2802	tags=22%, list=19%, signal=27%	
NEGATIVE REGULATION OF T CELL PROLIFERATION%GOBP%GO:0042130	NEGATIVE REGULATION OF T CELL PROLIFERATION%GOBP%GO:0042130		46	0.28455853	0.85744065	0.7349643	0.9317574	1.0	1281	tags=13%, list=9%, signal=14%	
REGULATION OF VASCULAR ENDOTHELIAL GROWTH FACTOR PRODUCTION%GOBP%GO:0010574	REGULATION OF VASCULAR ENDOTHELIAL GROWTH FACTOR PRODUCTION%GOBP%GO:0010574		25	0.31909272	0.85725754	0.6707663	0.9317987	1.0	823	tags=12%, list=5%, signal=13%	
REGULATION OF INTRINSIC APOPTOTIC SIGNALING PATHWAY%GOBP%GO:2001242	REGULATION OF INTRINSIC APOPTOTIC SIGNALING PATHWAY%GOBP%GO:2001242		124	0.24006706	0.85718477	0.8214634	0.931564	1.0	2759	tags=22%, list=18%, signal=26%	
POSITIVE REGULATION OF REPRODUCTIVE PROCESS%GOBP%GO:2000243	POSITIVE REGULATION OF REPRODUCTIVE PROCESS%GOBP%GO:2000243		32	0.30098277	0.85710794	0.7147208	0.93134135	1.0	5823	tags=66%, list=39%, signal=107%	
DYRK1A INVOLVEMENT REGARDING CELL PROLIFERATION IN BRAIN DEVELOPMENT%WIKIPATHWAYS_20260211%WP5180%HOMO SAPIENS	DYRK1A INVOLVEMENT REGARDING CELL PROLIFERATION IN BRAIN DEVELOPMENT%WIKIPATHWAYS_20260211%WP5180%HOMO SAPIENS		48	0.28095224	0.85682905	0.7246521	0.93159044	1.0	2330	tags=19%, list=16%, signal=22%	
POSITIVE REGULATION OF TRANSLATION%GOBP%GO:0045727	POSITIVE REGULATION OF TRANSLATION%GOBP%GO:0045727		108	0.2446828	0.85623616	0.8057769	0.9325922	1.0	3773	tags=26%, list=25%, signal=34%	
REGULATION OF TP53 ACTIVITY%REACTOME%R-HSA-5633007.5	REGULATION OF TP53 ACTIVITY%REACTOME%R-HSA-5633007.5		156	0.23276414	0.85589355	0.85782444	0.9329722	1.0	3032	tags=19%, list=20%, signal=23%	
POSITIVE REGULATION OF PEPTIDE HORMONE SECRETION%GOBP%GO:0090277	POSITIVE REGULATION OF PEPTIDE HORMONE SECRETION%GOBP%GO:0090277		51	0.27775553	0.85588247	0.7480545	0.9325994	1.0	2229	tags=18%, list=15%, signal=21%	
POSITIVE REGULATION OF GRANULOCYTE CHEMOTAXIS%GOBP%GO:0071624	POSITIVE REGULATION OF GRANULOCYTE CHEMOTAXIS%GOBP%GO:0071624		21	0.33349583	0.85520536	0.67874634	0.9337944	1.0	2607	tags=29%, list=17%, signal=35%	
POSITIVE REGULATION OF IMMUNOGLOBULIN PRODUCTION%GOBP%GO:0002639	POSITIVE REGULATION OF IMMUNOGLOBULIN PRODUCTION%GOBP%GO:0002639		35	0.2973597	0.85475516	0.71564883	0.9344618	1.0	1878	tags=14%, list=13%, signal=16%	
DIACYLGLYCEROL METABOLIC PROCESS%GOBP%GO:0046339	DIACYLGLYCEROL METABOLIC PROCESS%GOBP%GO:0046339		20	0.33266112	0.8546805	0.6828543	0.9342451	1.0	1310	tags=15%, list=9%, signal=16%	
NEGATIVE REGULATION OF CYTOKINE PRODUCTION INVOLVED IN INFLAMMATORY RESPONSE%GOBP%GO:1900016	NEGATIVE REGULATION OF CYTOKINE PRODUCTION INVOLVED IN INFLAMMATORY RESPONSE%GOBP%GO:1900016		24	0.32256088	0.8546081	0.68037385	0.9340115	1.0	2254	tags=21%, list=15%, signal=24%	
PID_THROMBIN_PAR1_PATHWAY%MSIGDB_C2%PID_THROMBIN_PAR1_PATHWAY	PID_THROMBIN_PAR1_PATHWAY%MSIGDB_C2%PID_THROMBIN_PAR1_PATHWAY		28	0.31123006	0.8544946	0.7027804	0.93387973	1.0	1835	tags=18%, list=12%, signal=20%	
IMMUNE SYSTEM DEVELOPMENT%GOBP%GO:0002520	IMMUNE SYSTEM DEVELOPMENT%GOBP%GO:0002520		73	0.25765866	0.85384536	0.74772954	0.9349916	1.0	2459	tags=16%, list=16%, signal=20%	
POSITIVE REGULATION OF PEPTIDE SECRETION%GOBP%GO:0002793	POSITIVE REGULATION OF PEPTIDE SECRETION%GOBP%GO:0002793		51	0.27775553	0.8536571	0.74127907	0.9350505	1.0	2229	tags=18%, list=15%, signal=21%	
POSITIVE REGULATION OF BIOMINERAL TISSUE DEVELOPMENT%GOBP%GO:0070169	POSITIVE REGULATION OF BIOMINERAL TISSUE DEVELOPMENT%GOBP%GO:0070169		41	0.29032862	0.85340434	0.7224449	0.9352434	1.0	2570	tags=27%, list=17%, signal=32%	
NEGATIVE REGULATION OF PROTEIN KINASE ACTIVITY%GOBP%GO:0006469	NEGATIVE REGULATION OF PROTEIN KINASE ACTIVITY%GOBP%GO:0006469		62	0.26530254	0.8532294	0.7732558	0.9352427	1.0	225	tags=6%, list=1%, signal=7%	
ALPHA6BETA4INTEGRIN%IOB%ALPHA6BETA4INTEGRIN	ALPHA6BETA4INTEGRIN%IOB%ALPHA6BETA4INTEGRIN		48	0.28164807	0.8522123	0.7487587	0.93720424	1.0	2335	tags=21%, list=16%, signal=25%	
POSITIVE REGULATION OF PEPTIDYL-SERINE PHOSPHORYLATION%GOBP%GO:0033138	POSITIVE REGULATION OF PEPTIDYL-SERINE PHOSPHORYLATION%GOBP%GO:0033138		20	0.33622995	0.8518842	0.6747809	0.9375369	1.0	2625	tags=25%, list=17%, signal=30%	
ANAPHASE-PROMOTING COMPLEX-DEPENDENT CATABOLIC PROCESS%GOBP%GO:0031145	ANAPHASE-PROMOTING COMPLEX-DEPENDENT CATABOLIC PROCESS%GOBP%GO:0031145		22	0.32636675	0.8514261	0.67897433	0.9381736	1.0	1853	tags=14%, list=12%, signal=16%	
POTENTIAL THERAPEUTICS FOR SARS%REACTOME%R-HSA-9679191.5	POTENTIAL THERAPEUTICS FOR SARS%REACTOME%R-HSA-9679191.5		89	0.25175717	0.8510415	0.8009804	0.93866765	1.0	2368	tags=17%, list=16%, signal=20%	
POSITIVE REGULATION OF MITOTIC NUCLEAR DIVISION%GOBP%GO:0045840	POSITIVE REGULATION OF MITOTIC NUCLEAR DIVISION%GOBP%GO:0045840		34	0.29751298	0.8505185	0.70970875	0.9394871	1.0	1842	tags=15%, list=12%, signal=17%	
LIGAND-GATED ION CHANNEL SIGNALING PATHWAY%GOBP%GO:1990806	LIGAND-GATED ION CHANNEL SIGNALING PATHWAY%GOBP%GO:1990806		17	0.3459817	0.85047895	0.6875	0.93917793	1.0	864	tags=18%, list=6%, signal=19%	
GLUTAMATE METABOLIC PROCESS%GOBP%GO:0006536	GLUTAMATE METABOLIC PROCESS%GOBP%GO:0006536		15	0.3542818	0.8503461	0.6716698	0.93907326	1.0	979	tags=13%, list=7%, signal=14%	
RESPONSE TO AXON INJURY%GOBP%GO:0048678	RESPONSE TO AXON INJURY%GOBP%GO:0048678		19	0.3383719	0.8503108	0.697556	0.9387524	1.0	811	tags=11%, list=5%, signal=11%	
INTESTINAL ABSORPTION%GOBP%GO:0050892	INTESTINAL ABSORPTION%GOBP%GO:0050892		17	0.3535369	0.8501391	0.6777669	0.9387289	1.0	2674	tags=35%, list=18%, signal=43%	
PID_CD8_TCR_DOWNSTREAM_PATHWAY%MSIGDB_C2%PID_CD8_TCR_DOWNSTREAM_PATHWAY	PID_CD8_TCR_DOWNSTREAM_PATHWAY%MSIGDB_C2%PID_CD8_TCR_DOWNSTREAM_PATHWAY		43	0.28559005	0.84955734	0.7363281	0.9396447	1.0	1983	tags=19%, list=13%, signal=21%	
RAC PROTEIN SIGNAL TRANSDUCTION%GOBP%GO:0016601	RAC PROTEIN SIGNAL TRANSDUCTION%GOBP%GO:0016601		20	0.33698192	0.8494054	0.6906404	0.93958426	1.0	1773	tags=25%, list=12%, signal=28%	
NEGATIVE REGULATION OF PROTEOLYSIS%GOBP%GO:0045861	NEGATIVE REGULATION OF PROTEOLYSIS%GOBP%GO:0045861		38	0.29109076	0.84905505	0.73459244	0.9399807	1.0	3808	tags=39%, list=25%, signal=53%	
REGULATION OF CELL CYCLE G2/M PHASE TRANSITION%GOBP%GO:1902749	REGULATION OF CELL CYCLE G2/M PHASE TRANSITION%GOBP%GO:1902749		94	0.24585049	0.8483239	0.8191593	0.9412677	1.0	4227	tags=27%, list=28%, signal=37%	
SYNTHESIS OF CERAMIDES AND 1 DEOXYCERAMIDES%WIKIPATHWAYS_20260211%WP5194%HOMO SAPIENS	SYNTHESIS OF CERAMIDES AND 1 DEOXYCERAMIDES%WIKIPATHWAYS_20260211%WP5194%HOMO SAPIENS		16	0.35482487	0.84710866	0.68563163	0.94361657	1.0	2238	tags=31%, list=15%, signal=37%	
PEPTIDYL-SERINE PHOSPHORYLATION%GOBP%GO:0018105	PEPTIDYL-SERINE PHOSPHORYLATION%GOBP%GO:0018105		36	0.29109806	0.84702015	0.72825027	0.943404	1.0	4060	tags=36%, list=27%, signal=49%	
REGULATION OF ACTIN FILAMENT BUNDLE ASSEMBLY%GOBP%GO:0032231	REGULATION OF ACTIN FILAMENT BUNDLE ASSEMBLY%GOBP%GO:0032231		80	0.25100368	0.84689045	0.81184334	0.9432999	1.0	2256	tags=16%, list=15%, signal=19%	
FAS SIGNALING PATHWAY ( CD95 )%PATHWHIZ%PW070709	FAS SIGNALING PATHWAY ( CD95 )%PATHWHIZ%PW070709		30	0.30723372	0.84645736	0.7070506	0.9438881	1.0	2330	tags=17%, list=16%, signal=20%	
VASCULAR ENDOTHELIAL GROWTH FACTOR RECEPTOR SIGNALING PATHWAY%GOBP%GO:0048010	VASCULAR ENDOTHELIAL GROWTH FACTOR RECEPTOR SIGNALING PATHWAY%GOBP%GO:0048010		29	0.3083089	0.8462053	0.6900296	0.9440551	1.0	526	tags=7%, list=4%, signal=7%	
RHO GTPASES ACTIVATE PKNS%REACTOME%R-HSA-5625740.3	RHO GTPASES ACTIVATE PKNS%REACTOME%R-HSA-5625740.3		45	0.2795662	0.84601283	0.7375	0.9440991	1.0	3445	tags=27%, list=23%, signal=35%	
REGULATION OF NUCLEOTIDE-EXCISION REPAIR%GOBP%GO:2000819	REGULATION OF NUCLEOTIDE-EXCISION REPAIR%GOBP%GO:2000819		27	0.30914232	0.84566104	0.7075099	0.94449383	1.0	2824	tags=26%, list=19%, signal=32%	
CELL CYCLE CHECKPOINT SIGNALING%GOBP%GO:0000075	CELL CYCLE CHECKPOINT SIGNALING%GOBP%GO:0000075		139	0.23342176	0.8455968	0.86213785	0.9442327	1.0	3175	tags=19%, list=21%, signal=23%	
INSULIN IGF PATHWAY-PROTEIN KINASE B SIGNALING CASCADE%PANTHER PATHWAY%P00033	INSULIN IGF PATHWAY-PROTEIN KINASE B SIGNALING CASCADE%PANTHER PATHWAY%P00033		17	0.34917712	0.8454365	0.68085104	0.9442008	1.0	2642	tags=35%, list=18%, signal=43%	
TNFR1-INDUCED PROAPOPTOTIC SIGNALING%REACTOME%R-HSA-5357786.6	TNFR1-INDUCED PROAPOPTOTIC SIGNALING%REACTOME%R-HSA-5357786.6		25	0.31694466	0.84514093	0.703629	0.9444739	1.0	1705	tags=16%, list=11%, signal=18%	
NEGATIVE REGULATION OF LEUKOCYTE APOPTOTIC PROCESS%GOBP%GO:2000107	NEGATIVE REGULATION OF LEUKOCYTE APOPTOTIC PROCESS%GOBP%GO:2000107		27	0.3122024	0.84465146	0.6945274	0.9451657	1.0	3093	tags=33%, list=21%, signal=42%	
REGULATION OF CELL CYCLE PHASE TRANSITION%GOBP%GO:1901987	REGULATION OF CELL CYCLE PHASE TRANSITION%GOBP%GO:1901987		381	0.21076718	0.8444955	0.9701493	0.9451242	1.0	3044	tags=20%, list=20%, signal=24%	
PARKIN UBIQUITIN PROTEASOMAL SYSTEM PATHWAY%WIKIPATHWAYS_20260211%WP2359%HOMO SAPIENS	PARKIN UBIQUITIN PROTEASOMAL SYSTEM PATHWAY%WIKIPATHWAYS_20260211%WP2359%HOMO SAPIENS		44	0.27858102	0.8441121	0.7328897	0.9455875	1.0	2257	tags=16%, list=15%, signal=19%	
SEX-CHROMOSOME DOSAGE COMPENSATION%GOBP%GO:0007549	SEX-CHROMOSOME DOSAGE COMPENSATION%GOBP%GO:0007549		15	0.3550953	0.84411126	0.69269776	0.9451898	1.0	4950	tags=47%, list=33%, signal=70%	
ACETAMINOPHEN METABOLISM PATHWAY%PATHWHIZ%PW000616	ACETAMINOPHEN METABOLISM PATHWAY%PATHWHIZ%PW000616		22	0.32648465	0.84387034	0.70974153	0.9453271	1.0	4153	tags=45%, list=28%, signal=63%	
RESOLUTION OF SISTER CHROMATID COHESION%REACTOME%R-HSA-2500257.7	RESOLUTION OF SISTER CHROMATID COHESION%REACTOME%R-HSA-2500257.7		104	0.24425234	0.8438046	0.8266283	0.94506973	1.0	4863	tags=28%, list=32%, signal=41%	
HALLMARK_MITOTIC_SPINDLE%MSIGDBHALLMARK%HALLMARK_MITOTIC_SPINDLE	HALLMARK_MITOTIC_SPINDLE%MSIGDBHALLMARK%HALLMARK_MITOTIC_SPINDLE		151	0.23160423	0.84375644	0.8851149	0.94478464	1.0	2077	tags=14%, list=14%, signal=16%	
NEGATIVE REGULATION OF LIPID STORAGE%GOBP%GO:0010888	NEGATIVE REGULATION OF LIPID STORAGE%GOBP%GO:0010888		16	0.35190323	0.84370625	0.67919075	0.9445009	1.0	1343	tags=13%, list=9%, signal=14%	
CD209 (DC-SIGN) SIGNALING%REACTOME DATABASE ID RELEASE 95%5621575	CD209 (DC-SIGN) SIGNALING%REACTOME DATABASE ID RELEASE 95%5621575		19	0.3410327	0.843484	0.6917073	0.9445848	1.0	139	tags=5%, list=1%, signal=5%	
DEADENYLATION OF MRNA%REACTOME DATABASE ID RELEASE 95%429947	DEADENYLATION OF MRNA%REACTOME DATABASE ID RELEASE 95%429947		25	0.31669393	0.8433401	0.7131313	0.9444995	1.0	1736	tags=16%, list=12%, signal=18%	
ADP SIGNALLING THROUGH P2Y PURINOCEPTOR 1%REACTOME DATABASE ID RELEASE 95%418592	ADP SIGNALLING THROUGH P2Y PURINOCEPTOR 1%REACTOME DATABASE ID RELEASE 95%418592		19	0.33610654	0.8426593	0.70090634	0.9456362	1.0	1844	tags=26%, list=12%, signal=30%	
PARKINSON DISEASE%PANTHER PATHWAY%P00049	PARKINSON DISEASE%PANTHER PATHWAY%P00049		43	0.27904004	0.84264374	0.73939395	0.9452706	1.0	2335	tags=23%, list=16%, signal=27%	
PEPTIDYL-SERINE MODIFICATION%GOBP%GO:0018209	PEPTIDYL-SERINE MODIFICATION%GOBP%GO:0018209		37	0.29100445	0.8412776	0.7106855	0.9478771	1.0	4060	tags=35%, list=27%, signal=48%	
REGULATION OF G2/M TRANSITION OF MITOTIC CELL CYCLE%GOBP%GO:0010389	REGULATION OF G2/M TRANSITION OF MITOTIC CELL CYCLE%GOBP%GO:0010389		85	0.24791422	0.8412593	0.8083164	0.9475229	1.0	4227	tags=27%, list=28%, signal=37%	
OVARIAN FOLLICLE DEVELOPMENT%GOBP%GO:0001541	OVARIAN FOLLICLE DEVELOPMENT%GOBP%GO:0001541		18	0.3429542	0.8409549	0.6904523	0.9478018	1.0	2835	tags=22%, list=19%, signal=27%	
PID_HIV_NEF_PATHWAY%MSIGDB_C2%PID_HIV_NEF_PATHWAY	PID_HIV_NEF_PATHWAY%MSIGDB_C2%PID_HIV_NEF_PATHWAY		28	0.3065923	0.8409219	0.72754794	0.9474789	1.0	2663	tags=21%, list=18%, signal=26%	
NUCLEAR SIGNALING BY ERBB4%REACTOME%R-HSA-1251985.7	NUCLEAR SIGNALING BY ERBB4%REACTOME%R-HSA-1251985.7		29	0.30583638	0.8404477	0.7211635	0.9481452	1.0	2999	tags=31%, list=20%, signal=39%	
TH17 CELL DIFFERENTIATION PATHWAY%WIKIPATHWAYS_20260211%WP5130%HOMO SAPIENS	TH17 CELL DIFFERENTIATION PATHWAY%WIKIPATHWAYS_20260211%WP5130%HOMO SAPIENS		51	0.27142552	0.8400269	0.77187806	0.94866425	1.0	2111	tags=22%, list=14%, signal=25%	
REGULATION OF TUBE DIAMETER%GOBP%GO:0035296	REGULATION OF TUBE DIAMETER%GOBP%GO:0035296		64	0.2597374	0.83981806	0.7721022	0.94873077	1.0	1610	tags=16%, list=11%, signal=17%	
BLOOD VESSEL DIAMETER MAINTENANCE%GOBP%GO:0097746	BLOOD VESSEL DIAMETER MAINTENANCE%GOBP%GO:0097746		64	0.2597374	0.8393001	0.78838176	0.94944346	1.0	1610	tags=16%, list=11%, signal=17%	
AUTOPHAGOSOME ORGANIZATION%GOBP%GO:1905037	AUTOPHAGOSOME ORGANIZATION%GOBP%GO:1905037		71	0.2575983	0.8391146	0.8027079	0.9494434	1.0	1161	tags=10%, list=8%, signal=11%	
AMINOGLYCAN BIOSYNTHETIC PROCESS%GOBP%GO:0006023	AMINOGLYCAN BIOSYNTHETIC PROCESS%GOBP%GO:0006023		27	0.3105916	0.8389159	0.71198386	0.9494943	1.0	2596	tags=37%, list=17%, signal=45%	
SPINDLE ORGANIZATION%GOBP%GO:0007051	SPINDLE ORGANIZATION%GOBP%GO:0007051		142	0.23017062	0.83847636	0.8757225	0.9500588	1.0	3227	tags=21%, list=21%, signal=27%	
REGULATION OF MACROPHAGE MIGRATION%GOBP%GO:1905521	REGULATION OF MACROPHAGE MIGRATION%GOBP%GO:1905521		31	0.30003944	0.8384673	0.73263556	0.9496797	1.0	2495	tags=23%, list=17%, signal=27%	
LYMPHOCYTE CHEMOTAXIS%GOBP%GO:0048247	LYMPHOCYTE CHEMOTAXIS%GOBP%GO:0048247		19	0.33761182	0.8371279	0.70571154	0.95214146	1.0	1339	tags=21%, list=9%, signal=23%	
FOXO-MEDIATED TRANSCRIPTION OF OXIDATIVE STRESS, METABOLIC AND NEURONAL GENES%REACTOME DATABASE ID RELEASE 95%9615017	FOXO-MEDIATED TRANSCRIPTION OF OXIDATIVE STRESS, METABOLIC AND NEURONAL GENES%REACTOME DATABASE ID RELEASE 95%9615017		24	0.31692868	0.836853	0.71290946	0.952349	1.0	3097	tags=38%, list=21%, signal=47%	
REGULATION OF DNA REPAIR%GOBP%GO:0006282	REGULATION OF DNA REPAIR%GOBP%GO:0006282		207	0.22213732	0.8363785	0.9129594	0.95295984	1.0	3297	tags=21%, list=22%, signal=26%	
REGULATION OF TUBE SIZE%GOBP%GO:0035150	REGULATION OF TUBE SIZE%GOBP%GO:0035150		64	0.2597374	0.83590025	0.79273087	0.95358753	1.0	1610	tags=16%, list=11%, signal=17%	
ESTROGEN-DEPENDENT NUCLEAR EVENTS DOWNSTREAM OF ESR-MEMBRANE SIGNALING%REACTOME DATABASE ID RELEASE 95%9634638	ESTROGEN-DEPENDENT NUCLEAR EVENTS DOWNSTREAM OF ESR-MEMBRANE SIGNALING%REACTOME DATABASE ID RELEASE 95%9634638		23	0.32393724	0.8348724	0.72755104	0.95539886	1.0	2827	tags=30%, list=19%, signal=37%	
PRE-NOTCH EXPRESSION AND PROCESSING%REACTOME DATABASE ID RELEASE 95%1912422	PRE-NOTCH EXPRESSION AND PROCESSING%REACTOME DATABASE ID RELEASE 95%1912422		63	0.26042014	0.8347952	0.7904667	0.9551635	1.0	3445	tags=25%, list=23%, signal=33%	
REGULATION OF IMMUNOGLOBULIN PRODUCTION%GOBP%GO:0002637	REGULATION OF IMMUNOGLOBULIN PRODUCTION%GOBP%GO:0002637		42	0.27891093	0.8345809	0.7532598	0.9552315	1.0	1878	tags=14%, list=13%, signal=16%	
IL11 SIGNALING%WIKIPATHWAYS_20260211%WP2332%HOMO SAPIENS	IL11 SIGNALING%WIKIPATHWAYS_20260211%WP2332%HOMO SAPIENS		37	0.28704295	0.83377373	0.74950886	0.95653373	1.0	558	tags=8%, list=4%, signal=8%	
REGULATION OF DNA RECOMBINATION%GOBP%GO:0000018	REGULATION OF DNA RECOMBINATION%GOBP%GO:0000018		110	0.2338932	0.8337029	0.86913085	0.95630264	1.0	3194	tags=19%, list=21%, signal=24%	
NEGATIVE REGULATION OF CALCIUM ION TRANSMEMBRANE TRANSPORT%GOBP%GO:1903170	NEGATIVE REGULATION OF CALCIUM ION TRANSMEMBRANE TRANSPORT%GOBP%GO:1903170		24	0.31562996	0.83335555	0.710819	0.9566276	1.0	1646	tags=17%, list=11%, signal=19%	
IL2 SIGNALING EVENTS MEDIATED BY STAT5%PATHWAY INTERACTION DATABASE NCI-NATURE CURATED DATA%IL2 SIGNALING EVENTS MEDIATED BY STAT5	IL2 SIGNALING EVENTS MEDIATED BY STAT5%PATHWAY INTERACTION DATABASE NCI-NATURE CURATED DATA%IL2 SIGNALING EVENTS MEDIATED BY STAT5		27	0.30449829	0.8321627	0.7313576	0.95875406	1.0	2262	tags=26%, list=15%, signal=30%	
SIGNALING BY TYPE 1 INSULIN-LIKE GROWTH FACTOR 1 RECEPTOR (IGF1R)%REACTOME DATABASE ID RELEASE 95%2404192	SIGNALING BY TYPE 1 INSULIN-LIKE GROWTH FACTOR 1 RECEPTOR (IGF1R)%REACTOME DATABASE ID RELEASE 95%2404192		31	0.29939812	0.83199644	0.71750253	0.9587042	1.0	2458	tags=32%, list=16%, signal=38%	
CADMIUM INDUCES DNA SYNTHESIS AND PROLIFERATION IN MACROPHAGES%SMPDB%SMP0063805	CADMIUM INDUCES DNA SYNTHESIS AND PROLIFERATION IN MACROPHAGES%SMPDB%SMP0063805		15	0.34987786	0.83195794	0.6919386	0.9583849	1.0	2259	tags=20%, list=15%, signal=24%	
POSITIVE REGULATION OF DOUBLE-STRAND BREAK REPAIR%GOBP%GO:2000781	POSITIVE REGULATION OF DOUBLE-STRAND BREAK REPAIR%GOBP%GO:2000781		91	0.24337894	0.83187896	0.84329087	0.95814437	1.0	3121	tags=21%, list=21%, signal=26%	
ABC TRANSPORTERS IN LIPID HOMEOSTASIS%REACTOME DATABASE ID RELEASE 95%1369062	ABC TRANSPORTERS IN LIPID HOMEOSTASIS%REACTOME DATABASE ID RELEASE 95%1369062		16	0.34576067	0.83174133	0.70652175	0.9580343	1.0	1963	tags=25%, list=13%, signal=29%	
TISSUE MIGRATION%GOBP%GO:0090130	TISSUE MIGRATION%GOBP%GO:0090130		22	0.3230183	0.83150303	0.70547944	0.95813674	1.0	2745	tags=27%, list=18%, signal=33%	
NOTCH%NETPATH%NOTCH	NOTCH%NETPATH%NOTCH		44	0.2727493	0.831252	0.76682925	0.95827675	1.0	736	tags=9%, list=5%, signal=10%	
NEGATIVE REGULATION OF ENDOCYTOSIS%GOBP%GO:0045806	NEGATIVE REGULATION OF ENDOCYTOSIS%GOBP%GO:0045806		52	0.26382402	0.8311579	0.78746325	0.95807475	1.0	1523	tags=15%, list=10%, signal=17%	
PID_PS1_PATHWAY%MSIGDB_C2%PID_PS1_PATHWAY	PID_PS1_PATHWAY%MSIGDB_C2%PID_PS1_PATHWAY		36	0.28804493	0.8306601	0.7397522	0.9587167	1.0	1640	tags=14%, list=11%, signal=16%	
INTRINSIC APOPTOTIC SIGNALING PATHWAY BY P53 CLASS MEDIATOR%GOBP%GO:0072332	INTRINSIC APOPTOTIC SIGNALING PATHWAY BY P53 CLASS MEDIATOR%GOBP%GO:0072332		36	0.28606153	0.83062035	0.74848485	0.95840174	1.0	2241	tags=28%, list=15%, signal=33%	
FEMALE SEX DIFFERENTIATION%GOBP%GO:0046660	FEMALE SEX DIFFERENTIATION%GOBP%GO:0046660		32	0.293544	0.8303679	0.7413088	0.95853645	1.0	2173	tags=19%, list=14%, signal=22%	
POSITIVE REGULATION OF INSULIN SECRETION%GOBP%GO:0032024	POSITIVE REGULATION OF INSULIN SECRETION%GOBP%GO:0032024		38	0.28384754	0.83025366	0.7711301	0.95836306	1.0	2229	tags=18%, list=15%, signal=22%	
TGF_BETA_RECEPTOR%NETPATH%TGF_BETA_RECEPTOR	TGF_BETA_RECEPTOR%NETPATH%TGF_BETA_RECEPTOR		111	0.2352333	0.83009875	0.86859906	0.9582912	1.0	4574	tags=33%, list=30%, signal=48%	
ANTIGEN PROCESSING AND PRESENTATION OF PEPTIDE OR POLYSACCHARIDE ANTIGEN VIA MHC CLASS II%GOBP%GO:0002504	ANTIGEN PROCESSING AND PRESENTATION OF PEPTIDE OR POLYSACCHARIDE ANTIGEN VIA MHC CLASS II%GOBP%GO:0002504		29	0.2999973	0.82986814	0.75124377	0.95836914	1.0	1363	tags=14%, list=9%, signal=15%	
POSITIVE REGULATION OF CELL-MATRIX ADHESION%GOBP%GO:0001954	POSITIVE REGULATION OF CELL-MATRIX ADHESION%GOBP%GO:0001954		44	0.27369103	0.8291924	0.7741331	0.95938	1.0	2515	tags=23%, list=17%, signal=27%	
DOWNSTREAM SIGNALING IN NAIVE CD8+ T CELLS%PATHWAY INTERACTION DATABASE NCI-NATURE CURATED DATA%DOWNSTREAM SIGNALING IN NAIVE CD8+ T CELLS	DOWNSTREAM SIGNALING IN NAIVE CD8+ T CELLS%PATHWAY INTERACTION DATABASE NCI-NATURE CURATED DATA%DOWNSTREAM SIGNALING IN NAIVE CD8+ T CELLS		49	0.27005002	0.8289697	0.7841797	0.95945126	1.0	2556	tags=20%, list=17%, signal=25%	
POSITIVE REGULATION OF LEUKOCYTE ADHESION TO VASCULAR ENDOTHELIAL CELL%GOBP%GO:1904996	POSITIVE REGULATION OF LEUKOCYTE ADHESION TO VASCULAR ENDOTHELIAL CELL%GOBP%GO:1904996		20	0.32866275	0.82806003	0.71428573	0.96092427	1.0	2838	tags=30%, list=19%, signal=37%	
CELLULAR RESPONSE TO OSMOTIC STRESS%GOBP%GO:0071470	CELLULAR RESPONSE TO OSMOTIC STRESS%GOBP%GO:0071470		34	0.29058182	0.8277706	0.75872386	0.96113056	1.0	2862	tags=32%, list=19%, signal=40%	
DOSAGE COMPENSATION BY INACTIVATION OF X CHROMOSOME%GOBP%GO:0009048	DOSAGE COMPENSATION BY INACTIVATION OF X CHROMOSOME%GOBP%GO:0009048		15	0.3550953	0.82721096	0.7241706	0.9618858	1.0	4950	tags=47%, list=33%, signal=70%	
POSITIVE REGULATION OF MRNA METABOLIC PROCESS%GOBP%GO:1903313	POSITIVE REGULATION OF MRNA METABOLIC PROCESS%GOBP%GO:1903313		110	0.23365343	0.82688713	0.8803502	0.9621492	1.0	4198	tags=30%, list=28%, signal=41%	
SIGNAL AMPLIFICATION%REACTOME%R-HSA-392518.3	SIGNAL AMPLIFICATION%REACTOME%R-HSA-392518.3		26	0.30642146	0.8268809	0.7414141	0.96176445	1.0	1844	tags=19%, list=12%, signal=22%	
PLATELET AGGREGATION%GOBP%GO:0070527	PLATELET AGGREGATION%GOBP%GO:0070527		34	0.2900755	0.826439	0.76147705	0.9622603	1.0	1609	tags=12%, list=11%, signal=13%	
REPLICATION FORK PROCESSING%GOBP%GO:0031297	REPLICATION FORK PROCESSING%GOBP%GO:0031297		57	0.2599453	0.82621044	0.8056872	0.9623345	1.0	4104	tags=30%, list=27%, signal=41%	
POSITIVE REGULATION OF CD4-POSITIVE, ALPHA-BETA T CELL ACTIVATION%GOBP%GO:2000516	POSITIVE REGULATION OF CD4-POSITIVE, ALPHA-BETA T CELL ACTIVATION%GOBP%GO:2000516		32	0.28947425	0.82556546	0.75769234	0.96325386	1.0	1690	tags=16%, list=11%, signal=18%	
GLUCAN METABOLIC PROCESS%GOBP%GO:0044042	GLUCAN METABOLIC PROCESS%GOBP%GO:0044042		33	0.29129252	0.82521373	0.75980395	0.96356326	1.0	1250	tags=15%, list=8%, signal=16%	
NEGATIVE REGULATION OF BINDING%GOBP%GO:0051100	NEGATIVE REGULATION OF BINDING%GOBP%GO:0051100		33	0.29175544	0.8251812	0.7566288	0.96322626	1.0	2001	tags=15%, list=13%, signal=17%	
SIGNALING BY ERBB2 IN CANCER%REACTOME DATABASE ID RELEASE 95%1227990	SIGNALING BY ERBB2 IN CANCER%REACTOME DATABASE ID RELEASE 95%1227990		22	0.31373298	0.8250005	0.72613305	0.9631973	1.0	2999	tags=32%, list=20%, signal=40%	
EPHA FORWARD SIGNALING%PATHWAY INTERACTION DATABASE NCI-NATURE CURATED DATA%EPHA FORWARD SIGNALING	EPHA FORWARD SIGNALING%PATHWAY INTERACTION DATABASE NCI-NATURE CURATED DATA%EPHA FORWARD SIGNALING		29	0.30232444	0.82466567	0.7286528	0.9634811	1.0	1376	tags=17%, list=9%, signal=19%	
POSITIVE REGULATION OF ATP METABOLIC PROCESS%GOBP%GO:1903580	POSITIVE REGULATION OF ATP METABOLIC PROCESS%GOBP%GO:1903580		26	0.30163708	0.8235318	0.7414966	0.96536684	1.0	1169	tags=12%, list=8%, signal=12%	
POSITIVE REGULATION OF SUBSTRATE ADHESION-DEPENDENT CELL SPREADING%GOBP%GO:1900026	POSITIVE REGULATION OF SUBSTRATE ADHESION-DEPENDENT CELL SPREADING%GOBP%GO:1900026		32	0.29182416	0.8231477	0.7641879	0.96573514	1.0	1709	tags=19%, list=11%, signal=21%	
KRABBE DISEASE%PATHWHIZ%PW000502	KRABBE DISEASE%PATHWHIZ%PW000502		21	0.31648296	0.82272094	0.72727275	0.9661941	1.0	50	tags=5%, list=0%, signal=5%	
PID_RET_PATHWAY%MSIGDB_C2%PID_RET_PATHWAY	PID_RET_PATHWAY%MSIGDB_C2%PID_RET_PATHWAY		30	0.29093012	0.8227028	0.73986155	0.9658295	1.0	2037	tags=23%, list=14%, signal=27%	
HALLMARK_WNT_BETA_CATENIN_SIGNALING%MSIGDBHALLMARK%HALLMARK_WNT_BETA_CATENIN_SIGNALING	HALLMARK_WNT_BETA_CATENIN_SIGNALING%MSIGDBHALLMARK%HALLMARK_WNT_BETA_CATENIN_SIGNALING		30	0.29661295	0.82259595	0.7579557	0.9656423	1.0	1597	tags=17%, list=11%, signal=19%	
NEGATIVE REGULATION OF JNK CASCADE%GOBP%GO:0046329	NEGATIVE REGULATION OF JNK CASCADE%GOBP%GO:0046329		33	0.28764236	0.8225216	0.7656566	0.965389	1.0	1980	tags=18%, list=13%, signal=21%	
INTRACILIARY RETROGRADE TRANSPORT%GOBP%GO:0035721	INTRACILIARY RETROGRADE TRANSPORT%GOBP%GO:0035721		19	0.32408857	0.8224408	0.7320574	0.96514946	1.0	4211	tags=53%, list=28%, signal=73%	
NEGATIVE REGULATION OF CELL CYCLE%GOBP%GO:0045786	NEGATIVE REGULATION OF CELL CYCLE%GOBP%GO:0045786		283	0.20999564	0.82243687	0.9694657	0.96476007	1.0	3227	tags=21%, list=21%, signal=26%	
METAPHASE CHROMOSOME ALIGNMENT%GOBP%GO:0051310	METAPHASE CHROMOSOME ALIGNMENT%GOBP%GO:0051310		81	0.24598394	0.82228225	0.8365095	0.96466804	1.0	2219	tags=12%, list=15%, signal=14%	
GLOBOID CELL LEUKODYSTROPHY%PATHWHIZ%PW000202	GLOBOID CELL LEUKODYSTROPHY%PATHWHIZ%PW000202		21	0.31648296	0.82211614	0.7354125	0.96460706	1.0	50	tags=5%, list=0%, signal=5%	
REGULATION OF INTEGRIN-MEDIATED SIGNALING PATHWAY%GOBP%GO:2001044	REGULATION OF INTEGRIN-MEDIATED SIGNALING PATHWAY%GOBP%GO:2001044		22	0.31360933	0.82193524	0.73552126	0.96459895	1.0	4110	tags=45%, list=27%, signal=62%	
POSITIVE REGULATION OF DNA REPAIR%GOBP%GO:0045739	POSITIVE REGULATION OF DNA REPAIR%GOBP%GO:0045739		119	0.23113804	0.8212585	0.888434	0.96552575	1.0	3220	tags=21%, list=21%, signal=27%	
NUCLEAR ENVELOPE (NE) REASSEMBLY%REACTOME DATABASE ID RELEASE 95%2995410	NUCLEAR ENVELOPE (NE) REASSEMBLY%REACTOME DATABASE ID RELEASE 95%2995410		61	0.2576151	0.8205735	0.8183594	0.9664897	1.0	457	tags=5%, list=3%, signal=5%	
APOPTOTIC FACTOR-MEDIATED RESPONSE%REACTOME DATABASE ID RELEASE 95%111471	APOPTOTIC FACTOR-MEDIATED RESPONSE%REACTOME DATABASE ID RELEASE 95%111471		19	0.32256988	0.8198875	0.73197967	0.9674736	1.0	2330	tags=21%, list=16%, signal=25%	
CELLULAR RESPONSE TO NUTRIENT LEVELS%GOBP%GO:0031669	CELLULAR RESPONSE TO NUTRIENT LEVELS%GOBP%GO:0031669		178	0.21793151	0.81945956	0.93507755	0.9679435	1.0	2374	tags=17%, list=16%, signal=20%	
SEMA4D INDUCED CELL MIGRATION AND GROWTH-CONE COLLAPSE%REACTOME DATABASE ID RELEASE 95%416572	SEMA4D INDUCED CELL MIGRATION AND GROWTH-CONE COLLAPSE%REACTOME DATABASE ID RELEASE 95%416572		20	0.3202073	0.81901747	0.7209524	0.9684023	1.0	799	tags=10%, list=5%, signal=11%	
HDACS DEACETYLATE HISTONES%REACTOME DATABASE ID RELEASE 95%3214815	HDACS DEACETYLATE HISTONES%REACTOME DATABASE ID RELEASE 95%3214815		43	0.27216807	0.81886345	0.7905605	0.9683006	1.0	3445	tags=26%, list=23%, signal=33%	
SLC-MEDIATED TRANSPORT OF INORGANIC ANIONS%REACTOME%R-HSA-9958790.2	SLC-MEDIATED TRANSPORT OF INORGANIC ANIONS%REACTOME%R-HSA-9958790.2		23	0.31770495	0.818493	0.7336024	0.9686226	1.0	312	tags=9%, list=2%, signal=9%	
INTERLEUKIN-7 SIGNALING%REACTOME DATABASE ID RELEASE 95%1266695	INTERLEUKIN-7 SIGNALING%REACTOME DATABASE ID RELEASE 95%1266695		20	0.3199855	0.81838644	0.72417253	0.96842664	1.0	3033	tags=30%, list=20%, signal=38%	
CARDIAC CONDUCTION SYSTEM DEVELOPMENT%GOBP%GO:0003161	CARDIAC CONDUCTION SYSTEM DEVELOPMENT%GOBP%GO:0003161		26	0.30021584	0.81808597	0.76861167	0.9686211	1.0	4683	tags=46%, list=31%, signal=67%	
DISEASES OF MITOTIC CELL CYCLE%REACTOME%R-HSA-9675126.4	DISEASES OF MITOTIC CELL CYCLE%REACTOME%R-HSA-9675126.4		38	0.27965984	0.8178425	0.78333336	0.9686914	1.0	2085	tags=16%, list=14%, signal=18%	
NEUROTRANSMITTER RELEASE CYCLE%REACTOME%R-HSA-112310.8	NEUROTRANSMITTER RELEASE CYCLE%REACTOME%R-HSA-112310.8		42	0.27040854	0.81758475	0.8057769	0.9688097	1.0	3390	tags=33%, list=23%, signal=43%	
POSITIVE REGULATION OF NUCLEOTIDE METABOLIC PROCESS%GOBP%GO:0045981	POSITIVE REGULATION OF NUCLEOTIDE METABOLIC PROCESS%GOBP%GO:0045981		26	0.30163708	0.8175466	0.73930347	0.9684869	1.0	1169	tags=12%, list=8%, signal=12%	
TERMINATION OF O-GLYCAN BIOSYNTHESIS%REACTOME DATABASE ID RELEASE 95%977068	TERMINATION OF O-GLYCAN BIOSYNTHESIS%REACTOME DATABASE ID RELEASE 95%977068		18	0.32940477	0.8173847	0.73203886	0.9684037	1.0	4461	tags=44%, list=30%, signal=63%	
ERBB SIGNALING%WIKIPATHWAYS_20260211%WP673%HOMO SAPIENS	ERBB SIGNALING%WIKIPATHWAYS_20260211%WP673%HOMO SAPIENS		72	0.24703191	0.8172898	0.8401222	0.968194	1.0	3033	tags=24%, list=20%, signal=29%	
SIGNALING EVENTS REGULATED BY RET TYROSINE KINASE%PATHWAY INTERACTION DATABASE NCI-NATURE CURATED DATA%SIGNALING EVENTS REGULATED BY RET TYROSINE KINASE	SIGNALING EVENTS REGULATED BY RET TYROSINE KINASE%PATHWAY INTERACTION DATABASE NCI-NATURE CURATED DATA%SIGNALING EVENTS REGULATED BY RET TYROSINE KINASE		38	0.2809945	0.8170819	0.78118813	0.9681959	1.0	2037	tags=21%, list=14%, signal=24%	
REGULATION OF AMYLOID-BETA FORMATION%GOBP%GO:1902003	REGULATION OF AMYLOID-BETA FORMATION%GOBP%GO:1902003		33	0.28790766	0.81693923	0.764475	0.9680699	1.0	2763	tags=27%, list=18%, signal=33%	
SPHINGOLIPID METABOLISM%SMPDB%SMP0000034	SPHINGOLIPID METABOLISM%SMPDB%SMP0000034		21	0.31648296	0.8164329	0.74354064	0.9686602	1.0	50	tags=5%, list=0%, signal=5%	
N-GLYCAN PROCESSING%GOBP%GO:0006491	N-GLYCAN PROCESSING%GOBP%GO:0006491		20	0.32369506	0.81615764	0.7291262	0.96881384	1.0	2078	tags=20%, list=14%, signal=23%	
SIGNALING BY FGFR1%REACTOME DATABASE ID RELEASE 95%5654736	SIGNALING BY FGFR1%REACTOME DATABASE ID RELEASE 95%5654736		36	0.28155887	0.8160619	0.7944112	0.9686068	1.0	2458	tags=17%, list=16%, signal=20%	
PANCREATIC ADENOCARCINOMA PATHWAY%WIKIPATHWAYS_20260211%WP4263%HOMO SAPIENS	PANCREATIC ADENOCARCINOMA PATHWAY%WIKIPATHWAYS_20260211%WP4263%HOMO SAPIENS		67	0.25195038	0.8159678	0.8189911	0.96838385	1.0	579	tags=6%, list=4%, signal=6%	
BIOCARTA_RAC1_PATHWAY%MSIGDB_C2%BIOCARTA_RAC1_PATHWAY	BIOCARTA_RAC1_PATHWAY%MSIGDB_C2%BIOCARTA_RAC1_PATHWAY		17	0.33111194	0.81592196	0.7580488	0.9680813	1.0	4458	tags=41%, list=30%, signal=58%	
MITOTIC SPINDLE ORGANIZATION%GOBP%GO:0007052	MITOTIC SPINDLE ORGANIZATION%GOBP%GO:0007052		88	0.23740321	0.81572086	0.87664783	0.9680822	1.0	3193	tags=20%, list=21%, signal=26%	
PEPTIDYL-GLUTAMIC ACID MODIFICATION%GOBP%GO:0018200	PEPTIDYL-GLUTAMIC ACID MODIFICATION%GOBP%GO:0018200		15	0.34236234	0.815512	0.728866	0.96809417	1.0	2310	tags=27%, list=15%, signal=31%	
INTEGRATED CANCER PATHWAY%WIKIPATHWAYS_20260211%WP1971%HOMO SAPIENS	INTEGRATED CANCER PATHWAY%WIKIPATHWAYS_20260211%WP1971%HOMO SAPIENS		36	0.28477627	0.81469446	0.7747307	0.9693054	1.0	2684	tags=25%, list=18%, signal=30%	
GABA SYNTHESIS, RELEASE, REUPTAKE AND DEGRADATION%REACTOME%R-HSA-888590.3	GABA SYNTHESIS, RELEASE, REUPTAKE AND DEGRADATION%REACTOME%R-HSA-888590.3		15	0.34169155	0.8141688	0.7116751	0.9699406	1.0	1553	tags=20%, list=10%, signal=22%	
POSITIVE REGULATION OF PURINE NUCLEOTIDE METABOLIC PROCESS%GOBP%GO:1900544	POSITIVE REGULATION OF PURINE NUCLEOTIDE METABOLIC PROCESS%GOBP%GO:1900544		26	0.30163708	0.81395286	0.7573385	0.9699525	1.0	1169	tags=12%, list=8%, signal=12%	
SIGNALING BY ALK FUSIONS AND ACTIVATED POINT MUTANTS%REACTOME%R-HSA-9725370.3	SIGNALING BY ALK FUSIONS AND ACTIVATED POINT MUTANTS%REACTOME%R-HSA-9725370.3		85	0.24201843	0.8134491	0.86779326	0.9705188	1.0	2866	tags=21%, list=19%, signal=26%	
REGULATION OF NECROPTOTIC PROCESS%GOBP%GO:0060544	REGULATION OF NECROPTOTIC PROCESS%GOBP%GO:0060544		22	0.3077535	0.81306136	0.7534381	0.97086304	1.0	1705	tags=23%, list=11%, signal=26%	
FLUOROPYRIMIDINE ACTIVITY%WIKIPATHWAYS_20260211%WP1601%HOMO SAPIENS	FLUOROPYRIMIDINE ACTIVITY%WIKIPATHWAYS_20260211%WP1601%HOMO SAPIENS		25	0.30045572	0.81299394	0.74819404	0.9705908	1.0	1845	tags=16%, list=12%, signal=18%	
REGULATION OF INSULIN SECRETION INVOLVED IN CELLULAR RESPONSE TO GLUCOSE STIMULUS%GOBP%GO:0061178	REGULATION OF INSULIN SECRETION INVOLVED IN CELLULAR RESPONSE TO GLUCOSE STIMULUS%GOBP%GO:0061178		23	0.30996126	0.81288	0.73552126	0.9704086	1.0	2791	tags=30%, list=19%, signal=37%	
METACHROMATIC LEUKODYSTROPHY (MLD)%SMPDB%SMP0000347	METACHROMATIC LEUKODYSTROPHY (MLD)%SMPDB%SMP0000347		21	0.31648296	0.8128712	0.74737847	0.9700315	1.0	50	tags=5%, list=0%, signal=5%	
GAMMA CARBOXYLATION, HYPUSINYLATION, HYDROXYLATION, AND ARYLSULFATASE ACTIVATION%REACTOME DATABASE ID RELEASE 95%163841	GAMMA CARBOXYLATION, HYPUSINYLATION, HYDROXYLATION, AND ARYLSULFATASE ACTIVATION%REACTOME DATABASE ID RELEASE 95%163841		52	0.2583885	0.8128577	0.81311154	0.96966213	1.0	2040	tags=15%, list=14%, signal=18%	
SPHINGOLIPID CATABOLIC PROCESS%GOBP%GO:0030149	SPHINGOLIPID CATABOLIC PROCESS%GOBP%GO:0030149		33	0.28427488	0.8126474	0.7649903	0.96968037	1.0	707	tags=6%, list=5%, signal=6%	
FORMATION OF INCISION COMPLEX IN GG-NER%REACTOME%R-HSA-5696395.2	FORMATION OF INCISION COMPLEX IN GG-NER%REACTOME%R-HSA-5696395.2		41	0.27145305	0.81129164	0.7968597	0.9718208	1.0	2729	tags=24%, list=18%, signal=30%	
SIGNALING BY ALK IN CANCER%REACTOME%R-HSA-9700206.5	SIGNALING BY ALK IN CANCER%REACTOME%R-HSA-9700206.5		85	0.24201843	0.8112211	0.8614458	0.97155255	1.0	2866	tags=21%, list=19%, signal=26%	
BILE ACID AND BILE SALT TRANSPORT%GOBP%GO:0015721	BILE ACID AND BILE SALT TRANSPORT%GOBP%GO:0015721		25	0.30215776	0.81092405	0.76209277	0.9717167	1.0	556	tags=12%, list=4%, signal=12%	
BIOCARTA_CTLA4_PATHWAY%MSIGDB_C2%BIOCARTA_CTLA4_PATHWAY	BIOCARTA_CTLA4_PATHWAY%MSIGDB_C2%BIOCARTA_CTLA4_PATHWAY		16	0.3297054	0.8107816	0.7399411	0.97159374	1.0	2118	tags=13%, list=14%, signal=15%	
NETRIN-MEDIATED SIGNALING EVENTS%PATHWAY INTERACTION DATABASE NCI-NATURE CURATED DATA%NETRIN-MEDIATED SIGNALING EVENTS	NETRIN-MEDIATED SIGNALING EVENTS%PATHWAY INTERACTION DATABASE NCI-NATURE CURATED DATA%NETRIN-MEDIATED SIGNALING EVENTS		32	0.28795588	0.8106849	0.7750248	0.9713807	1.0	1411	tags=13%, list=9%, signal=14%	
APOPTOSIS MODULATION AND SIGNALING%WIKIPATHWAYS_20260211%WP1772%HOMO SAPIENS	APOPTOSIS MODULATION AND SIGNALING%WIKIPATHWAYS_20260211%WP1772%HOMO SAPIENS		74	0.24560003	0.8098247	0.8427184	0.9725833	1.0	2652	tags=23%, list=18%, signal=28%	
SIGNALING EVENTS MEDIATED BY PRL%PATHWAY INTERACTION DATABASE NCI-NATURE CURATED DATA%SIGNALING EVENTS MEDIATED BY PRL	SIGNALING EVENTS MEDIATED BY PRL%PATHWAY INTERACTION DATABASE NCI-NATURE CURATED DATA%SIGNALING EVENTS MEDIATED BY PRL		22	0.31382963	0.8097512	0.7507508	0.9723181	1.0	1503	tags=18%, list=10%, signal=20%	
BIOCARTA_NFKB_PATHWAY%MSIGDB_C2%BIOCARTA_NFKB_PATHWAY	BIOCARTA_NFKB_PATHWAY%MSIGDB_C2%BIOCARTA_NFKB_PATHWAY		20	0.31686687	0.8097149	0.7574257	0.97199464	1.0	2047	tags=20%, list=14%, signal=23%	
NEGATIVE REGULATION OF SYNAPTIC TRANSMISSION%GOBP%GO:0050805	NEGATIVE REGULATION OF SYNAPTIC TRANSMISSION%GOBP%GO:0050805		15	0.33957502	0.80921775	0.75683594	0.9725182	1.0	2094	tags=20%, list=14%, signal=23%	
RESPONSE TO ENDOPLASMIC RETICULUM STRESS%GOBP%GO:0034976	RESPONSE TO ENDOPLASMIC RETICULUM STRESS%GOBP%GO:0034976		196	0.21516289	0.80904955	0.9512922	0.97243756	1.0	2636	tags=19%, list=18%, signal=23%	
FABRY DISEASE%SMPDB%SMP0000525	FABRY DISEASE%SMPDB%SMP0000525		21	0.31648296	0.8088696	0.760804	0.97238255	1.0	50	tags=5%, list=0%, signal=5%	
MONOATOMIC ANION TRANSMEMBRANE TRANSPORT%GOBP%GO:0098656	MONOATOMIC ANION TRANSMEMBRANE TRANSPORT%GOBP%GO:0098656		53	0.25847954	0.80874056	0.8308751	0.97221726	1.0	4383	tags=34%, list=29%, signal=48%	
ANGIOPOIETIN RECEPTOR TIE2-MEDIATED SIGNALING%PATHWAY INTERACTION DATABASE NCI-NATURE CURATED DATA%ANGIOPOIETIN RECEPTOR TIE2-MEDIATED SIGNALING	ANGIOPOIETIN RECEPTOR TIE2-MEDIATED SIGNALING%PATHWAY INTERACTION DATABASE NCI-NATURE CURATED DATA%ANGIOPOIETIN RECEPTOR TIE2-MEDIATED SIGNALING		48	0.26829174	0.8085042	0.8032946	0.97224784	1.0	2262	tags=19%, list=15%, signal=22%	
S1P RECEPTOR SIGNAL TRANSDUCTION%WIKIPATHWAYS_20260211%WP26%HOMO SAPIENS	S1P RECEPTOR SIGNAL TRANSDUCTION%WIKIPATHWAYS_20260211%WP26%HOMO SAPIENS		20	0.32167023	0.8075778	0.74262464	0.9735551	1.0	1835	tags=15%, list=12%, signal=17%	
PURINE NUCLEOTIDE CATABOLIC PROCESS%GOBP%GO:0006195	PURINE NUCLEOTIDE CATABOLIC PROCESS%GOBP%GO:0006195		52	0.2596286	0.8071386	0.83697814	0.9739307	1.0	1036	tags=12%, list=7%, signal=12%	
DEACTIVATION OF THE BETA-CATENIN TRANSACTIVATING COMPLEX%REACTOME%R-HSA-3769402.5	DEACTIVATION OF THE BETA-CATENIN TRANSACTIVATING COMPLEX%REACTOME%R-HSA-3769402.5		42	0.27041683	0.8069477	0.82051283	0.97389805	1.0	2371	tags=21%, list=16%, signal=25%	
BIOCARTA_GPCR_PATHWAY%MSIGDB_C2%BIOCARTA_GPCR_PATHWAY	BIOCARTA_GPCR_PATHWAY%MSIGDB_C2%BIOCARTA_GPCR_PATHWAY		21	0.31365168	0.806833	0.76937985	0.9737035	1.0	1640	tags=19%, list=11%, signal=21%	
SIGNALING EVENTS MEDIATED BY HDAC CLASS III%PATHWAY INTERACTION DATABASE NCI-NATURE CURATED DATA%SIGNALING EVENTS MEDIATED BY HDAC CLASS III	SIGNALING EVENTS MEDIATED BY HDAC CLASS III%PATHWAY INTERACTION DATABASE NCI-NATURE CURATED DATA%SIGNALING EVENTS MEDIATED BY HDAC CLASS III		23	0.30757728	0.80679435	0.7711301	0.97338074	1.0	2695	tags=26%, list=18%, signal=32%	
REGULATION OF PROTEIN POLYUBIQUITINATION%GOBP%GO:1902914	REGULATION OF PROTEIN POLYUBIQUITINATION%GOBP%GO:1902914		24	0.30505538	0.8066242	0.7677678	0.97330093	1.0	2104	tags=17%, list=14%, signal=19%	
POSITIVE REGULATION OF ORGANELLE ORGANIZATION%GOBP%GO:0010638	POSITIVE REGULATION OF ORGANELLE ORGANIZATION%GOBP%GO:0010638		393	0.19914414	0.80626196	0.99224055	0.9735677	1.0	3244	tags=21%, list=22%, signal=26%	
GENITALIA DEVELOPMENT%GOBP%GO:0048806	GENITALIA DEVELOPMENT%GOBP%GO:0048806		15	0.338105	0.8061857	0.739553	0.9733125	1.0	1192	tags=27%, list=8%, signal=29%	
FEMALE GAMETE GENERATION%GOBP%GO:0007292	FEMALE GAMETE GENERATION%GOBP%GO:0007292		51	0.26115227	0.8061728	0.8183556	0.9729428	1.0	3026	tags=22%, list=20%, signal=27%	
ERBB SIGNALING PATHWAY%GOBP%GO:0038127	ERBB SIGNALING PATHWAY%GOBP%GO:0038127		60	0.25370014	0.80590457	0.8547264	0.9730333	1.0	2827	tags=23%, list=19%, signal=29%	
PEPTIDYL-LYSINE MODIFICATION%GOBP%GO:0018205	PEPTIDYL-LYSINE MODIFICATION%GOBP%GO:0018205		93	0.23669037	0.8057492	0.8798828	0.9729203	1.0	2642	tags=18%, list=18%, signal=22%	
NEGATIVE REGULATION OF STEROID BIOSYNTHETIC PROCESS%GOBP%GO:0010894	NEGATIVE REGULATION OF STEROID BIOSYNTHETIC PROCESS%GOBP%GO:0010894		17	0.33230904	0.80569893	0.74561405	0.97261876	1.0	5063	tags=59%, list=34%, signal=89%	
OXIDATIVE DAMAGE RESPONSE%WIKIPATHWAYS_20260211%WP3941%HOMO SAPIENS	OXIDATIVE DAMAGE RESPONSE%WIKIPATHWAYS_20260211%WP3941%HOMO SAPIENS		35	0.2808254	0.8049854	0.7891626	0.97352475	1.0	2663	tags=17%, list=18%, signal=21%	
BIOCARTA_EDG1_PATHWAY%MSIGDB_C2%BIOCARTA_EDG1_PATHWAY	BIOCARTA_EDG1_PATHWAY%MSIGDB_C2%BIOCARTA_EDG1_PATHWAY		17	0.32591498	0.80484414	0.74316406	0.97338486	1.0	1835	tags=18%, list=12%, signal=20%	
RESPONSE TO FLUID SHEAR STRESS%GOBP%GO:0034405	RESPONSE TO FLUID SHEAR STRESS%GOBP%GO:0034405		46	0.26408747	0.8046849	0.8230694	0.97328556	1.0	2263	tags=22%, list=15%, signal=26%	
NEGATIVE REGULATION OF KINASE ACTIVITY%GOBP%GO:0033673	NEGATIVE REGULATION OF KINASE ACTIVITY%GOBP%GO:0033673		69	0.24774103	0.804309	0.85279685	0.97356844	1.0	225	tags=6%, list=1%, signal=6%	
TRANSLATION OF STRUCTURAL PROTEINS%REACTOME%R-HSA-9694635.5	TRANSLATION OF STRUCTURAL PROTEINS%REACTOME%R-HSA-9694635.5		61	0.2524695	0.8041207	0.84215593	0.97350913	1.0	2559	tags=16%, list=17%, signal=20%	
REGULATION OF CELL SHAPE%GOBP%GO:0008360	REGULATION OF CELL SHAPE%GOBP%GO:0008360		93	0.23561288	0.8039987	0.9145978	0.9733493	1.0	2478	tags=19%, list=16%, signal=23%	
GAUCHER DISEASE%PATHWHIZ%PW000201	GAUCHER DISEASE%PATHWHIZ%PW000201		21	0.31648296	0.8039211	0.7588179	0.97309846	1.0	50	tags=5%, list=0%, signal=5%	
SOMATIC DIVERSIFICATION OF IMMUNE RECEPTORS VIA GERMLINE RECOMBINATION WITHIN A SINGLE LOCUS%GOBP%GO:0002562	SOMATIC DIVERSIFICATION OF IMMUNE RECEPTORS VIA GERMLINE RECOMBINATION WITHIN A SINGLE LOCUS%GOBP%GO:0002562		21	0.3100823	0.80371594	0.7582418	0.97306633	1.0	2349	tags=24%, list=16%, signal=28%	
NONGENOTROPIC ANDROGEN SIGNALING%PATHWAY INTERACTION DATABASE NCI-NATURE CURATED DATA%NONGENOTROPIC ANDROGEN SIGNALING	NONGENOTROPIC ANDROGEN SIGNALING%PATHWAY INTERACTION DATABASE NCI-NATURE CURATED DATA%NONGENOTROPIC ANDROGEN SIGNALING		30	0.28874993	0.8035403	0.80136317	0.97298676	1.0	2575	tags=20%, list=17%, signal=24%	
TRANSCRIPTIONAL REGULATION OF BROWN AND BEIGE ADIPOCYTE DIFFERENTIATION%REACTOME%R-HSA-9843743.1	TRANSCRIPTIONAL REGULATION OF BROWN AND BEIGE ADIPOCYTE DIFFERENTIATION%REACTOME%R-HSA-9843743.1		27	0.29277253	0.80308414	0.79129577	0.9734096	1.0	1662	tags=19%, list=11%, signal=21%	
ANDROGEN RECEPTOR NETWORK IN PROSTATE CANCER%WIKIPATHWAYS_20260211%WP2263%HOMO SAPIENS	ANDROGEN RECEPTOR NETWORK IN PROSTATE CANCER%WIKIPATHWAYS_20260211%WP2263%HOMO SAPIENS		88	0.23535159	0.8028646	0.88990825	0.9734013	1.0	2778	tags=22%, list=18%, signal=26%	
S1P1 PATHWAY%PATHWAY INTERACTION DATABASE NCI-NATURE CURATED DATA%S1P1 PATHWAY	S1P1 PATHWAY%PATHWAY INTERACTION DATABASE NCI-NATURE CURATED DATA%S1P1 PATHWAY		19	0.3190707	0.8008351	0.7702045	0.9765978	1.0	1733	tags=16%, list=12%, signal=18%	
CANONICAL AND NON CANONICAL NOTCH SIGNALING%WIKIPATHWAYS_20260211%WP3845%HOMO SAPIENS	CANONICAL AND NON CANONICAL NOTCH SIGNALING%WIKIPATHWAYS_20260211%WP3845%HOMO SAPIENS		20	0.31467128	0.80062735	0.7711864	0.9765698	1.0	1278	tags=15%, list=9%, signal=16%	
REGULATION OF PLASMINOGEN ACTIVATION%GOBP%GO:0010755	REGULATION OF PLASMINOGEN ACTIVATION%GOBP%GO:0010755		17	0.32942438	0.8002314	0.7659575	0.97686005	1.0	2647	tags=41%, list=18%, signal=50%	
PROTEIN LOCALIZATION TO CELL SURFACE%GOBP%GO:0034394	PROTEIN LOCALIZATION TO CELL SURFACE%GOBP%GO:0034394		26	0.30069208	0.80004966	0.7835749	0.97678655	1.0	2094	tags=19%, list=14%, signal=22%	
REGULATION OF ER TO GOLGI VESICLE-MEDIATED TRANSPORT%GOBP%GO:0060628	REGULATION OF ER TO GOLGI VESICLE-MEDIATED TRANSPORT%GOBP%GO:0060628		20	0.31527737	0.79981667	0.7637795	0.97679806	1.0	2936	tags=25%, list=20%, signal=31%	
POSITIVE REGULATION OF SPROUTING ANGIOGENESIS%GOBP%GO:1903672	POSITIVE REGULATION OF SPROUTING ANGIOGENESIS%GOBP%GO:1903672		18	0.3200543	0.79964346	0.7581262	0.97671676	1.0	911	tags=17%, list=6%, signal=18%	
PID_TCPTP_PATHWAY%MSIGDB_C2%PID_TCPTP_PATHWAY	PID_TCPTP_PATHWAY%MSIGDB_C2%PID_TCPTP_PATHWAY		32	0.28254095	0.7994209	0.80140424	0.97671205	1.0	3033	tags=28%, list=20%, signal=35%	
CANONICAL NF-KAPPAB SIGNAL TRANSDUCTION%GOBP%GO:0007249	CANONICAL NF-KAPPAB SIGNAL TRANSDUCTION%GOBP%GO:0007249		37	0.2758746	0.79938555	0.8107037	0.9763851	1.0	2127	tags=14%, list=14%, signal=16%	
RESPIRATORY SYNCYTIAL VIRUS (RSV) ATTACHMENT AND ENTRY%REACTOME%R-HSA-9820960.2	RESPIRATORY SYNCYTIAL VIRUS (RSV) ATTACHMENT AND ENTRY%REACTOME%R-HSA-9820960.2		23	0.30839935	0.79913324	0.7703631	0.9764281	1.0	1342	tags=22%, list=9%, signal=24%	
CHROMATIN ORGANIZATION%REACTOME DATABASE ID RELEASE 95%4839726	CHROMATIN ORGANIZATION%REACTOME DATABASE ID RELEASE 95%4839726		228	0.2077236	0.79906154	0.976308	0.9761677	1.0	3542	tags=21%, list=24%, signal=27%	
EBOLA VIRUS INFECTION IN HOST%WIKIPATHWAYS_20260211%WP4217%HOMO SAPIENS	EBOLA VIRUS INFECTION IN HOST%WIKIPATHWAYS_20260211%WP4217%HOMO SAPIENS		108	0.22888544	0.7974523	0.91515154	0.97854084	1.0	1644	tags=10%, list=11%, signal=11%	
HIF-2-ALPHA TRANSCRIPTION FACTOR NETWORK%PATHWAY INTERACTION DATABASE NCI-NATURE CURATED DATA%HIF-2-ALPHA TRANSCRIPTION FACTOR NETWORK	HIF-2-ALPHA TRANSCRIPTION FACTOR NETWORK%PATHWAY INTERACTION DATABASE NCI-NATURE CURATED DATA%HIF-2-ALPHA TRANSCRIPTION FACTOR NETWORK		32	0.2808166	0.79638004	0.8097087	0.9800059	1.0	3126	tags=25%, list=21%, signal=32%	
DEFECTIVE PYROPTOSIS%REACTOME%R-HSA-9710421.5	DEFECTIVE PYROPTOSIS%REACTOME%R-HSA-9710421.5		26	0.29417112	0.79607314	0.79048586	0.9801499	1.0	4429	tags=31%, list=29%, signal=44%	
POLYSACCHARIDE CATABOLIC PROCESS%GOBP%GO:0000272	POLYSACCHARIDE CATABOLIC PROCESS%GOBP%GO:0000272		22	0.3034625	0.7958818	0.7669532	0.9801027	1.0	1250	tags=14%, list=8%, signal=15%	
PRE-NOTCH PROCESSING IN GOLGI%REACTOME DATABASE ID RELEASE 95%1912420	PRE-NOTCH PROCESSING IN GOLGI%REACTOME DATABASE ID RELEASE 95%1912420		18	0.31705022	0.79553515	0.76365346	0.98029864	1.0	1433	tags=22%, list=10%, signal=25%	
TRANSCRIPTIONAL REGULATION OF BROWN AND BEIGE ADIPOCYTE DIFFERENTIATION BY EBF2%REACTOME%R-HSA-9844594.2	TRANSCRIPTIONAL REGULATION OF BROWN AND BEIGE ADIPOCYTE DIFFERENTIATION BY EBF2%REACTOME%R-HSA-9844594.2		27	0.29277253	0.7944073	0.7961905	0.981841	1.0	1662	tags=19%, list=11%, signal=21%	
RUFFLE ORGANIZATION%GOBP%GO:0031529	RUFFLE ORGANIZATION%GOBP%GO:0031529		17	0.3249391	0.7944052	0.7647059	0.9814558	1.0	1800	tags=24%, list=12%, signal=27%	
PYRIDINE-CONTAINING COMPOUND BIOSYNTHETIC PROCESS%GOBP%GO:0072525	PYRIDINE-CONTAINING COMPOUND BIOSYNTHETIC PROCESS%GOBP%GO:0072525		15	0.3313932	0.79440266	0.7574021	0.98107076	1.0	1074	tags=13%, list=7%, signal=14%	
POST-TRANSLATIONAL MODIFICATION: SYNTHESIS OF GPI-ANCHORED PROTEINS%REACTOME DATABASE ID RELEASE 95%163125	POST-TRANSLATIONAL MODIFICATION: SYNTHESIS OF GPI-ANCHORED PROTEINS%REACTOME DATABASE ID RELEASE 95%163125		69	0.24268651	0.79393363	0.8794326	0.9814533	1.0	3107	tags=25%, list=21%, signal=31%	
REGULATION OF TRANSCRIPTION OF NUCLEOLAR LARGE RRNA BY RNA POLYMERASE I%GOBP%GO:1901836	REGULATION OF TRANSCRIPTION OF NUCLEOLAR LARGE RRNA BY RNA POLYMERASE I%GOBP%GO:1901836		15	0.33255577	0.7938949	0.7537994	0.98113436	1.0	955	tags=7%, list=6%, signal=7%	
REGULATION OF DOUBLE-STRAND BREAK REPAIR VIA HOMOLOGOUS RECOMBINATION%GOBP%GO:0010569	REGULATION OF DOUBLE-STRAND BREAK REPAIR VIA HOMOLOGOUS RECOMBINATION%GOBP%GO:0010569		78	0.23864903	0.7938659	0.9036511	0.9807905	1.0	3194	tags=19%, list=21%, signal=24%	
MEMBRANELESS ORGANELLE ASSEMBLY%GOBP%GO:0140694	MEMBRANELESS ORGANELLE ASSEMBLY%GOBP%GO:0140694		304	0.20134827	0.7929469	0.9931774	0.9819528	1.0	3227	tags=21%, list=21%, signal=27%	
GLUCAN CATABOLIC PROCESS%GOBP%GO:0009251	GLUCAN CATABOLIC PROCESS%GOBP%GO:0009251		22	0.3034625	0.79237384	0.78157645	0.9825087	1.0	1250	tags=14%, list=8%, signal=15%	
N GLYCAN BIOSYNTHESIS%WIKIPATHWAYS_20260211%WP5153%HOMO SAPIENS	N GLYCAN BIOSYNTHESIS%WIKIPATHWAYS_20260211%WP5153%HOMO SAPIENS		48	0.26132312	0.7923727	0.8474247	0.98212385	1.0	3403	tags=29%, list=23%, signal=38%	
PURINERGIC SIGNALING%WIKIPATHWAYS_20260211%WP4900%HOMO SAPIENS	PURINERGIC SIGNALING%WIKIPATHWAYS_20260211%WP4900%HOMO SAPIENS		21	0.31486133	0.7921785	0.7636177	0.9820588	1.0	1700	tags=19%, list=11%, signal=21%	
SOMATIC CELL DNA RECOMBINATION%GOBP%GO:0016444	SOMATIC CELL DNA RECOMBINATION%GOBP%GO:0016444		21	0.3100823	0.792163	0.7711443	0.98169935	1.0	2349	tags=24%, list=16%, signal=28%	
NUCLEOTIDE-SUGAR METABOLIC PROCESS%GOBP%GO:0009225	NUCLEOTIDE-SUGAR METABOLIC PROCESS%GOBP%GO:0009225		35	0.27633995	0.79190224	0.8187192	0.9817423	1.0	3381	tags=29%, list=23%, signal=37%	
T CELL RECEPTOR SIGNALING PATHWAY%SMPDB%SMP0066977	T CELL RECEPTOR SIGNALING PATHWAY%SMPDB%SMP0066977		45	0.26042548	0.7917243	0.8484849	0.98164755	1.0	2247	tags=18%, list=15%, signal=21%	
SPHINGOLIPID PATHWAY%WIKIPATHWAYS_20260211%WP1422%HOMO SAPIENS	SPHINGOLIPID PATHWAY%WIKIPATHWAYS_20260211%WP1422%HOMO SAPIENS		22	0.30715597	0.7916877	0.7694641	0.98132974	1.0	622	tags=9%, list=4%, signal=9%	
RESPONSE TO AMINO ACID STARVATION%GOBP%GO:1990928	RESPONSE TO AMINO ACID STARVATION%GOBP%GO:1990928		49	0.25448045	0.79151964	0.85252523	0.9812294	1.0	681	tags=8%, list=5%, signal=9%	
RHOD GTPASE CYCLE%REACTOME DATABASE ID RELEASE 95%9013405	RHOD GTPASE CYCLE%REACTOME DATABASE ID RELEASE 95%9013405		49	0.2588909	0.79126734	0.8395773	0.98127383	1.0	2529	tags=18%, list=17%, signal=22%	
NEGATIVE REGULATION OF AMYLOID PRECURSOR PROTEIN CATABOLIC PROCESS%GOBP%GO:1902992	NEGATIVE REGULATION OF AMYLOID PRECURSOR PROTEIN CATABOLIC PROCESS%GOBP%GO:1902992		17	0.3222125	0.7908949	0.78230613	0.9815005	1.0	2412	tags=24%, list=16%, signal=28%	
INDOLE-CONTAINING COMPOUND METABOLIC PROCESS%GOBP%GO:0042430	INDOLE-CONTAINING COMPOUND METABOLIC PROCESS%GOBP%GO:0042430		15	0.3297357	0.79019874	0.76163346	0.982256	1.0	1852	tags=20%, list=12%, signal=23%	
CELLULAR SENESCENCE%REACTOME DATABASE ID RELEASE 95%2559583	CELLULAR SENESCENCE%REACTOME DATABASE ID RELEASE 95%2559583		143	0.21561295	0.78935224	0.9516288	0.98326975	1.0	2247	tags=16%, list=15%, signal=19%	
PATHWAYS AFFECTED IN ADENOID CYSTIC CARCINOMA%WIKIPATHWAYS_20260211%WP3651%HOMO SAPIENS	PATHWAYS AFFECTED IN ADENOID CYSTIC CARCINOMA%WIKIPATHWAYS_20260211%WP3651%HOMO SAPIENS		49	0.25489646	0.78891134	0.84869057	0.9836059	1.0	3639	tags=31%, list=24%, signal=40%	
KYNURENINE PATHWAY AND LINKS TO CELL SENESCENCE%WIKIPATHWAYS_20260211%WP5044%HOMO SAPIENS	KYNURENINE PATHWAY AND LINKS TO CELL SENESCENCE%WIKIPATHWAYS_20260211%WP5044%HOMO SAPIENS		18	0.31822622	0.7885872	0.78855973	0.9837563	1.0	2693	tags=28%, list=18%, signal=34%	
MITOTIC SPINDLE CHECKPOINT%REACTOME%R-HSA-69618.4	MITOTIC SPINDLE CHECKPOINT%REACTOME%R-HSA-69618.4		108	0.22566365	0.7885686	0.92176527	0.9833983	1.0	4415	tags=23%, list=29%, signal=33%	
SUMOYLATION OF DNA METHYLATION PROTEINS%REACTOME DATABASE ID RELEASE 95%4655427	SUMOYLATION OF DNA METHYLATION PROTEINS%REACTOME DATABASE ID RELEASE 95%4655427		15	0.33121186	0.78820395	0.7562688	0.9836072	1.0	2230	tags=13%, list=15%, signal=16%	
BLOOD VESSEL ENDOTHELIAL CELL MIGRATION%GOBP%GO:0043534	BLOOD VESSEL ENDOTHELIAL CELL MIGRATION%GOBP%GO:0043534		22	0.30573514	0.7880617	0.7893145	0.9834508	1.0	491	tags=9%, list=3%, signal=9%	
MET PROMOTES CELL MOTILITY%REACTOME DATABASE ID RELEASE 95%8875878	MET PROMOTES CELL MOTILITY%REACTOME DATABASE ID RELEASE 95%8875878		28	0.28630418	0.7880132	0.7879079	0.9831376	1.0	1711	tags=18%, list=11%, signal=20%	
REGULATION OF PEPTIDYL-TYROSINE PHOSPHORYLATION%GOBP%GO:0050730	REGULATION OF PEPTIDYL-TYROSINE PHOSPHORYLATION%GOBP%GO:0050730		69	0.24316745	0.7876944	0.8974855	0.9832604	1.0	1818	tags=13%, list=12%, signal=15%	
TRAIL%IOB%TRAIL	TRAIL%IOB%TRAIL		43	0.2624042	0.78761667	0.84	0.9830011	1.0	2684	tags=21%, list=18%, signal=25%	
POSITIVE REGULATION OF REGULATORY T CELL DIFFERENTIATION%GOBP%GO:0045591	POSITIVE REGULATION OF REGULATORY T CELL DIFFERENTIATION%GOBP%GO:0045591		18	0.31384715	0.7865703	0.7758112	0.9842926	1.0	1401	tags=17%, list=9%, signal=18%	
POSITIVE REGULATION OF INTRINSIC APOPTOTIC SIGNALING PATHWAY%GOBP%GO:2001244	POSITIVE REGULATION OF INTRINSIC APOPTOTIC SIGNALING PATHWAY%GOBP%GO:2001244		41	0.2649196	0.7856437	0.83972466	0.98541594	1.0	1868	tags=17%, list=12%, signal=19%	
REGULATION OF INTRINSIC APOPTOTIC SIGNALING PATHWAY IN RESPONSE TO DNA DAMAGE BY P53 CLASS MEDIATOR%GOBP%GO:1902165	REGULATION OF INTRINSIC APOPTOTIC SIGNALING PATHWAY IN RESPONSE TO DNA DAMAGE BY P53 CLASS MEDIATOR%GOBP%GO:1902165		15	0.32583925	0.7854063	0.7653157	0.985418	1.0	4080	tags=33%, list=27%, signal=46%	
CELLULAR RESPONSE TO AMINO ACID STARVATION%GOBP%GO:0034198	CELLULAR RESPONSE TO AMINO ACID STARVATION%GOBP%GO:0034198		47	0.25813225	0.78503156	0.8463074	0.9856326	1.0	681	tags=9%, list=5%, signal=9%	
NUCLEOTIDE CATABOLIC PROCESS%GOBP%GO:0009166	NUCLEOTIDE CATABOLIC PROCESS%GOBP%GO:0009166		70	0.2382619	0.7836907	0.9055501	0.9873394	1.0	1036	tags=10%, list=7%, signal=11%	
MICROTUBULE NUCLEATION%GOBP%GO:0007020	MICROTUBULE NUCLEATION%GOBP%GO:0007020		32	0.28142226	0.783409	0.8308308	0.9874038	1.0	4112	tags=44%, list=27%, signal=60%	
HETEROPHILIC CELL-CELL ADHESION%GOBP%GO:0007157	HETEROPHILIC CELL-CELL ADHESION%GOBP%GO:0007157		36	0.2710187	0.7833093	0.80966467	0.98717153	1.0	1780	tags=17%, list=12%, signal=19%	
SIGNALING BY NTRK2 (TRKB)%REACTOME DATABASE ID RELEASE 95%9006115	SIGNALING BY NTRK2 (TRKB)%REACTOME DATABASE ID RELEASE 95%9006115		20	0.30668226	0.7818964	0.78289473	0.98900247	1.0	2458	tags=25%, list=16%, signal=30%	
AXO-DENDRITIC TRANSPORT%GOBP%GO:0008088	AXO-DENDRITIC TRANSPORT%GOBP%GO:0008088		61	0.24610135	0.7817845	0.8705179	0.98879457	1.0	2707	tags=21%, list=18%, signal=26%	
CHLORIDE TRANSMEMBRANE TRANSPORT%GOBP%GO:1902476	CHLORIDE TRANSMEMBRANE TRANSPORT%GOBP%GO:1902476		46	0.25679308	0.7809893	0.8376561	0.98964846	1.0	2805	tags=22%, list=19%, signal=27%	
INTRA-GOLGI TRAFFIC%REACTOME DATABASE ID RELEASE 95%6811438	INTRA-GOLGI TRAFFIC%REACTOME DATABASE ID RELEASE 95%6811438		43	0.26329803	0.7809449	0.8421569	0.98932797	1.0	2993	tags=28%, list=20%, signal=35%	
SYNAPTIC ADHESION-LIKE MOLECULES%REACTOME%R-HSA-8849932.6	SYNAPTIC ADHESION-LIKE MOLECULES%REACTOME%R-HSA-8849932.6		16	0.32053745	0.7805725	0.77658534	0.9895135	1.0	864	tags=19%, list=6%, signal=20%	
REGULATION OF DNA REPLICATION%GOBP%GO:0006275	REGULATION OF DNA REPLICATION%GOBP%GO:0006275		109	0.22211114	0.77884275	0.937	0.9918056	1.0	2770	tags=17%, list=18%, signal=20%	
NEGATIVE REGULATION OF GLIOGENESIS%GOBP%GO:0014014	NEGATIVE REGULATION OF GLIOGENESIS%GOBP%GO:0014014		15	0.33032262	0.7787293	0.7784431	0.9915967	1.0	1193	tags=13%, list=8%, signal=14%	
PID_ERA_GENOMIC_PATHWAY%MSIGDB_C2%PID_ERA_GENOMIC_PATHWAY	PID_ERA_GENOMIC_PATHWAY%MSIGDB_C2%PID_ERA_GENOMIC_PATHWAY		42	0.26273942	0.77850217	0.84851485	0.9915442	1.0	1890	tags=14%, list=13%, signal=16%	
PROTEIN SUMOYLATION%GOBP%GO:0016925	PROTEIN SUMOYLATION%GOBP%GO:0016925		43	0.2581777	0.7779204	0.8705179	0.99203575	1.0	3240	tags=23%, list=22%, signal=30%	
VITAMIN D SENSITIVE CALCIUM SIGNALING IN DEPRESSION%WIKIPATHWAYS_20260211%WP4698%HOMO SAPIENS	VITAMIN D SENSITIVE CALCIUM SIGNALING IN DEPRESSION%WIKIPATHWAYS_20260211%WP4698%HOMO SAPIENS		18	0.31434047	0.77779377	0.7797619	0.991846	1.0	2570	tags=33%, list=17%, signal=40%	
SIGNALING BY FGFR4%REACTOME DATABASE ID RELEASE 95%5654743	SIGNALING BY FGFR4%REACTOME DATABASE ID RELEASE 95%5654743		29	0.28116485	0.7772006	0.81586677	0.99233854	1.0	2458	tags=17%, list=16%, signal=21%	
NEGATIVE REGULATION OF FGFR4 SIGNALING%REACTOME%R-HSA-5654733.3	NEGATIVE REGULATION OF FGFR4 SIGNALING%REACTOME%R-HSA-5654733.3		21	0.30300745	0.7764394	0.7897287	0.9930786	1.0	2458	tags=19%, list=16%, signal=23%	
DE NOVO PURINE BIOSYNTHESIS%PANTHER PATHWAY%P02738	DE NOVO PURINE BIOSYNTHESIS%PANTHER PATHWAY%P02738		25	0.2910765	0.77559084	0.8026585	0.9939709	1.0	3895	tags=40%, list=26%, signal=54%	
RECRUITMENT AND ATM-MEDIATED PHOSPHORYLATION OF REPAIR AND SIGNALING PROTEINS AT DNA DOUBLE STRAND BREAKS%REACTOME%R-HSA-5693565.6	RECRUITMENT AND ATM-MEDIATED PHOSPHORYLATION OF REPAIR AND SIGNALING PROTEINS AT DNA DOUBLE STRAND BREAKS%REACTOME%R-HSA-5693565.6		50	0.2522586	0.775285	0.8665998	0.99403256	1.0	3955	tags=26%, list=26%, signal=35%	
FIBROBLAST GROWTH FACTOR RECEPTOR SIGNALING PATHWAY%GOBP%GO:0008543	FIBROBLAST GROWTH FACTOR RECEPTOR SIGNALING PATHWAY%GOBP%GO:0008543		26	0.28819764	0.7749684	0.8103277	0.99412215	1.0	931	tags=15%, list=6%, signal=16%	
CYCLIN A B1 B2 ASSOCIATED EVENTS DURING G2 M TRANSITION%REACTOME%R-HSA-69273.10	CYCLIN A B1 B2 ASSOCIATED EVENTS DURING G2 M TRANSITION%REACTOME%R-HSA-69273.10		31	0.279795	0.7749041	0.8289345	0.99383056	1.0	1464	tags=10%, list=10%, signal=11%	
PID_NFKAPPAB_CANONICAL_PATHWAY%MSIGDB_C2%PID_NFKAPPAB_CANONICAL_PATHWAY	PID_NFKAPPAB_CANONICAL_PATHWAY%MSIGDB_C2%PID_NFKAPPAB_CANONICAL_PATHWAY		20	0.302927	0.77469724	0.79635257	0.99375665	1.0	2684	tags=15%, list=18%, signal=18%	
REGULATION OF ANOIKIS%GOBP%GO:2000209	REGULATION OF ANOIKIS%GOBP%GO:2000209		21	0.29708612	0.77353066	0.8303748	0.99514127	1.0	1575	tags=19%, list=10%, signal=21%	
HALLMARK_UNFOLDED_PROTEIN_RESPONSE%MSIGDBHALLMARK%HALLMARK_UNFOLDED_PROTEIN_RESPONSE	HALLMARK_UNFOLDED_PROTEIN_RESPONSE%MSIGDBHALLMARK%HALLMARK_UNFOLDED_PROTEIN_RESPONSE		93	0.22687402	0.7732161	0.9343137	0.9952188	1.0	2652	tags=18%, list=18%, signal=22%	
REGULATION OF LYMPHOCYTE MIGRATION%GOBP%GO:2000401	REGULATION OF LYMPHOCYTE MIGRATION%GOBP%GO:2000401		53	0.24514435	0.7721325	0.87643677	0.9964344	1.0	3035	tags=25%, list=20%, signal=31%	
CHAPERONE MEDIATED AUTOPHAGY%REACTOME DATABASE ID RELEASE 95%9613829	CHAPERONE MEDIATED AUTOPHAGY%REACTOME DATABASE ID RELEASE 95%9613829		19	0.30376965	0.7713952	0.7982709	0.9971196	1.0	3102	tags=26%, list=21%, signal=33%	
SUMOYLATION OF DNA DAMAGE RESPONSE AND REPAIR PROTEINS%REACTOME%R-HSA-3108214.4	SUMOYLATION OF DNA DAMAGE RESPONSE AND REPAIR PROTEINS%REACTOME%R-HSA-3108214.4		72	0.23402053	0.7709702	0.9302564	0.9973597	1.0	2722	tags=13%, list=18%, signal=15%	
REGULATION OF BROWN FAT CELL DIFFERENTIATION%GOBP%GO:0090335	REGULATION OF BROWN FAT CELL DIFFERENTIATION%GOBP%GO:0090335		19	0.30296573	0.7706453	0.80307394	0.9974467	1.0	2459	tags=21%, list=16%, signal=25%	
PACKAGING OF TELOMERE ENDS%REACTOME DATABASE ID RELEASE 95%171306	PACKAGING OF TELOMERE ENDS%REACTOME DATABASE ID RELEASE 95%171306		18	0.3091932	0.769825	0.80757725	0.99825007	1.0	3445	tags=33%, list=23%, signal=43%	
REGULATION OF OXIDATIVE STRESS-INDUCED INTRINSIC APOPTOTIC SIGNALING PATHWAY%GOBP%GO:1902175	REGULATION OF OXIDATIVE STRESS-INDUCED INTRINSIC APOPTOTIC SIGNALING PATHWAY%GOBP%GO:1902175		30	0.27399912	0.7693121	0.8301508	0.99860984	1.0	2258	tags=17%, list=15%, signal=20%	
MAINTENANCE OF LOCATION%GOBP%GO:0051235	MAINTENANCE OF LOCATION%GOBP%GO:0051235		54	0.24216752	0.76711804	0.9056785	1.0	1.0	2438	tags=20%, list=16%, signal=24%	
POSITIVE REGULATION OF ALPHA-BETA T CELL DIFFERENTIATION%GOBP%GO:0046638	POSITIVE REGULATION OF ALPHA-BETA T CELL DIFFERENTIATION%GOBP%GO:0046638		36	0.26616657	0.7671072	0.845	1.0	1.0	2526	tags=22%, list=17%, signal=27%	
CD4-POSITIVE, ALPHA-BETA T CELL LINEAGE COMMITMENT%GOBP%GO:0043373	CD4-POSITIVE, ALPHA-BETA T CELL LINEAGE COMMITMENT%GOBP%GO:0043373		15	0.32372034	0.7669883	0.77330714	1.0	1.0	1543	tags=20%, list=10%, signal=22%	
BIOCARTA_BCR_PATHWAY%MSIGDB_C2%BIOCARTA_BCR_PATHWAY	BIOCARTA_BCR_PATHWAY%MSIGDB_C2%BIOCARTA_BCR_PATHWAY		29	0.28245515	0.76673836	0.8243376	1.0	1.0	2021	tags=28%, list=13%, signal=32%	
TISSUE REMODELING%GOBP%GO:0048771	TISSUE REMODELING%GOBP%GO:0048771		35	0.26830357	0.7662804	0.851958	1.0	1.0	2263	tags=23%, list=15%, signal=27%	
PANCREATIC CANCER SUBTYPES%WIKIPATHWAYS_20260211%WP5390%HOMO SAPIENS	PANCREATIC CANCER SUBTYPES%WIKIPATHWAYS_20260211%WP5390%HOMO SAPIENS		28	0.27589127	0.766145	0.8444657	1.0	1.0	3284	tags=36%, list=22%, signal=46%	
TELOMERE MAINTENANCE%GOBP%GO:0000723	TELOMERE MAINTENANCE%GOBP%GO:0000723		75	0.23396677	0.7659466	0.92338306	1.0	1.0	3194	tags=20%, list=21%, signal=25%	
ALPHA-BETA T CELL LINEAGE COMMITMENT%GOBP%GO:0002363	ALPHA-BETA T CELL LINEAGE COMMITMENT%GOBP%GO:0002363		15	0.32372034	0.76588297	0.7839923	1.0	1.0	1543	tags=20%, list=10%, signal=22%	
LKB1 SIGNALING EVENTS%PATHWAY INTERACTION DATABASE NCI-NATURE CURATED DATA%LKB1 SIGNALING EVENTS	LKB1 SIGNALING EVENTS%PATHWAY INTERACTION DATABASE NCI-NATURE CURATED DATA%LKB1 SIGNALING EVENTS		43	0.25894496	0.76536524	0.85397786	1.0	1.0	2802	tags=21%, list=19%, signal=26%	
FLT3 SIGNALING%REACTOME DATABASE ID RELEASE 95%9607240	FLT3 SIGNALING%REACTOME DATABASE ID RELEASE 95%9607240		35	0.26251298	0.7651775	0.86242884	1.0	1.0	2247	tags=20%, list=15%, signal=23%	
NEGATIVE REGULATION OF MYELOID CELL DIFFERENTIATION%GOBP%GO:0045638	NEGATIVE REGULATION OF MYELOID CELL DIFFERENTIATION%GOBP%GO:0045638		51	0.247969	0.76488376	0.8998016	1.0	1.0	1316	tags=10%, list=9%, signal=11%	
POSITIVE REGULATION OF MRNA CATABOLIC PROCESS%GOBP%GO:0061014	POSITIVE REGULATION OF MRNA CATABOLIC PROCESS%GOBP%GO:0061014		97	0.22122821	0.76476365	0.95752895	1.0	1.0	2521	tags=16%, list=17%, signal=20%	
ALPHA6BETA4INTEGRIN%NETPATH%ALPHA6BETA4INTEGRIN	ALPHA6BETA4INTEGRIN%NETPATH%ALPHA6BETA4INTEGRIN		53	0.24494664	0.7643996	0.8915187	1.0	1.0	2335	tags=21%, list=16%, signal=24%	
FLT3 SIGNALING IN DISEASE%REACTOME%R-HSA-9682385.3	FLT3 SIGNALING IN DISEASE%REACTOME%R-HSA-9682385.3		26	0.28335688	0.76392335	0.85240966	1.0	1.0	2621	tags=23%, list=17%, signal=28%	
DNA DOUBLE STRAND BREAK RESPONSE%REACTOME%R-HSA-5693606.4	DNA DOUBLE STRAND BREAK RESPONSE%REACTOME%R-HSA-5693606.4		51	0.2460774	0.76389086	0.89581305	1.0	1.0	3955	tags=25%, list=26%, signal=34%	
GLYCOSPHINGOLIPID CATABOLISM%REACTOME DATABASE ID RELEASE 95%9840310	GLYCOSPHINGOLIPID CATABOLISM%REACTOME DATABASE ID RELEASE 95%9840310		33	0.26795092	0.76323867	0.86653584	1.0	1.0	1976	tags=15%, list=13%, signal=17%	
VALIDATED TARGETS OF C-MYC TRANSCRIPTIONAL ACTIVATION%PATHWAY INTERACTION DATABASE NCI-NATURE CURATED DATA%VALIDATED TARGETS OF C-MYC TRANSCRIPTIONAL ACTIVATION	VALIDATED TARGETS OF C-MYC TRANSCRIPTIONAL ACTIVATION%PATHWAY INTERACTION DATABASE NCI-NATURE CURATED DATA%VALIDATED TARGETS OF C-MYC TRANSCRIPTIONAL ACTIVATION		77	0.22891964	0.762984	0.93835616	1.0	1.0	4085	tags=26%, list=27%, signal=35%	
PROTEIN O-LINKED GLYCOSYLATION VIA N-ACETYL-GALACTOSAMINE%GOBP%GO:0016266	PROTEIN O-LINKED GLYCOSYLATION VIA N-ACETYL-GALACTOSAMINE%GOBP%GO:0016266		29	0.2767165	0.7629369	0.84887147	1.0	1.0	2437	tags=24%, list=16%, signal=29%	
MAINTENANCE OF LOCATION IN CELL%GOBP%GO:0051651	MAINTENANCE OF LOCATION IN CELL%GOBP%GO:0051651		54	0.24216752	0.7628017	0.8994083	1.0	1.0	2438	tags=20%, list=16%, signal=24%	
TP53 REGULATES TRANSCRIPTION OF ADDITIONAL CELL CYCLE GENES WHOSE EXACT ROLE IN THE P53 PATHWAY REMAIN UNCERTAIN%REACTOME%R-HSA-6804115.2	TP53 REGULATES TRANSCRIPTION OF ADDITIONAL CELL CYCLE GENES WHOSE EXACT ROLE IN THE P53 PATHWAY REMAIN UNCERTAIN%REACTOME%R-HSA-6804115.2		21	0.2924027	0.76257664	0.8246124	1.0	1.0	1026	tags=10%, list=7%, signal=10%	
INTRACELLULAR SODIUM ION HOMEOSTASIS%GOBP%GO:0006883	INTRACELLULAR SODIUM ION HOMEOSTASIS%GOBP%GO:0006883		21	0.301779	0.7620112	0.8292444	1.0	1.0	2888	tags=29%, list=19%, signal=35%	
ABERRANT REGULATION OF MITOTIC CELL CYCLE DUE TO RB1 DEFECTS%REACTOME DATABASE ID RELEASE 95%9687139	ABERRANT REGULATION OF MITOTIC CELL CYCLE DUE TO RB1 DEFECTS%REACTOME DATABASE ID RELEASE 95%9687139		36	0.2614549	0.7619636	0.8654405	1.0	1.0	2085	tags=14%, list=14%, signal=16%	
REGULATION OF FATTY ACID TRANSPORT%GOBP%GO:2000191	REGULATION OF FATTY ACID TRANSPORT%GOBP%GO:2000191		18	0.30597213	0.7613028	0.79527557	1.0	1.0	344	tags=11%, list=2%, signal=11%	
CHROMATIN MODIFYING ENZYMES%REACTOME DATABASE ID RELEASE 95%3247509	CHROMATIN MODIFYING ENZYMES%REACTOME DATABASE ID RELEASE 95%3247509		214	0.19988534	0.761063	0.9950495	1.0	1.0	3542	tags=20%, list=24%, signal=25%	
SHP2 SIGNALING%PATHWAY INTERACTION DATABASE NCI-NATURE CURATED DATA%SHP2 SIGNALING	SHP2 SIGNALING%PATHWAY INTERACTION DATABASE NCI-NATURE CURATED DATA%SHP2 SIGNALING		57	0.23975779	0.7607586	0.9141165	1.0	1.0	2458	tags=19%, list=16%, signal=23%	
NEURON MATURATION%GOBP%GO:0042551	NEURON MATURATION%GOBP%GO:0042551		22	0.2972698	0.7607327	0.8333333	1.0	1.0	1016	tags=14%, list=7%, signal=15%	
REGULATION OF CENTROSOME CYCLE%GOBP%GO:0046605	REGULATION OF CENTROSOME CYCLE%GOBP%GO:0046605		51	0.24513663	0.76057255	0.90747666	1.0	1.0	4389	tags=33%, list=29%, signal=47%	
FACTORS INVOLVED IN MEGAKARYOCYTE DEVELOPMENT AND PLATELET PRODUCTION%REACTOME DATABASE ID RELEASE 95%983231	FACTORS INVOLVED IN MEGAKARYOCYTE DEVELOPMENT AND PLATELET PRODUCTION%REACTOME DATABASE ID RELEASE 95%983231		114	0.21447456	0.7605361	0.95540136	1.0	1.0	2707	tags=18%, list=18%, signal=22%	
SIGNALING EVENTS MEDIATED BY TCPTP%PATHWAY INTERACTION DATABASE NCI-NATURE CURATED DATA%SIGNALING EVENTS MEDIATED BY TCPTP	SIGNALING EVENTS MEDIATED BY TCPTP%PATHWAY INTERACTION DATABASE NCI-NATURE CURATED DATA%SIGNALING EVENTS MEDIATED BY TCPTP		39	0.26196662	0.7602879	0.8662175	0.99997973	1.0	2546	tags=23%, list=17%, signal=28%	
PRE-NOTCH TRANSCRIPTION AND TRANSLATION%REACTOME%R-HSA-1912408.8	PRE-NOTCH TRANSCRIPTION AND TRANSLATION%REACTOME%R-HSA-1912408.8		47	0.25173503	0.76014394	0.8982726	0.99978966	1.0	4159	tags=30%, list=28%, signal=41%	
BIOCARTA_TCR_PATHWAY%MSIGDB_C2%BIOCARTA_TCR_PATHWAY	BIOCARTA_TCR_PATHWAY%MSIGDB_C2%BIOCARTA_TCR_PATHWAY		36	0.26477525	0.7597032	0.8695652	0.99998355	1.0	2021	tags=17%, list=13%, signal=19%	
POSITIVE REGULATION OF CELL CYCLE G1/S PHASE TRANSITION%GOBP%GO:1902808	POSITIVE REGULATION OF CELL CYCLE G1/S PHASE TRANSITION%GOBP%GO:1902808		43	0.2559659	0.7596511	0.8780242	0.99966156	1.0	2104	tags=16%, list=14%, signal=19%	
NEGATIVE REGULATION OF SIGNAL TRANSDUCTION BY P53 CLASS MEDIATOR%GOBP%GO:1901797	NEGATIVE REGULATION OF SIGNAL TRANSDUCTION BY P53 CLASS MEDIATOR%GOBP%GO:1901797		33	0.26884025	0.7591524	0.8592871	0.9999447	1.0	4336	tags=42%, list=29%, signal=60%	
REGULATION OF MITOTIC NUCLEAR DIVISION%GOBP%GO:0007088	REGULATION OF MITOTIC NUCLEAR DIVISION%GOBP%GO:0007088		107	0.2171868	0.7589589	0.9639547	0.9998237	1.0	3636	tags=26%, list=24%, signal=34%	
NUCLEOTIDE EXCISION REPAIR IN XERODERMA PIGMENTOSUM %WIKIPATHWAYS_20260211%WP5114%HOMO SAPIENS	NUCLEOTIDE EXCISION REPAIR IN XERODERMA PIGMENTOSUM %WIKIPATHWAYS_20260211%WP5114%HOMO SAPIENS		43	0.25501192	0.7587828	0.87964773	0.99968076	1.0	3010	tags=23%, list=20%, signal=29%	
DENDRITIC CELL CHEMOTAXIS%GOBP%GO:0002407	DENDRITIC CELL CHEMOTAXIS%GOBP%GO:0002407		15	0.32076612	0.7586975	0.7877591	0.9994126	1.0	3093	tags=40%, list=21%, signal=50%	
SPINDLE ASSEMBLY%GOBP%GO:0051225	SPINDLE ASSEMBLY%GOBP%GO:0051225		85	0.22171254	0.7584955	0.9342493	0.999304	1.0	3227	tags=22%, list=21%, signal=28%	
SLEEP REGULATION%WIKIPATHWAYS_20260211%WP3591%HOMO SAPIENS	SLEEP REGULATION%WIKIPATHWAYS_20260211%WP3591%HOMO SAPIENS		16	0.31682178	0.7583983	0.8146388	0.9990418	1.0	3421	tags=31%, list=23%, signal=40%	
NUCLEUS LOCALIZATION%GOBP%GO:0051647	NUCLEUS LOCALIZATION%GOBP%GO:0051647		25	0.28356898	0.75810575	0.84744096	0.999063	1.0	3052	tags=24%, list=20%, signal=30%	
CHOLESTEROL EFFLUX%GOBP%GO:0033344	CHOLESTEROL EFFLUX%GOBP%GO:0033344		16	0.3151557	0.75758857	0.8041958	0.9993464	1.0	992	tags=13%, list=7%, signal=13%	
POSITIVE REGULATION OF T-HELPER CELL DIFFERENTIATION%GOBP%GO:0045624	POSITIVE REGULATION OF T-HELPER CELL DIFFERENTIATION%GOBP%GO:0045624		19	0.2998172	0.75758135	0.8344562	0.9989754	1.0	3135	tags=26%, list=21%, signal=33%	
REGULATION OF TP53 ACTIVITY THROUGH ACETYLATION%REACTOME%R-HSA-6804758.5	REGULATION OF TP53 ACTIVITY THROUGH ACETYLATION%REACTOME%R-HSA-6804758.5		30	0.27285314	0.75695825	0.8572825	0.9993988	1.0	2121	tags=17%, list=14%, signal=19%	
REGULATION OF VESICLE SIZE%GOBP%GO:0097494	REGULATION OF VESICLE SIZE%GOBP%GO:0097494		16	0.31057936	0.7565925	0.8	0.99949807	1.0	1245	tags=13%, list=8%, signal=14%	
NEGATIVE REGULATION OF TELOMERE MAINTENANCE%GOBP%GO:0032205	NEGATIVE REGULATION OF TELOMERE MAINTENANCE%GOBP%GO:0032205		33	0.26784116	0.75633156	0.87246966	0.99946946	1.0	4640	tags=39%, list=31%, signal=57%	
SUMOYLATION OF CHROMATIN ORGANIZATION PROTEINS%REACTOME DATABASE ID RELEASE 95%4551638	SUMOYLATION OF CHROMATIN ORGANIZATION PROTEINS%REACTOME DATABASE ID RELEASE 95%4551638		51	0.24460693	0.7557463	0.9023669	0.9998537	1.0	2230	tags=10%, list=15%, signal=11%	
POSITIVE REGULATION OF RECEPTOR SIGNALING PATHWAY VIA STAT%GOBP%GO:1904894	POSITIVE REGULATION OF RECEPTOR SIGNALING PATHWAY VIA STAT%GOBP%GO:1904894		32	0.27031365	0.75559705	0.85982233	0.9996624	1.0	3044	tags=22%, list=20%, signal=27%	
CELLULAR RESPONSE TO UNFOLDED PROTEIN%GOBP%GO:0034620	CELLULAR RESPONSE TO UNFOLDED PROTEIN%GOBP%GO:0034620		68	0.23206167	0.7547975	0.9235294	1.0	1.0	4332	tags=31%, list=29%, signal=43%	
RESPONSE TO HEAT%GOBP%GO:0009408	RESPONSE TO HEAT%GOBP%GO:0009408		58	0.2369029	0.75399673	0.9224572	1.0	1.0	2862	tags=21%, list=19%, signal=25%	
BIOCARTA_MET_PATHWAY%MSIGDB_C2%BIOCARTA_MET_PATHWAY	BIOCARTA_MET_PATHWAY%MSIGDB_C2%BIOCARTA_MET_PATHWAY		27	0.27508938	0.7539242	0.84540117	1.0	1.0	2157	tags=22%, list=14%, signal=26%	
ARACHIDONATE METABOLITES BIOSYNTHESIS%BIOCYC%PWY-8397	ARACHIDONATE METABOLITES BIOSYNTHESIS%BIOCYC%PWY-8397		26	0.27870044	0.7518152	0.83938813	1.0	1.0	868	tags=12%, list=6%, signal=12%	
POSITIVE REGULATION OF TRANSCRIPTION BY RNA POLYMERASE I%GOBP%GO:0045943	POSITIVE REGULATION OF TRANSCRIPTION BY RNA POLYMERASE I%GOBP%GO:0045943		33	0.26328304	0.7515624	0.8729064	1.0	1.0	5568	tags=39%, list=37%, signal=62%	
PORE COMPLEX ASSEMBLY%GOBP%GO:0046931	PORE COMPLEX ASSEMBLY%GOBP%GO:0046931		19	0.30037764	0.75084317	0.83045685	1.0	1.0	336	tags=5%, list=2%, signal=5%	
ETOPOSIDE METABOLISM PATHWAY%PATHWHIZ%PW000577	ETOPOSIDE METABOLISM PATHWAY%PATHWHIZ%PW000577		18	0.30209774	0.74999416	0.8367748	1.0	1.0	4153	tags=50%, list=28%, signal=69%	
GLYCOSAMINOGLYCAN METABOLIC PROCESS%GOBP%GO:0030203	GLYCOSAMINOGLYCAN METABOLIC PROCESS%GOBP%GO:0030203		39	0.25475585	0.7494367	0.89721423	1.0	1.0	3953	tags=38%, list=26%, signal=52%	
PRIMARY OVARIAN INSUFFICIENCY%WIKIPATHWAYS_20260211%WP5461%HOMO SAPIENS	PRIMARY OVARIAN INSUFFICIENCY%WIKIPATHWAYS_20260211%WP5461%HOMO SAPIENS		78	0.22742222	0.7494214	0.948244	1.0	1.0	4041	tags=28%, list=27%, signal=38%	
CELL-CELL ADHESION MEDIATED BY INTEGRIN%GOBP%GO:0033631	CELL-CELL ADHESION MEDIATED BY INTEGRIN%GOBP%GO:0033631		17	0.31315643	0.74884856	0.83949417	1.0	1.0	1503	tags=18%, list=10%, signal=20%	
TELOMERE EXTENSION BY TELOMERASE%REACTOME DATABASE ID RELEASE 95%171319	TELOMERE EXTENSION BY TELOMERASE%REACTOME DATABASE ID RELEASE 95%171319		22	0.285462	0.748505	0.840796	1.0	1.0	3705	tags=32%, list=25%, signal=42%	
PID_P38_MKK3_6PATHWAY%MSIGDB_C2%PID_P38_MKK3_6PATHWAY	PID_P38_MKK3_6PATHWAY%MSIGDB_C2%PID_P38_MKK3_6PATHWAY		20	0.29506287	0.74793303	0.83536583	1.0	1.0	2804	tags=25%, list=19%, signal=31%	
SPHINGOLIPID METABOLISM INTEGRATED PATHWAY%WIKIPATHWAYS_20260211%WP4726%HOMO SAPIENS	SPHINGOLIPID METABOLISM INTEGRATED PATHWAY%WIKIPATHWAYS_20260211%WP4726%HOMO SAPIENS		22	0.28929225	0.7459709	0.8476954	1.0	1.0	622	tags=9%, list=4%, signal=9%	
SMITH MAGENIS AND POTOCKI LUPSKI SYNDROME COPY NUMBER VARIATION%WIKIPATHWAYS_20260211%WP5381%HOMO SAPIENS	SMITH MAGENIS AND POTOCKI LUPSKI SYNDROME COPY NUMBER VARIATION%WIKIPATHWAYS_20260211%WP5381%HOMO SAPIENS		124	0.21020195	0.7459136	0.9643202	1.0	1.0	2442	tags=16%, list=16%, signal=19%	
REGULATION OF RNA SPLICING%GOBP%GO:0043484	REGULATION OF RNA SPLICING%GOBP%GO:0043484		173	0.20077418	0.74591136	0.9942474	1.0	1.0	4166	tags=26%, list=28%, signal=36%	
CANONICAL NF-KAPPAB PATHWAY%PATHWAY INTERACTION DATABASE NCI-NATURE CURATED DATA%CANONICAL NF-KAPPAB PATHWAY	CANONICAL NF-KAPPAB PATHWAY%PATHWAY INTERACTION DATABASE NCI-NATURE CURATED DATA%CANONICAL NF-KAPPAB PATHWAY		23	0.28413606	0.7458867	0.84690875	1.0	1.0	3659	tags=22%, list=24%, signal=29%	
ETOPOSIDE ACTION PATHWAY%SMPDB%SMP0000442	ETOPOSIDE ACTION PATHWAY%SMPDB%SMP0000442		18	0.30209774	0.7448345	0.8444004	1.0	1.0	4153	tags=50%, list=28%, signal=69%	
INTRINSIC PATHWAY OF FIBRIN CLOT FORMATION%REACTOME DATABASE ID RELEASE 95%140837	INTRINSIC PATHWAY OF FIBRIN CLOT FORMATION%REACTOME DATABASE ID RELEASE 95%140837		15	0.3143435	0.7445818	0.82171315	1.0	1.0	3290	tags=47%, list=22%, signal=60%	
POSITIVE REGULATION OF CELL CYCLE PROCESS%GOBP%GO:0090068	POSITIVE REGULATION OF CELL CYCLE PROCESS%GOBP%GO:0090068		188	0.19882588	0.74455386	0.98849475	1.0	1.0	4454	tags=30%, list=30%, signal=42%	
HIPPO YAP SIGNALING%WIKIPATHWAYS_20260211%WP4537%HOMO SAPIENS	HIPPO YAP SIGNALING%WIKIPATHWAYS_20260211%WP4537%HOMO SAPIENS		15	0.31541675	0.74434817	0.8362069	1.0	1.0	682	tags=13%, list=5%, signal=14%	
DNA DOUBLE-STRAND BREAK REPAIR%REACTOME%R-HSA-5693532.5	DNA DOUBLE-STRAND BREAK REPAIR%REACTOME%R-HSA-5693532.5		140	0.2050214	0.7437103	0.9868914	1.0	1.0	3725	tags=19%, list=25%, signal=25%	
NEGATIVE REGULATION OF DOUBLE-STRAND BREAK REPAIR VIA HOMOLOGOUS RECOMBINATION%GOBP%GO:2000042	NEGATIVE REGULATION OF DOUBLE-STRAND BREAK REPAIR VIA HOMOLOGOUS RECOMBINATION%GOBP%GO:2000042		25	0.2837701	0.7435954	0.86063075	1.0	1.0	3063	tags=20%, list=20%, signal=25%	
NEGATIVE REGULATION OF TORC1 SIGNALING%GOBP%GO:1904262	NEGATIVE REGULATION OF TORC1 SIGNALING%GOBP%GO:1904262		48	0.24382025	0.7433032	0.91030926	1.0	1.0	2684	tags=19%, list=18%, signal=23%	
CHROMOSOME ORGANIZATION%GOBP%GO:0051276	CHROMOSOME ORGANIZATION%GOBP%GO:0051276		308	0.1886943	0.7427951	1.0	1.0	1.0	3324	tags=18%, list=22%, signal=23%	
REGULATION OF ADENYLATE CYCLASE-ACTIVATING G PROTEIN-COUPLED RECEPTOR SIGNALING PATHWAY%GOBP%GO:0106070	REGULATION OF ADENYLATE CYCLASE-ACTIVATING G PROTEIN-COUPLED RECEPTOR SIGNALING PATHWAY%GOBP%GO:0106070		17	0.30358756	0.7422997	0.84555984	1.0	1.0	2579	tags=41%, list=17%, signal=50%	
BIOCARTA_INSULIN_PATHWAY%MSIGDB_C2%BIOCARTA_INSULIN_PATHWAY	BIOCARTA_INSULIN_PATHWAY%MSIGDB_C2%BIOCARTA_INSULIN_PATHWAY		17	0.30210385	0.7418371	0.83691406	1.0	1.0	2350	tags=29%, list=16%, signal=35%	
HALLMARK_G2M_CHECKPOINT%MSIGDBHALLMARK%HALLMARK_G2M_CHECKPOINT	HALLMARK_G2M_CHECKPOINT%MSIGDBHALLMARK%HALLMARK_G2M_CHECKPOINT		142	0.20509127	0.741639	0.98790324	1.0	1.0	4679	tags=32%, list=31%, signal=46%	
OXIDATION BY CYTOCHROME P450%WIKIPATHWAYS_20260211%WP43%HOMO SAPIENS	OXIDATION BY CYTOCHROME P450%WIKIPATHWAYS_20260211%WP43%HOMO SAPIENS		34	0.25745898	0.74161124	0.8921859	1.0	1.0	3672	tags=32%, list=24%, signal=43%	
METALLOPROTEASE DUBS%REACTOME DATABASE ID RELEASE 95%5689901	METALLOPROTEASE DUBS%REACTOME DATABASE ID RELEASE 95%5689901		24	0.2792974	0.7415861	0.85599196	1.0	1.0	3181	tags=25%, list=21%, signal=32%	
POSITIVE REGULATION OF CELL MIGRATION INVOLVED IN SPROUTING ANGIOGENESIS%GOBP%GO:0090050	POSITIVE REGULATION OF CELL MIGRATION INVOLVED IN SPROUTING ANGIOGENESIS%GOBP%GO:0090050		20	0.29259276	0.7411533	0.85188866	1.0	1.0	1690	tags=15%, list=11%, signal=17%	
SPHINGOMYELIN METABOLIC PROCESS%GOBP%GO:0006684	SPHINGOMYELIN METABOLIC PROCESS%GOBP%GO:0006684		18	0.29969236	0.74093384	0.860396	1.0	1.0	2690	tags=17%, list=18%, signal=20%	
NEGATIVE REGULATION OF RELEASE OF CYTOCHROME C FROM MITOCHONDRIA%GOBP%GO:0090201	NEGATIVE REGULATION OF RELEASE OF CYTOCHROME C FROM MITOCHONDRIA%GOBP%GO:0090201		17	0.30215338	0.7405228	0.84313726	1.0	1.0	1874	tags=18%, list=12%, signal=20%	
NUCLEAR CHROMOSOME SEGREGATION%GOBP%GO:0098813	NUCLEAR CHROMOSOME SEGREGATION%GOBP%GO:0098813		172	0.20083722	0.7403732	0.9952471	1.0	1.0	2611	tags=15%, list=17%, signal=18%	
REGULATION OF TRANSCRIPTION BY RNA POLYMERASE III%GOBP%GO:0006359	REGULATION OF TRANSCRIPTION BY RNA POLYMERASE III%GOBP%GO:0006359		29	0.26382798	0.74030864	0.8835617	1.0	1.0	5436	tags=38%, list=36%, signal=59%	
ACIDIC AMINO ACID TRANSPORT%GOBP%GO:0015800	ACIDIC AMINO ACID TRANSPORT%GOBP%GO:0015800		28	0.27007788	0.73992133	0.8645938	1.0	1.0	1104	tags=11%, list=7%, signal=12%	
REGULATION OF RUNX1 EXPRESSION AND ACTIVITY%REACTOME%R-HSA-8934593.2	REGULATION OF RUNX1 EXPRESSION AND ACTIVITY%REACTOME%R-HSA-8934593.2		17	0.30243155	0.73931164	0.8410351	1.0	1.0	2228	tags=24%, list=15%, signal=28%	
INFECTION WITH ENTEROBACTERIA%REACTOME%R-HSA-9640148.3	INFECTION WITH ENTEROBACTERIA%REACTOME%R-HSA-9640148.3		16	0.30841577	0.7391483	0.8211538	1.0	1.0	2348	tags=25%, list=16%, signal=30%	
BIOCARTA_INTRINSIC_PATHWAY%MSIGDB_C2%BIOCARTA_INTRINSIC_PATHWAY	BIOCARTA_INTRINSIC_PATHWAY%MSIGDB_C2%BIOCARTA_INTRINSIC_PATHWAY		15	0.31202766	0.73914355	0.83928573	1.0	1.0	3042	tags=47%, list=20%, signal=58%	
NOD1 2 SIGNALING PATHWAY%REACTOME%R-HSA-168638.5	NOD1 2 SIGNALING PATHWAY%REACTOME%R-HSA-168638.5		32	0.25985733	0.73823375	0.8760807	1.0	1.0	1978	tags=19%, list=13%, signal=22%	
PID_PI3KCI_AKT_PATHWAY%MSIGDB_C2%PID_PI3KCI_AKT_PATHWAY	PID_PI3KCI_AKT_PATHWAY%MSIGDB_C2%PID_PI3KCI_AKT_PATHWAY		27	0.27085248	0.7376412	0.88039213	1.0	1.0	2350	tags=22%, list=16%, signal=26%	
REGULATION OF CELLULAR RESPONSE TO HEAT%GOBP%GO:1900034	REGULATION OF CELLULAR RESPONSE TO HEAT%GOBP%GO:1900034		16	0.30399346	0.7371387	0.83870965	1.0	1.0	2684	tags=25%, list=18%, signal=30%	
FAS SIGNALING PATHWAY%PANTHER PATHWAY%P00020	FAS SIGNALING PATHWAY%PANTHER PATHWAY%P00020		30	0.26287782	0.73631406	0.87672585	1.0	1.0	2330	tags=17%, list=16%, signal=20%	
NONHOMOLOGOUS END-JOINING (NHEJ)%REACTOME%R-HSA-5693571.3	NONHOMOLOGOUS END-JOINING (NHEJ)%REACTOME%R-HSA-5693571.3		40	0.2433332	0.73577964	0.91409266	1.0	1.0	3445	tags=20%, list=23%, signal=26%	
MODULATORS OF TCR SIGNALING AND T CELL ACTIVATION%WIKIPATHWAYS_20260211%WP5072%HOMO SAPIENS	MODULATORS OF TCR SIGNALING AND T CELL ACTIVATION%WIKIPATHWAYS_20260211%WP5072%HOMO SAPIENS		50	0.23817377	0.73535913	0.9222749	1.0	1.0	645	tags=6%, list=4%, signal=6%	
CYTOSKELETON-DEPENDENT CYTOKINESIS%GOBP%GO:0061640	CYTOSKELETON-DEPENDENT CYTOKINESIS%GOBP%GO:0061640		101	0.21083872	0.7346114	0.9810757	1.0	1.0	4021	tags=25%, list=27%, signal=34%	
BIOCARTA_IL2_PATHWAY%MSIGDB_C2%BIOCARTA_IL2_PATHWAY	BIOCARTA_IL2_PATHWAY%MSIGDB_C2%BIOCARTA_IL2_PATHWAY		19	0.28656492	0.73461044	0.8522167	1.0	1.0	2021	tags=21%, list=13%, signal=24%	
TELOMERE ORGANIZATION%GOBP%GO:0032200	TELOMERE ORGANIZATION%GOBP%GO:0032200		77	0.22062749	0.7344223	0.95252526	1.0	1.0	3194	tags=19%, list=21%, signal=25%	
C4-DICARBOXYLATE TRANSPORT%GOBP%GO:0015740	C4-DICARBOXYLATE TRANSPORT%GOBP%GO:0015740		18	0.2949446	0.73434055	0.8385214	1.0	1.0	120	tags=6%, list=1%, signal=6%	
PID_PRL_SIGNALING_EVENTS_PATHWAY%MSIGDB_C2%PID_PRL_SIGNALING_EVENTS_PATHWAY	PID_PRL_SIGNALING_EVENTS_PATHWAY%MSIGDB_C2%PID_PRL_SIGNALING_EVENTS_PATHWAY		18	0.2993711	0.7337728	0.84615386	1.0	1.0	1503	tags=17%, list=10%, signal=18%	
CELLULAR RESPONSE TO LAMINAR FLUID SHEAR STRESS%GOBP%GO:0071499	CELLULAR RESPONSE TO LAMINAR FLUID SHEAR STRESS%GOBP%GO:0071499		27	0.27197203	0.7336471	0.87279844	1.0	1.0	988	tags=15%, list=7%, signal=16%	
REGULATION OF EPITHELIAL CELL MIGRATION%GOBP%GO:0010632	REGULATION OF EPITHELIAL CELL MIGRATION%GOBP%GO:0010632		52	0.23489137	0.7335378	0.9313052	1.0	1.0	2945	tags=23%, list=20%, signal=29%	
HYPOXIC AND OXYGEN HOMEOSTASIS REGULATION OF HIF-1-ALPHA%PATHWAY INTERACTION DATABASE NCI-NATURE CURATED DATA%HYPOXIC AND OXYGEN HOMEOSTASIS REGULATION OF HIF-1-ALPHA	HYPOXIC AND OXYGEN HOMEOSTASIS REGULATION OF HIF-1-ALPHA%PATHWAY INTERACTION DATABASE NCI-NATURE CURATED DATA%HYPOXIC AND OXYGEN HOMEOSTASIS REGULATION OF HIF-1-ALPHA		19	0.29032302	0.7331037	0.8542274	1.0	1.0	823	tags=11%, list=5%, signal=11%	
PRODUCTION OF MOLECULAR MEDIATOR OF IMMUNE RESPONSE%GOBP%GO:0002440	PRODUCTION OF MOLECULAR MEDIATOR OF IMMUNE RESPONSE%GOBP%GO:0002440		32	0.26057374	0.7314833	0.87949467	1.0	1.0	2349	tags=19%, list=16%, signal=22%	
REGULATION OF MEMBRANE PROTEIN ECTODOMAIN PROTEOLYSIS%GOBP%GO:0051043	REGULATION OF MEMBRANE PROTEIN ECTODOMAIN PROTEOLYSIS%GOBP%GO:0051043		24	0.27572218	0.7303318	0.8809756	1.0	1.0	2896	tags=25%, list=19%, signal=31%	
NEGATIVE REGULATION OF RNA SPLICING%GOBP%GO:0033119	NEGATIVE REGULATION OF RNA SPLICING%GOBP%GO:0033119		32	0.2556458	0.7290268	0.884273	1.0	1.0	1775	tags=13%, list=12%, signal=14%	
BIOCARTA_INTEGRIN_PATHWAY%MSIGDB_C2%BIOCARTA_INTEGRIN_PATHWAY	BIOCARTA_INTEGRIN_PATHWAY%MSIGDB_C2%BIOCARTA_INTEGRIN_PATHWAY		26	0.271787	0.72852725	0.8784585	1.0	1.0	2021	tags=19%, list=13%, signal=22%	
SPHINGOLIPID METABOLISM OVERVIEW%WIKIPATHWAYS_20260211%WP4725%HOMO SAPIENS	SPHINGOLIPID METABOLISM OVERVIEW%WIKIPATHWAYS_20260211%WP4725%HOMO SAPIENS		22	0.28141016	0.72812515	0.8627069	1.0	1.0	622	tags=9%, list=4%, signal=9%	
NEGATIVE REGULATION OF REACTIVE OXYGEN SPECIES METABOLIC PROCESS%GOBP%GO:2000378	NEGATIVE REGULATION OF REACTIVE OXYGEN SPECIES METABOLIC PROCESS%GOBP%GO:2000378		20	0.29051656	0.72803706	0.8610272	1.0	1.0	3717	tags=35%, list=25%, signal=46%	
PROTEIN K48-LINKED DEUBIQUITINATION%GOBP%GO:0071108	PROTEIN K48-LINKED DEUBIQUITINATION%GOBP%GO:0071108		20	0.28427398	0.7266611	0.8633721	1.0	1.0	309	tags=5%, list=2%, signal=5%	
CELLULAR ROLES OF ANTHRAX TOXIN%PATHWAY INTERACTION DATABASE NCI-NATURE CURATED DATA%CELLULAR ROLES OF ANTHRAX TOXIN	CELLULAR ROLES OF ANTHRAX TOXIN%PATHWAY INTERACTION DATABASE NCI-NATURE CURATED DATA%CELLULAR ROLES OF ANTHRAX TOXIN		18	0.28943294	0.726387	0.8564405	1.0	1.0	644	tags=11%, list=4%, signal=12%	
HIPPOCAMPUS DEVELOPMENT%GOBP%GO:0021766	HIPPOCAMPUS DEVELOPMENT%GOBP%GO:0021766		19	0.28714254	0.7253911	0.8682329	1.0	1.0	4119	tags=53%, list=27%, signal=72%	
HCMV EARLY EVENTS%REACTOME%R-HSA-9609690.2	HCMV EARLY EVENTS%REACTOME%R-HSA-9609690.2		64	0.22752394	0.7253586	0.9458375	1.0	1.0	4957	tags=34%, list=33%, signal=51%	
REGULATION OF MITOTIC SPINDLE ORGANIZATION%GOBP%GO:0060236	REGULATION OF MITOTIC SPINDLE ORGANIZATION%GOBP%GO:0060236		41	0.24440487	0.72515255	0.91808194	1.0	1.0	896	tags=7%, list=6%, signal=8%	
TRANSCRIPTIONAL REGULATION BY MECP2%REACTOME DATABASE ID RELEASE 95%8986944	TRANSCRIPTIONAL REGULATION BY MECP2%REACTOME DATABASE ID RELEASE 95%8986944		46	0.2405115	0.72480315	0.93076164	1.0	1.0	2994	tags=24%, list=20%, signal=30%	
CELLULAR RESPONSE TO TOPOLOGICALLY INCORRECT PROTEIN%GOBP%GO:0035967	CELLULAR RESPONSE TO TOPOLOGICALLY INCORRECT PROTEIN%GOBP%GO:0035967		83	0.21496452	0.72471017	0.97224975	1.0	1.0	4332	tags=30%, list=29%, signal=42%	
NUCLEAR DIVISION%GOBP%GO:0000280	NUCLEAR DIVISION%GOBP%GO:0000280		226	0.1882647	0.7240146	0.9990138	1.0	1.0	2684	tags=15%, list=18%, signal=18%	
PROTEIN STABILIZATION%GOBP%GO:0050821	PROTEIN STABILIZATION%GOBP%GO:0050821		197	0.19186622	0.7240084	0.99798185	1.0	1.0	2802	tags=16%, list=19%, signal=20%	
1Q21 1 COPY NUMBER VARIATION SYNDROME%WIKIPATHWAYS_20260211%WP4905%HOMO SAPIENS	1Q21 1 COPY NUMBER VARIATION SYNDROME%WIKIPATHWAYS_20260211%WP4905%HOMO SAPIENS		21	0.28243196	0.72395027	0.86340976	1.0	1.0	1660	tags=19%, list=11%, signal=21%	
SUPEROXIDE METABOLIC PROCESS%GOBP%GO:0006801	SUPEROXIDE METABOLIC PROCESS%GOBP%GO:0006801		28	0.2613782	0.72359705	0.88954055	1.0	1.0	1078	tags=11%, list=7%, signal=12%	
REGULATION OF TRANSCRIPTION BY RNA POLYMERASE I%GOBP%GO:0006356	REGULATION OF TRANSCRIPTION BY RNA POLYMERASE I%GOBP%GO:0006356		42	0.24065189	0.72328377	0.9375	1.0	1.0	4711	tags=31%, list=31%, signal=45%	
REPRODUCTION%REACTOME%R-HSA-1474165.7	REPRODUCTION%REACTOME%R-HSA-1474165.7		83	0.21388872	0.7232309	0.9681275	1.0	1.0	4645	tags=31%, list=31%, signal=45%	
BIOCARTA_IL2RB_PATHWAY%MSIGDB_C2%BIOCARTA_IL2RB_PATHWAY	BIOCARTA_IL2RB_PATHWAY%MSIGDB_C2%BIOCARTA_IL2RB_PATHWAY		30	0.2590528	0.7225308	0.9019019	1.0	1.0	2083	tags=23%, list=14%, signal=27%	
S1P2 PATHWAY%PATHWAY INTERACTION DATABASE NCI-NATURE CURATED DATA%S1P2 PATHWAY	S1P2 PATHWAY%PATHWAY INTERACTION DATABASE NCI-NATURE CURATED DATA%S1P2 PATHWAY		24	0.27142864	0.7220068	0.8703888	1.0	1.0	2215	tags=21%, list=15%, signal=24%	
NEURAL TUBE FORMATION%GOBP%GO:0001841	NEURAL TUBE FORMATION%GOBP%GO:0001841		32	0.25457212	0.7211691	0.9166667	1.0	1.0	1357	tags=13%, list=9%, signal=14%	
NOTCH%IOB%NOTCH	NOTCH%IOB%NOTCH		51	0.23748486	0.7211202	0.9409409	1.0	1.0	1278	tags=10%, list=9%, signal=11%	
EXERCISE INDUCED CIRCADIAN REGULATION%WIKIPATHWAYS_20260211%WP410%HOMO SAPIENS	EXERCISE INDUCED CIRCADIAN REGULATION%WIKIPATHWAYS_20260211%WP410%HOMO SAPIENS		30	0.26268968	0.7209712	0.89715964	1.0	1.0	1417	tags=13%, list=9%, signal=15%	
EPIGENETIC REGULATION OF GENE EXPRESSION%GOBP%GO:0040029	EPIGENETIC REGULATION OF GENE EXPRESSION%GOBP%GO:0040029		251	0.18601367	0.7204957	1.0	1.0	1.0	4187	tags=27%, list=28%, signal=36%	
PROTEIN O-LINKED GLYCOSYLATION VIA MANNOSE%GOBP%GO:0035269	PROTEIN O-LINKED GLYCOSYLATION VIA MANNOSE%GOBP%GO:0035269		16	0.29998654	0.7190135	0.8796844	1.0	1.0	2015	tags=19%, list=13%, signal=22%	
STIMULATORY C-TYPE LECTIN RECEPTOR SIGNALING PATHWAY%GOBP%GO:0002223	STIMULATORY C-TYPE LECTIN RECEPTOR SIGNALING PATHWAY%GOBP%GO:0002223		17	0.2913241	0.7186889	0.86241275	1.0	1.0	1466	tags=12%, list=10%, signal=13%	
NEGATIVE REGULATION OF DNA REPAIR%GOBP%GO:0045738	NEGATIVE REGULATION OF DNA REPAIR%GOBP%GO:0045738		37	0.24780779	0.7181174	0.90944123	1.0	1.0	325	tags=5%, list=2%, signal=6%	
TRANSLESION SYNTHESIS%GOBP%GO:0019985	TRANSLESION SYNTHESIS%GOBP%GO:0019985		25	0.26679018	0.7176005	0.8962076	1.0	1.0	3486	tags=24%, list=23%, signal=31%	
REGULATION OF SPINDLE ORGANIZATION%GOBP%GO:0090224	REGULATION OF SPINDLE ORGANIZATION%GOBP%GO:0090224		44	0.23837009	0.71747524	0.9359359	1.0	1.0	2048	tags=11%, list=14%, signal=13%	
RESPONSE TO LECTIN%GOBP%GO:1990840	RESPONSE TO LECTIN%GOBP%GO:1990840		17	0.2913241	0.7170692	0.8604651	1.0	1.0	1466	tags=12%, list=10%, signal=13%	
PRIMARY NEURAL TUBE FORMATION%GOBP%GO:0014020	PRIMARY NEURAL TUBE FORMATION%GOBP%GO:0014020		32	0.25457212	0.7168742	0.907	1.0	1.0	1357	tags=13%, list=9%, signal=14%	
CLEAVAGE OF THE DAMAGED PYRIMIDINE%REACTOME DATABASE ID RELEASE 95%110329	CLEAVAGE OF THE DAMAGED PYRIMIDINE%REACTOME DATABASE ID RELEASE 95%110329		26	0.2640564	0.71642876	0.89344263	1.0	1.0	5446	tags=50%, list=36%, signal=78%	
RECOGNITION AND ASSOCIATION OF DNA GLYCOSYLASE WITH SITE CONTAINING AN AFFECTED PYRIMIDINE%REACTOME DATABASE ID RELEASE 95%110328	RECOGNITION AND ASSOCIATION OF DNA GLYCOSYLASE WITH SITE CONTAINING AN AFFECTED PYRIMIDINE%REACTOME DATABASE ID RELEASE 95%110328		26	0.2640564	0.7157606	0.8982214	1.0	1.0	5446	tags=50%, list=36%, signal=78%	
SPERM CAPACITATION%GOBP%GO:0048240	SPERM CAPACITATION%GOBP%GO:0048240		15	0.29975522	0.7157568	0.8743616	1.0	1.0	158	tags=7%, list=1%, signal=7%	
CELLULAR OXIDANT DETOXIFICATION%GOBP%GO:0098869	CELLULAR OXIDANT DETOXIFICATION%GOBP%GO:0098869		17	0.29173404	0.71568954	0.8666667	1.0	1.0	4038	tags=29%, list=27%, signal=40%	
PROTEIN N-LINKED GLYCOSYLATION%GOBP%GO:0006487	PROTEIN N-LINKED GLYCOSYLATION%GOBP%GO:0006487		77	0.21515252	0.71536034	0.96588695	1.0	1.0	2307	tags=17%, list=15%, signal=20%	
NEGATIVE REGULATION OF MAP KINASE ACTIVITY%GOBP%GO:0043407	NEGATIVE REGULATION OF MAP KINASE ACTIVITY%GOBP%GO:0043407		16	0.29395658	0.7151786	0.8724832	1.0	1.0	1969	tags=19%, list=13%, signal=22%	
POSITIVE REGULATION OF TRANSCRIPTION BY RNA POLYMERASE III%GOBP%GO:0045945	POSITIVE REGULATION OF TRANSCRIPTION BY RNA POLYMERASE III%GOBP%GO:0045945		18	0.2890434	0.71508086	0.88229376	1.0	1.0	5241	tags=44%, list=35%, signal=68%	
VIRAL PROTEIN PROCESSING%GOBP%GO:0019082	VIRAL PROTEIN PROCESSING%GOBP%GO:0019082		31	0.2569126	0.7147598	0.92596346	1.0	1.0	2307	tags=19%, list=15%, signal=23%	
DNA RECOMBINATION%GOBP%GO:0006310	DNA RECOMBINATION%GOBP%GO:0006310		177	0.19057086	0.7147491	0.9971564	1.0	1.0	4888	tags=29%, list=33%, signal=43%	
DEPYRIMIDINATION%REACTOME%R-HSA-73928.3	DEPYRIMIDINATION%REACTOME%R-HSA-73928.3		26	0.2640564	0.71445316	0.9036965	1.0	1.0	5446	tags=50%, list=36%, signal=78%	
RESPONSE TO MISFOLDED PROTEIN%GOBP%GO:0051788	RESPONSE TO MISFOLDED PROTEIN%GOBP%GO:0051788		19	0.28112674	0.7144392	0.8814383	1.0	1.0	4151	tags=37%, list=28%, signal=51%	
REGULATION OF POSTSYNAPTIC MEMBRANE NEUROTRANSMITTER RECEPTOR LEVELS%GOBP%GO:0099072	REGULATION OF POSTSYNAPTIC MEMBRANE NEUROTRANSMITTER RECEPTOR LEVELS%GOBP%GO:0099072		20	0.2782239	0.7142217	0.87077534	1.0	1.0	864	tags=15%, list=6%, signal=16%	
NEGATIVE REGULATION OF DOUBLE-STRAND BREAK REPAIR%GOBP%GO:2000780	NEGATIVE REGULATION OF DOUBLE-STRAND BREAK REPAIR%GOBP%GO:2000780		35	0.24949762	0.7137014	0.91053677	1.0	1.0	325	tags=6%, list=2%, signal=6%	
MITOTIC CELL CYCLE PROCESS%GOBP%GO:1903047	MITOTIC CELL CYCLE PROCESS%GOBP%GO:1903047		443	0.17376183	0.7134525	1.0	1.0	1.0	4754	tags=29%, list=32%, signal=42%	
DEVELOPMENTAL CELL LINEAGES OF THE EXOCRINE PANCREAS%REACTOME DATABASE ID RELEASE 95%9820448	DEVELOPMENTAL CELL LINEAGES OF THE EXOCRINE PANCREAS%REACTOME DATABASE ID RELEASE 95%9820448		17	0.29105088	0.71325386	0.86796314	1.0	1.0	1818	tags=18%, list=12%, signal=20%	
WNT SIGNALING PATHWAY, PLANAR CELL POLARITY PATHWAY%GOBP%GO:0060071	WNT SIGNALING PATHWAY, PLANAR CELL POLARITY PATHWAY%GOBP%GO:0060071		28	0.26252887	0.7122408	0.89705884	1.0	1.0	2071	tags=18%, list=14%, signal=21%	
REGULATION OF MRNA METABOLIC PROCESS%GOBP%GO:1903311	REGULATION OF MRNA METABOLIC PROCESS%GOBP%GO:1903311		290	0.18084732	0.7122047	1.0	1.0	1.0	4220	tags=27%, list=28%, signal=37%	
SIGNALING EVENTS MEDIATED BY FOCAL ADHESION KINASE%PATHWAY INTERACTION DATABASE NCI-NATURE CURATED DATA%SIGNALING EVENTS MEDIATED BY FOCAL ADHESION KINASE	SIGNALING EVENTS MEDIATED BY FOCAL ADHESION KINASE%PATHWAY INTERACTION DATABASE NCI-NATURE CURATED DATA%SIGNALING EVENTS MEDIATED BY FOCAL ADHESION KINASE		57	0.2263355	0.71183354	0.96463656	1.0	1.0	2021	tags=14%, list=13%, signal=16%	
POSITIVE REGULATION OF ENDOTHELIAL CELL APOPTOTIC PROCESS%GOBP%GO:2000353	POSITIVE REGULATION OF ENDOTHELIAL CELL APOPTOTIC PROCESS%GOBP%GO:2000353		18	0.28737944	0.7117469	0.8761239	1.0	1.0	2478	tags=22%, list=16%, signal=27%	
PHOSPHATIDYL INOSITOL PHOSPHATE PATHWAY%WIKIPATHWAYS_20260211%WP5411%HOMO SAPIENS	PHOSPHATIDYL INOSITOL PHOSPHATE PATHWAY%WIKIPATHWAYS_20260211%WP5411%HOMO SAPIENS		37	0.24427012	0.71159303	0.9288462	1.0	1.0	2716	tags=22%, list=18%, signal=26%	
MODULATION BY SYMBIONT OF ENTRY INTO HOST%GOBP%GO:0052372	MODULATION BY SYMBIONT OF ENTRY INTO HOST%GOBP%GO:0052372		22	0.2756228	0.711011	0.87649405	1.0	1.0	3017	tags=23%, list=20%, signal=28%	
GPR143 IN MELANOCYTES AND RETINAL PIGMENT EPITHELIUM CELLS%WIKIPATHWAYS_20260211%WP4941%HOMO SAPIENS	GPR143 IN MELANOCYTES AND RETINAL PIGMENT EPITHELIUM CELLS%WIKIPATHWAYS_20260211%WP4941%HOMO SAPIENS		16	0.29326913	0.710761	0.8527668	1.0	1.0	189	tags=6%, list=1%, signal=6%	
MOLECULAR PATHWAY FOR OXIDATIVE STRESS%WIKIPATHWAYS_20260211%WP5477%HOMO SAPIENS	MOLECULAR PATHWAY FOR OXIDATIVE STRESS%WIKIPATHWAYS_20260211%WP5477%HOMO SAPIENS		41	0.24048913	0.71059924	0.936255	1.0	1.0	2642	tags=22%, list=18%, signal=27%	
CELLULAR RESPONSE TO LECTIN%GOBP%GO:1990858	CELLULAR RESPONSE TO LECTIN%GOBP%GO:1990858		17	0.2913241	0.7097409	0.8697813	1.0	1.0	1466	tags=12%, list=10%, signal=13%	
CHROMATIN REMODELING%GOBP%GO:0006338	CHROMATIN REMODELING%GOBP%GO:0006338		456	0.17313801	0.7093391	1.0	1.0	1.0	3063	tags=17%, list=20%, signal=20%	
NEGATIVE REGULATION OF ION TRANSMEMBRANE TRANSPORTER ACTIVITY%GOBP%GO:0032413	NEGATIVE REGULATION OF ION TRANSMEMBRANE TRANSPORTER ACTIVITY%GOBP%GO:0032413		15	0.29982826	0.7087272	0.86903554	1.0	1.0	1646	tags=20%, list=11%, signal=22%	
D-<I>MYO< I>-INOSITOL (1,4,5)-TRISPHOSPHATE BIOSYNTHESIS%BIOCYC%PWY-6351	D-<I>MYO< I>-INOSITOL (1,4,5)-TRISPHOSPHATE BIOSYNTHESIS%BIOCYC%PWY-6351		24	0.26609606	0.70796084	0.89433235	1.0	1.0	1835	tags=17%, list=12%, signal=19%	
FOXO-MEDIATED TRANSCRIPTION OF CELL DEATH GENES%REACTOME%R-HSA-9614657.2	FOXO-MEDIATED TRANSCRIPTION OF CELL DEATH GENES%REACTOME%R-HSA-9614657.2		16	0.29953656	0.7077963	0.8407258	1.0	1.0	2146	tags=19%, list=14%, signal=22%	
PROTEIN MODIFICATION BY SMALL PROTEIN REMOVAL%GOBP%GO:0070646	PROTEIN MODIFICATION BY SMALL PROTEIN REMOVAL%GOBP%GO:0070646		90	0.20867375	0.706768	0.9796314	1.0	1.0	3717	tags=23%, list=25%, signal=31%	
MITOCHONDRIAL RNA PROCESSING%GOBP%GO:0000963	MITOCHONDRIAL RNA PROCESSING%GOBP%GO:0000963		28	0.25735256	0.70609665	0.91148776	1.0	1.0	187	tags=4%, list=1%, signal=4%	
GLIAL CELL MIGRATION%GOBP%GO:0008347	GLIAL CELL MIGRATION%GOBP%GO:0008347		18	0.28402823	0.70574325	0.887	1.0	1.0	5118	tags=39%, list=34%, signal=59%	
REGULATION OF GLUCONEOGENESIS%GOBP%GO:0006111	REGULATION OF GLUCONEOGENESIS%GOBP%GO:0006111		33	0.2507342	0.70544606	0.9210037	1.0	1.0	2553	tags=21%, list=17%, signal=26%	
G2 M DNA DAMAGE CHECKPOINT%REACTOME%R-HSA-69473.7	G2 M DNA DAMAGE CHECKPOINT%REACTOME%R-HSA-69473.7		69	0.21507138	0.7050794	0.9787234	1.0	1.0	3725	tags=19%, list=25%, signal=25%	
REGULATION OF IMMUNOGLOBULIN MEDIATED IMMUNE RESPONSE%GOBP%GO:0002889	REGULATION OF IMMUNOGLOBULIN MEDIATED IMMUNE RESPONSE%GOBP%GO:0002889		31	0.24856612	0.7048738	0.9109792	1.0	1.0	1363	tags=10%, list=9%, signal=11%	
ESTABLISHMENT OF SPINDLE ORIENTATION%GOBP%GO:0051294	ESTABLISHMENT OF SPINDLE ORIENTATION%GOBP%GO:0051294		36	0.24218993	0.7046551	0.9282153	1.0	1.0	1925	tags=17%, list=13%, signal=19%	
GLYCOSYLATION AND RELATED CONGENITAL DEFECTS%WIKIPATHWAYS_20260211%WP4521%HOMO SAPIENS	GLYCOSYLATION AND RELATED CONGENITAL DEFECTS%WIKIPATHWAYS_20260211%WP4521%HOMO SAPIENS		22	0.2732679	0.7033601	0.88529414	1.0	1.0	1739	tags=14%, list=12%, signal=15%	
PURINE NUCLEOSIDE MONOPHOSPHATE BIOSYNTHETIC PROCESS%GOBP%GO:0009127	PURINE NUCLEOSIDE MONOPHOSPHATE BIOSYNTHETIC PROCESS%GOBP%GO:0009127		15	0.29673448	0.70270264	0.8714976	1.0	1.0	2096	tags=20%, list=14%, signal=23%	
CYTOKINESIS%GOBP%GO:0000910	CYTOKINESIS%GOBP%GO:0000910		103	0.20194632	0.70211035	0.9874031	1.0	1.0	4021	tags=24%, list=27%, signal=33%	
REGULATION OF CHROMOSOME ORGANIZATION%GOBP%GO:0033044	REGULATION OF CHROMOSOME ORGANIZATION%GOBP%GO:0033044		233	0.18347563	0.701816	1.0	1.0	1.0	3244	tags=20%, list=22%, signal=25%	
REGULATION OF NUCLEAR DIVISION%GOBP%GO:0051783	REGULATION OF NUCLEAR DIVISION%GOBP%GO:0051783		112	0.20024234	0.7007823	0.99121094	1.0	1.0	3636	tags=26%, list=24%, signal=34%	
CLASS I PI3K SIGNALING EVENTS MEDIATED BY AKT%PATHWAY INTERACTION DATABASE NCI-NATURE CURATED DATA%CLASS I PI3K SIGNALING EVENTS MEDIATED BY AKT	CLASS I PI3K SIGNALING EVENTS MEDIATED BY AKT%PATHWAY INTERACTION DATABASE NCI-NATURE CURATED DATA%CLASS I PI3K SIGNALING EVENTS MEDIATED BY AKT		35	0.24521442	0.7005925	0.9281496	1.0	1.0	2350	tags=23%, list=16%, signal=27%	
NEGATIVE REGULATION OF CHROMOSOME ORGANIZATION%GOBP%GO:2001251	NEGATIVE REGULATION OF CHROMOSOME ORGANIZATION%GOBP%GO:2001251		70	0.21643148	0.70016646	0.96761906	1.0	1.0	4640	tags=37%, list=31%, signal=53%	
MATERNAL PROCESS INVOLVED IN FEMALE PREGNANCY%GOBP%GO:0060135	MATERNAL PROCESS INVOLVED IN FEMALE PREGNANCY%GOBP%GO:0060135		15	0.29339856	0.6988105	0.870936	1.0	1.0	1345	tags=13%, list=9%, signal=15%	
MITOCHONDRIAL DNA METABOLIC PROCESS%GOBP%GO:0032042	MITOCHONDRIAL DNA METABOLIC PROCESS%GOBP%GO:0032042		15	0.2926554	0.6946091	0.86564296	1.0	1.0	10627	tags=100%, list=71%, signal=342%	
LISSENCEPHALY GENE (LIS1) IN NEURONAL MIGRATION AND DEVELOPMENT%PATHWAY INTERACTION DATABASE NCI-NATURE CURATED DATA%LISSENCEPHALY GENE (LIS1) IN NEURONAL MIGRATION AND DEVELOPMENT	LISSENCEPHALY GENE (LIS1) IN NEURONAL MIGRATION AND DEVELOPMENT%PATHWAY INTERACTION DATABASE NCI-NATURE CURATED DATA%LISSENCEPHALY GENE (LIS1) IN NEURONAL MIGRATION AND DEVELOPMENT		27	0.2572712	0.69411284	0.9157793	1.0	1.0	93	tags=4%, list=1%, signal=4%	
CYTOPLASMIC MICROTUBULE ORGANIZATION%GOBP%GO:0031122	CYTOPLASMIC MICROTUBULE ORGANIZATION%GOBP%GO:0031122		58	0.22096959	0.6939408	0.9739382	1.0	1.0	4069	tags=34%, list=27%, signal=47%	
REGULATION OF T-HELPER 17 TYPE IMMUNE RESPONSE%GOBP%GO:2000316	REGULATION OF T-HELPER 17 TYPE IMMUNE RESPONSE%GOBP%GO:2000316		24	0.25699237	0.6926773	0.91361505	1.0	1.0	1983	tags=13%, list=13%, signal=14%	
EXPRESSION OF BMAL (ARNTL), CLOCK, AND NPAS2%REACTOME DATABASE ID RELEASE 95%9931509	EXPRESSION OF BMAL (ARNTL), CLOCK, AND NPAS2%REACTOME DATABASE ID RELEASE 95%9931509		34	0.24196176	0.6926206	0.94637537	1.0	1.0	3097	tags=24%, list=21%, signal=30%	
MITOTIC SISTER CHROMATID COHESION%GOBP%GO:0007064	MITOTIC SISTER CHROMATID COHESION%GOBP%GO:0007064		22	0.2674298	0.69229674	0.8901515	1.0	1.0	5417	tags=32%, list=36%, signal=50%	
BIOCARTA_NGF_PATHWAY%MSIGDB_C2%BIOCARTA_NGF_PATHWAY	BIOCARTA_NGF_PATHWAY%MSIGDB_C2%BIOCARTA_NGF_PATHWAY		17	0.2814894	0.691698	0.8945233	1.0	1.0	2021	tags=24%, list=13%, signal=27%	
REGULATION OF EXECUTION PHASE OF APOPTOSIS%GOBP%GO:1900117	REGULATION OF EXECUTION PHASE OF APOPTOSIS%GOBP%GO:1900117		17	0.27916497	0.6912371	0.8949416	1.0	1.0	3560	tags=24%, list=24%, signal=31%	
DNA SYNTHESIS INVOLVED IN DNA REPLICATION%GOBP%GO:0090592	DNA SYNTHESIS INVOLVED IN DNA REPLICATION%GOBP%GO:0090592		26	0.2568942	0.6909052	0.92975205	1.0	1.0	3486	tags=23%, list=23%, signal=30%	
NEGATIVE REGULATION OF TELOMERE MAINTENANCE VIA TELOMERE LENGTHENING%GOBP%GO:1904357	NEGATIVE REGULATION OF TELOMERE MAINTENANCE VIA TELOMERE LENGTHENING%GOBP%GO:1904357		25	0.25865597	0.6902157	0.9102167	1.0	1.0	4640	tags=36%, list=31%, signal=52%	
MICROTUBULE ANCHORING%GOBP%GO:0034453	MICROTUBULE ANCHORING%GOBP%GO:0034453		21	0.2727128	0.69008434	0.9049466	1.0	1.0	4069	tags=48%, list=27%, signal=65%	
TRANSLOCATION OF ZAP-70 TO IMMUNOLOGICAL SYNAPSE%REACTOME DATABASE ID RELEASE 95%202430	TRANSLOCATION OF ZAP-70 TO IMMUNOLOGICAL SYNAPSE%REACTOME DATABASE ID RELEASE 95%202430		16	0.28973746	0.6898018	0.8935574	1.0	1.0	5876	tags=38%, list=39%, signal=62%	
HEME SIGNALING%REACTOME DATABASE ID RELEASE 95%9707616	HEME SIGNALING%REACTOME DATABASE ID RELEASE 95%9707616		45	0.2277665	0.68953717	0.94726366	1.0	1.0	3097	tags=24%, list=21%, signal=31%	
POSITIVE REGULATION OF DOUBLE-STRAND BREAK REPAIR VIA HOMOLOGOUS RECOMBINATION%GOBP%GO:1905168	POSITIVE REGULATION OF DOUBLE-STRAND BREAK REPAIR VIA HOMOLOGOUS RECOMBINATION%GOBP%GO:1905168		41	0.23405516	0.68946916	0.950951	1.0	1.0	2557	tags=17%, list=17%, signal=21%	
REGULATION OF ACUTE INFLAMMATORY RESPONSE%GOBP%GO:0002673	REGULATION OF ACUTE INFLAMMATORY RESPONSE%GOBP%GO:0002673		29	0.25149614	0.68868816	0.91381	1.0	1.0	1363	tags=14%, list=9%, signal=15%	
POSITIVE REGULATION OF CHROMOSOME ORGANIZATION%GOBP%GO:2001252	POSITIVE REGULATION OF CHROMOSOME ORGANIZATION%GOBP%GO:2001252		81	0.20598328	0.6873037	0.99013805	1.0	1.0	4850	tags=36%, list=32%, signal=53%	
PROTEIN UBIQUITINATION%REACTOME%R-HSA-8852135.4	PROTEIN UBIQUITINATION%REACTOME%R-HSA-8852135.4		68	0.21350992	0.6865255	0.9748062	1.0	1.0	3547	tags=21%, list=24%, signal=27%	
PHAGOLYSOSOME ASSEMBLY%GOBP%GO:0001845	PHAGOLYSOSOME ASSEMBLY%GOBP%GO:0001845		15	0.28956988	0.6858708	0.8946322	1.0	1.0	165	tags=7%, list=1%, signal=7%	
E2F MEDIATED REGULATION OF DNA REPLICATION%REACTOME%R-HSA-113510.5	E2F MEDIATED REGULATION OF DNA REPLICATION%REACTOME%R-HSA-113510.5		21	0.2659862	0.6858568	0.9035433	1.0	1.0	2337	tags=14%, list=16%, signal=17%	
PROTEIN DEUBIQUITINATION%GOBP%GO:0016579	PROTEIN DEUBIQUITINATION%GOBP%GO:0016579		72	0.20918392	0.68557143	0.9760956	1.0	1.0	3717	tags=25%, list=25%, signal=33%	
PROSTANOID METABOLIC PROCESS%GOBP%GO:0006692	PROSTANOID METABOLIC PROCESS%GOBP%GO:0006692		30	0.24570592	0.6852966	0.92170465	1.0	1.0	358	tags=7%, list=2%, signal=7%	
ACTIVATION OF BH3-ONLY PROTEINS%REACTOME DATABASE ID RELEASE 95%114452	ACTIVATION OF BH3-ONLY PROTEINS%REACTOME DATABASE ID RELEASE 95%114452		30	0.24730358	0.6839839	0.93719333	1.0	1.0	3693	tags=37%, list=25%, signal=49%	
HEPATOCYTE GROWTH FACTOR RECEPTOR SIGNALING%WIKIPATHWAYS_20260211%WP313%HOMO SAPIENS	HEPATOCYTE GROWTH FACTOR RECEPTOR SIGNALING%WIKIPATHWAYS_20260211%WP313%HOMO SAPIENS		30	0.24307041	0.6830018	0.9373192	1.0	1.0	2157	tags=20%, list=14%, signal=23%	
BIOCARTA_CDMAC_PATHWAY%MSIGDB_C2%BIOCARTA_CDMAC_PATHWAY	BIOCARTA_CDMAC_PATHWAY%MSIGDB_C2%BIOCARTA_CDMAC_PATHWAY		15	0.2893675	0.68295974	0.89145726	1.0	1.0	1835	tags=20%, list=12%, signal=23%	
REGULATION OF ENDOGENOUS RETROELEMENTS BY KRAB-ZFP PROTEINS%REACTOME%R-HSA-9843940.1	REGULATION OF ENDOGENOUS RETROELEMENTS BY KRAB-ZFP PROTEINS%REACTOME%R-HSA-9843940.1		60	0.21187255	0.68183744	0.98916256	1.0	1.0	3835	tags=22%, list=26%, signal=29%	
JNK (C-JUN KINASES) PHOSPHORYLATION AND ACTIVATION MEDIATED BY ACTIVATED HUMAN TAK1%REACTOME DATABASE ID RELEASE 95%450321	JNK (C-JUN KINASES) PHOSPHORYLATION AND ACTIVATION MEDIATED BY ACTIVATED HUMAN TAK1%REACTOME DATABASE ID RELEASE 95%450321		18	0.27561346	0.6811702	0.8991098	1.0	1.0	1466	tags=17%, list=10%, signal=18%	
PID_ATR_PATHWAY%MSIGDB_C2%PID_ATR_PATHWAY	PID_ATR_PATHWAY%MSIGDB_C2%PID_ATR_PATHWAY		32	0.24284819	0.68095744	0.9398573	1.0	1.0	3521	tags=22%, list=23%, signal=29%	
AXON GUIDANCE MEDIATED BY SEMAPHORINS%PANTHER PATHWAY%P00007	AXON GUIDANCE MEDIATED BY SEMAPHORINS%PANTHER PATHWAY%P00007		18	0.27491084	0.6802193	0.90963256	1.0	1.0	3147	tags=28%, list=21%, signal=35%	
FORMATION OF THE NON-CANONICAL BAF (NCBAF) COMPLEX%REACTOME DATABASE ID RELEASE 95%9933947	FORMATION OF THE NON-CANONICAL BAF (NCBAF) COMPLEX%REACTOME DATABASE ID RELEASE 95%9933947		17	0.2752913	0.67925376	0.9010101	1.0	1.0	1254	tags=12%, list=8%, signal=13%	
COMPLEMENT PATHWAY%PATHWHIZ%PW064819	COMPLEMENT PATHWAY%PATHWHIZ%PW064819		15	0.28756663	0.6785305	0.9084713	1.0	1.0	2573	tags=33%, list=17%, signal=40%	
REGULATION OF MEGAKARYOCYTE DIFFERENTIATION%GOBP%GO:0045652	REGULATION OF MEGAKARYOCYTE DIFFERENTIATION%GOBP%GO:0045652		19	0.27500004	0.67772335	0.9158416	1.0	1.0	165	tags=5%, list=1%, signal=5%	
REGULATION OF B CELL RECEPTOR SIGNALING PATHWAY%GOBP%GO:0050855	REGULATION OF B CELL RECEPTOR SIGNALING PATHWAY%GOBP%GO:0050855		18	0.2708844	0.67729473	0.91972923	1.0	1.0	3179	tags=33%, list=21%, signal=42%	
REGULATION OF EXTRINSIC APOPTOTIC SIGNALING PATHWAY VIA DEATH DOMAIN RECEPTORS%GOBP%GO:1902041	REGULATION OF EXTRINSIC APOPTOTIC SIGNALING PATHWAY VIA DEATH DOMAIN RECEPTORS%GOBP%GO:1902041		33	0.24172495	0.6772288	0.95281124	1.0	1.0	2515	tags=24%, list=17%, signal=29%	
BIOCARTA_RACCYCD_PATHWAY%MSIGDB_C2%BIOCARTA_RACCYCD_PATHWAY	BIOCARTA_RACCYCD_PATHWAY%MSIGDB_C2%BIOCARTA_RACCYCD_PATHWAY		23	0.25580144	0.6767568	0.92419523	1.0	1.0	1295	tags=9%, list=9%, signal=10%	
SNRNA METABOLIC PROCESS%GOBP%GO:0016073	SNRNA METABOLIC PROCESS%GOBP%GO:0016073		56	0.21478331	0.6764408	0.9811881	1.0	1.0	2197	tags=14%, list=15%, signal=17%	
TRANSPOSABLE ELEMENT SILENCING%GOBP%GO:0010526	TRANSPOSABLE ELEMENT SILENCING%GOBP%GO:0010526		29	0.2460171	0.67420524	0.9253152	1.0	1.0	3311	tags=24%, list=22%, signal=31%	
MATURATION OF DENV PROTEINS%REACTOME%R-HSA-9918432.1	MATURATION OF DENV PROTEINS%REACTOME%R-HSA-9918432.1		51	0.21775533	0.6740361	0.97540206	1.0	1.0	2247	tags=14%, list=15%, signal=16%	
PROTEIN FOLDING%GOBP%GO:0006457	PROTEIN FOLDING%GOBP%GO:0006457		155	0.1834344	0.6737429	0.9972015	1.0	1.0	2935	tags=17%, list=20%, signal=21%	
NEGATIVE REGULATION OF TRANSPORTER ACTIVITY%GOBP%GO:0032410	NEGATIVE REGULATION OF TRANSPORTER ACTIVITY%GOBP%GO:0032410		16	0.27753174	0.672878	0.9072782	1.0	1.0	1646	tags=19%, list=11%, signal=21%	
REGULATION OF CELLULAR SENESCENCE%GOBP%GO:2000772	REGULATION OF CELLULAR SENESCENCE%GOBP%GO:2000772		31	0.23568279	0.67155576	0.94941634	1.0	1.0	2157	tags=10%, list=14%, signal=11%	
PURINE NUCLEOTIDES <I>DE NOVO< I> BIOSYNTHESIS%BIOCYC%PWY-841	PURINE NUCLEOTIDES <I>DE NOVO< I> BIOSYNTHESIS%BIOCYC%PWY-841		28	0.24630597	0.6692924	0.9447732	1.0	1.0	3895	tags=36%, list=26%, signal=48%	
NEGATIVE REGULATION OF FGFR1 SIGNALING%REACTOME DATABASE ID RELEASE 95%5654726	NEGATIVE REGULATION OF FGFR1 SIGNALING%REACTOME DATABASE ID RELEASE 95%5654726		20	0.26046377	0.6670261	0.9301868	1.0	1.0	2458	tags=15%, list=16%, signal=18%	
NEUROMUSCULAR JUNCTION DEVELOPMENT%GOBP%GO:0007528	NEUROMUSCULAR JUNCTION DEVELOPMENT%GOBP%GO:0007528		22	0.2587577	0.6668748	0.9268775	1.0	1.0	3167	tags=36%, list=21%, signal=46%	
PID_TGFBR_PATHWAY%MSIGDB_C2%PID_TGFBR_PATHWAY	PID_TGFBR_PATHWAY%MSIGDB_C2%PID_TGFBR_PATHWAY		36	0.23244214	0.66648877	0.95445544	1.0	1.0	2021	tags=11%, list=13%, signal=13%	
MITOTIC INTRA-S DNA DAMAGE CHECKPOINT SIGNALING%GOBP%GO:0031573	MITOTIC INTRA-S DNA DAMAGE CHECKPOINT SIGNALING%GOBP%GO:0031573		17	0.26846126	0.6646926	0.91343284	1.0	1.0	5102	tags=35%, list=34%, signal=53%	
REGULATION OF CENTROSOME DUPLICATION%GOBP%GO:0010824	REGULATION OF CENTROSOME DUPLICATION%GOBP%GO:0010824		45	0.2213896	0.6640969	0.9667644	1.0	1.0	4389	tags=33%, list=29%, signal=47%	
NEGATIVE REGULATION OF TELOMERE MAINTENANCE VIA TELOMERASE%GOBP%GO:0032211	NEGATIVE REGULATION OF TELOMERE MAINTENANCE VIA TELOMERASE%GOBP%GO:0032211		20	0.26120088	0.66296107	0.9189453	1.0	1.0	4640	tags=35%, list=31%, signal=51%	
EPIGENETIC PROGRAMMING OF GENE EXPRESSION%GOBP%GO:0043045	EPIGENETIC PROGRAMMING OF GENE EXPRESSION%GOBP%GO:0043045		15	0.27817562	0.662347	0.9061265	1.0	1.0	3374	tags=27%, list=22%, signal=34%	
NANOPARTICLE TRIGGERED AUTOPHAGIC CELL DEATH%WIKIPATHWAYS_20260211%WP2509%HOMO SAPIENS	NANOPARTICLE TRIGGERED AUTOPHAGIC CELL DEATH%WIKIPATHWAYS_20260211%WP2509%HOMO SAPIENS		19	0.2627763	0.66230583	0.91765875	1.0	1.0	2597	tags=16%, list=17%, signal=19%	
LYMPH VESSEL DEVELOPMENT%GOBP%GO:0001945	LYMPH VESSEL DEVELOPMENT%GOBP%GO:0001945		18	0.26222342	0.6613681	0.92574257	1.0	1.0	1426	tags=11%, list=9%, signal=12%	
RECOMBINATIONAL REPAIR%GOBP%GO:0000725	RECOMBINATIONAL REPAIR%GOBP%GO:0000725		117	0.18673375	0.6609289	0.99701196	1.0	1.0	4971	tags=29%, list=33%, signal=43%	
REGULATION OF BICELLULAR TIGHT JUNCTION ASSEMBLY%GOBP%GO:2000810	REGULATION OF BICELLULAR TIGHT JUNCTION ASSEMBLY%GOBP%GO:2000810		18	0.26778224	0.66001874	0.92026895	1.0	1.0	3024	tags=33%, list=20%, signal=42%	
REGULATION OF B CELL MEDIATED IMMUNITY%GOBP%GO:0002712	REGULATION OF B CELL MEDIATED IMMUNITY%GOBP%GO:0002712		32	0.23770736	0.65971756	0.951952	1.0	1.0	1363	tags=9%, list=9%, signal=10%	
HYALURONAN METABOLIC PROCESS%GOBP%GO:0030212	HYALURONAN METABOLIC PROCESS%GOBP%GO:0030212		15	0.2811287	0.65901464	0.91528726	1.0	1.0	2835	tags=27%, list=19%, signal=33%	
MEIOTIC SYNAPSIS%REACTOME%R-HSA-1221632.3	MEIOTIC SYNAPSIS%REACTOME%R-HSA-1221632.3		36	0.22669123	0.6568125	0.9718026	1.0	1.0	3445	tags=25%, list=23%, signal=32%	
REGULATION OF BLOOD VESSEL ENDOTHELIAL CELL PROLIFERATION INVOLVED IN SPROUTING ANGIOGENESIS%GOBP%GO:1903587	REGULATION OF BLOOD VESSEL ENDOTHELIAL CELL PROLIFERATION INVOLVED IN SPROUTING ANGIOGENESIS%GOBP%GO:1903587		16	0.27511835	0.6555879	0.9265593	1.0	1.0	994	tags=13%, list=7%, signal=13%	
ORGANELLE FISSION%GOBP%GO:0048285	ORGANELLE FISSION%GOBP%GO:0048285		248	0.16832392	0.65468645	1.0	1.0	1.0	2684	tags=14%, list=18%, signal=17%	
NAD METABOLISM IN ONCOGENE INDUCED SENESCENCE AND MITOCHONDRIAL DYSFUNCTION ASSOCIATED SENESCENCE%WIKIPATHWAYS_20260211%WP5046%HOMO SAPIENS	NAD METABOLISM IN ONCOGENE INDUCED SENESCENCE AND MITOCHONDRIAL DYSFUNCTION ASSOCIATED SENESCENCE%WIKIPATHWAYS_20260211%WP5046%HOMO SAPIENS		16	0.2733183	0.65462345	0.92449176	1.0	1.0	478	tags=6%, list=3%, signal=6%	
ESTROGEN-DEPENDENT GENE EXPRESSION%REACTOME DATABASE ID RELEASE 95%9018519	ESTROGEN-DEPENDENT GENE EXPRESSION%REACTOME DATABASE ID RELEASE 95%9018519		100	0.18794611	0.6546075	0.9980198	1.0	1.0	3445	tags=21%, list=23%, signal=27%	
SARS-COV-1 TARGETS HOST INTRACELLULAR SIGNALLING AND REGULATORY PATHWAYS%REACTOME%R-HSA-9735871.2	SARS-COV-1 TARGETS HOST INTRACELLULAR SIGNALLING AND REGULATORY PATHWAYS%REACTOME%R-HSA-9735871.2		15	0.27459913	0.6542421	0.91536963	1.0	1.0	2335	tags=20%, list=16%, signal=24%	
COMMON PATHWAY OF FIBRIN CLOT FORMATION%REACTOME DATABASE ID RELEASE 95%140875	COMMON PATHWAY OF FIBRIN CLOT FORMATION%REACTOME DATABASE ID RELEASE 95%140875		16	0.2710266	0.6538307	0.9221675	1.0	1.0	3517	tags=50%, list=23%, signal=65%	
REGULATION OF ENDOPLASMIC RETICULUM STRESS-INDUCED INTRINSIC APOPTOTIC SIGNALING PATHWAY%GOBP%GO:1902235	REGULATION OF ENDOPLASMIC RETICULUM STRESS-INDUCED INTRINSIC APOPTOTIC SIGNALING PATHWAY%GOBP%GO:1902235		23	0.25146934	0.6532885	0.94869316	1.0	1.0	2759	tags=26%, list=18%, signal=32%	
ASSOCIATION OF TRIC CCT WITH TARGET PROTEINS DURING BIOSYNTHESIS%REACTOME%R-HSA-390471.3	ASSOCIATION OF TRIC CCT WITH TARGET PROTEINS DURING BIOSYNTHESIS%REACTOME%R-HSA-390471.3		36	0.22450832	0.6522086	0.96954316	1.0	1.0	1727	tags=8%, list=11%, signal=9%	
CHROMOSOME SEGREGATION%GOBP%GO:0007059	CHROMOSOME SEGREGATION%GOBP%GO:0007059		247	0.16780059	0.65144765	1.0	1.0	1.0	2611	tags=14%, list=17%, signal=16%	
PROSTAGLANDIN SIGNALING%WIKIPATHWAYS_20260211%WP5088%HOMO SAPIENS	PROSTAGLANDIN SIGNALING%WIKIPATHWAYS_20260211%WP5088%HOMO SAPIENS		26	0.24167821	0.650847	0.9442786	1.0	1.0	2607	tags=23%, list=17%, signal=28%	
POSITIVE REGULATION OF CELL CYCLE PHASE TRANSITION%GOBP%GO:1901989	POSITIVE REGULATION OF CELL CYCLE PHASE TRANSITION%GOBP%GO:1901989		82	0.19362135	0.6498715	0.99398196	1.0	1.0	2104	tags=12%, list=14%, signal=14%	
TRANSLATIONAL INITIATION%GOBP%GO:0006413	TRANSLATIONAL INITIATION%GOBP%GO:0006413		56	0.20662561	0.647114	0.98210734	1.0	1.0	2773	tags=14%, list=18%, signal=17%	
GTP METABOLIC PROCESS%GOBP%GO:0046039	GTP METABOLIC PROCESS%GOBP%GO:0046039		16	0.27346286	0.6470405	0.92809206	1.0	1.0	4542	tags=56%, list=30%, signal=81%	
FCERI MEDIATED CA+2 MOBILIZATION%REACTOME DATABASE ID RELEASE 95%2871809	FCERI MEDIATED CA+2 MOBILIZATION%REACTOME DATABASE ID RELEASE 95%2871809		25	0.24041638	0.6442949	0.94020617	1.0	1.0	2259	tags=20%, list=15%, signal=24%	
REGULATION OF DNA-TEMPLATED DNA REPLICATION INITIATION%GOBP%GO:0030174	REGULATION OF DNA-TEMPLATED DNA REPLICATION INITIATION%GOBP%GO:0030174		18	0.2615906	0.6428654	0.939604	1.0	1.0	3159	tags=28%, list=21%, signal=35%	
CELLULAR RESPONSE TO INTERLEUKIN-4%GOBP%GO:0071353	CELLULAR RESPONSE TO INTERLEUKIN-4%GOBP%GO:0071353		18	0.25680044	0.64260894	0.9412322	1.0	1.0	271	tags=6%, list=2%, signal=6%	
ENDOPLASMIC RETICULUM TO CYTOSOL TRANSPORT%GOBP%GO:1903513	ENDOPLASMIC RETICULUM TO CYTOSOL TRANSPORT%GOBP%GO:1903513		19	0.25561544	0.6423715	0.94736844	1.0	1.0	2623	tags=16%, list=17%, signal=19%	
COPI-INDEPENDENT GOLGI-TO-ER RETROGRADE TRAFFIC%REACTOME DATABASE ID RELEASE 95%6811436	COPI-INDEPENDENT GOLGI-TO-ER RETROGRADE TRAFFIC%REACTOME DATABASE ID RELEASE 95%6811436		33	0.22717722	0.6423309	0.9719439	1.0	1.0	2229	tags=18%, list=15%, signal=21%	
DOUBLE-STRAND BREAK REPAIR%GOBP%GO:0006302	DOUBLE-STRAND BREAK REPAIR%GOBP%GO:0006302		197	0.16978592	0.6417105	1.0	1.0	1.0	4888	tags=27%, list=33%, signal=40%	
RESPONSE TO INTERLEUKIN-4%GOBP%GO:0070670	RESPONSE TO INTERLEUKIN-4%GOBP%GO:0070670		18	0.25680044	0.6399409	0.92599803	1.0	1.0	271	tags=6%, list=2%, signal=6%	
DOUBLE-STRAND BREAK REPAIR VIA HOMOLOGOUS RECOMBINATION%GOBP%GO:0000724	DOUBLE-STRAND BREAK REPAIR VIA HOMOLOGOUS RECOMBINATION%GOBP%GO:0000724		113	0.18404052	0.63984346	1.0	1.0	1.0	4971	tags=29%, list=33%, signal=43%	
MATURATION OF LSU-RRNA FROM TRICISTRONIC RRNA TRANSCRIPT (SSU-RRNA, 5.8S RRNA, LSU-RRNA)%GOBP%GO:0000463	MATURATION OF LSU-RRNA FROM TRICISTRONIC RRNA TRANSCRIPT (SSU-RRNA, 5.8S RRNA, LSU-RRNA)%GOBP%GO:0000463		22	0.24337566	0.6382494	0.953954	1.0	1.0	2572	tags=14%, list=17%, signal=16%	
RETROGRADE PROTEIN TRANSPORT, ER TO CYTOSOL%GOBP%GO:0030970	RETROGRADE PROTEIN TRANSPORT, ER TO CYTOSOL%GOBP%GO:0030970		19	0.25561544	0.6371315	0.93981946	1.0	1.0	2623	tags=16%, list=17%, signal=19%	
DNA-TEMPLATED DNA REPLICATION MAINTENANCE OF FIDELITY%GOBP%GO:0045005	DNA-TEMPLATED DNA REPLICATION MAINTENANCE OF FIDELITY%GOBP%GO:0045005		64	0.19744308	0.63631386	0.99527854	1.0	1.0	4104	tags=27%, list=27%, signal=36%	
ESTABLISHMENT OF MITOTIC SPINDLE LOCALIZATION%GOBP%GO:0040001	ESTABLISHMENT OF MITOTIC SPINDLE LOCALIZATION%GOBP%GO:0040001		33	0.22420862	0.6350376	0.9752145	1.0	1.0	1925	tags=15%, list=13%, signal=17%	
BIOCARTA_CARM_ER_PATHWAY%MSIGDB_C2%BIOCARTA_CARM_ER_PATHWAY	BIOCARTA_CARM_ER_PATHWAY%MSIGDB_C2%BIOCARTA_CARM_ER_PATHWAY		21	0.24811982	0.63267815	0.9659533	1.0	1.0	3097	tags=14%, list=21%, signal=18%	
RECIPROCAL MEIOTIC RECOMBINATION%GOBP%GO:0007131	RECIPROCAL MEIOTIC RECOMBINATION%GOBP%GO:0007131		42	0.20878002	0.6307978	0.9826923	1.0	1.0	4850	tags=31%, list=32%, signal=46%	
REGULATION OF G0 TO G1 TRANSITION%GOBP%GO:0070316	REGULATION OF G0 TO G1 TRANSITION%GOBP%GO:0070316		31	0.22469313	0.627008	0.9760307	1.0	1.0	2762	tags=23%, list=18%, signal=28%	
NUCLEOSOME ASSEMBLY%GOBP%GO:0006334	NUCLEOSOME ASSEMBLY%GOBP%GO:0006334		45	0.20713526	0.6264642	0.98559076	1.0	1.0	3698	tags=27%, list=25%, signal=35%	
REGULATION OF SPINDLE ASSEMBLY%GOBP%GO:0090169	REGULATION OF SPINDLE ASSEMBLY%GOBP%GO:0090169		32	0.22009629	0.6262015	0.9783251	1.0	1.0	896	tags=6%, list=6%, signal=7%	
NOTCH1 INTRACELLULAR DOMAIN REGULATES TRANSCRIPTION%REACTOME%R-HSA-2122947.6	NOTCH1 INTRACELLULAR DOMAIN REGULATES TRANSCRIPTION%REACTOME%R-HSA-2122947.6		45	0.20483093	0.62574196	0.9849095	1.0	1.0	2247	tags=13%, list=15%, signal=16%	
TRANSCRIPTION OF E2F TARGETS UNDER NEGATIVE CONTROL BY DREAM COMPLEX%REACTOME%R-HSA-1362277.3	TRANSCRIPTION OF E2F TARGETS UNDER NEGATIVE CONTROL BY DREAM COMPLEX%REACTOME%R-HSA-1362277.3		19	0.24986905	0.62492067	0.95204794	1.0	1.0	2085	tags=16%, list=14%, signal=18%	
HIV-1 NEF: NEGATIVE EFFECTOR OF FAS AND TNF-ALPHA%PATHWAY INTERACTION DATABASE NCI-NATURE CURATED DATA%HIV-1 NEF: NEGATIVE EFFECTOR OF FAS AND TNF-ALPHA	HIV-1 NEF: NEGATIVE EFFECTOR OF FAS AND TNF-ALPHA%PATHWAY INTERACTION DATABASE NCI-NATURE CURATED DATA%HIV-1 NEF: NEGATIVE EFFECTOR OF FAS AND TNF-ALPHA		33	0.2210042	0.6243926	0.98300284	1.0	1.0	2663	tags=18%, list=18%, signal=22%	
RECIPROCAL HOMOLOGOUS RECOMBINATION%GOBP%GO:0140527	RECIPROCAL HOMOLOGOUS RECOMBINATION%GOBP%GO:0140527		42	0.20878002	0.6218732	0.9859682	1.0	1.0	4850	tags=31%, list=32%, signal=46%	
NEGATIVE REGULATION OF ACTIN FILAMENT POLYMERIZATION%GOBP%GO:0030837	NEGATIVE REGULATION OF ACTIN FILAMENT POLYMERIZATION%GOBP%GO:0030837		30	0.22581467	0.6215047	0.9686057	1.0	1.0	1545	tags=13%, list=10%, signal=15%	
4P16 3 COPY NUMBER VARIATION%WIKIPATHWAYS_20260211%WP5365%HOMO SAPIENS	4P16 3 COPY NUMBER VARIATION%WIKIPATHWAYS_20260211%WP5365%HOMO SAPIENS		25	0.23122986	0.620473	0.9701789	1.0	1.0	2458	tags=16%, list=16%, signal=19%	
HOMOLOGOUS CHROMOSOME PAIRING AT MEIOSIS%GOBP%GO:0007129	HOMOLOGOUS CHROMOSOME PAIRING AT MEIOSIS%GOBP%GO:0007129		15	0.26257563	0.6175815	0.9491525	1.0	1.0	2611	tags=20%, list=17%, signal=24%	
VXPX CARGO-TARGETING TO CILIUM%REACTOME%R-HSA-5620916.4	VXPX CARGO-TARGETING TO CILIUM%REACTOME%R-HSA-5620916.4		18	0.24784732	0.6158296	0.9492683	1.0	1.0	2443	tags=22%, list=16%, signal=27%	
ENDOPLASMIC RETICULUM UNFOLDED PROTEIN RESPONSE%GOBP%GO:0030968	ENDOPLASMIC RETICULUM UNFOLDED PROTEIN RESPONSE%GOBP%GO:0030968		53	0.19820136	0.61541754	0.989	1.0	1.0	4332	tags=30%, list=29%, signal=42%	
ALKALOID METABOLIC PROCESS%GOBP%GO:0009820	ALKALOID METABOLIC PROCESS%GOBP%GO:0009820		15	0.2583706	0.61043084	0.95292985	1.0	1.0	2553	tags=20%, list=17%, signal=24%	
REGULATION OF HSF1-MEDIATED HEAT SHOCK RESPONSE%REACTOME DATABASE ID RELEASE 95%3371453	REGULATION OF HSF1-MEDIATED HEAT SHOCK RESPONSE%REACTOME DATABASE ID RELEASE 95%3371453		67	0.18731233	0.60986483	0.99701196	1.0	1.0	2684	tags=12%, list=18%, signal=14%	
REGULATION OF MICROTUBULE NUCLEATION%GOBP%GO:0010968	REGULATION OF MICROTUBULE NUCLEATION%GOBP%GO:0010968		18	0.24628793	0.608208	0.9613153	1.0	1.0	2091	tags=17%, list=14%, signal=19%	
HOMOLOGOUS RECOMBINATION%GOBP%GO:0035825	HOMOLOGOUS RECOMBINATION%GOBP%GO:0035825		52	0.1921161	0.60024524	0.99405354	1.0	1.0	4850	tags=29%, list=32%, signal=42%	
EICOSANOID METABOLISM VIA CYCLOOXYGENASES COX %WIKIPATHWAYS_20260211%WP4719%HOMO SAPIENS	EICOSANOID METABOLISM VIA CYCLOOXYGENASES COX %WIKIPATHWAYS_20260211%WP4719%HOMO SAPIENS		21	0.23448128	0.6001925	0.9751491	1.0	1.0	4255	tags=43%, list=28%, signal=60%	
PID_HIF2PATHWAY%MSIGDB_C2%PID_HIF2PATHWAY	PID_HIF2PATHWAY%MSIGDB_C2%PID_HIF2PATHWAY		23	0.22772022	0.5992912	0.98160696	1.0	1.0	2932	tags=17%, list=20%, signal=22%	
CELL CYCLE CHECKPOINTS%REACTOME%R-HSA-69620.5	CELL CYCLE CHECKPOINTS%REACTOME%R-HSA-69620.5		260	0.15380438	0.5976678	1.0	1.0	1.0	3725	tags=17%, list=25%, signal=23%	
DNA DAMAGE TELOMERE STRESS INDUCED SENESCENCE%REACTOME DATABASE ID RELEASE 95%2559586	DNA DAMAGE TELOMERE STRESS INDUCED SENESCENCE%REACTOME DATABASE ID RELEASE 95%2559586		43	0.19954832	0.597636	0.9943182	1.0	1.0	3705	tags=26%, list=25%, signal=34%	
ATR SIGNALING PATHWAY%PATHWAY INTERACTION DATABASE NCI-NATURE CURATED DATA%ATR SIGNALING PATHWAY	ATR SIGNALING PATHWAY%PATHWAY INTERACTION DATABASE NCI-NATURE CURATED DATA%ATR SIGNALING PATHWAY		39	0.20452118	0.5975837	0.9914449	1.0	1.0	3659	tags=21%, list=24%, signal=27%	
PYRIMIDINE NUCLEOTIDE CATABOLIC PROCESS%GOBP%GO:0006244	PYRIMIDINE NUCLEOTIDE CATABOLIC PROCESS%GOBP%GO:0006244		18	0.23236154	0.59614617	0.966634	1.0	1.0	1592	tags=11%, list=11%, signal=12%	
HDR THROUGH HOMOLOGOUS RECOMBINATION (HRR) OR SINGLE STRAND ANNEALING (SSA)%REACTOME%R-HSA-5693567.4	HDR THROUGH HOMOLOGOUS RECOMBINATION (HRR) OR SINGLE STRAND ANNEALING (SSA)%REACTOME%R-HSA-5693567.4		105	0.17005013	0.5961225	1.0	1.0	1.0	3725	tags=18%, list=25%, signal=24%	
PID_ATM_PATHWAY%MSIGDB_C2%PID_ATM_PATHWAY	PID_ATM_PATHWAY%MSIGDB_C2%PID_ATM_PATHWAY		24	0.22600861	0.595041	0.9621137	1.0	1.0	2684	tags=17%, list=18%, signal=20%	
MAINTENANCE OF PROTEIN LOCATION IN NUCLEUS%GOBP%GO:0051457	MAINTENANCE OF PROTEIN LOCATION IN NUCLEUS%GOBP%GO:0051457		20	0.23318878	0.5947781	0.9667644	1.0	1.0	3763	tags=35%, list=25%, signal=47%	
DNA STRAND ELONGATION%GOBP%GO:0022616	DNA STRAND ELONGATION%GOBP%GO:0022616		19	0.23713323	0.5935669	0.96875	1.0	1.0	11461	tags=100%, list=76%, signal=422%	
REGULATION OF DNA DAMAGE CHECKPOINT%GOBP%GO:2000001	REGULATION OF DNA DAMAGE CHECKPOINT%GOBP%GO:2000001		22	0.22684044	0.59351516	0.9748744	1.0	1.0	1417	tags=9%, list=9%, signal=10%	
SUMOYLATION OF UBIQUITINYLATION PROTEINS%REACTOME DATABASE ID RELEASE 95%3232142	SUMOYLATION OF UBIQUITINYLATION PROTEINS%REACTOME DATABASE ID RELEASE 95%3232142		35	0.20521893	0.5915866	0.99608225	1.0	1.0	11943	tags=100%, list=80%, signal=487%	
TUBE CLOSURE%GOBP%GO:0060606	TUBE CLOSURE%GOBP%GO:0060606		30	0.21123382	0.5913449	0.989011	1.0	1.0	1357	tags=10%, list=9%, signal=11%	
NUCLEAR PORE COMPLEX (NPC) DISASSEMBLY%REACTOME DATABASE ID RELEASE 95%3301854	NUCLEAR PORE COMPLEX (NPC) DISASSEMBLY%REACTOME DATABASE ID RELEASE 95%3301854		33	0.20519155	0.5901337	0.9893514	1.0	1.0	11943	tags=100%, list=80%, signal=487%	
TRANSPORT OF THE SLBP DEPENDANT MATURE MRNA%REACTOME DATABASE ID RELEASE 95%159230	TRANSPORT OF THE SLBP DEPENDANT MATURE MRNA%REACTOME DATABASE ID RELEASE 95%159230		33	0.20519155	0.5888404	0.9914449	1.0	1.0	11943	tags=100%, list=80%, signal=487%	
SIGNALING BY ACTIVIN%REACTOME%R-HSA-1502540.5	SIGNALING BY ACTIVIN%REACTOME%R-HSA-1502540.5		15	0.2488714	0.5880384	0.9662289	1.0	1.0	2173	tags=20%, list=14%, signal=23%	
SIGNALING BY LIGAND-RESPONSIVE EGFR VARIANTS IN CANCER%REACTOME%R-HSA-5637815.3	SIGNALING BY LIGAND-RESPONSIVE EGFR VARIANTS IN CANCER%REACTOME%R-HSA-5637815.3		17	0.24094675	0.58708274	0.9699097	1.0	1.0	2802	tags=24%, list=19%, signal=29%	
IMMUNOGLOBULIN PRODUCTION%GOBP%GO:0002377	IMMUNOGLOBULIN PRODUCTION%GOBP%GO:0002377		30	0.2092203	0.58691263	0.9860697	1.0	1.0	2349	tags=17%, list=16%, signal=20%	
NEURAL TUBE CLOSURE%GOBP%GO:0001843	NEURAL TUBE CLOSURE%GOBP%GO:0001843		30	0.21123382	0.5864969	0.9930556	1.0	1.0	1357	tags=10%, list=9%, signal=11%	
PROTEIN K63-LINKED DEUBIQUITINATION%GOBP%GO:0070536	PROTEIN K63-LINKED DEUBIQUITINATION%GOBP%GO:0070536		23	0.22066663	0.5856062	0.9774731	1.0	1.0	309	tags=4%, list=2%, signal=4%	
CONSTITUTIVE SIGNALING BY LIGAND-RESPONSIVE EGFR CANCER VARIANTS%REACTOME%R-HSA-1236382.3	CONSTITUTIVE SIGNALING BY LIGAND-RESPONSIVE EGFR CANCER VARIANTS%REACTOME%R-HSA-1236382.3		17	0.24094675	0.5852119	0.9680639	1.0	1.0	2802	tags=24%, list=19%, signal=29%	
TRANSPORT OF THE SLBP INDEPENDENT MATURE MRNA%REACTOME DATABASE ID RELEASE 95%159227	TRANSPORT OF THE SLBP INDEPENDENT MATURE MRNA%REACTOME DATABASE ID RELEASE 95%159227		32	0.20517789	0.5821643	0.991009	1.0	1.0	11943	tags=100%, list=80%, signal=487%	
SOMATIC DIVERSIFICATION OF IMMUNOGLOBULINS%GOBP%GO:0016445	SOMATIC DIVERSIFICATION OF IMMUNOGLOBULINS%GOBP%GO:0016445		30	0.2092203	0.58189327	0.98746383	1.0	1.0	2349	tags=17%, list=16%, signal=20%	
GLYCOSYL COMPOUND BIOSYNTHETIC PROCESS%GOBP%GO:1901659	GLYCOSYL COMPOUND BIOSYNTHETIC PROCESS%GOBP%GO:1901659		18	0.23370437	0.5817226	0.9706422	1.0	1.0	5281	tags=39%, list=35%, signal=60%	
REGULATION OF NF-KAPPA B SIGNALING%REACTOME%R-HSA-9758274.2	REGULATION OF NF-KAPPA B SIGNALING%REACTOME%R-HSA-9758274.2		17	0.24125995	0.58074844	0.9664293	1.0	1.0	3109	tags=18%, list=21%, signal=22%	
SUMOYLATION OF SUMOYLATION PROTEINS%REACTOME DATABASE ID RELEASE 95%4085377	SUMOYLATION OF SUMOYLATION PROTEINS%REACTOME DATABASE ID RELEASE 95%4085377		32	0.20517795	0.57857996	0.99012834	1.0	1.0	11943	tags=100%, list=80%, signal=487%	
CYTOCHROME P450 - ARRANGED BY SUBSTRATE TYPE%REACTOME%R-HSA-211897.6	CYTOCHROME P450 - ARRANGED BY SUBSTRATE TYPE%REACTOME%R-HSA-211897.6		41	0.19504172	0.57674307	0.99798995	1.0	1.0	3036	tags=24%, list=20%, signal=30%	
ATM PATHWAY%PATHWAY INTERACTION DATABASE NCI-NATURE CURATED DATA%ATM PATHWAY	ATM PATHWAY%PATHWAY INTERACTION DATABASE NCI-NATURE CURATED DATA%ATM PATHWAY		34	0.2027337	0.57663137	0.99245995	1.0	1.0	2684	tags=15%, list=18%, signal=18%	
MITOTIC CYTOKINESIS%GOBP%GO:0000281	MITOTIC CYTOKINESIS%GOBP%GO:0000281		83	0.17191319	0.57613367	0.999003	1.0	1.0	4748	tags=29%, list=32%, signal=42%	
DNA DOUBLE-STRAND BREAK PROCESSING%GOBP%GO:0000729	DNA DOUBLE-STRAND BREAK PROCESSING%GOBP%GO:0000729		16	0.2397521	0.57533145	0.9796709	1.0	1.0	11421	tags=100%, list=76%, signal=417%	
RESOLUTION OF D-LOOP STRUCTURES%REACTOME%R-HSA-5693537.3	RESOLUTION OF D-LOOP STRUCTURES%REACTOME%R-HSA-5693537.3		35	0.19991459	0.5748477	0.9892368	1.0	1.0	6222	tags=49%, list=41%, signal=83%	
DNA METHYLATION%REACTOME DATABASE ID RELEASE 95%5334118	DNA METHYLATION%REACTOME DATABASE ID RELEASE 95%5334118		17	0.2325442	0.574782	0.9673077	1.0	1.0	6140	tags=53%, list=41%, signal=89%	
REV-MEDIATED NUCLEAR EXPORT OF HIV RNA%REACTOME DATABASE ID RELEASE 95%165054	REV-MEDIATED NUCLEAR EXPORT OF HIV RNA%REACTOME DATABASE ID RELEASE 95%165054		32	0.2051779	0.5732957	0.98480535	1.0	1.0	11943	tags=100%, list=80%, signal=487%	
CELLULAR RESPONSE TO HEAT STRESS%REACTOME DATABASE ID RELEASE 95%3371556	CELLULAR RESPONSE TO HEAT STRESS%REACTOME DATABASE ID RELEASE 95%3371556		86	0.1692598	0.5721692	1.0	1.0	1.0	2802	tags=12%, list=19%, signal=14%	
MITOTIC NUCLEAR DIVISION%GOBP%GO:0140014	MITOTIC NUCLEAR DIVISION%GOBP%GO:0140014		149	0.15617526	0.57107794	1.0	1.0	1.0	2498	tags=13%, list=17%, signal=15%	
DEVELOPMENT AND HETEROGENEITY OF THE ILC FAMILY%WIKIPATHWAYS_20260211%WP3893%HOMO SAPIENS	DEVELOPMENT AND HETEROGENEITY OF THE ILC FAMILY%WIKIPATHWAYS_20260211%WP3893%HOMO SAPIENS		22	0.22003146	0.57083875	0.97738445	1.0	1.0	5097	tags=55%, list=34%, signal=82%	
VPR-MEDIATED NUCLEAR IMPORT OF PICS%REACTOME%R-HSA-180910.4	VPR-MEDIATED NUCLEAR IMPORT OF PICS%REACTOME%R-HSA-180910.4		31	0.20516422	0.57000077	0.9920319	1.0	1.0	11943	tags=100%, list=80%, signal=487%	
PROTEIN LOCALIZATION TO CHROMOSOME, CENTROMERIC REGION%GOBP%GO:0071459	PROTEIN LOCALIZATION TO CHROMOSOME, CENTROMERIC REGION%GOBP%GO:0071459		20	0.22334608	0.56998366	0.9766082	1.0	1.0	5773	tags=50%, list=38%, signal=81%	
NEGATIVE REGULATION OF MRNA SPLICING, VIA SPLICEOSOME%GOBP%GO:0048025	NEGATIVE REGULATION OF MRNA SPLICING, VIA SPLICEOSOME%GOBP%GO:0048025		26	0.20881604	0.5685484	0.99080694	1.0	1.0	2594	tags=15%, list=17%, signal=19%	
DEFECTIVE TPR MAY CONFER SUSCEPTIBILITY TOWARDS THYROID PAPILLARY CARCINOMA (TPC)%REACTOME%R-HSA-5619107.4	DEFECTIVE TPR MAY CONFER SUSCEPTIBILITY TOWARDS THYROID PAPILLARY CARCINOMA (TPC)%REACTOME%R-HSA-5619107.4		28	0.20512325	0.56723017	0.99326277	1.0	1.0	11943	tags=100%, list=80%, signal=487%	
HOMOLOGY DIRECTED REPAIR%REACTOME%R-HSA-5693538.4	HOMOLOGY DIRECTED REPAIR%REACTOME%R-HSA-5693538.4		111	0.1618434	0.5672196	1.0	1.0	1.0	3725	tags=17%, list=25%, signal=23%	
DNA STRAND ELONGATION INVOLVED IN DNA REPLICATION%GOBP%GO:0006271	DNA STRAND ELONGATION INVOLVED IN DNA REPLICATION%GOBP%GO:0006271		15	0.2370701	0.5661096	0.9668616	1.0	1.0	11461	tags=100%, list=76%, signal=422%	
EXPORT OF VIRAL RIBONUCLEOPROTEINS FROM NUCLEUS%REACTOME DATABASE ID RELEASE 95%168274	EXPORT OF VIRAL RIBONUCLEOPROTEINS FROM NUCLEUS%REACTOME DATABASE ID RELEASE 95%168274		30	0.20515056	0.5657755	0.9902344	1.0	1.0	11943	tags=100%, list=80%, signal=487%	
NEP NS2 INTERACTS WITH THE CELLULAR EXPORT MACHINERY%REACTOME DATABASE ID RELEASE 95%168333	NEP NS2 INTERACTS WITH THE CELLULAR EXPORT MACHINERY%REACTOME DATABASE ID RELEASE 95%168333		29	0.20513691	0.56503916	0.9906191	1.0	1.0	11943	tags=100%, list=80%, signal=487%	
REGULATION OF GLUCOKINASE BY GLUCOKINASE REGULATORY PROTEIN%REACTOME%R-HSA-170822.6	REGULATION OF GLUCOKINASE BY GLUCOKINASE REGULATORY PROTEIN%REACTOME%R-HSA-170822.6		28	0.20512325	0.564447	0.9861111	1.0	1.0	11943	tags=100%, list=80%, signal=487%	
AICA-RIBOSIDURIA%PATHWHIZ%PW000082	AICA-RIBOSIDURIA%PATHWHIZ%PW000082		35	0.19303986	0.56404966	0.9979466	1.0	1.0	2096	tags=14%, list=14%, signal=17%	
SRP-DEPENDENT COTRANSLATIONAL PROTEIN TARGETING TO MEMBRANE%REACTOME DATABASE ID RELEASE 95%1799339	SRP-DEPENDENT COTRANSLATIONAL PROTEIN TARGETING TO MEMBRANE%REACTOME DATABASE ID RELEASE 95%1799339		109	0.1600268	0.56023276	1.0	1.0	1.0	12632	tags=100%, list=84%, signal=625%	
MOLYBDENUM COFACTOR DEFICIENCY%SMPDB%SMP0000203	MOLYBDENUM COFACTOR DEFICIENCY%SMPDB%SMP0000203		35	0.19303986	0.5599659	0.9931774	1.0	1.0	2096	tags=14%, list=14%, signal=17%	
ACTIVATION OF BAD AND TRANSLOCATION TO MITOCHONDRIA%REACTOME DATABASE ID RELEASE 95%111447	ACTIVATION OF BAD AND TRANSLOCATION TO MITOCHONDRIA%REACTOME DATABASE ID RELEASE 95%111447		15	0.23174551	0.55953115	0.9738693	1.0	1.0	2335	tags=20%, list=16%, signal=24%	
NEGATIVE REGULATION OF MRNA PROCESSING%GOBP%GO:0050686	NEGATIVE REGULATION OF MRNA PROCESSING%GOBP%GO:0050686		27	0.20331268	0.5592202	0.9895636	1.0	1.0	2594	tags=15%, list=17%, signal=18%	
MITOCHONDRIAL DNA DEPLETION SYNDROME-3%SMPDB%SMP0000536	MITOCHONDRIAL DNA DEPLETION SYNDROME-3%SMPDB%SMP0000536		35	0.19303986	0.5589461	0.9942029	1.0	1.0	2096	tags=14%, list=14%, signal=17%	
NOTCH4 INTRACELLULAR DOMAIN REGULATES TRANSCRIPTION%REACTOME%R-HSA-9013695.2	NOTCH4 INTRACELLULAR DOMAIN REGULATES TRANSCRIPTION%REACTOME%R-HSA-9013695.2		19	0.22139019	0.55804956	0.9825243	1.0	1.0	1681	tags=11%, list=11%, signal=12%	
XANTHINURIA TYPE II%PATHWHIZ%PW000489	XANTHINURIA TYPE II%PATHWHIZ%PW000489		35	0.19303986	0.55751663	0.99489796	1.0	1.0	2096	tags=14%, list=14%, signal=17%	
XANTHINURIA TYPE I%SMPDB%SMP0000512	XANTHINURIA TYPE I%SMPDB%SMP0000512		35	0.19303986	0.55742866	0.99401796	1.0	1.0	2096	tags=14%, list=14%, signal=17%	
MRNA SPLICE SITE RECOGNITION%GOBP%GO:0006376	MRNA SPLICE SITE RECOGNITION%GOBP%GO:0006376		26	0.2070698	0.5572214	0.99135447	1.0	1.0	1141	tags=8%, list=8%, signal=8%	
FORMATION OF A POOL OF FREE 40S SUBUNITS%REACTOME%R-HSA-72689.3	FORMATION OF A POOL OF FREE 40S SUBUNITS%REACTOME%R-HSA-72689.3		98	0.160914	0.5570651	1.0	1.0	1.0	12617	tags=100%, list=84%, signal=621%	
MEIOTIC RECOMBINATION%REACTOME DATABASE ID RELEASE 95%912446	MEIOTIC RECOMBINATION%REACTOME DATABASE ID RELEASE 95%912446		37	0.19201864	0.5565058	0.9961165	1.0	1.0	6222	tags=51%, list=41%, signal=87%	
LESCH-NYHAN SYNDROME (LNS)%SMPDB%SMP0000364	LESCH-NYHAN SYNDROME (LNS)%SMPDB%SMP0000364		35	0.19303986	0.5557579	0.99115914	1.0	1.0	2096	tags=14%, list=14%, signal=17%	
MYOADENYLATE DEAMINASE DEFICIENCY%PATHWHIZ%PW000513	MYOADENYLATE DEAMINASE DEFICIENCY%PATHWHIZ%PW000513		35	0.19303986	0.55508596	0.9959799	1.0	1.0	2096	tags=14%, list=14%, signal=17%	
HALLMARK_E2F_TARGETS%MSIGDBHALLMARK%HALLMARK_E2F_TARGETS	HALLMARK_E2F_TARGETS%MSIGDBHALLMARK%HALLMARK_E2F_TARGETS		161	0.14981765	0.5545687	1.0	1.0	1.0	3680	tags=19%, list=25%, signal=24%	
ADENINE PHOSPHORIBOSYLTRANSFERASE DEFICIENCY (APRT)%PATHWHIZ%PW000511	ADENINE PHOSPHORIBOSYLTRANSFERASE DEFICIENCY (APRT)%PATHWHIZ%PW000511		35	0.19303986	0.5544592	0.99616855	1.0	1.0	2096	tags=14%, list=14%, signal=17%	
ADENOSINE DEAMINASE DEFICIENCY%PATHWHIZ%PW000075	ADENOSINE DEAMINASE DEFICIENCY%PATHWHIZ%PW000075		35	0.19303986	0.5531175	0.9959718	1.0	1.0	2096	tags=14%, list=14%, signal=17%	
HOMOCARNOSINOSIS%SMPDB%SMP0000385	HOMOCARNOSINOSIS%SMPDB%SMP0000385		21	0.21405542	0.55302954	0.9893204	1.0	1.0	2723	tags=14%, list=18%, signal=17%	
ADENYLOSUCCINATE LYASE DEFICIENCY%SMPDB%SMP0000167	ADENYLOSUCCINATE LYASE DEFICIENCY%SMPDB%SMP0000167		35	0.19303986	0.5520047	0.9970588	1.0	1.0	2096	tags=14%, list=14%, signal=17%	
HYPERINSULINISM-HYPERAMMONEMIA SYNDROME%PATHWHIZ%PW000072	HYPERINSULINISM-HYPERAMMONEMIA SYNDROME%PATHWHIZ%PW000072		21	0.21405542	0.55196303	0.98463017	1.0	1.0	2723	tags=14%, list=18%, signal=17%	
ZNF598 AND THE RIBOSOME-ASSOCIATED QUALITY TRIGGER (RQT) COMPLEX DISSOCIATE A RIBOSOME STALLED ON A NO-GO MRNA%REACTOME DATABASE ID RELEASE 95%9954716	ZNF598 AND THE RIBOSOME-ASSOCIATED QUALITY TRIGGER (RQT) COMPLEX DISSOCIATE A RIBOSOME STALLED ON A NO-GO MRNA%REACTOME DATABASE ID RELEASE 95%9954716		92	0.16084933	0.550428	1.0	1.0	1.0	12617	tags=100%, list=84%, signal=621%	
2-HYDROXYGLUTRIC ACIDURIA (D AND L FORM)%SMPDB%SMP0000136	2-HYDROXYGLUTRIC ACIDURIA (D AND L FORM)%SMPDB%SMP0000136		21	0.21405542	0.55041224	0.98660284	1.0	1.0	2723	tags=14%, list=18%, signal=17%	
IL1 AND MEGAKARYOCYTES IN OBESITY%WIKIPATHWAYS_20260211%WP2865%HOMO SAPIENS	IL1 AND MEGAKARYOCYTES IN OBESITY%WIKIPATHWAYS_20260211%WP2865%HOMO SAPIENS		18	0.22273706	0.5503376	0.986987	1.0	1.0	2478	tags=22%, list=16%, signal=27%	
GLUTAMATE METABOLISM%PATHWHIZ%PW000003	GLUTAMATE METABOLISM%PATHWHIZ%PW000003		21	0.21405542	0.55026466	0.9881423	1.0	1.0	2723	tags=14%, list=18%, signal=17%	
GAB1 SIGNALOSOME%REACTOME%R-HSA-180292.5	GAB1 SIGNALOSOME%REACTOME%R-HSA-180292.5		16	0.22838932	0.55023754	0.9808061	1.0	1.0	3393	tags=25%, list=23%, signal=32%	
XANTHINE DEHYDROGENASE DEFICIENCY (XANTHINURIA)%SMPDB%SMP0000220	XANTHINE DEHYDROGENASE DEFICIENCY (XANTHINURIA)%SMPDB%SMP0000220		35	0.19303986	0.5484892	0.99316406	1.0	1.0	2096	tags=14%, list=14%, signal=17%	
GOUT OR KELLEY-SEEGMILLER SYNDROME%SMPDB%SMP0000365	GOUT OR KELLEY-SEEGMILLER SYNDROME%SMPDB%SMP0000365		35	0.19303986	0.5483546	0.9969512	1.0	1.0	2096	tags=14%, list=14%, signal=17%	
PURINE METABOLISM%PATHWHIZ%PW000052	PURINE METABOLISM%PATHWHIZ%PW000052		35	0.19303986	0.5481952	0.9958377	1.0	1.0	2096	tags=14%, list=14%, signal=17%	
EUKARYOTIC TRANSLATION ELONGATION%REACTOME DATABASE ID RELEASE 95%156842	EUKARYOTIC TRANSLATION ELONGATION%REACTOME DATABASE ID RELEASE 95%156842		88	0.1608064	0.54635435	1.0	1.0	1.0	12617	tags=100%, list=84%, signal=622%	
SUCCINIC SEMIALDEHYDE DEHYDROGENASE DEFICIENCY%SMPDB%SMP0000567	SUCCINIC SEMIALDEHYDE DEHYDROGENASE DEFICIENCY%SMPDB%SMP0000567		21	0.21405542	0.5460898	0.9845261	1.0	1.0	2723	tags=14%, list=18%, signal=17%	
PURINE NUCLEOSIDE PHOSPHORYLASE DEFICIENCY%SMPDB%SMP0000210	PURINE NUCLEOSIDE PHOSPHORYLASE DEFICIENCY%SMPDB%SMP0000210		35	0.19303986	0.5454948	0.9941804	1.0	1.0	2096	tags=14%, list=14%, signal=17%	
4-HYDROXYBUTYRIC ACIDURIA SUCCINIC SEMIALDEHYDE DEHYDROGENASE DEFICIENCY%SMPDB%SMP0000243	4-HYDROXYBUTYRIC ACIDURIA SUCCINIC SEMIALDEHYDE DEHYDROGENASE DEFICIENCY%SMPDB%SMP0000243		21	0.21405542	0.5447109	0.9841427	1.0	1.0	2723	tags=14%, list=18%, signal=17%	
IMPORT INTO NUCLEUS%GOBP%GO:0051170	IMPORT INTO NUCLEUS%GOBP%GO:0051170		79	0.16387577	0.5445319	0.99900794	1.0	1.0	2053	tags=8%, list=14%, signal=9%	
MHC PROTEIN COMPLEX ASSEMBLY%GOBP%GO:0002396	MHC PROTEIN COMPLEX ASSEMBLY%GOBP%GO:0002396		19	0.2151463	0.5442892	0.99405354	1.0	1.0	1163	tags=5%, list=8%, signal=6%	
PELO:HBS1L AND ABCE1 DISSOCIATE A RIBOSOME ON A NON-STOP MRNA%REACTOME%R-HSA-9954714.2	PELO:HBS1L AND ABCE1 DISSOCIATE A RIBOSOME ON A NON-STOP MRNA%REACTOME%R-HSA-9954714.2		86	0.16078477	0.54418457	1.0	1.0	1.0	12617	tags=100%, list=84%, signal=622%	
MMR%REACTOME%R-HSA-5358508.3	MMR%REACTOME%R-HSA-5358508.3		15	0.2301421	0.54048896	0.9820538	1.0	1.0	3010	tags=20%, list=20%, signal=25%	
PEPTIDE CHAIN ELONGATION%REACTOME%R-HSA-156902.4	PEPTIDE CHAIN ELONGATION%REACTOME%R-HSA-156902.4		86	0.16078487	0.54004455	1.0	1.0	1.0	12617	tags=100%, list=84%, signal=622%	
RECOGNITION AND ASSOCIATION OF DNA GLYCOSYLASE WITH SITE CONTAINING AN AFFECTED PURINE%REACTOME%R-HSA-110330.6	RECOGNITION AND ASSOCIATION OF DNA GLYCOSYLASE WITH SITE CONTAINING AN AFFECTED PURINE%REACTOME%R-HSA-110330.6		21	0.20603912	0.5387287	0.98659	1.0	1.0	3445	tags=29%, list=23%, signal=37%	
PEPTIDE ANTIGEN ASSEMBLY WITH MHC PROTEIN COMPLEX%GOBP%GO:0002501	PEPTIDE ANTIGEN ASSEMBLY WITH MHC PROTEIN COMPLEX%GOBP%GO:0002501		19	0.2151463	0.5384802	0.9883721	1.0	1.0	1163	tags=5%, list=8%, signal=6%	
NEGATIVE REGULATION OF PROTEIN BINDING%GOBP%GO:0032091	NEGATIVE REGULATION OF PROTEIN BINDING%GOBP%GO:0032091		20	0.21359098	0.53700936	0.9874031	1.0	1.0	3917	tags=25%, list=26%, signal=34%	
BIOCARTA_ERAD_PATHWAY%MSIGDB_C2%BIOCARTA_ERAD_PATHWAY	BIOCARTA_ERAD_PATHWAY%MSIGDB_C2%BIOCARTA_ERAD_PATHWAY		15	0.22642519	0.53163195	0.9777778	1.0	1.0	2078	tags=13%, list=14%, signal=15%	
CLEAVAGE OF THE DAMAGED PURINE%REACTOME DATABASE ID RELEASE 95%110331	CLEAVAGE OF THE DAMAGED PURINE%REACTOME DATABASE ID RELEASE 95%110331		21	0.20603912	0.5305875	0.98866856	1.0	1.0	3445	tags=29%, list=23%, signal=37%	
DEPURINATION%REACTOME DATABASE ID RELEASE 95%73927	DEPURINATION%REACTOME DATABASE ID RELEASE 95%73927		21	0.20603912	0.5243263	0.9889113	1.0	1.0	3445	tags=29%, list=23%, signal=37%	
G0 AND EARLY G1%REACTOME DATABASE ID RELEASE 95%1538133	G0 AND EARLY G1%REACTOME DATABASE ID RELEASE 95%1538133		27	0.18960427	0.52304304	0.99319065	1.0	1.0	6062	tags=52%, list=40%, signal=87%	
SARS-COV-1 MODULATES HOST TRANSLATION MACHINERY%REACTOME DATABASE ID RELEASE 95%9735869	SARS-COV-1 MODULATES HOST TRANSLATION MACHINERY%REACTOME DATABASE ID RELEASE 95%9735869		36	0.1786024	0.51805156	0.9961278	1.0	1.0	12342	tags=100%, list=82%, signal=560%	
RESOLUTION OF D-LOOP STRUCTURES THROUGH HOLLIDAY JUNCTION INTERMEDIATES%REACTOME%R-HSA-5693568.6	RESOLUTION OF D-LOOP STRUCTURES THROUGH HOLLIDAY JUNCTION INTERMEDIATES%REACTOME%R-HSA-5693568.6		34	0.18097794	0.51589304	0.99708736	1.0	1.0	6222	tags=47%, list=41%, signal=80%	
PKMTS METHYLATE HISTONE LYSINES%REACTOME DATABASE ID RELEASE 95%3214841	PKMTS METHYLATE HISTONE LYSINES%REACTOME DATABASE ID RELEASE 95%3214841		42	0.17374995	0.51519585	1.0	1.0	1.0	5075	tags=38%, list=34%, signal=57%	
SOMATIC DIVERSIFICATION OF IMMUNE RECEPTORS%GOBP%GO:0002200	SOMATIC DIVERSIFICATION OF IMMUNE RECEPTORS%GOBP%GO:0002200		34	0.18064578	0.51430917	0.99804306	1.0	1.0	2349	tags=15%, list=16%, signal=17%	
REGULATION OF DOUBLE-STRAND BREAK REPAIR VIA NONHOMOLOGOUS END JOINING%GOBP%GO:2001032	REGULATION OF DOUBLE-STRAND BREAK REPAIR VIA NONHOMOLOGOUS END JOINING%GOBP%GO:2001032		23	0.19308397	0.5135832	0.9942474	1.0	1.0	4012	tags=26%, list=27%, signal=36%	
TRANSPORT OF MATURE MRNA DERIVED FROM AN INTRON-CONTAINING TRANSCRIPT%REACTOME DATABASE ID RELEASE 95%159236	TRANSPORT OF MATURE MRNA DERIVED FROM AN INTRON-CONTAINING TRANSCRIPT%REACTOME DATABASE ID RELEASE 95%159236		68	0.15751183	0.5103503	1.0	1.0	1.0	4454	tags=21%, list=30%, signal=29%	
G1 S-SPECIFIC TRANSCRIPTION%REACTOME%R-HSA-69205.5	G1 S-SPECIFIC TRANSCRIPTION%REACTOME%R-HSA-69205.5		28	0.18251781	0.5058931	0.99396986	1.0	1.0	2085	tags=11%, list=14%, signal=12%	
TRANSLESION SYNTHESIS BY POLH%REACTOME DATABASE ID RELEASE 95%110320	TRANSLESION SYNTHESIS BY POLH%REACTOME DATABASE ID RELEASE 95%110320		18	0.20386428	0.5048898	0.98909813	1.0	1.0	2247	tags=11%, list=15%, signal=13%	
BASE-EXCISION REPAIR, AP SITE FORMATION%REACTOME DATABASE ID RELEASE 95%73929	BASE-EXCISION REPAIR, AP SITE FORMATION%REACTOME DATABASE ID RELEASE 95%73929		27	0.18484412	0.50395584	0.9970958	1.0	1.0	5446	tags=48%, list=36%, signal=75%	
SUMOYLATION OF RNA BINDING PROTEINS%REACTOME DATABASE ID RELEASE 95%4570464	SUMOYLATION OF RNA BINDING PROTEINS%REACTOME DATABASE ID RELEASE 95%4570464		43	0.1680539	0.5021691	0.9990449	1.0	1.0	5459	tags=28%, list=36%, signal=44%	
INTERACTIONS OF REV WITH HOST CELLULAR PROTEINS%REACTOME%R-HSA-177243.4	INTERACTIONS OF REV WITH HOST CELLULAR PROTEINS%REACTOME%R-HSA-177243.4		34	0.1725059	0.5000433	0.9980159	1.0	1.0	12433	tags=100%, list=83%, signal=579%	
PROTEIN METHYLATION%REACTOME%R-HSA-8876725.5	PROTEIN METHYLATION%REACTOME%R-HSA-8876725.5		17	0.20230635	0.4933341	0.99517375	1.0	1.0	11983	tags=100%, list=80%, signal=494%	
MEIOSIS%REACTOME%R-HSA-1500620.4	MEIOSIS%REACTOME%R-HSA-1500620.4		60	0.15292753	0.49270433	1.0	1.0	1.0	6222	tags=47%, list=41%, signal=79%	
STRESS GRANULE ASSEMBLY%GOBP%GO:0034063	STRESS GRANULE ASSEMBLY%GOBP%GO:0034063		27	0.17877588	0.48942703	0.99801785	1.0	1.0	3076	tags=15%, list=20%, signal=19%	
NEGATIVE REGULATION OF SYNCYTIUM FORMATION BY PLASMA MEMBRANE FUSION%GOBP%GO:0034242	NEGATIVE REGULATION OF SYNCYTIUM FORMATION BY PLASMA MEMBRANE FUSION%GOBP%GO:0034242		46	0.16035536	0.48827103	1.0	1.0	1.0	12617	tags=100%, list=84%, signal=623%	
STING PATHWAY IN KAWASAKI LIKE DISEASE AND COVID 19%WIKIPATHWAYS_20260211%WP4961%HOMO SAPIENS	STING PATHWAY IN KAWASAKI LIKE DISEASE AND COVID 19%WIKIPATHWAYS_20260211%WP4961%HOMO SAPIENS		18	0.19667356	0.4867647	0.9979879	1.0	1.0	939	tags=6%, list=6%, signal=6%	
NUCLEAR IMPORT OF REV PROTEIN%REACTOME%R-HSA-180746.3	NUCLEAR IMPORT OF REV PROTEIN%REACTOME%R-HSA-180746.3		31	0.17247139	0.48151708	0.99904215	1.0	1.0	12433	tags=100%, list=83%, signal=580%	
TRANSPORT OF RIBONUCLEOPROTEINS INTO THE HOST NUCLEUS%REACTOME DATABASE ID RELEASE 95%168271	TRANSPORT OF RIBONUCLEOPROTEINS INTO THE HOST NUCLEUS%REACTOME DATABASE ID RELEASE 95%168271		29	0.17244847	0.47806108	1.0	1.0	1.0	12433	tags=100%, list=83%, signal=580%	
MAP3K8 (TPL2)-DEPENDENT MAPK1 3 ACTIVATION%REACTOME%R-HSA-5684264.4	MAP3K8 (TPL2)-DEPENDENT MAPK1 3 ACTIVATION%REACTOME%R-HSA-5684264.4		16	0.19802698	0.47637433	0.9923445	1.0	1.0	12047	tags=100%, list=80%, signal=505%	
DNA-TEMPLATED DNA REPLICATION%GOBP%GO:0006261	DNA-TEMPLATED DNA REPLICATION%GOBP%GO:0006261		129	0.13232279	0.4710504	1.0	1.0	1.0	3839	tags=19%, list=26%, signal=25%	
RESOLUTION OF D-LOOP STRUCTURES THROUGH SYNTHESIS-DEPENDENT STRAND ANNEALING (SDSA)%REACTOME%R-HSA-5693554.3	RESOLUTION OF D-LOOP STRUCTURES THROUGH SYNTHESIS-DEPENDENT STRAND ANNEALING (SDSA)%REACTOME%R-HSA-5693554.3		27	0.17206813	0.47003943	0.9980315	1.0	1.0	6222	tags=52%, list=41%, signal=88%	
VIRAL TRANSLATION%GOBP%GO:0019081	VIRAL TRANSLATION%GOBP%GO:0019081		15	0.18855938	0.44665003	0.997992	1.0	1.0	2693	tags=13%, list=18%, signal=16%	
TRANSLESION SYNTHESIS BY POLK%REACTOME%R-HSA-5655862.2	TRANSLESION SYNTHESIS BY POLK%REACTOME%R-HSA-5655862.2		17	0.17796843	0.43585074	0.9990069	1.0	1.0	3000	tags=18%, list=20%, signal=22%	
APC-CDC20 MEDIATED DEGRADATION OF NEK2A%REACTOME DATABASE ID RELEASE 95%179409	APC-CDC20 MEDIATED DEGRADATION OF NEK2A%REACTOME DATABASE ID RELEASE 95%179409		26	0.15880488	0.42990118	1.0	1.0	1.0	3227	tags=15%, list=21%, signal=20%	
PROTEIN BRANCHED POLYUBIQUITINATION%GOBP%GO:0141198	PROTEIN BRANCHED POLYUBIQUITINATION%GOBP%GO:0141198		19	0.1688941	0.42669693	1.0	1.0	1.0	2058	tags=11%, list=14%, signal=12%	
DOLICHOL-LINKED OLIGOSACCHARIDE BIOSYNTHETIC PROCESS%GOBP%GO:0006488	DOLICHOL-LINKED OLIGOSACCHARIDE BIOSYNTHETIC PROCESS%GOBP%GO:0006488		18	0.16445573	0.4056065	0.9989858	1.0	1.0	12551	tags=100%, list=84%, signal=608%	
PROCESSIVE SYNTHESIS ON THE C-STRAND OF THE TELOMERE%REACTOME DATABASE ID RELEASE 95%174414	PROCESSIVE SYNTHESIS ON THE C-STRAND OF THE TELOMERE%REACTOME DATABASE ID RELEASE 95%174414		19	0.15797478	0.39119235	1.0	1.0	1.0	5325	tags=37%, list=35%, signal=57%	
COTRANSLATIONAL PROTEIN TARGETING TO MEMBRANE%GOBP%GO:0006613	COTRANSLATIONAL PROTEIN TARGETING TO MEMBRANE%GOBP%GO:0006613		20	0.15313585	0.38957167	0.998997	0.99987656	1.0	3188	tags=15%, list=21%, signal=19%	
