NAME	TITLE	SCORE	
LDLRAD4		30.758614	
LTBP1		26.42423	
CFH		25.591051	
RGS1		22.355831	
PTGFRN		21.915245	
COL15A1		21.658789	
IGFBP2		20.914001	
COL14A1		20.90974	
ENTPD1		20.761375	
HR		20.146229	
PDLIM3		19.863083	
RGS5		19.57339	
PSD3		19.513279	
FHL2		18.68206	
SSC5D		18.624092	
ASPN		18.605364	
ROBO1		18.565702	
SYTL2		18.330563	
EDA2R		18.108803	
SULF1		17.911024	
COL18A1		17.692856	
TNFRSF21		17.590622	
TRAF5		17.532644	
BRSK1		17.4929	
FOXL1		17.283215	
TGFB3		17.253843	
DPYSL3		17.178467	
CTSK		16.773458	
SMO		16.57646	
HEPH		16.153784	
MMP2		16.069778	
THY1		16.015116	
IGFBP5		15.907214	
COCH		15.723021	
PHLDA1		15.695019	
MXRA5		15.639595	
TRPS1		15.581625	
FAT1		15.538068	
NFASC		15.469602	
MYO1E		15.317792	
ZMAT3		15.265203	
WEE1		15.246446	
PHLDB3		15.137123	
IRAG1		14.982733	
KDM5B		14.933317	
MAST2		14.889676	
MICAL3		14.829643	
DNAJC22		14.828005	
CCDC3		14.81324	
CREB3L2		14.769853	
PLPP1		14.744909	
OAT		14.668878	
FBLN2		14.616923	
ISM1		14.279695	
MYO3B		14.279466	
PTCHD4		14.239051	
KIF7		14.028726	
KCNE4		13.983591	
FSTL1		13.95741	
CLMP		13.941193	
SNAP25		13.850602	
ECM2		13.827343	
CXCL12		13.806326	
TMEM59L		13.783689	
ITM2C		13.761635	
IGFBP7		13.751697	
ANTXR1		13.739505	
MDK		13.709704	
S1PR3		13.631585	
ADGRB2		13.59742	
KERA		13.5926895	
POSTN		13.585483	
GNAO1		13.56288	
THBS2		13.514459	
GADD45A		13.499729	
PLXDC1		13.318403	
TCF12		13.232982	
SEMA3C		13.103684	
SNX9		13.088925	
CACNA1C		13.0682	
FBXO32		12.957314	
ANKH		12.92332	
FNDC1		12.908863	
COL1A1		12.8805685	
PRTFDC1		12.850881	
TENM4		12.849279	
DGKA		12.793022	
SYNJ2		12.789523	
NET1		12.732544	
IGF1		12.710582	
DLG5		12.685075	
KIAA1755		12.666672	
HMCN1		12.659886	
MAP1B		12.627532	
MPPED2		12.610173	
CTHRC1		12.599112	
DZIP1		12.5694	
BEAN1		12.562382	
AZIN2		12.534009	
FILIP1L		12.525077	
COL16A1		12.523863	
NCS1		12.519621	
COL1A2		12.515079	
SH3PXD2A		12.506775	
LTBP3		12.500583	
SSUH2		12.494396	
ITGA7		12.485543	
SCARA3		12.418752	
NBL1		12.381292	
PCDH7		12.355386	
SFRP4		12.346834	
SERPINF1		12.295267	
ZFP36L2		12.288317	
ARMH4		12.284421	
SUGCT		12.280583	
THBS3		12.2644615	
COL3A1		12.256575	
SSPN		12.255511	
KLHL4		12.2550535	
PBXIP1		12.22557	
SLC25A12		12.165788	
PDE1A		12.163463	
COL6A3		12.13892	
FBN1		12.090295	
GLT8D2		12.075206	
SYT16		11.978455	
B3GALNT2		11.975963	
BNC2		11.941818	
PDE7B		11.908128	
PAMR1		11.9074335	
GNB5		11.881614	
RET		11.815318	
SLC4A3		11.688946	
PAM		11.646927	
ARID5B		11.596087	
MMP16		11.593297	
ANK2		11.593022	
GEM		11.590883	
JCHAIN		11.570779	
PAK3		11.53467	
HTRA1		11.526075	
CCDC80		11.52285	
MFAP2		11.519777	
SPATS2		11.485046	
PDCD4		11.485032	
C1orf54		11.46963	
COL5A2		11.458621	
THSD7B		11.401249	
TSHZ2		11.368875	
LUM		11.363015	
B4GALT4		11.343787	
PLXNA4		11.267978	
CAPN5		11.26362	
SCG5		11.260765	
PPFIA2		11.257949	
ENC1		11.22068	
BICC1		11.191135	
MARK1		11.164108	
CABYR		11.155594	
SYT12		11.148529	
LURAP1		11.1198635	
GOLM1		11.113837	
EPHA3		11.049738	
SFRP2		11.01196	
COL9A2		11.002937	
RAB7B		10.986406	
STARD5		10.972502	
TVP23A		10.970029	
NAALADL2		10.94327	
COL7A1		10.936502	
HS6ST1		10.909805	
SLC38A11		10.908447	
TSHZ3		10.899757	
TUBB3		10.887618	
EIF4G3		10.828828	
BOC		10.7262335	
ITGAV		10.693683	
PDLIM4		10.690252	
GRAMD2B		10.675044	
TNC		10.658519	
AMPH		10.64231	
CHD3		10.635869	
COPS8		10.595191	
NCAM1		10.586682	
AHDC1		10.583067	
TIPARP		10.577312	
CEP68		10.56715	
METTL8		10.567117	
ABCC9		10.553437	
PLCB4		10.540742	
SAMD11		10.518932	
PPP1R12B		10.5147	
TSKU		10.463612	
TSPAN2		10.443906	
ANGPTL2		10.440595	
ZRANB3		10.432595	
EFNB3		10.425316	
NUMBL		10.407971	
NIPAL2		10.337769	
TTC3		10.334911	
ADGRA3		10.333457	
ITIH5		10.33157	
ITSN1		10.33087	
SNED1		10.329739	
CPXM2		10.300569	
TRANK1		10.279199	
LRRK1		10.271898	
SEC31A		10.258391	
COL8A1		10.228042	
ADAMTS14		10.209528	
DLG2		10.189317	
VWCE		10.186375	
LAMP5		10.181621	
HECW1		10.171486	
LMNA		10.159202	
CNN1		10.143422	
FBLIM1		10.132929	
FKBP14		10.1121645	
HSPB3		10.106609	
GREM2		10.1051	
ESYT2		10.088316	
DRD5		10.082157	
PBLD		10.05573	
PRRT2		10.048384	
ENAH		10.036637	
CDKN2A		10.0338	
AFAP1		10.019155	
TUSC3		10.005243	
KCND1		9.970444	
GRIA3		9.964123	
PLA2R1		9.950133	
NUDT4		9.945619	
ABCA2		9.939524	
TMEM200C		9.93062	
TP53BP1		9.921086	
IGFL2		9.890989	
MPP2		9.866971	
DIPK1A		9.857011	
TUB		9.85304	
RHOB		9.843093	
TASP1		9.812298	
FUT8		9.807004	
ACVR1		9.783828	
ELK3		9.758436	
FNDC4		9.747554	
PKP2		9.737654	
ITGA9		9.72183	
COL5A1		9.711356	
TNFRSF18		9.709933	
ZNF846		9.705445	
SPRY1		9.698017	
ZNF711		9.695027	
CDH2		9.672756	
GASK1A		9.659194	
FRZB		9.652532	
PMEPA1		9.630527	
SLC16A2		9.624932	
COMP		9.620142	
CRISPLD1		9.618731	
FLNC		9.592192	
TTBK2		9.591605	
ITGA2		9.565717	
NLGN2		9.554731	
DLX5		9.5164585	
TMEM132E		9.515223	
RUNX2		9.480695	
PODNL1		9.476815	
TMEM117		9.458761	
DOK5		9.452188	
GALNT16		9.451486	
IGFBP4		9.450372	
LEF1		9.449939	
LHCGR		9.441385	
KLHL13		9.433562	
PARD6G		9.411314	
TP53INP1		9.406276	
PCNX2		9.400371	
NLGN3		9.398834	
HSPA12A		9.393104	
DBN1		9.391953	
ELOVL4		9.37382	
MEX3A		9.359652	
PNMA1		9.352939	
BACE2		9.345472	
RASGRF2		9.341183	
CLDN2		9.340637	
CYP27C1		9.337823	
SLC6A8		9.319777	
SEPTIN8		9.312838	
KCNH1		9.301008	
ATP2A2		9.299109	
UBE2H		9.297077	
MYOM3		9.28502	
VASH2		9.273892	
HMCN2		9.270051	
SLC35D1		9.266264	
ACTN1		9.255957	
DNM1		9.249668	
ZNF516		9.2186165	
MGP		9.20944	
ANKRD36C		9.1955805	
DIO2		9.167694	
BDKRB2		9.162846	
TRO		9.147319	
RRAD		9.137728	
MOXD1		9.090951	
GLI1		9.073664	
TP53INP2		9.071253	
APOLD1		9.066541	
TNFAIP3		9.056008	
CILP2		9.055333	
KIAA0825		9.04304	
SLC4A7		9.012653	
LYPD3		9.003167	
CRABP2		8.984367	
SLCO5A1		8.975491	
HTRA3		8.968905	
NHS		8.968718	
CRACD		8.966014	
CSRNP3		8.933922	
ADCY6		8.933891	
DDX5		8.921334	
FBXW7		8.871477	
UCN2		8.863082	
BBS9		8.84982	
TWIST1		8.84115	
SHC4		8.823207	
CHRD		8.81458	
SYNPO2		8.797774	
DEFB124		8.7974415	
SMOC2		8.790125	
WDPCP		8.784119	
DIRAS3		8.78203	
TCTN3		8.778026	
CTNNB1		8.758161	
FGF1		8.73839	
AHCTF1		8.73402	
FAM43B		8.733721	
SLC35E4		8.7221575	
CHPF		8.716163	
PTHLH		8.703655	
COL12A1		8.702391	
KLHL25		8.701226	
MMP19		8.680251	
TNFSF11		8.656393	
GARNL3		8.655172	
CUBN		8.646452	
ZNF469		8.623424	
DGKI		8.614705	
EMP1		8.61319	
CLMN		8.601328	
SMTN		8.596095	
FRMD5		8.585045	
FN1		8.575549	
SMIM43		8.573773	
TMEM176B		8.561386	
SPSB1		8.5596695	
FREM1		8.5459	
PTGDS		8.543044	
CA5B		8.530359	
DEPP1		8.526942	
EGFLAM		8.515904	
PAPLN		8.515044	
NIPSNAP3B		8.510374	
CBLB		8.491449	
HS3ST3A1		8.486472	
OAF		8.482958	
CAPN6		8.474027	
AIG1		8.469484	
GRIP2		8.468617	
COL4A5		8.462941	
TENM1		8.460897	
VGLL4		8.459411	
DENND2B		8.45892	
ABCB4		8.453332	
CPNE7		8.452354	
SEPTIN2		8.449178	
ZNF521		8.444944	
ASIC1		8.4063225	
HSPG2		8.396878	
SYNGAP1		8.382074	
CAP2		8.375536	
TMEM229A		8.36801	
ADCY2		8.364295	
LRRN1		8.359812	
P3H3		8.3585415	
BMAL2		8.352742	
TMEM158		8.352276	
BTG2		8.349546	
CTLA4		8.344005	
VIM		8.337656	
SHOX2		8.316372	
CACNA1G		8.308226	
DCLK1		8.307611	
PCDH19		8.299733	
SLC10A6		8.296531	
TENM3		8.295145	
BCL2L11		8.257265	
CNTN3		8.248273	
EVC		8.242594	
PRRX1		8.230608	
ZBTB32		8.228824	
CALU		8.221191	
TNFRSF10B		8.220456	
PIGT		8.218803	
LTBP2		8.20442	
IL13RA2		8.19692	
PCNX4		8.195147	
CFAP69		8.181424	
KCND3		8.153321	
STMN3		8.152901	
GXYLT2		8.136575	
ALDH18A1		8.13228	
ACTA2		8.119564	
MAP7D3		8.109881	
LDLRAD3		8.1058235	
TRABD2B		8.105295	
RAMP1		8.10462	
WHRN		8.102212	
SRRM3		8.095086	
ANKRD10		8.093043	
LRRC17		8.090428	
PDGFD		8.088804	
RCAN2		8.088213	
STK38L		8.061831	
PDLIM7		8.061167	
SH3RF3		8.041297	
DMD		8.034989	
AREG		8.030619	
CNKSR3		8.008293	
NUGGC		8.007114	
SYNGR1		8.006602	
LOX		8.005112	
ASTN2		7.999085	
BHMT2		7.9961467	
ATP1A2		7.988757	
CERCAM		7.985905	
SLC29A4		7.9729238	
WLS		7.969062	
TSPAN6		7.9683847	
PLPPR4		7.9603934	
CDKN1A		7.960123	
TSC22D1		7.9507065	
SLC24A3		7.9477634	
GLI2		7.9463644	
GNAL		7.9435244	
FAM131A		7.9381504	
SLC9B2		7.926797	
NEK1		7.924815	
GPSM2		7.881191	
WDR86		7.87807	
FBXO31		7.8732066	
GRHL3		7.8713913	
PIM2		7.869749	
C12orf75		7.868997	
COLEC11		7.868804	
ZNF827		7.868277	
TUBB2B		7.86752	
GPX8		7.8662457	
IGDCC4		7.8601346	
SCG2		7.851557	
SPON1		7.849533	
KLF12		7.841771	
KLF9		7.8408175	
FAM13C		7.827092	
PDE2A		7.8254476	
HPSE2		7.8250494	
HRC		7.8250003	
ZNF483		7.813602	
NAP1L3		7.7979984	
SMARCA1		7.793478	
FAP		7.7896104	
FBLN1		7.7858033	
GAS7		7.7698274	
TWSG1		7.768305	
OGN		7.764495	
CTNNA3		7.758668	
CALD1		7.7582235	
NMNAT2		7.740226	
FOXC2		7.7248254	
PRG4		7.714949	
CCDC171		7.712623	
C1S		7.709513	
SIPA1L1		7.707043	
TTC39C		7.706914	
COL6A2		7.705549	
CSNK1A1		7.705302	
ADGRF4		7.70317	
TAGLN		7.698692	
ADD2		7.6807756	
MRC2		7.678294	
NR4A1		7.673383	
RPAP2		7.6717525	
BAAT		7.664301	
KRT16		7.6643004	
KALRN		7.66367	
BMERB1		7.652909	
P4HA3		7.6524925	
TMEM98		7.651884	
ACTG2		7.6501474	
CNGA1		7.6480875	
CLSTN1		7.6480813	
KCNN3		7.6404366	
UBE2QL1		7.6397743	
FAM171B		7.6389527	
HTR2A		7.6361012	
DMGDH		7.6333423	
CPE		7.630351	
SLIT3		7.6280518	
FAM83D		7.625747	
GLIPR1		7.6108766	
CCDC136		7.6061687	
NSG1		7.59552	
ZNF215		7.5933523	
RGS2		7.590924	
COL24A1		7.5801754	
ZNF812P		7.5769606	
TMEM45A		7.5579233	
FRMD6		7.5459538	
TENT5C		7.541818	
EFNA5		7.539411	
FUBP1		7.5338984	
SYNDIG1		7.5321274	
KCNS2		7.530595	
ATXN1		7.5303316	
CACNB3		7.5294895	
PGF		7.525595	
BMP8A		7.523339	
RAB31		7.5217314	
FOSB		7.5160136	
SLC22A17		7.5092454	
ALDH1A3		7.5076475	
ODF2L		7.501534	
LRRC4C		7.5006332	
FAM110C		7.496817	
DRP2		7.496552	
STEAP1		7.4935546	
AJM1		7.480085	
COL6A1		7.4722414	
NFATC4		7.459152	
C1QTNF1		7.4567385	
PODXL2		7.451137	
BHLHE22		7.446051	
C1QTNF3		7.4442806	
ZSCAN18		7.4434547	
CPLANE1		7.442647	
PDE3A		7.4325294	
PHKG1		7.430761	
KLHDC8A		7.424132	
SDK2		7.4216266	
ZNF275		7.4190907	
ADAMTS6		7.4170775	
PRDM1		7.4169044	
KCNMA1		7.4155354	
HSPA4L		7.4138627	
TCF3		7.411797	
SLCO1C1		7.3990083	
GPR135		7.3986316	
IL11		7.3901525	
RNF207		7.3890004	
DUSP4		7.377307	
ITGB8		7.3765364	
ADCYAP1		7.37351	
SHANK1		7.3685474	
POFUT2		7.3624964	
PLCD4		7.345516	
ADAMTS19		7.3310304	
DPEP1		7.322944	
FKBP7		7.322858	
GNB3		7.322766	
SACS		7.318294	
FAT4		7.3172474	
GPR37		7.3165846	
CHSY3		7.3158913	
ZNF703		7.3146834	
USP2		7.3050017	
PTCH2		7.2997837	
SPEG		7.2982235	
B3GNT9		7.298058	
DDB2		7.29347	
PROB1		7.2869887	
EFCAB13		7.2844663	
PPM1J		7.2765985	
CDCA7		7.276175	
KCNA2		7.271771	
LGI2		7.2690287	
TNXB		7.2660255	
SNCAIP		7.2456098	
CNTNAP1		7.2441278	
MLLT11		7.2366796	
ITGB5		7.231848	
TSPYL4		7.219672	
BCHE		7.2176876	
CHST3		7.210905	
CLNK		7.203348	
RAB3C		7.2020826	
ITGB1BP2		7.180938	
PCSK5		7.177846	
SGCD		7.167105	
LRP12		7.1500444	
DACH2		7.1415176	
CST2		7.140452	
NCDN		7.1347017	
WNT5A		7.1290793	
MAP3K20		7.128689	
FKBP11		7.1273093	
ADAM12		7.1249914	
HECTD2		7.1053624	
LOXL2		7.1031923	
PLEKHA4		7.0988007	
PPP2R2B		7.098452	
ELOVL2		7.0911107	
CHSY1		7.089013	
PRUNE2		7.0858936	
ERF		7.0854244	
RAB6B		7.0807986	
LOXL1		7.0777855	
ANKRD26		7.077337	
ECM1		7.07556	
GLIS1		7.0705295	
CASK		7.0686674	
CPQ		7.062554	
CERS6		7.0473475	
C1QTNF2		7.043347	
MID1		7.042829	
TNN		7.035773	
SEC24D		7.0283866	
AEN		7.02744	
ABCB1		7.026454	
SNAI2		7.026022	
FMO1		7.025769	
RALGPS2		7.0244007	
NPAS3		7.017899	
PRPS2		7.0118294	
RNF150		7.0106716	
CD69		7.0062323	
NALF1		7.0044293	
AOPEP		7.001386	
VMP1		6.9890237	
RYR3		6.9854445	
MAP1A		6.977009	
KCTD1		6.9722404	
NTN1		6.9698415	
GZMK		6.9621983	
VCAM1		6.955808	
MAP3K14		6.954325	
PPIC		6.952375	
PIF1		6.9484434	
ENSG00000273291		6.9479084	
FOXC1		6.9414983	
PGM2L1		6.9408183	
GPC1		6.9396267	
WSCD2		6.9303737	
CPNE5		6.929079	
PKP1		6.9277554	
GPR155		6.9247684	
PLEKHG2		6.9199333	
F2RL2		6.9150395	
TPBG		6.91313	
ABL2		6.908721	
PKD1		6.904165	
GFRA1		6.887303	
BEND6		6.876563	
RGMA		6.874024	
EPHB1		6.862932	
NRIP2		6.85918	
ATRNL1		6.8536363	
TPM1		6.8506875	
STEAP2		6.8459883	
SYT11		6.8439455	
ITGA11		6.8363805	
SERPINI1		6.8345475	
COL25A1		6.8307033	
DIRAS1		6.8292794	
SPATS2L		6.828121	
PFKP		6.817922	
GAS6		6.813313	
FBXL7		6.8016124	
SEC14L2		6.793404	
TNFSF4		6.7891126	
TRIM32		6.7850795	
SESN3		6.7774353	
TEAD3		6.7771716	
DTNA		6.7731867	
SLFN13		6.768377	
ABI2		6.76796	
ADGRA2		6.762051	
TRIM45		6.7559085	
UGGT2		6.752287	
ITPRIPL1		6.7504954	
ACAN		6.7467537	
LETM2		6.7443542	
TMEM178B		6.743395	
RGS7BP		6.7325487	
LAYN		6.7213655	
STS		6.720174	
SPTBN4		6.717129	
OTULIN		6.7148395	
MUC12		6.694195	
CLDN1		6.6913943	
OLFML2B		6.690375	
ZNF208		6.681623	
CCDC184		6.6779943	
ADAM23		6.6748743	
ANKRD53		6.672508	
SPRED3		6.6678133	
SHISAL1		6.6622443	
ACER2		6.6613073	
CRB2		6.6547875	
TMEM215		6.654326	
MTTP		6.651356	
BTBD19		6.6474895	
SPARC		6.6436815	
WNT10A		6.6435103	
TBC1D19		6.641557	
CPXM1		6.6407943	
SLC6A1		6.6403847	
GJB2		6.6395044	
METTL24		6.6332817	
MEIS3		6.629711	
RASD1		6.629692	
HS6ST2		6.6291914	
PLN		6.619079	
SHISA6		6.5986304	
C16orf74		6.5910807	
DUSP2		6.589289	
MAN1A2		6.588491	
FAM78B		6.5766826	
PGM5		6.5656247	
NUDT11		6.563824	
TNFRSF19		6.536825	
GPR183		6.5309954	
WBP1L		6.5267973	
DTX3		6.526295	
PIGK		6.5166507	
CP		6.5091467	
SAP30		6.507215	
CC2D2B		6.501886	
CTSF		6.500318	
GPR153		6.500199	
MYOM1		6.4976435	
RBM38		6.4951916	
RAB23		6.4902225	
PKD2		6.4875417	
COG5		6.48052	
PHYHIP		6.4758472	
CSGALNACT1		6.471487	
OLFM1		6.4707913	
GPR161		6.466955	
PRR7		6.4635577	
PALLD		6.459724	
ZNF10		6.4575396	
NTN5		6.452642	
GRIN2A		6.4488397	
MEI1		6.4374723	
NRXN2		6.434758	
ARTN		6.4329066	
NT5E		6.4264984	
ESR2		6.425084	
CXCL14		6.416803	
MN1		6.413261	
INSYN2B		6.4113626	
TRPC1		6.404296	
ROR2		6.403334	
FAM118A		6.3981705	
ZFTA		6.3871446	
FLRT2		6.384419	
NGEF		6.3812923	
KIF26B		6.374119	
HAPLN3		6.3664045	
TCTN1		6.3544135	
EPS8		6.353815	
DES		6.3508472	
SULF2		6.348427	
HAS2		6.3422856	
FAM169A		6.340024	
PCDHB7		6.337665	
MAOB		6.335564	
ZHX2		6.33182	
TGFBI		6.326739	
DYRK2		6.3208785	
SH3PXD2B		6.3149824	
PLEKHG5		6.310395	
MAP3K7CL		6.3002663	
CADPS		6.294096	
MTMR11		6.277758	
RANBP9		6.2741604	
HHAT		6.2730246	
C17orf107		6.271388	
FAM210B		6.2685184	
PAPPA		6.2664795	
DPYSL4		6.2613707	
TIGIT		6.2593584	
A2M		6.2474046	
ANKRD36B		6.246767	
FGD1		6.245997	
TRERF1		6.241819	
CLTCL1		6.238677	
AFF4		6.234424	
MYH11		6.233903	
TSC22D3		6.231722	
ZNF587		6.2302504	
SSTR2		6.228348	
KDELR3		6.2237477	
FGFR1		6.220253	
MYOCD		6.2194676	
SOX8		6.218809	
OGDHL		6.2139115	
HOXC4		6.2010484	
ITGB4		6.1921573	
COL22A1		6.189895	
NREP		6.186386	
ATAT1		6.1742024	
REM1		6.173129	
FDXR		6.172635	
POLN		6.171879	
SLC28A3		6.15612	
GDF11		6.154663	
EPHB2		6.1492124	
SALL4		6.1440616	
MSRB3		6.1406455	
DCUN1D3		6.1376176	
KCNH8		6.13744	
HIF1A		6.1353045	
ISYNA1		6.1351585	
PXDNL		6.134657	
PNISR		6.133642	
ARSG		6.128849	
DIP2C		6.126061	
SPAG4		6.123401	
WDR47		6.1215577	
CMA1		6.1182365	
PFN2		6.116422	
DACT3		6.107874	
POMGNT2		6.1047964	
SCRG1		6.1005445	
GSDME		6.098153	
JSRP1		6.093086	
CDH6		6.0848355	
RBFOX2		6.084107	
PSD		6.0821238	
PDZRN3		6.081919	
GABPB2		6.081608	
DCN		6.0805717	
INPP4B		6.0790167	
ZFP36		6.0728035	
PTPRH		6.0705047	
VPS13B		6.058214	
CBARP		6.051564	
TM7SF3		6.048951	
GNG12		6.048273	
MPZL1		6.0457883	
DUSP14		6.038936	
MATCAP1		6.0379696	
GPR156		6.036717	
MTMR7		6.0327964	
SERPINE1		6.023461	
PDGFC		6.0209427	
PTGER1		6.0178065	
WIPF3		6.014584	
DOCK1		6.0142083	
N4BP2		6.009459	
MAPK6		6.006484	
MEX3C		6.0039263	
DLG4		6.001819	
LRP3		5.997604	
PRDM15		5.9914985	
SEC23A		5.9900303	
GGT5		5.9896326	
ATP11C		5.988799	
PODN		5.986904	
ALPK2		5.983035	
FBXL2		5.9819627	
SERPINA3		5.9802456	
ANO4		5.9768243	
HIVEP2		5.9664326	
ATF7		5.9655275	
COL10A1		5.963314	
SRSF5		5.9564734	
DUSP1		5.9537835	
SPECC1		5.9470835	
MYOF		5.9449215	
NHSL2		5.943332	
ARL10		5.942224	
OSR2		5.9365497	
DDIT4		5.9357014	
MXRA7		5.935465	
ASCC3		5.9346805	
IGSF9B		5.9324965	
CRABP1		5.932133	
PNOC		5.927364	
RFX8		5.924503	
PLPP7		5.913407	
CNTNAP2		5.9028597	
ARHGEF25		5.9024878	
GOLM2		5.90114	
CEP97		5.899426	
BICD1		5.8984666	
OTOGL		5.895834	
ANGPTL1		5.8953886	
TIMP2		5.891678	
PCDHB14		5.8886585	
FOXP3		5.8885903	
GALNT1		5.882352	
CRLF1		5.870891	
POLH		5.8671293	
BBS7		5.866679	
COL19A1		5.8644824	
TMEM176A		5.861247	
CLEC11A		5.8608513	
REEP2		5.8551726	
DLL1		5.8519516	
ATP10D		5.8513994	
CFI		5.8507524	
MFAP4		5.848117	
SGCB		5.841668	
PDZD4		5.829196	
ABCC5		5.8272104	
PRNP		5.820882	
LDB3		5.803969	
DNAJB5		5.8010435	
CAND2		5.795315	
SMOC1		5.7891445	
LGR6		5.7730956	
CRISPLD2		5.7680235	
EGR1		5.7668324	
FMO3		5.766768	
RUNDC3B		5.7631907	
LRRC55		5.7622213	
PBX3		5.757462	
ZNF385D		5.756408	
FGF18		5.7555866	
CMYA5		5.750791	
VAT1L		5.7503967	
ENTPD2		5.7462807	
SMIM3		5.746249	
CNST		5.742841	
RHOH		5.742459	
ANKRD13B		5.7325253	
NLRP3		5.7325153	
NTF3		5.731122	
LRRC15		5.7259808	
MBTPS1		5.7207856	
SCN2B		5.719541	
ARRDC3		5.7143917	
ABCA12		5.71105	
CD28		5.710293	
PDLIM5		5.709144	
ADCY5		5.7068396	
CEP164		5.70454	
MPDZ		5.6989326	
PHF24		5.6987033	
TDO2		5.697739	
VAMP1		5.69657	
RASD2		5.6963267	
MACROH2A2		5.6894426	
XG		5.686864	
PRCP		5.683193	
PNMA8A		5.68267	
BRINP3		5.6796007	
RAD51B		5.6790733	
ADAMTS18		5.6714435	
UFSP2		5.6701856	
INPP5F		5.6660295	
HNF4A		5.665022	
ZFPM2		5.66343	
THSD4		5.6628385	
ELN		5.662786	
ZFC3H1		5.659805	
HSPB7		5.6581097	
SFXN1		5.6519275	
NGFR		5.647346	
PHTF2		5.646258	
CDH3		5.64528	
GAMT		5.64516	
ENTPD7		5.6443076	
BDH2		5.641418	
IMPG2		5.6406016	
PI15		5.6363745	
GCLC		5.6335735	
MMP11		5.6276364	
C7		5.6271405	
LLGL1		5.6252437	
NPTX2		5.6228595	
PITPNM1		5.6124434	
HTR1F		5.612064	
TMEM185A		5.6088586	
CEP83		5.60401	
ADCY3		5.6029525	
NTRK1		5.601798	
CASTOR3P		5.5993376	
BMP1		5.591849	
ABCG4		5.585535	
GPX7		5.573496	
APLNR		5.571401	
FTO		5.568104	
MT1X		5.566034	
EPHA2		5.5631127	
KIF5C		5.5620785	
IKZF2		5.5589404	
PLTP		5.553338	
CNIH3		5.5461507	
DYRK3		5.5449147	
CPT1C		5.5423355	
CAMK1D		5.5385256	
ATP1B2		5.537196	
NFE2L3		5.5359025	
GREB1		5.522154	
RBM24		5.521725	
OSBPL3		5.518033	
CRACR2A		5.5156717	
ARB2A		5.51028	
URB1		5.508805	
SNX31		5.5045533	
DNAJC12		5.4997807	
TSPAN11		5.4960155	
FARP2		5.486463	
TRAK1		5.4809685	
FGF14		5.4807806	
ATP8B2		5.480182	
SLC7A2		5.475698	
TBCK		5.468471	
MICALL2		5.468277	
TNFRSF13C		5.4664273	
TPD52L1		5.462688	
LDLRAD2		5.462128	
CNOT6L		5.461286	
HGF		5.4593472	
DERL3		5.458744	
ATXN7L1		5.4547334	
MSI2		5.4432683	
MAST4		5.4407525	
PALMD		5.4375	
CCL11		5.426284	
ZNF793		5.413572	
TTC8		5.410736	
NUDT10		5.4081745	
FOSL2		5.4054556	
CCL13		5.4043427	
TUT4		5.397695	
FKBP10		5.39599	
SIDT1		5.3941627	
POGLUT2		5.393014	
ANO1		5.3911448	
H4C16		5.3908963	
TRPV3		5.39049	
GPC2		5.3827057	
PRR5		5.379284	
EXTL1		5.3792357	
SUPT7L		5.375891	
FBXL22		5.369497	
HILPDA		5.3679795	
HDC		5.367711	
CELSR2		5.3578067	
ELL2		5.354772	
ZNF621		5.3500366	
PLEKHN1		5.348861	
DEAF1		5.345194	
PER2		5.344249	
EYA2		5.344185	
PTBP2		5.343739	
MEX3B		5.3408294	
KCP		5.33911	
ENSG00000275993		5.337347	
SCN3A		5.336814	
CD27		5.332744	
IL17RD		5.329778	
INSYN2A		5.3236885	
INSYN1		5.3196244	
FZD7		5.317876	
MEDAG		5.3176827	
GRM2		5.316886	
PCSK1N		5.3160057	
GOLGB1		5.313731	
HAAO		5.313176	
COLQ		5.3118567	
GAP43		5.3049827	
PXYLP1		5.303737	
CYGB		5.3008504	
TMEM14A		5.29974	
TMEM121		5.294819	
TPPP3		5.2936816	
TCEAL7		5.2916555	
COL9A3		5.2914405	
MYLK		5.2899723	
ABTB3		5.2835712	
KIF13B		5.278417	
SRGAP3		5.2719855	
CHRDL2		5.2660985	
PYGM		5.263014	
ACAD11		5.2578077	
OXR1		5.252957	
C11orf24		5.251464	
KCNN4		5.23997	
UBE2V1		5.237936	
LONRF2		5.235736	
DPF3		5.228123	
PLXNB3		5.227681	
MAPKBP1		5.225829	
CDC14B		5.2226224	
LUZP2		5.21801	
ASB2		5.214994	
AEBP1		5.2137976	
ZBP1		5.2100735	
KCNK2		5.196986	
EML6		5.1934943	
SERTAD2		5.1913266	
TRIM17		5.183072	
TJP2		5.177509	
HBB		5.174997	
AVPR1A		5.173152	
IGLL5		5.165632	
CST5		5.1605906	
SLC45A1		5.159886	
CST1		5.15944	
SMC6		5.1550794	
BDKRB1		5.1546993	
SETBP1		5.154661	
ARMCX4		5.150008	
NACAD		5.146463	
GALNS		5.145114	
DNAJC10		5.1346993	
CCN4		5.1310205	
EID3		5.1301436	
SLMAP		5.128719	
EBF2		5.1255608	
SOCS2		5.1246424	
PM20D2		5.118724	
HHIPL1		5.118461	
SUSD5		5.118004	
RHOU		5.112983	
PCSK1		5.1107526	
TNFRSF13B		5.109999	
OSBPL10		5.109967	
ENSG00000277836		5.1076875	
RGS17		5.1072426	
GADL1		5.1064234	
FBLN7		5.1057687	
RBBP7		5.102071	
EFS		5.099215	
A4GALT		5.0917563	
SRSF12		5.0873294	
AGT		5.0849495	
CHST8		5.0817776	
ADAMTS1		5.081243	
CCL22		5.079774	
KCNMB1		5.078562	
ENDOU		5.076375	
GAN		5.0729923	
NFATC2		5.0668645	
NSMF		5.065156	
NR4A3		5.0580544	
ECEL1		5.052792	
YWHAQ		5.050924	
TTLL3		5.0495205	
CD24		5.048055	
NXF1		5.045517	
PAPPA2		5.044796	
KRT14		5.04359	
ZNF487		5.0408387	
FSIP2		5.039769	
MAP1LC3B		5.0354996	
C6orf141		5.034321	
HLA-DOB		5.033141	
BCL9		5.032488	
ENSG00000279342		5.0287633	
TOGARAM1		5.025993	
JMY		5.025704	
RPGRIP1L		5.0240097	
PRKAA2		5.0230665	
SV2A		5.0216575	
DPT		5.0147643	
USP49		5.014763	
FHOD3		5.014519	
ADRA2B		5.007081	
KLK7		5.005773	
GLB1L3		5.0056076	
VCAN		5.001575	
IGFBP3		5.001498	
PLPP5		4.9978375	
CIMAP1C		4.9964066	
OSR1		4.9938445	
CHST6		4.992451	
SDC2		4.987045	
GYG2		4.981901	
CASQ1		4.975145	
MAGED1		4.974869	
LIMA1		4.969978	
MMP13		4.96993	
CROT		4.968414	
SMARCA2		4.9662647	
IFFO2		4.964308	
STRA6		4.9637947	
NF1		4.9607005	
IFT52		4.958776	
CEP126		4.9563274	
ETNK2		4.954896	
GTF3C1		4.94601	
BCAS3		4.942086	
TMEM131		4.941839	
JAG1		4.941089	
CHL1		4.936742	
BMP7		4.9367266	
IL2RA		4.93547	
SELENOW		4.9324083	
PHTF1		4.9312935	
FERMT1		4.9281754	
SLC30A1		4.926793	
PLEKHG1		4.921392	
CCDC110		4.9208937	
CD79A		4.9193306	
TXNDC5		4.918876	
LCNL1		4.9183297	
LPP		4.9161086	
TBC1D32		4.9097834	
CCR8		4.908746	
LDOC1		4.9082065	
CEP128		4.907202	
GREM1		4.904898	
ZNF667		4.903555	
MXRA8		4.902878	
TMEM132B		4.9021244	
PLCH2		4.898108	
COL4A6		4.8975544	
SDS		4.8953276	
GEN1		4.894335	
ASPA		4.8911495	
FBXO17		4.888487	
FCRL5		4.8882046	
CAPN11		4.873186	
NUCB2		4.8703656	
POU2AF1		4.869169	
MATN2		4.868541	
PLOD2		4.8674307	
CENPP		4.864593	
ZFP90		4.864017	
ING2		4.8553505	
LINGO1		4.8547993	
ADAM22		4.85461	
ISLR		4.853515	
RAB9B		4.8474507	
SERINC5		4.846684	
PRDX4		4.841656	
SLC16A9		4.8380346	
THADA		4.837887	
RAB3B		4.837323	
RIMS2		4.835829	
MYOZ2		4.829758	
TET1		4.828137	
CLIP3		4.8278193	
PHKA1		4.827052	
IHO1		4.822817	
LY9		4.8177094	
GPHA2		4.816667	
SS18		4.8148675	
FMN2		4.8131466	
MTCL1		4.8129163	
CYP7B1		4.812829	
NRG2		4.8112783	
KIAA1549L		4.811167	
CD70		4.8109274	
USP11		4.80734	
MZB1		4.8072443	
ATF3		4.802417	
TAFA5		4.799588	
ZNF300		4.795252	
PRDM8		4.794928	
WBP1		4.793786	
IRF2BP2		4.7930408	
DZIP1L		4.7929063	
GLT8D1		4.791495	
CHST7		4.7907696	
IP6K2		4.787508	
TMEM132C		4.784568	
SEMA3D		4.7812023	
SPDYA		4.7800684	
TPM2		4.779733	
MMP3		4.7703147	
NOTCH3		4.767294	
ZNF436		4.766456	
EXTL2		4.761145	
PLA2G2D		4.75755	
FAM171A1		4.756861	
HAUS7		4.7535877	
EFHD1		4.7514844	
MMP7		4.7489147	
SPON2		4.7483883	
GON4L		4.742023	
TRABD2A		4.740029	
ZNF154		4.7364354	
ADAMTS16		4.732782	
TMEM132A		4.724757	
TXNDC15		4.7231216	
DAPL1		4.7213798	
GNG4		4.7151213	
TFDP1		4.7082024	
TMF1		4.7047873	
XPR1		4.7038374	
SLC2A10		4.698792	
ZNF80		4.6939273	
ICA1L		4.693517	
SPARCL1		4.6912613	
PCDHA6		4.6909513	
ANKDD1A		4.690541	
FKTN		4.686127	
PRPH2		4.6845574	
BCO2		4.680582	
BBS5		4.674734	
LRCH3		4.6727114	
EVC2		4.667068	
DGKB		4.6560273	
CDKN2C		4.652115	
EFCAB11		4.6463394	
CSF1		4.6455655	
ENSG00000275464		4.645558	
SSBP2		4.644924	
MYC		4.6388893	
DUSP11		4.637981	
LRRC70		4.6366463	
HNRNPLL		4.636328	
ABHD17B		4.6347766	
GASK1B		4.628375	
STAB2		4.6276813	
WDR41		4.6252937	
HABP2		4.6232576	
PABPC4L		4.6227717	
EP400		4.622592	
BNC1		4.6207333	
ADAMTS10		4.6187186	
C4A		4.6169376	
ENOX2		4.613287	
C4B		4.611763	
IGSF1		4.6097684	
CTSV		4.604135	
RNF19A		4.602492	
GPATCH2L		4.5995274	
MEOX1		4.595542	
LAPTM4A		4.593814	
WDR35		4.5925446	
CXCL13		4.5909653	
SMOX		4.5899606	
GJB4		4.5884414	
SDC3		4.5850096	
ITGB3		4.5837955	
ATP2A3		4.5804625	
SPP1		4.578335	
SIX4		4.574954	
CACNB2		4.568124	
TDP1		4.5678797	
ENPP3		4.565049	
SYNGR3		4.564229	
PDGFRL		4.559801	
ADAMTS12		4.5536513	
LXN		4.5528793	
FJX1		4.550251	
HERPUD1		4.5486045	
R3HDM1		4.5444603	
MTHFD1L		4.5376635	
TNFRSF9		4.5313873	
GDF7		4.528757	
RGS4		4.528322	
ZNF415		4.526105	
CREM		4.52276	
FCGR2B		4.516573	
CACNA2D1		4.512726	
ZC3H12B		4.512461	
NT5DC3		4.51091	
GPR87		4.5095706	
LRRC49		4.5085516	
KIF5A		4.5063963	
ISLR2		4.5057445	
DENND5B		4.5057173	
TNFSF18		4.4942765	
JPH2		4.493117	
MYADM		4.4903746	
GLG1		4.4898105	
BLK		4.487097	
STMN2		4.4852753	
LAX1		4.4831142	
SCAMP5		4.4819036	
STIM1		4.4765105	
GCNT1		4.4732666	
NECTIN1		4.470479	
PTK7		4.469203	
FAM53B		4.468424	
TRPV6		4.4650164	
PER1		4.4649706	
FMO4		4.4643736	
SV2B		4.4625874	
KCNA5		4.462512	
ARMC2		4.459119	
AKAP12		4.4569716	
PDK4		4.4531565	
MNAT1		4.4519563	
AKAP6		4.4511704	
EIF5A2		4.44986	
CCDC28B		4.4478374	
SOBP		4.4467745	
TPST1		4.4467688	
CD38		4.446637	
ZFYVE28		4.4448824	
FOXO3		4.4442754	
WNT5B		4.4422417	
ENOX1		4.4408536	
NRIP1		4.436203	
LRFN5		4.4347606	
SHF		4.433694	
LY6D		4.4307976	
FAM83B		4.425699	
EVA1C		4.4220486	
HIVEP1		4.4205265	
UNC5C		4.4199276	
SOX5		4.4182334	
CDC42SE1		4.4137917	
NFATC1		4.412474	
RHBDL2		4.4112134	
THBS4		4.4068484	
CRY1		4.4011292	
ZMYM5		4.4009814	
RGS22		4.3958974	
GAL3ST4		4.3896804	
TF		4.3895183	
DUSP5		4.3894525	
KLHL38		4.38456	
COG6		4.383733	
B3GAT1		4.3821287	
TBX1		4.378817	
AHNAK2		4.3754597	
TASOR2		4.3746223	
MRTFA		4.3738728	
CEP290		4.372637	
RD3		4.3721776	
RBMX		4.3715677	
B4GALT1		4.3706822	
EEIG1		4.368651	
COL17A1		4.3670583	
APOBEC3H		4.3652163	
ALDH1B1		4.3625426	
FAM177B		4.361491	
CSMD2		4.361185	
NR4A2		4.3602443	
ZCCHC18		4.3600817	
EIF4A1		4.3555765	
ST6GAL1		4.3553925	
IGSF21		4.352414	
SHC1		4.352391	
PAQR7		4.351731	
MAN1C1		4.350692	
C3orf70		4.3485546	
MYEOV		4.347073	
SYTL3		4.3436885	
MED17		4.341428	
CCDC40		4.338346	
ITGBL1		4.3333745	
AZIN1		4.3316975	
CLC		4.330856	
WNT2B		4.323809	
CD79B		4.323784	
ADAMTS3		4.3221803	
SCRN1		4.322025	
IPO11		4.3214245	
MAPK10		4.3136163	
CIBAR1		4.3104353	
SORBS2		4.3084335	
CCNH		4.305988	
FAM131B		4.3058257	
MAP3K7		4.3056693	
KATNAL2		4.3054266	
TMEM59		4.3043723	
DSG3		4.303115	
LCN6		4.301465	
CBLN4		4.301169	
C8orf88		4.295981	
PLXDC2		4.29568	
TMEM182		4.2955623	
ARL4C		4.291836	
KIF3C		4.291432	
KATNIP		4.2908587	
NAP1L5		4.287379	
ATP8B1		4.284276	
ARHGAP15		4.2835627	
EGFL6		4.2817826	
RUNX1		4.281284	
SEPTIN6		4.2804465	
IFT43		4.2789392	
DOCK3		4.2761374	
TMEM156		4.2742777	
POLR3E		4.272329	
KRT17		4.270372	
PNN		4.269345	
TNFSF8		4.2676044	
SYAP1		4.26688	
CORIN		4.266004	
CCL21		4.265937	
PDE3B		4.263094	
TOP6BL		4.2624063	
P4HTM		4.2618785	
UBAC2		4.2584453	
ADAMTS13		4.252893	
OMD		4.2509894	
DNAAF2		4.250668	
ANKS1B		4.2503576	
TIMD4		4.2491302	
ITGB1		4.2472363	
CPED1		4.2458615	
ROBO2		4.2436495	
NEK11		4.240237	
MYOZ3		4.237029	
MFSD4B		4.23274	
CC2D2A		4.2324595	
BTBD1		4.2298703	
FCMR		4.2269654	
TRIM55		4.225564	
POLR3D		4.2227526	
ZNF251		4.2212796	
CENPC		4.2201514	
BIRC3		4.2154617	
ADAM28		4.2127047	
ZNF207		4.2123833	
TLE1		4.2121744	
RAB40A		4.2110662	
NBEA		4.2055426	
CTSO		4.205015	
MCTP1		4.2021637	
FAM168A		4.2008224	
KLLN		4.1930966	
TMEM35A		4.1921353	
PENK		4.191969	
PIEZO2		4.1906624	
RTP5		4.190343	
KCNT2		4.189434	
NDE1		4.1846256	
DZIP3		4.1846104	
IFT81		4.184338	
ALDH1L2		4.183556	
PHF13		4.1807303	
P2RX5		4.180596	
INTS6L		4.1774755	
SCUBE3		4.1749268	
AFAP1L2		4.171277	
CXCR4		4.167255	
TCF4		4.165224	
PCDHB10		4.164627	
IRF4		4.1643085	
CDIN1		4.163344	
GSN		4.1631985	
MCF2L2		4.1606812	
CHODL		4.1588182	
FCRLA		4.1581697	
CRIP1		4.153902	
ACOX2		4.150856	
SLC2A5		4.1497135	
CYP11A1		4.1432996	
STX1A		4.140409	
PDE10A		4.139733	
TNFRSF17		4.1319933	
DNAH1		4.1290474	
ARHGEF9		4.1259055	
CMKLR2		4.125323	
PDE4B		4.12461	
DPYS		4.1243305	
HIC1		4.124278	
MMP14		4.1210537	
METAP1D		4.1209087	
PTMA		4.118577	
ABL1		4.1176014	
TTLL5		4.1152873	
OGFRL1		4.113807	
FOXE1		4.1105046	
EGR3		4.108797	
ZNF81		4.1075764	
GDNF		4.105443	
UBXN7		4.103517	
MLF1		4.100454	
UBFD1		4.0973425	
MCL1		4.0956225	
RBPMS2		4.0923896	
ADAMTS4		4.0917687	
ZCCHC12		4.0914316	
ANAPC5		4.0908885	
MPC2		4.0898275	
GRM7		4.0888476	
EHMT1		4.08536	
SLC39A6		4.084191	
ELP2		4.0811424	
UBXN10		4.081036	
RNF115		4.0807214	
RALGAPA1		4.0758204	
GCC2		4.069311	
SIK3		4.0675564	
CNPY4		4.057449	
EXOC4		4.054316	
ENTPD4		4.045859	
ADAMTS15		4.0426426	
TRIM2		4.0424643	
PPM1E		4.041926	
AMPD1		4.0415792	
CCND2		4.0402374	
GAREM2		4.038654	
PARVA		4.0376806	
PCDHB12		4.037041	
NDUFV2		4.036619	
APLP1		4.03647	
ASB5		4.034728	
KCNH2		4.0310655	
FMOD		4.0291944	
RERG		4.027222	
BRWD1		4.0159082	
P2RY10		4.015021	
FLNA		4.0140615	
F2R		4.0140405	
ARMCX2		4.0132675	
S100PBP		4.0125065	
XIRP1		4.0118723	
ADAMTSL1		4.010459	
INTS8		4.010404	
DCLK2		4.0065794	
SERPINI2		4.006234	
LNP1		4.004948	
LRP11		4.004307	
MINAR1		3.9956317	
SPATA18		3.9925344	
BHLHE40		3.9919326	
ANKRD36		3.990072	
CDH24		3.9862528	
GRIK5		3.9842875	
SH3TC1		3.982681	
EGFL8		3.9755776	
P3H4		3.974015	
HLTF		3.9735386	
ENSG00000277856		3.9686267	
PRRT3		3.9684894	
GPR176		3.9656265	
MMP17		3.965063	
SH3BP4		3.9642227	
EP400P1		3.9630134	
ARL4A		3.9618258	
KCNB1		3.9608438	
PBX4		3.9606779	
CFAP54		3.9605289	
FOS		3.9588728	
KAZN		3.9588492	
MYO5A		3.9563737	
ITPRIP		3.9498446	
TFAP2A		3.9477656	
SERPINE2		3.9452536	
SLN		3.9452076	
RARB		3.9419625	
HIPK1		3.938209	
POGLUT3		3.9346304	
PHC3		3.9346282	
PIBF1		3.9344778	
RASA3		3.9300506	
CLSTN3		3.9286292	
GPRASP1		3.9266794	
EFHC2		3.925703	
ANGPTL5		3.9234557	
ATOSA		3.9214923	
TBC1D1		3.9180846	
TMEM119		3.9180765	
KIRREL1		3.9111428	
IL31RA		3.9108896	
ZNF423		3.9055161	
SELENOM		3.90525	
NUBPL		3.9021568	
PARP11		3.901837	
EFEMP2		3.900569	
ATXN7		3.900359	
OGT		3.8979642	
MAT2A		3.8972936	
DOCK7		3.8967166	
TMEM150C		3.8954825	
SEC24A		3.894814	
TET2		3.8948054	
XXYLT1		3.8930268	
LCN10		3.8930051	
MST1		3.891814	
CCDC158		3.8891644	
TREX2		3.8845615	
FAM81A		3.883405	
SLC26A10P		3.883041	
SMAD3		3.8825347	
FBXL19		3.8789492	
ARK2C		3.8776276	
COL23A1		3.8753874	
MRNIP		3.8740041	
LRRN4CL		3.8725154	
RPL39L		3.8718326	
KNTC1		3.8693826	
UGT1A6		3.8691244	
ANXA1		3.8682196	
GJB5		3.864862	
BACE1		3.8635366	
NRK		3.8634593	
SLC19A2		3.8631146	
GFOD2		3.861738	
ZNF875		3.861734	
PELI1		3.858886	
STYXL2		3.8584576	
PGM2		3.8580327	
GNAZ		3.85625	
ANKRD16		3.8554611	
MPHOSPH9		3.8554049	
COL27A1		3.852399	
LRIG3		3.851494	
BIRC2		3.8514907	
SETD5		3.8511026	
SRL		3.8490202	
TBC1D10A		3.8487763	
ARHGEF7		3.84654	
TRPC4		3.842698	
LAMA1		3.8397481	
PRMT9		3.8385217	
EPC1		3.8365545	
SLC18B1		3.835726	
DDX17		3.83488	
SLC7A5		3.833994	
CDRT4		3.8337898	
NOVA1		3.8240056	
ANKIB1		3.8215032	
HHLA2		3.81864	
FRRS1L		3.8157835	
GRIK2		3.8112519	
MIXL1		3.8096921	
FDCSP		3.8088944	
BEND5		3.8049161	
ANKRD55		3.8028977	
FKBP9		3.8022292	
RFTN2		3.8002746	
DOCK10		3.7991643	
ANKMY2		3.7951672	
IFT27		3.7935185	
CPEB3		3.791522	
PDGFRB		3.7907424	
INTU		3.7899437	
CCDC8		3.7898278	
EIF4A2		3.7893662	
RORA		3.7891474	
WDR70		3.788959	
ALG13		3.788678	
MCC		3.7865956	
KATNAL1		3.7836413	
ZNF527		3.7832694	
SLC52A1		3.7830513	
EIF4G2		3.777803	
NEK9		3.7765658	
GGH		3.7749798	
B3GNTL1		3.7742708	
HFM1		3.770784	
PPP1R12A		3.7639675	
RCAN1		3.7636282	
EBF3		3.7609396	
SPTBN2		3.7604806	
PPP1R3G		3.7592232	
MCPH1		3.756989	
KIAA0586		3.751813	
C14orf180		3.7510662	
ZNF454		3.7496362	
UPK1B		3.7481048	
VSNL1		3.745812	
HSPB6		3.7419243	
CCR4		3.739125	
FAM20C		3.739122	
ZDHHC13		3.7382023	
LIPC		3.736072	
CENPF		3.733678	
USP6		3.732989	
SPIB		3.7302387	
MBOAT1		3.727046	
SERPINA5		3.7268834	
TMLHE		3.7248495	
WNT10B		3.7234113	
NEURL1B		3.7215972	
WASF1		3.7202857	
BPHL		3.7190702	
RBM20		3.7172773	
KIAA0753		3.7172022	
SLC4A11		3.7163966	
HCN4		3.714289	
IL1RL2		3.714032	
LSAMP		3.7116117	
MOK		3.7094784	
ESRRG		3.7093532	
YPEL2		3.7078474	
KIZ		3.704353	
CLASP1		3.70239	
ULK1		3.7020068	
SERPINB5		3.7019548	
DYNC2I1		3.7016087	
ZFP69B		3.7013063	
FAM180A		3.70109	
CD19		3.6992774	
DEPDC7		3.6971629	
C5orf15		3.6960938	
HS6ST3		3.6954172	
ALKAL1		3.6949036	
MDFI		3.6947784	
RBM4		3.6937366	
TSPAN8		3.6922991	
MIB1		3.6912742	
AIF1L		3.6905565	
FST		3.689385	
LZTS1		3.6883492	
CYP24A1		3.6878197	
EEIG2		3.683867	
PCP4		3.6821733	
LMOD1		3.6819124	
MLXIP		3.67534	
STUM		3.6713724	
GPR173		3.6713724	
SEC61A2		3.668337	
BBX		3.6668851	
NFIA		3.6653957	
WDR82		3.6618004	
PLD4		3.6591783	
TVP23C		3.6589565	
KLHL41		3.6585658	
FOLR2		3.6547544	
FGF7		3.6532164	
UHRF2		3.6497934	
ZCCHC7		3.6482403	
PLD2		3.640921	
GLB1L		3.6382928	
ADSS1		3.6377056	
CEP57L1		3.63589	
BEGAIN		3.6329353	
GOLGA2		3.631607	
RRBP1		3.6306908	
ZC3HAV1L		3.629455	
ICMT		3.6287134	
FAM229B		3.6275418	
CCAR1		3.6273434	
TNRC6B		3.626856	
COL4A1		3.62573	
VANGL1		3.6251347	
PLCB1		3.622311	
HMGB3		3.622248	
DYNC1I1		3.621181	
RNF122		3.6204147	
RPS27L		3.6146612	
RIC1		3.6114554	
PBX1		3.6102285	
EREG		3.6053753	
ZSCAN4		3.605031	
PLA2G4A		3.6046157	
TYMS		3.603837	
EBF4		3.6004214	
CCDC146		3.5965633	
CYP39A1		3.5924182	
ARHGEF33		3.5920482	
PRKDC		3.5909657	
AK4		3.5901525	
RNF180		3.5898027	
ECRG4		3.5860972	
NIBAN1		3.5848477	
EBLN2		3.5845406	
CYTH3		3.5820184	
TMEM67		3.5798519	
VSTM2L		3.578738	
U2AF1		3.574007	
PCDHGA10		3.57247	
GABARAPL2		3.5717056	
SORBS1		3.5697114	
PRSS23		3.5695882	
TEX9		3.5685644	
ENSG00000243444		3.5678992	
CDC37L1		3.5665255	
CSRNP2		3.5652847	
SFPQ		3.5641654	
PDK1		3.5636518	
WDR49		3.5625474	
UBR1		3.5622432	
XPC		3.5615573	
ZNF892		3.5601032	
CLU		3.5596828	
HABP4		3.5591958	
ASXL3		3.5591059	
DYNC2LI1		3.557355	
XBP1		3.5496614	
IFITM1		3.5438097	
DTWD1		3.540215	
PRKACB		3.5380297	
MGAT5		3.5349092	
UAP1		3.532555	
SLC6A6		3.5275614	
SFXN3		3.526764	
CILP		3.5264518	
PRPS1		3.526327	
MYCBPAP		3.5251813	
RARRES1		3.5231826	
PDIA2		3.5161617	
UNC13A		3.5129495	
CFAP20DC		3.5121212	
MRO		3.5076387	
P4HA2		3.506634	
CD200		3.5054936	
RHBDL1		3.5035214	
PLD1		3.497484	
EBF1		3.4956484	
OXER1		3.4949546	
TRIL		3.4941933	
H1-3		3.4933765	
LMLN		3.4924057	
LGR4		3.4917114	
ACKR3		3.4916742	
SEL1L3		3.4902446	
ITPKC		3.4893105	
TXLNB		3.4862695	
ODF2		3.4859476	
CCR10		3.485526	
LY6G5B		3.4850688	
FAM114A1		3.4824471	
PPAT		3.479954	
EMSY		3.4775958	
LYPD1		3.4770923	
SERPINB13		3.4756567	
RBM12		3.4735122	
RUFY2		3.4725065	
CCDC180		3.4712331	
CPA3		3.4686224	
RCOR2		3.46748	
CFAP96		3.4662464	
ENSG00000275063		3.465846	
SNAPC1		3.4639413	
CNNM2		3.4622889	
CCDC66		3.4621234	
PTPRZ1		3.4602592	
SCN2A		3.458248	
NEXN		3.4581954	
VIPR2		3.4576848	
CYB5D1		3.4575682	
FOXO6		3.4537065	
STT3B		3.4534566	
RIMBP2		3.4513278	
ZKSCAN1		3.4511745	
SLC35F1		3.4495916	
BRSK2		3.4486828	
TTC23		3.4464107	
EPHA10		3.4421558	
TAS1R3		3.4408052	
FAM227A		3.440281	
ATRX		3.439883	
ZNF853		3.4344094	
RNF4		3.4311345	
SIX2		3.430864	
CCDC191		3.429245	
RFX2		3.428131	
NSD3		3.4267836	
INPP4A		3.4247503	
NBPF3		3.4243703	
KY		3.4243612	
GABRD		3.4237382	
DMWD		3.4218047	
B3GALT5		3.4214249	
FAIM2		3.4168642	
OSBPL7		3.416768	
TMEM200B		3.416042	
DNAJC27		3.412964	
B3GNT5		3.4121916	
SATB2		3.4112551	
LINC02693		3.4112444	
KLHL14		3.4074845	
DDX27		3.404579	
ABCD2		3.4030187	
ZNF496		3.4019759	
CHEK2		3.3977783	
UBTD2		3.3972402	
ZFP36L1		3.3966544	
SPNS3		3.3961802	
MAPK8IP1		3.3913257	
NIPAL4		3.3900332	
DIXDC1		3.3888125	
SOX4		3.3883946	
LPAR1		3.385263	
ABHD12B		3.3810349	
MAPK8IP3		3.3805876	
ARSJ		3.3801079	
WDR27		3.3796334	
MAP2K6		3.3763397	
TRPM3		3.3688989	
DACT1		3.3648896	
RASAL1		3.3648555	
ARID1B		3.3645954	
JUNB		3.3625107	
NAB1		3.3605225	
MCHR1		3.3587277	
MARCHF4		3.358553	
UBE2Z		3.357368	
RNF217		3.3573275	
PLEKHH3		3.3568287	
IVL		3.3566995	
CIP2A		3.3562393	
OXTR		3.3547494	
ANGPTL4		3.3539338	
SCNN1D		3.3524847	
AEBP2		3.3519616	
UBXN4		3.3515375	
PYROXD2		3.3509555	
HECTD4		3.3496861	
FBXO42		3.3471613	
UBN2		3.344055	
IFI16		3.3419178	
CLDN16		3.3395634	
EXT1		3.338755	
KCNT1		3.3365722	
CDK13		3.332822	
RFX7		3.3327992	
SYTL1		3.33058	
SERHL2		3.3298056	
DTHD1		3.3292885	
KCNF1		3.3291197	
ECD		3.3287055	
PARPBP		3.3284976	
SWAP70		3.3282902	
SETD7		3.3264863	
LARGE1		3.32388	
ZDHHC1		3.322936	
IL5RA		3.3225625	
TMEM70		3.322331	
SUN1		3.3213167	
RASL10A		3.3209782	
SOS1		3.3205562	
TTC14		3.320507	
BBS2		3.319434	
GPATCH2		3.3187346	
DONSON		3.3182743	
DYM		3.3177843	
RGPD2		3.3173578	
PTPN9		3.3157556	
ZBTB10		3.3150206	
ENSG00000268279		3.313136	
ABCB9		3.311743	
TMEM217		3.3110142	
PCDHB13		3.310955	
TTLL11		3.3106184	
TERF1		3.3100777	
ADGRG1		3.308258	
IRS1		3.3080297	
WDR90		3.3054972	
ALMS1		3.3031561	
DPH1		3.3026319	
DNMBP		3.2999597	
EFHC1		3.2986095	
DDX47		3.2983823	
SLC38A4		3.2978706	
OXCT1		3.2971652	
NSUN6		3.2889013	
IL1R1		3.28633	
PSRC1		3.2862022	
NALF2		3.2856662	
AR		3.2847786	
TMEM231		3.2838695	
ARHGAP1		3.2832894	
APPL2		3.282688	
ZSCAN23		3.2825222	
ZNG1C		3.2807357	
SLC25A14		3.2804384	
PRRC2A		3.2802258	
UBR5		3.2800467	
VWA1		3.278857	
PCDHB6		3.2780008	
NUP42		3.278	
TP63		3.2741547	
HYPK		3.268122	
ARHGAP39		3.2640507	
DIP2A		3.2629793	
CD276		3.2605672	
IFT74		3.258666	
CCDC138		3.25753	
ANKRD18B		3.2570174	
CDH11		3.2559958	
RYK		3.248399	
CHD6		3.2477589	
RERGL		3.2467353	
TM4SF18		3.245329	
BCL11A		3.2451994	
CHRDL1		3.2423944	
CEP192		3.2411516	
MAN1A1		3.2391326	
TOGARAM2		3.2387176	
COPZ2		3.2369132	
DNAJA4		3.2368531	
ARFGAP3		3.2363818	
FAS		3.2353191	
HES4		3.2331014	
TFDP2		3.230552	
CENPL		3.228465	
RTL3		3.2272623	
PTGES3L		3.2261183	
DIABLO		3.2241848	
CTPS2		3.2238724	
NME7		3.222692	
IPCEF1		3.2192726	
ATL1		3.2172868	
PRRT1		3.2135818	
ERICH5		3.2127266	
ADSS2		3.209298	
CASQ2		3.208717	
PCDHB4		3.2041402	
KIF2A		3.2034597	
ZFHX4		3.2001615	
SPIN1		3.2000911	
NAV1		3.199522	
CCSER1		3.1993873	
DDX3X		3.1976738	
SNTG2		3.1972904	
CEP89		3.1960847	
CNIH1		3.19267	
ADAMTS5		3.1926088	
MELTF		3.1924145	
SCN11A		3.1923885	
NFIL3		3.1919525	
RGS11		3.1909974	
EOLA2		3.1899765	
MORF4L2		3.189477	
ABCA4		3.1873994	
RSRC2		3.1872225	
TRIM46		3.1864004	
ITK		3.1857097	
MCM4		3.1855087	
SPAG16		3.1832075	
AKT2		3.1825287	
TBC1D8B		3.1814775	
SLC12A7		3.1811013	
IQUB		3.1802678	
EPHA4		3.179913	
SANBR		3.1789377	
CARD11		3.1785185	
ZMYM2		3.1777017	
REEP1		3.1774824	
CR2		3.1770937	
ADAM11		3.176881	
SLC66A3		3.1762288	
FAIM		3.1761038	
F5		3.1716468	
SSR4		3.1714387	
FAM83A		3.1712766	
PPIL4		3.1707785	
PMFBP1		3.1706345	
CGREF1		3.169014	
ZNF460		3.16802	
GPC6		3.1671643	
ERO1B		3.1664693	
NRXN3		3.1656268	
STRADA		3.1654663	
SLC25A27		3.1644704	
FOXO1		3.163406	
DNAJB6		3.162271	
DIDO1		3.1596801	
PLCL1		3.1589081	
ARID5A		3.1557605	
NAALAD2		3.1549015	
MSTN		3.1547961	
OLFML3		3.154605	
RCN2		3.1540194	
FRMPD3		3.1527405	
GDAP1		3.1521497	
PTEN		3.1487372	
FAM124A		3.1474514	
CCL24		3.1444612	
CCNL1		3.142849	
TNFRSF25		3.132218	
TMEM200A		3.1320095	
USP48		3.1318033	
NRIP3		3.12858	
IGFBPL1		3.1277268	
RYR2		3.1270797	
ADPRHL1		3.1262488	
DCAF17		3.1256824	
GLI3		3.125673	
EXT2		3.1255913	
RHBDL3		3.124733	
PTGIS		3.1245365	
INHBB		3.1213121	
ZC4H2		3.1206677	
MAP4K4		3.1157298	
BBOF1		3.1150563	
KLHL23		3.1133883	
ITGA8		3.1119864	
PPP1R15B		3.111457	
PLEKHA5		3.110101	
PLPPR3		3.1053743	
ZNF385A		3.1043556	
PCDHB11		3.1027412	
KDM6B		3.101773	
MMP10		3.099409	
RECQL		3.0985527	
HELLS		3.097763	
IDS		3.0963793	
KCTD20		3.0938334	
P4HA1		3.0936735	
RIMKLB		3.0930445	
TSC22D2		3.0919824	
LRP2BP		3.0894856	
GLIPR1L2		3.0879614	
VWA8		3.0879364	
KSR1		3.08686	
INTS6		3.0864007	
PLEC		3.086329	
MS4A1		3.0858402	
GSTM2		3.0842304	
ZNF586		3.0827763	
PLP1		3.0823023	
SCN1B		3.0811052	
ATP10B		3.080691	
HDAC8		3.0795884	
FAM216A		3.0792165	
SCCPDH		3.0762792	
PPHLN1		3.0742052	
CTXN1		3.0736952	
NBPF1		3.0713289	
CD4		3.0699859	
OTUD3		3.0671327	
CH25H		3.0623987	
PTGER2		3.061872	
ELK1		3.0617712	
SYNC		3.061192	
DIP2C-AS1		3.0607872	
ZNF880		3.05848	
SPICE1		3.0575898	
TSHZ1		3.0573452	
SBK3		3.056947	
KLRG1		3.056402	
FBXL13		3.054483	
LHX6		3.0537815	
TUBA1A		3.0528827	
MON2		3.0525928	
AP3S1		3.052379	
AGO3		3.05184	
PLA2G6		3.0513844	
PHC1		3.050735	
LGALS2		3.0501714	
EMID1		3.0497954	
FAM182B		3.0482242	
DEPTOR		3.0464044	
MYCBP2		3.0455751	
EXTL3		3.0450747	
CYSLTR2		3.042527	
UGCG		3.0408428	
GDF15		3.0406344	
CD207		3.040101	
USP28		3.0400183	
FER1L6		3.0393927	
TMEM38B		3.0391536	
PDE5A		3.0386887	
PIAS3		3.03695	
USP46		3.0287888	
UBC		3.0265262	
RNASEH2B		3.0262544	
SLC39A14		3.0257719	
CYSLTR1		3.0248427	
PGM3		3.0244083	
ANO3		3.0237474	
JHY		3.0234122	
CHID1		3.02215	
RBP5		3.0212617	
CCN2		3.0212154	
TUBB2A		3.0207245	
NFE2L2		3.0203164	
ITPR1		3.0200055	
BMP4		3.0179856	
TFPI2		3.0166588	
ELF1		3.0142472	
MEF2C		3.0096476	
YPEL5		3.0096452	
BZW1		3.0091622	
DCHS2		3.009162	
RNMT		3.0086827	
FBXO36		3.007896	
PLPP2		3.0071304	
LCA5		3.005746	
LAG3		3.005612	
USP35		3.0052726	
SGSM2		3.0048542	
MAMSTR		3.0035734	
ZFAND5		3.003567	
PCDHA10		3.0026135	
ADAM19		3.0022013	
HSP90B1		3.001251	
SARAF		2.9998968	
CCDC74A		2.996707	
SOX15		2.9949944	
HSH2D		2.9949298	
SVIL		2.9948845	
GNE		2.9945743	
ENSG00000256029		2.9943914	
PNMA3		2.9937088	
RAB33A		2.992564	
HS3ST2		2.9908736	
RHOD		2.9881692	
CD248		2.9866557	
WT1		2.9857438	
TRMT61B		2.985596	
TSPOAP1		2.9846957	
DCST2		2.9839342	
SLC12A4		2.9831793	
MNS1		2.9829915	
MSH3		2.98091	
TRA2B		2.9793959	
RFX3		2.9790242	
TMEM263		2.9778934	
ZNF536		2.977824	
BARX2		2.9756308	
LONRF1		2.9735093	
ZNF891		2.9729683	
CLUAP1		2.9726343	
CARNS1		2.970408	
ST3GAL4		2.9693878	
SNX33		2.9687452	
GALM		2.9686666	
CEP41		2.9672508	
FAM3C		2.965933	
PCOLCE		2.9650834	
PHF19		2.9645739	
PPP1R2		2.9638696	
SERPINB4		2.961797	
IQCB1		2.9600875	
DIMT1		2.9569018	
DNAL1		2.9565978	
FSIP1		2.9560692	
ANKRD35		2.9560003	
TBCCD1		2.9559872	
VPREB3		2.953593	
CNTNAP3		2.9514499	
VTCN1		2.9499948	
FHL5		2.9492314	
MEGF8		2.947742	
NELL1		2.9442756	
MAP6		2.9410958	
SF3B1		2.9400387	
CASP3		2.939705	
WNK2		2.9365468	
TTC27		2.9346335	
LTB4R2		2.9323947	
GSDMC		2.9322205	
YWHAZ		2.931456	
ACY3		2.9312549	
PPP2R1B		2.9309442	
PRSS53		2.9305577	
C2CD3		2.9300935	
MFGE8		2.9283469	
PGR		2.9274595	
ZNF417		2.9255702	
SLAMF7		2.9249642	
COL8A2		2.9247112	
ATR		2.9246492	
GBP6		2.9243813	
RND3		2.9222507	
HBA2		2.9217007	
MSH6		2.9214842	
SLC2A4		2.9179056	
XPNPEP2		2.914846	
WNK3		2.914833	
CTSG		2.9140813	
PHF10		2.910503	
GRK3		2.9090936	
RHOBTB3		2.908115	
CDK14		2.9080646	
CEP95		2.9075153	
BCLAF1		2.907339	
KLHL3		2.9063272	
SESN1		2.9059806	
PDCD1		2.9047105	
COL11A2		2.904401	
MARCHF5		2.9035428	
GMDS		2.9016504	
ZNF135		2.8995512	
APBA1		2.8924868	
ARID4B		2.892319	
FAM227B		2.8922517	
MT2A		2.8892293	
SOX9		2.8888075	
SLC27A2		2.8873444	
TTF2		2.8872714	
KLF10		2.886974	
DMTF1		2.8861866	
CLCA2		2.8849232	
ZBTB20		2.8807504	
EAF2		2.8802617	
FBN2		2.8802361	
CSMD1		2.878894	
C1QTNF6		2.8782718	
GSTA1		2.8779833	
MERTK		2.8777099	
TSPYL2		2.8761609	
PBK		2.8751447	
TRIM6		2.8729818	
KLK13		2.8721578	
MAP3K2		2.8720365	
PAX5		2.8717551	
SPOCK3		2.8706272	
MTX3		2.8703651	
B3GNT3		2.8695188	
SLC16A1		2.8691185	
ACTC1		2.8685863	
CDC5L		2.8662515	
DQX1		2.8657012	
MORN3		2.8653312	
HDGFL3		2.8642874	
EYA4		2.862746	
DIS3L2		2.8626504	
ORAI2		2.862327	
ACACB		2.8617983	
ZNF699		2.8609989	
RAB26		2.859824	
TEX10		2.8546345	
GPR75		2.851994	
ZNF519		2.8513696	
XRCC5		2.8509307	
IQCG		2.8499353	
ZNF462		2.8444006	
PXDN		2.8431084	
NTRK2		2.8429806	
SCHIP1		2.8422594	
LCLAT1		2.841472	
TNS4		2.8413224	
FNDC5		2.83678	
ERC2		2.8350554	
NELL2		2.8340335	
TPM4		2.8308153	
SCARA5		2.8284328	
TRIM36		2.8269308	
SORCS2		2.8256545	
PLXNA3		2.8254175	
CPEB1		2.8222258	
JAKMIP3		2.822225	
ZNF749		2.8212817	
ATP2B4		2.8167698	
ATP7B		2.8156233	
CD163L1		2.8149147	
MB		2.813995	
EEF1A1		2.8137114	
KLHL6		2.8129847	
THBS1		2.812101	
TFF3		2.8120403	
SIRPG		2.8106441	
HOXB3		2.8106382	
GALNT9		2.8105812	
SRGN		2.8088124	
CHORDC1		2.8083987	
AQP7		2.8055868	
CD1A		2.8037345	
GRIP1		2.8034177	
ARF4		2.802531	
ASXL2		2.800725	
ENSG00000255508		2.8001318	
ZNF280C		2.798674	
PICALM		2.7982018	
STAC2		2.7978048	
RDH5		2.7911348	
NAPB		2.790597	
OSBPL6		2.7900496	
EFCAB7		2.789551	
SLAMF1		2.789319	
PNRC1		2.7886984	
SPEF2		2.787446	
TAF2		2.78702	
STX16		2.7853527	
FRS2		2.7849317	
SIX1		2.782678	
MASP1		2.7826777	
ZNF532		2.7825608	
CCDC170		2.7785604	
SAMD8		2.7781487	
BAG2		2.7770548	
C4orf33		2.7744448	
DDX39B		2.7707253	
STK17B		2.7648604	
APCDD1		2.7646792	
CFAP210		2.7639248	
ZNF660		2.7626245	
NRP2		2.761756	
ANXA8		2.7613578	
ANKRD28		2.7612925	
FHIP2B		2.7612183	
AKR1B10		2.7600672	
PITPNB		2.7592301	
DDR2		2.7588162	
CCL2		2.7586	
CHRNA4		2.7560532	
SMG1		2.754927	
CAPS2		2.7547028	
SCML2		2.7537882	
IGSF9		2.7533302	
PRSS12		2.752736	
RASAL2		2.750025	
PRIMPOL		2.7491996	
EPC2		2.7484558	
NUFIP2		2.7467463	
DROSHA		2.7465167	
BTAF1		2.7446537	
HHATL		2.7445397	
ABLIM2		2.743874	
RELN		2.7433875	
ENO4		2.7431505	
EMILIN1		2.7416372	
ADAMTSL2		2.7407176	
ANK1		2.7400668	
KIF4A		2.738507	
KRT15		2.7378688	
CLIC6		2.735992	
ARHGAP10		2.7343702	
STAU2		2.733282	
BCL11B		2.730903	
INPP5E		2.7297578	
CCDC91		2.7282221	
CHP2		2.7275958	
CLCNKA		2.7245002	
NALCN		2.7233262	
CYP2E1		2.7204962	
SYNM		2.7184615	
SFI1		2.7164278	
ZCCHC14		2.7152424	
APOBEC3B		2.7149208	
TNFAIP8L3		2.7143986	
SFRP1		2.7126126	
RNF215		2.7125375	
MT1F		2.7083888	
NYNRIN		2.708145	
GDF6		2.706123	
ZC3H12D		2.7059064	
SAMD4B		2.7013614	
EID1		2.6981323	
TINAGL1		2.697316	
HRK		2.6963286	
RND2		2.6950653	
CCL19		2.694568	
AFF1		2.6938167	
GRHL1		2.6935427	
LMAN1		2.6930323	
AK3		2.6917155	
ZSWIM8		2.6907988	
PRRX2		2.688984	
ATAD2B		2.6865232	
SVOPL		2.6860464	
LRRN2		2.6858747	
RILPL1		2.6851923	
DDB1		2.685175	
ZNF273		2.683944	
CCDC34		2.6832948	
POF1B		2.6830552	
TRPM6		2.6823378	
GSDMA		2.6809607	
PPT2		2.6807275	
RPL17		2.6793857	
LPGAT1		2.6779683	
RAB4A		2.677439	
HNF4G		2.677261	
SLITRK6		2.6772442	
FPGT-TNNI3K		2.6766875	
CNTNAP3B		2.676384	
SEPTIN11		2.6761875	
FAM83F		2.67127	
NNMT		2.6708386	
ANKFN1		2.6699865	
CYP2C9		2.6680229	
FOSL1		2.6672933	
RUVBL1		2.6670654	
DDX50		2.666413	
ZDHHC11		2.665358	
SYNE2		2.6644442	
BIN3		2.6630042	
PCDHB8		2.6620502	
REV3L		2.6618462	
NIBAN3		2.6610851	
RNF216		2.660778	
SEC14L3		2.660212	
NPHP1		2.658513	
FGL2		2.6582732	
PABPC4		2.6581597	
SLC8A1		2.6580284	
B4GALT2		2.6579304	
ZNHIT6		2.6556518	
C6		2.6555836	
SNTB2		2.654361	
GNG2		2.6535459	
MIR1915HG		2.6494193	
NMT2		2.6492574	
DNAJB4		2.6483102	
CRTC3		2.6481376	
ASTN1		2.646002	
NRBP1		2.6416657	
SINHCAF		2.641499	
PMS1		2.640393	
HS2ST1		2.638798	
CRTC1		2.636376	
ST7L		2.6361105	
FGF13		2.635938	
TTC39B		2.635458	
PLVAP		2.6350996	
F12		2.6341603	
ADGRG5		2.6334605	
TGIF1		2.6283138	
IFT56		2.6273854	
SRSF6		2.6268625	
CCDC90B		2.6248407	
HAS1		2.6244469	
ATG9B		2.6242619	
SENP7		2.6240396	
TBX18		2.6234598	
GCSAM		2.62243	
CAMK4		2.6220646	
ANGPTL6		2.6218421	
JMJD1C		2.6201944	
ARHGAP33		2.6189046	
DSP		2.6185622	
AFG1L		2.617033	
CXCL8		2.614928	
SMARCE1		2.6137002	
EIF3L		2.6122646	
RAB30		2.6112835	
TRIP13		2.6092162	
HIBADH		2.6088367	
NOCT		2.6083224	
PTPN14		2.6076179	
CRADD		2.6069791	
SMC5		2.6055791	
IQCH		2.6047006	
TRIM47		2.6039157	
SPATA7		2.6028643	
E2F7		2.6017408	
NOX4		2.5997553	
NCK2		2.5983887	
RHBDD1		2.5983756	
JAG2		2.5979512	
LIF		2.592495	
IQSEC1		2.5922487	
SAXO4		2.5921214	
FAM161A		2.5892873	
KRT1		2.5872076	
TRIM63		2.5851877	
PGAP1		2.5837197	
STK36		2.5833697	
DNAAF11		2.581776	
FHIP1B		2.5811522	
GABRP		2.5806923	
RCN3		2.5795267	
FOXI2		2.576108	
NIPAL1		2.5758016	
ITGB7		2.5752776	
GPATCH8		2.5748003	
CCDC102A		2.572701	
MDM2		2.5726347	
LRRC43		2.5723634	
TEKT3		2.5722733	
HMGN1		2.5713894	
DNAH6		2.5706618	
PLAU		2.5697503	
STIM2		2.569117	
TBX15		2.568898	
H2AC25		2.5680122	
SNX7		2.5659776	
BAG3		2.56573	
USP45		2.5656283	
KCND2		2.5648408	
IQSEC2		2.5624602	
SELP		2.562133	
SCAF8		2.559944	
KLF6		2.5598207	
CLNS1A		2.5584273	
DPY19L2		2.5573096	
SRPK3		2.555353	
JADE1		2.5540514	
TRAF1		2.551565	
MT1A		2.5509179	
MYL9		2.550602	
C1QTNF7		2.5500972	
VNN3P		2.5488782	
FAT2		2.547894	
PLEK2		2.5476806	
QTRT1		2.5455542	
CXCL6		2.5432477	
CHIT1		2.5430045	
ZNF474		2.5420613	
ADRA2A		2.5418227	
ATF7IP2		2.5417073	
UNC5A		2.5405471	
NFAT5		2.5396712	
DENND2A		2.5394135	
CCNT1		2.5372798	
DYNC2H1		2.5368407	
MATR3		2.5362244	
SEMA4C		2.535585	
SEPTIN9		2.534863	
ATM		2.534287	
PLEKHG7		2.534044	
UNC79		2.5335817	
CAMK1G		2.5331986	
KIF19		2.530927	
LARP6		2.528191	
ABCA8		2.5279324	
DSC3		2.5260854	
ZNF83		2.5255194	
EIF2AK4		2.5225346	
SNAI1		2.5219855	
MEF2D		2.521906	
C2orf76		2.5194817	
MAP3K12		2.5192964	
ARL1		2.5186086	
PAX9		2.517407	
URI1		2.5172815	
MCIDAS		2.5171232	
SLC17A9		2.5166326	
FSD1L		2.5139308	
WHR1		2.5122159	
SRRM1		2.5118356	
LMNTD1		2.5110362	
KIF3A		2.5087907	
S100A2		2.5055525	
AGPAT5		2.5055406	
PDLIM1		2.5045767	
ESR1		2.5019593	
OMG		2.5006688	
VWA7		2.499786	
GOLGA6L10		2.4996243	
ZNF84		2.4992406	
PIP5K1C		2.4983618	
HCAR1		2.4970875	
PLK3		2.4962108	
CHN1		2.4957974	
IMMP2L		2.494049	
TG		2.4933207	
CETN2		2.4928546	
GAD1		2.4920416	
CKMT2		2.4915242	
HIBCH		2.4898505	
C2CD2		2.4897304	
FAM53C		2.48874	
PKIB		2.4886272	
ERCC1		2.4882162	
ATP9A		2.4872863	
RBKS		2.4865284	
ZNF121		2.48553	
SCN8A		2.4845538	
JOSD1		2.4844809	
FZD3		2.479774	
CFAP300		2.4797096	
ANKMY1		2.4776018	
SLC44A5		2.4770713	
CNTN4		2.476356	
USP18		2.47366	
TULP3		2.471157	
HDX		2.4683175	
DNALI1		2.4682393	
RAB36		2.4666028	
DAAM2		2.4653945	
PTGER3		2.4649382	
ATP8B4		2.4629636	
ATP6V1G2		2.4615936	
SLC52A3		2.4608114	
PIGZ		2.460457	
HYCC1		2.4595575	
SCN4B		2.4592273	
PNCK		2.4584193	
CCDC81		2.458379	
FANK1		2.4580631	
SLC5A5		2.4577997	
BBIP1		2.4564223	
PROM2		2.4542983	
EIF2AK3		2.452964	
ITGA5		2.4528072	
NLRP1		2.452799	
SMARCC1		2.4527867	
TMED10		2.4511707	
NGRN		2.4498212	
MYSM1		2.4493165	
SCN4A		2.4465017	
SEC63		2.4449081	
SAT1		2.444182	
INO80B		2.4439473	
GMNN		2.4435148	
CYP4X1		2.4433084	
STK32A		2.4421737	
EIF3E		2.4419992	
NOC3L		2.4419806	
ALDH3A1		2.4417298	
AGRN		2.4412735	
PLA2G2A		2.4408503	
FKBP5		2.4397218	
DCUN1D4		2.438853	
HGSNAT		2.4346511	
VILL		2.4333718	
ACTN2		2.432913	
CFAP58		2.4315326	
G3BP2		2.431086	
DCAF16		2.4278996	
TMPRSS4		2.4244046	
AKNA		2.4220076	
CCL7		2.421631	
PCDHB3		2.4197145	
HAT1		2.4192364	
STXBP4		2.4184642	
FYCO1		2.4164693	
METRN		2.41623	
MMP1		2.4153826	
RSPH10B2		2.41494	
MBD5		2.4146817	
CSNK1E		2.4140956	
GRK4		2.4138598	
RIBC2		2.413828	
TSNAXIP1		2.4137077	
RWDD2A		2.413359	
HSP90AA1		2.4129562	
PRMT8		2.41258	
GADD45B		2.4119103	
SLC1A3		2.411619	
ALOX15		2.4091892	
MAGED2		2.4081507	
CFAP418		2.4076855	
STX1B		2.4062035	
PCDHGA5		2.4057317	
VSIG1		2.405593	
DNAJB13		2.405119	
DCAF5		2.4047518	
NYAP1		2.4046507	
SMYD3		2.4045584	
HBA1		2.4034684	
ACBD3		2.4017024	
PCDHB15		2.4014516	
KLHL15		2.4014308	
KCNQ5		2.3999932	
CXCR5		2.3998697	
DNAI4		2.3995416	
RAB11FIP5		2.398921	
ERCC8		2.3985286	
GPBP1		2.3971467	
L3MBTL1		2.3964589	
BTC		2.3964467	
PAQR3		2.3963983	
CCDC74B		2.3961284	
PLA2G5		2.3951676	
MAMDC2		2.3937025	
FBF1		2.3932254	
TAF5L		2.3918824	
PCDHGB2		2.3905656	
TNFAIP6		2.3900177	
ZNF286A		2.3875072	
CIMAP1B		2.386488	
SELE		2.386459	
RBP1		2.3853526	
SMAP2		2.3853202	
HNRNPH1		2.3832178	
FBXO22		2.3829799	
CDHR3		2.3819182	
DNAAF1		2.379403	
IFT172		2.3791122	
GNA12		2.3781219	
IFTAP		2.3752565	
MOSMO		2.372814	
MYL6B		2.3725476	
ENSG00000124593		2.3725371	
SLIT1		2.369717	
ANKRD42		2.3675008	
CMIP		2.365171	
PPP4R3A		2.3632514	
TOMM34		2.3630252	
SLC35F2		2.3618982	
NCAPH		2.3604567	
CD5		2.3603806	
PEX1		2.3591926	
CATSPERE		2.3590848	
CD1C		2.357231	
TRPV4		2.3566256	
SLC25A32		2.356253	
SETMAR		2.355302	
STK35		2.3552072	
IL10		2.354631	
TOB2		2.3538313	
CDR2		2.3537662	
MGAT4C		2.3516912	
SLC16A14		2.350746	
NOPCHAP1		2.3507357	
NTRK3		2.3476212	
EYA1		2.346912	
ZDBF2		2.346525	
CSRP2		2.3458414	
PIGL		2.3456357	
UBE2E3		2.3454285	
PPTC7		2.3454006	
STYK1		2.3448691	
CROCC2		2.34336	
CCDC160		2.3423085	
NME5		2.341843	
KCNJ16		2.339769	
CFAP263		2.3397017	
CD84		2.3384929	
DNAH7		2.3384886	
WNK4		2.337591	
ATP12A		2.3372688	
ODR4		2.3371658	
CTTNBP2NL		2.3368752	
ATF7IP		2.3361766	
CDON		2.3356037	
IL7		2.3352928	
TTC16		2.3349075	
TACC1		2.3342931	
ADAM9		2.3336706	
PROS1		2.3333054	
MFSD14CP		2.3312979	
AHI1		2.330424	
C7orf57		2.3288941	
SCLT1		2.3287778	
TP73		2.328461	
MED12L		2.32823	
PITPNC1		2.3248801	
RPL36A		2.3244133	
BBOX1		2.3235238	
MARCKSL1		2.3225164	
ZWILCH		2.3190057	
INTS10		2.3180299	
PACS1		2.3165433	
ADAMTS2		2.3145022	
DEUP1		2.3144214	
AGAP9		2.3120837	
PUS7L		2.3115728	
PITX1		2.3095977	
RALGDS		2.3092868	
S100B		2.308084	
DGKH		2.3071618	
MYO1D		2.306256	
SCPEP1		2.3057942	
SPACA9		2.3053668	
NASP		2.3050365	
CHIC1		2.3043792	
RNF125		2.3028545	
CCL14		2.301954	
VMAC		2.3000338	
CNR2		2.2988365	
MCMDC2		2.2985568	
CNTRL		2.2899833	
GABBR1		2.289278	
NFIX		2.2885082	
EGLN1		2.287586	
ARL14EP		2.287473	
CDK15		2.2862868	
P3H1		2.2833848	
SEC24B		2.2833402	
TTLL9		2.2815144	
FLNB		2.280945	
KIF6		2.2798524	
PATL2		2.2786036	
CYP2A13		2.275001	
RIC8B		2.2729778	
ASPM		2.272025	
CLHC1		2.2719498	
DUSP10		2.270974	
FRK		2.2683454	
ERRFI1		2.2682836	
CNIH2		2.2670677	
MAP7D2		2.26653	
CCL18		2.2663176	
BHLHA15		2.264351	
ZFYVE27		2.2632477	
SERPINB2		2.261835	
NOP2		2.2613187	
ZNF831		2.2597544	
APOBEC3C		2.2594028	
RPL4		2.2586834	
BTLA		2.2583714	
NAP1L4		2.257213	
PRP4K		2.2563727	
ZFHX2		2.2562926	
ELFN1		2.256188	
CTTNBP2		2.2560103	
POLR2A		2.2533932	
ADAMTS17		2.2520163	
NCKAP5L		2.2496872	
MIA3		2.249436	
GCKR		2.2442605	
DNAI3		2.2435224	
RAET1E		2.2433193	
CLCC1		2.243009	
HEYL		2.2400694	
C1orf141		2.2399883	
CREB3L4		2.2379625	
SGPL1		2.2368088	
RABL2A		2.235236	
GLIS3		2.2349124	
RPAP3		2.2344174	
WDFY1		2.2341297	
GABBR2		2.2340255	
NHLRC4		2.2328823	
MIPOL1		2.2327223	
THBD		2.2315252	
ATP13A3		2.2302153	
EML2-AS1		2.2299328	
HSD11B2		2.2299116	
FHL1		2.2278354	
PPOX		2.2277408	
RHOV		2.22593	
RCBTB2		2.2254214	
CDHR1		2.2244754	
IQCK		2.221409	
COG1		2.220337	
SGK1		2.220049	
STXBP5		2.21977	
ST6GAL2		2.2194116	
CROCC		2.2188976	
DYDC1		2.2167115	
NRG4		2.2159998	
POLK		2.2157753	
SPATA17		2.2147028	
CIMIP5		2.2116923	
VPS37D		2.211293	
TRMT11		2.2107008	
DOC2B		2.2103717	
ATP11B		2.208803	
ZNF529		2.2080693	
CENPW		2.204227	
MMP23B		2.2040846	
LIG1		2.2016928	
C22orf23		2.2012873	
XPNPEP1		2.1992223	
MDH1B		2.1992145	
CPD		2.1989832	
EDN2		2.1987023	
AKR7A2		2.198403	
KRT6A		2.1979148	
PCDHB16		2.1977797	
SOCS3		2.1967487	
ANKRD37		2.194506	
SEPTIN7		2.1922808	
TRMT9B		2.1919525	
ENSG00000280071		2.1912923	
NPHP4		2.189821	
PCK1		2.1893914	
NDC80		2.1893256	
EDARADD		2.1881416	
RARS2		2.187379	
CCDC13		2.1851468	
PLXNB1		2.183696	
CCN3		2.1831954	
PHF20		2.182882	
PIK3R3		2.181904	
NEK10		2.1791854	
CCL5		2.1780808	
CYP2A6		2.1750703	
HAGHL		2.1722941	
MEAK7		2.1713016	
PRDM2		2.1708894	
CD109		2.1706007	
THOC3		2.1703546	
COL4A2		2.169899	
MT1E		2.1693397	
CPAP		2.1685994	
PAWR		2.1641648	
CRIP2		2.1639762	
ARHGAP42		2.1588595	
SPTY2D1		2.1579711	
CBX1		2.1578653	
SLC18A2		2.1559849	
ZNF440		2.1551325	
CEP120		2.151015	
PPP1CC		2.1484203	
H2BC18		2.147737	
PAX8		2.1463	
CHD9		2.1450176	
DHX57		2.144948	
TMTC3		2.143662	
YME1L1		2.1423192	
NOTCH2		2.1416173	
PCYOX1L		2.1413455	
RAB34		2.1408343	
SMCHD1		2.1400092	
NAF1		2.1392512	
SUCLA2		2.1384604	
NBEAL1		2.1353598	
CRELD2		2.1344733	
MC1R		2.1333387	
ATPSCKMT		2.1332276	
CERKL		2.1330256	
SEMA6C		2.1326692	
CDK12		2.1323855	
CLSTN2		2.1320589	
BIK		2.1309261	
CCDC30		2.126306	
TIA1		2.1235151	
HES2		2.1207395	
SAFB2		2.120377	
NDN		2.1198537	
CLEC4F		2.119318	
NDRG3		2.117591	
PCDHGC5		2.116008	
CCDC181		2.11521	
ADAM33		2.1145537	
ADRA2C		2.1143484	
EFCAB6		2.1143174	
GFRA3		2.1138687	
CNTN1		2.1137998	
POGLUT1		2.1115584	
DPCD		2.111392	
BGN		2.1100388	
ZNF382		2.1092165	
CCR7		2.1084561	
PTGR1		2.1073315	
PLEKHA2		2.1070228	
B4GALNT4		2.106972	
PPARGC1A		2.1062028	
C19orf12		2.105609	
LRRC34		2.1035273	
MSC		2.1032841	
FOXN3		2.1024928	
HSPA8		2.1023884	
BMX		2.1011322	
C1GALT1C1		2.1009705	
TCF23		2.100864	
OXGR1		2.100595	
RAET1G		2.1001482	
CAPRIN2		2.0997634	
IKBIP		2.0991964	
DRC3		2.0977788	
TARBP1		2.0943727	
TTC21A		2.0927773	
SBSPON		2.0911064	
CAND1		2.0907552	
EPPIN		2.0892563	
SCARF2		2.0879867	
H2AC8		2.0863428	
POLR2B		2.084432	
GFPT2		2.0825183	
DLK2		2.0825033	
MORF4L1		2.0822804	
ZNF561		2.0822194	
SLC22A4		2.078595	
CCDC24		2.0769043	
CDKN3		2.0756166	
SLC2A1		2.075445	
RBFA		2.0738342	
RAB11FIP3		2.0733752	
GTPBP1		2.071915	
ADCY1		2.071075	
XDH		2.069597	
ZNF514		2.0692585	
MELK		2.069152	
SLC37A3		2.06837	
SOCS5		2.0680888	
ZNF808		2.0675352	
E2F8		2.0671866	
FANCM		2.064758	
ITFG1		2.0644703	
PROM1		2.0641522	
EFCAB10		2.0638561	
NPTN		2.0635526	
DMPK		2.0632114	
TMEM39A		2.0601137	
ZNF432		2.0600471	
CSRP1		2.0583956	
SEMA3A		2.0576851	
DHX15		2.0563667	
FBXO39		2.0558822	
TERF2IP		2.0558388	
ZC3H8		2.0548537	
FAM133B		2.0517578	
LHPP		2.0516675	
ESPNL		2.0516248	
CHST15		2.051612	
GPNMB		2.0513792	
POLG2		2.0513508	
LRRC10B		2.0496764	
MCM6		2.0488808	
LPAR6		2.0486743	
PRR15		2.047429	
FNDC3A		2.0473938	
ABLIM3		2.0471783	
DCHS1		2.046029	
MAP9		2.0457795	
C20orf96		2.04453	
PPFIBP2		2.0423443	
SP3		2.0412567	
TP53AIP1		2.0409777	
VPS13A		2.0408528	
DLG3		2.039402	
SLC35B4		2.0383267	
ZNF676		2.0379455	
NFYA		2.0370915	
MAD2L1		2.0355747	
SYT8		2.0355568	
NPIPA5		2.0349276	
ENSG00000159239		2.03465	
FCRL3		2.03407	
ALDH7A1		2.0305703	
STAMBPL1		2.0286105	
AMZ2		2.0284727	
BCAS1		2.0277832	
NEMF		2.0270405	
STK32B		2.0267868	
ARIH1		2.0267727	
VPS13C		2.0258696	
SRP14		2.0227249	
SIAH3		2.0223064	
ANO8		2.0220673	
IFT25		2.0212498	
DTX1		2.0208104	
TNKS		2.0187407	
RTEL1		2.0162315	
KLK14		2.0156813	
IDE		2.0107355	
CARF		2.0102603	
ABTB2		2.0100448	
L3HYPDH		2.0097613	
ASCC1		2.0087874	
SLC17A7		2.0071816	
NFIB		2.0063708	
RASSF6		2.0063536	
RHOJ		2.006115	
CD1B		2.006064	
CFAP46		2.0060441	
ELF2		2.0058978	
H2BC5		2.0047238	
GPRASP2		2.00467	
KIF27		2.0045938	
AOX1		2.0034502	
PHLDB1		2.0030198	
RAB39B		2.0018964	
ZNF738		2.001743	
DHX36		1.999992	
KDM5A		1.9988537	
KCTD7		1.9985576	
CAMSAP1		1.9981351	
MSI1		1.997402	
DHX9		1.9972175	
MYRIP		1.9964955	
PTAR1		1.9956564	
MYO7A		1.9942825	
ABCA13		1.993996	
MGAT2		1.9920696	
SH3GL1		1.9918258	
NEK2		1.9911258	
NOX5		1.9903506	
SH2D2A		1.9897404	
BMP5		1.9896771	
PPIP5K1		1.9892389	
AARSD1		1.9885811	
KIF24		1.9874127	
AGPAT4		1.9864466	
SPAG17		1.9863408	
FLACC1		1.9863007	
SLC23A1		1.9853367	
SPA17		1.984848	
FRRS1		1.9847018	
TOPORS		1.9840428	
INPP5D		1.9837593	
MRPS31		1.9833477	
CHRNE		1.9815544	
GNL3		1.9813626	
SPPL2B		1.9809549	
BMP6		1.9792062	
CFAP251		1.9781607	
ABHD16A		1.9781519	
VLDLR		1.9756266	
SH3BGRL2		1.9755877	
SMTNL2		1.9748942	
TMEM47		1.9747858	
TFB2M		1.9741077	
RSPH14		1.973976	
RTEL1-TNFRSF6B		1.9739624	
NISCH		1.9734223	
DCDC1		1.9717053	
ESPN		1.9706187	
SRD5A2		1.9690474	
CDKAL1		1.9687158	
KLHL7		1.9687035	
TSGA10		1.9684283	
SLCO3A1		1.9683638	
APBA2		1.9677478	
SPATA6L		1.9675767	
EFCAB12		1.967064	
MUC20		1.9644873	
CAPS		1.9642515	
CNTD1		1.9640529	
LRRIQ1		1.9629176	
PDE4D		1.962784	
ZNF248		1.9582587	
UBE2Q2		1.9571337	
TMEM8B		1.9566017	
CACNA1A		1.9556363	
ARX		1.9555453	
TSPAN1		1.9548551	
LRRC63		1.9547211	
ACVR1B		1.9539788	
UBXN2A		1.9533726	
CEP85L		1.9498982	
ARL5B		1.9488666	
ENSG00000271254		1.9482948	
ST6GALNAC1		1.9476061	
OGA		1.9473625	
BTG1		1.9433382	
GUCY1A1		1.9429779	
CBLN3		1.9428726	
SLC20A1		1.9414601	
SERPIND1		1.939952	
TMEM266		1.9398874	
CCDC88C		1.9391148	
TAF4B		1.9389322	
CFAP45		1.9382535	
ACOT7		1.9369345	
CFAP299		1.9358543	
APLF		1.9349545	
LHFPL6		1.9345611	
NEK5		1.9341629	
IFITM10		1.934044	
PYHIN1		1.9335743	
TAF9B		1.933484	
SAAL1		1.9332403	
TRIM29		1.9332169	
SPAG8		1.9322754	
TOP2B		1.9319575	
UBA6		1.9318548	
CCNO		1.931098	
CFAP53		1.92978	
SREK1		1.929499	
TUT7		1.9280055	
TYW1B		1.927996	
REL		1.927689	
PCID2		1.9274867	
BCAS4		1.9267879	
PPFIA4		1.925323	
MT1M		1.924297	
OTX1		1.923789	
PLXNB2		1.9217511	
RPE		1.9204696	
MID2		1.9196676	
ZNF189		1.9194633	
PCBP3		1.9180057	
ERN2		1.9178501	
UCN3		1.9170609	
ARHGEF40		1.9146475	
PRR29		1.9141346	
BRMS1L		1.9139274	
ING1		1.9139172	
EIF4A3		1.9135674	
PPP1R36		1.9126832	
ANLN		1.9126546	
SH3BGRL		1.9109247	
MINDY4		1.9106419	
AGMO		1.9095626	
PPIL3		1.9087435	
GET4		1.9085096	
GAS2L2		1.9078796	
KRT5		1.9076425	
HDLBP		1.907498	
SOX6		1.9073598	
PLA2G4C		1.9072931	
TAS2R14		1.9071437	
MRPL38		1.9064996	
TMCC3		1.9063842	
H2BC8		1.9059547	
DNAI7		1.902755	
LZTFL1		1.9023094	
DENND2C		1.9015484	
SKIL		1.900478	
CAPN7		1.9004745	
PTPRT		1.9001735	
LRRC73		1.8999699	
DRC12		1.898477	
PYGO1		1.8984557	
MFN1		1.8979965	
CYP46A1		1.8979859	
NMD3		1.8970004	
PRPH		1.8963852	
CLDN10		1.8956182	
MUC16		1.8944668	
ANTXR2		1.8939664	
ZNF354B		1.8922989	
TOB1		1.8919474	
NID2		1.8903768	
CLXN		1.8888031	
FAM216B		1.8885124	
MPV17L		1.8883382	
KLHL5		1.8868066	
USP36		1.883289	
LGSN		1.8829808	
CNN3		1.8826702	
AGBL2		1.8818014	
SUV39H2		1.8809656	
ADGRL4		1.8807319	
GPR162		1.8800427	
PIMREG		1.8784015	
PMM2		1.8748006	
CSGALNACT2		1.8747964	
RLF		1.8744476	
GNPDA2		1.8733497	
RNPC3		1.8732371	
TMEM107		1.8731972	
CDYL2		1.8730781	
METTL4		1.8727411	
CDH23		1.872341	
TMEM237		1.8711017	
GARRE1		1.868169	
ZNF713		1.8673795	
SYN1		1.8669934	
SRD5A1		1.866843	
UFC1		1.8644807	
EPGN		1.8643129	
NOLC1		1.8642354	
EAPP		1.8637955	
FMO6P		1.8627105	
DNAJB9		1.862568	
DNAH2		1.8618097	
FRMPD2		1.8616916	
ENSG00000239665		1.8607453	
PLA2G4B		1.8602135	
UBE2G2		1.8601521	
ALG10		1.8589333	
COL21A1		1.8589121	
TMEM240		1.857759	
PAPOLG		1.8576083	
AK8		1.8575678	
SORD		1.8573847	
SHPRH		1.8563083	
UBQLNL		1.8553088	
BRCA2		1.8549773	
AFG2A		1.8535309	
POLR1E		1.8529135	
KIAA2012		1.8527353	
NBPF20		1.8523529	
DRD1		1.8511522	
TBCEL		1.8510393	
SHISAL2A		1.8510225	
RNF112		1.849845	
SERTAD4		1.8493557	
NLGN1		1.8490076	
PCDHGA7		1.8488463	
C21orf58		1.847233	
FNDC11		1.847213	
RBMS3		1.845929	
MAP4K1		1.8458103	
ZBTB26		1.8455205	
QSER1		1.8442296	
COPB1		1.8440988	
CCDC89		1.8417443	
ATP9B		1.8410649	
CCDC157		1.8401009	
PMAIP1		1.8396778	
GCNT3		1.8394998	
CABP1		1.838462	
CPNE4		1.8377984	
TACR1		1.837621	
ENSG00000130723		1.837573	
RPGR		1.8374923	
INVS		1.8373005	
LRRC41		1.8367949	
ITGA4		1.8352782	
ADAMTS9		1.8336443	
SAV1		1.8328218	
H2BC26		1.8321674	
PTPRD		1.8311914	
CFAP70		1.8311657	
TWF1		1.8305631	
RHEBL1		1.8295207	
SPATA4		1.8279424	
MTR		1.8276412	
PTPRK		1.8272821	
CCDC17		1.8251061	
NPAT		1.824123	
AIM2		1.8237602	
CASTOR2		1.8222908	
MYO18A		1.821867	
CIBAR2		1.8215775	
PACRG		1.8209707	
VMO1		1.8200513	
KCNJ14		1.8195196	
BRD10		1.8194684	
COPS2		1.8194332	
UBAP1L		1.8177313	
RAI14		1.8153727	
HMGXB3		1.8151784	
TOR3A		1.8149947	
ZFYVE16		1.8131851	
CCDC125		1.8121876	
HOXD8		1.8117595	
PLEKHA8		1.8092879	
GIPR		1.8088242	
LRRIQ3		1.8075014	
CEP350		1.807353	
ZNF8		1.8070469	
MARCHF10		1.8058763	
CFAP74		1.805787	
PLSCR4		1.8055246	
RTN4RL1		1.8048625	
MICU3		1.8044202	
ENSG00000266302		1.8039796	
MARK4		1.8036506	
PLAT		1.8013115	
FBXO16		1.8011065	
ATAD2		1.8009486	
SPRTN		1.8008657	
ODAD4		1.8000789	
FAM81B		1.7998261	
CFAP44		1.799546	
KDM2A		1.796771	
PCNX1		1.7965358	
GDA		1.7964706	
GALNT11		1.7961148	
YY2		1.7954566	
HPX		1.795108	
FUZ		1.7945683	
RIIAD1		1.7927023	
FHAD1		1.7925087	
GARIN1A		1.7899088	
ZNF292		1.7888383	
ACSBG1		1.7871703	
PDZRN4		1.7866056	
CUL9		1.786582	
SRFBP1		1.7853711	
ADH7		1.7824341	
KLF2		1.7805804	
ANKRD18A		1.7804507	
L1CAM		1.7803912	
EMB		1.7796454	
TENT4B		1.7793343	
HS3ST1		1.779314	
ADGB		1.7792538	
MROH7		1.7785743	
TMEM43		1.7777703	
COL11A1		1.777733	
RASL12		1.7769017	
PROCR		1.7766244	
AGBL4		1.7762312	
FAM171A2		1.7760847	
MYORG		1.7741578	
CHEK1		1.772909	
CSDC2		1.7727767	
CHAD		1.7724656	
ABCD4		1.7721559	
WIPI1		1.7712941	
MARVELD1		1.7712231	
ADD3		1.7711973	
DKK3		1.7695072	
PTPRA		1.7688279	
CYLD		1.7679669	
CCDC148		1.7674857	
STEAP3		1.7659445	
BEST4		1.7658136	
TIMM23B		1.7644134	
CDK20		1.7633692	
CIMIP6		1.7631104	
NAT1		1.7624342	
DCAKD		1.761996	
GJB3		1.7619299	
TEKT2		1.7613184	
SIK2		1.7610554	
ELP1		1.760884	
HUNK		1.7580835	
FAM13A		1.7559024	
ROBO3		1.7550994	
CHMP1B		1.7537433	
RNF152		1.7535285	
SIX5		1.7515249	
TRIM9		1.751093	
FCRL2		1.7504208	
RABL2B		1.7499199	
ERCC6L2		1.7497524	
MAPK15		1.7496977	
PPP3CC		1.749671	
CCL3		1.7493459	
ZGPAT		1.7491872	
MYO3A		1.7491223	
FCHSD1		1.7489232	
FAM162B		1.7486733	
ZC3H12A		1.7480749	
RBM39		1.7467519	
LRGUK		1.7466415	
FZR1		1.7461308	
PKD1L1		1.7460109	
CEL		1.7458781	
ZNF568		1.7456836	
PLAC9		1.7442869	
POU5F1		1.7433901	
AHSA2P		1.7417057	
PNMA8B		1.7405436	
KCNMB2		1.7402511	
WDR54		1.740164	
IRF3		1.7393088	
SUGP2		1.7376168	
ZNF428		1.7371901	
MRAP2		1.7370414	
SLITRK3		1.7360455	
SLC2A11		1.7356689	
PPIG		1.7352585	
ZC3H15		1.7351696	
ZNF256		1.7343678	
REXO5		1.7334957	
CALB2		1.7326216	
HP1BP3		1.7319738	
ENSG00000278384		1.731754	
HCFC2		1.7317067	
CD1E		1.7314503	
MROH9		1.7312688	
SAMTOR		1.7309091	
CD34		1.7308488	
ZDHHC11B		1.7304724	
FHL3		1.729552	
SERBP1		1.7289748	
PANX1		1.7279698	
TSPAN19		1.7279391	
RUBCNL		1.7263013	
CCP110		1.7258365	
FAM47E		1.7252676	
ANKUB1		1.7242603	
RASL11A		1.724109	
ODAD3		1.7227893	
CNTN5		1.7222078	
ENSG00000279765		1.7218279	
CABCOCO1		1.7185166	
NOS3		1.7182176	
ZNF513		1.7178363	
TCP11L1		1.7175888	
STPG1		1.7166849	
NT5M		1.7163017	
ELMOD2		1.7162222	
PIH1D2		1.7160327	
LANCL1		1.7159001	
SRSF7		1.7146848	
MAMDC4		1.7135748	
ZNF662		1.712912	
SUB1		1.7114931	
VTN		1.7111238	
CNGA4		1.7107081	
SOX2		1.7102242	
HOOK3		1.7097768	
GFI1		1.7086881	
ABCA10		1.7083797	
ADGRA1		1.706754	
PTCD2		1.7047752	
IER3		1.7046285	
CDK2AP1		1.7042111	
PRELID2		1.7036446	
LCA5L		1.7015224	
RUNX3		1.7012411	
KNL1		1.7008622	
LRP5L		1.7001132	
HYDIN		1.6991918	
POGZ		1.6989832	
PCDHB2		1.6989348	
BICD2		1.6981707	
DLGAP5		1.6977706	
NME9		1.6970077	
SSX2IP		1.6968709	
SRCAP		1.696083	
SKP1		1.6955267	
MUC5B		1.6954752	
SERPINB3		1.6932783	
LAMA2		1.691899	
CFAP43		1.6916807	
KIF21A		1.6915958	
YLPM1		1.6913406	
EDAR		1.6909964	
ZCWPW2		1.6900961	
ZNF211		1.6889579	
CFAP57		1.6865194	
KMT5C		1.6863188	
GCNT4		1.6860443	
NWD1		1.6845084	
MBNL2		1.68403	
CNTF		1.6837114	
YBX3		1.6828091	
DBNDD2		1.6826274	
PPP1R1A		1.6824913	
BTRC		1.6824671	
CHIC2		1.6821617	
KCTD9		1.6820838	
IFT22		1.6805719	
ARHGAP40		1.68042	
C3		1.6798539	
CHD1L		1.6798339	
DYDC2		1.6793993	
EPN3		1.677871	
VCL		1.6748941	
MORN2		1.6747373	
CFAP161		1.6745992	
PDGFA		1.6744323	
CYP2F1		1.6743778	
SSBP4		1.6743227	
FAM120B		1.6731386	
ZNF107		1.6728994	
EDNRA		1.6726823	
CILK1		1.6725615	
RIBC1		1.6724417	
OSMR		1.6720365	
TOP2A		1.6713915	
CYTH2		1.6710683	
FNDC3B		1.6700675	
TPSAB1		1.669589	
AAK1		1.6683402	
BBS4		1.6662911	
OFD1		1.6661023	
STOX1		1.6660367	
ARL6IP5		1.6645837	
OAZ2		1.6602654	
SAXO2		1.6599917	
SNRNP70		1.6591519	
EOGT		1.6586065	
MAPK8		1.657494	
FNBP4		1.6573007	
IGFN1		1.6570474	
TMEM260		1.655324	
PLD5		1.6552348	
RSF1		1.6541668	
SGK2		1.6534877	
CDC20B		1.6532495	
CBFA2T2		1.6527163	
SLC4A5		1.6526577	
ATF6		1.6518565	
RSPH9		1.6498073	
CCNA1		1.6495415	
DLEC1		1.6492475	
USP42		1.6483645	
NIN		1.6476432	
ATAD1		1.6475657	
BUD23		1.6471288	
DUSP19		1.644232	
SEMA7A		1.6436572	
ZNF26		1.6430271	
HNRNPK		1.6401308	
TMEM106B		1.6399215	
EPHA7		1.6387326	
PRKN		1.6383905	
TUBGCP6		1.637608	
NPTXR		1.6371083	
VWA3A		1.6356467	
SLC35E2B		1.6353393	
CA3		1.6343879	
CCDC190		1.6339056	
SGO1		1.6338161	
WRN		1.6324637	
ZDHHC17		1.6322842	
KLF4		1.6322141	
RSPH4A		1.6305633	
ODAD1		1.6303183	
CCN1		1.6302983	
CHD1		1.6301584	
PCDHGA12		1.6301155	
CDHR4		1.629994	
KMT2E		1.6297687	
EEF2K		1.6297373	
RNF121		1.6296026	
ZMYND12		1.6295241	
KIF9		1.6285955	
NBPF15		1.6281953	
PREPL		1.6277187	
NBAS		1.6273991	
PCDHB5		1.6271065	
SLC16A10		1.6269118	
CCDC33		1.6267416	
IL33		1.6256378	
DNAJC25		1.6248803	
MAFB		1.6243831	
STON1		1.6243035	
DNAAF5		1.6241472	
CCDC7		1.6238004	
KLHL30		1.6224358	
CFAP90		1.621053	
CFAP95		1.6193308	
CCDC188		1.6178712	
PHLDA3		1.6176883	
ANKRD66		1.6174855	
DNAAF3		1.6172519	
SAMD13		1.616936	
MKRN2OS		1.6167601	
CLECL1P		1.6165141	
TMX4		1.6160655	
PLEKHS1		1.6156875	
HNRNPU		1.6146407	
CIMIP2C		1.6140876	
FXR1		1.6135554	
NPIPB3		1.6120409	
OVGP1		1.6119468	
PTPRN2		1.6096367	
KDM5C		1.6074054	
PRRC1		1.6063825	
PIK3R6		1.6062735	
TCTN2		1.6055495	
YTHDF3		1.6054975	
CKMT1B		1.6049285	
AVEN		1.6046591	
CFAP47		1.6045506	
TNNC2		1.603146	
SRI		1.6019403	
PZP		1.6017078	
HNRNPR		1.6013815	
THUMPD2		1.601124	
WIPF1		1.6007556	
KLF8		1.6004694	
UBR4		1.6003268	
PIK3IP1		1.5987725	
PURG		1.5982425	
CEP131		1.5970243	
OCA2		1.5961976	
CAMK2D		1.596117	
ISCA1		1.5951449	
DYNLRB2		1.5950533	
POLB		1.5950061	
HSPB1		1.5948355	
APOBEC4		1.5940579	
ZKSCAN8		1.5928358	
TMCO1		1.5926819	
RFK		1.5921471	
DNAH9		1.5918981	
RRM2B		1.591841	
MRTFB		1.5916151	
CFD		1.5914278	
ANKRD23		1.590775	
ZBTB21		1.5899991	
RGS13		1.5898281	
MAK		1.5894428	
BCL9L		1.5891478	
PCED1A		1.5889516	
ROCK1		1.5879449	
TAFA2		1.5878062	
MFAP5		1.5864025	
PFKM		1.5862502	
MGMT		1.5852805	
ZBBX		1.5851445	
TTC23L		1.5848106	
IFT46		1.5839257	
NINL		1.5830922	
LONP2		1.5829827	
MMP12		1.5828308	
CCDC60		1.5826097	
CBX5		1.5825877	
TIAM2		1.5825799	
ARMC3		1.5824418	
HAPSTR1		1.5816693	
SBF1		1.5784166	
GATA5		1.5782455	
CFAP61		1.5777224	
TCTE1		1.5771443	
DOC2A		1.5771427	
CHST9		1.5759244	
AMPD2		1.5758834	
CYTIP		1.5754627	
ECT2L		1.5745043	
TMEM234		1.574409	
CCDC65		1.5740336	
ZNF680		1.5734348	
ICOSLG		1.5728774	
MORN1		1.572467	
LOXL4		1.5711867	
SAMHD1		1.5711633	
EPHB3		1.5708873	
ANKDD1B		1.5708324	
ZNF843		1.570442	
ZNF329		1.5702266	
HNRNPL		1.5698698	
ZNF131		1.5687948	
MTMR8		1.5680364	
HAPLN1		1.5678024	
TYW1		1.5674019	
IQCD		1.5672054	
FYTTD1		1.5670395	
ZNF146		1.5669297	
PCGF3		1.5667454	
ENKUR		1.5667318	
CERS5		1.5664127	
CKAP2		1.5657978	
PI16		1.5654113	
ADH1C		1.5635849	
NAA35		1.5633749	
DST		1.5630366	
BCL6		1.5629089	
HYAL3		1.5628983	
GPR132		1.5626317	
DPP10		1.5623834	
CCDC152		1.5623665	
PTGS1		1.5612285	
DNER		1.5607218	
CDC42EP5		1.5604749	
TTC29		1.5602013	
UNC45A		1.5600466	
LHFPL2		1.558651	
KIAA1614		1.5578588	
ANKRD45		1.5575445	
PRIMA1		1.5572128	
ITIH3		1.5556418	
MSX2		1.5550355	
RNF139		1.5534066	
MYH10		1.5533365	
DAAM1		1.5529737	
C22orf15		1.5523927	
IAH1		1.5521374	
ZNF559		1.5518613	
KIF11		1.5513158	
DNAAF8		1.5508333	
ZDHHC15		1.5502089	
FUT2		1.549357	
ZNF280D		1.5491015	
SLC1A4		1.5488654	
CALM2		1.5481672	
LMBR1L		1.5480868	
PIP5K1A		1.547579	
PCDHGA9		1.5470263	
CFAP92		1.5463809	
LRRC74B		1.5454473	
CFAP97		1.5453808	
NME2		1.5451434	
NPM3		1.5447907	
NCOA7		1.542514	
PTGS2		1.542025	
RASSF2		1.5418497	
HOXA6		1.5417882	
CPA4		1.5394325	
HTR2B		1.5386881	
INO80D		1.5382693	
AKIRIN1		1.5381187	
SMKR1		1.5379485	
IGFBP6		1.5373298	
CCDC78		1.5371392	
KIAA1671		1.5368534	
TAOK1		1.5363504	
TSPAN5		1.53516	
DCBLD2		1.5324937	
HDAC9		1.5314542	
CAPN14		1.5303454	
GRIK3		1.5298508	
CFAP184		1.5294579	
TMEM232		1.5293908	
EFHB		1.5287946	
RBM5		1.5280342	
FBXO15		1.5279274	
JMJD7-PLA2G4B		1.5278608	
LPAR5		1.5272951	
GRIN3B		1.527186	
VWA3B		1.5266784	
AKR1C1		1.526662	
CACNG6		1.5263427	
C6orf118		1.5244718	
DNAH10		1.5241401	
OSTC		1.5236759	
GALNT2		1.5234972	
MKX		1.5231909	
DNAH11		1.5231856	
PTPN5		1.5229199	
NXPH3		1.5222684	
P2RX2		1.5220776	
WDR73		1.5220613	
LRP1		1.5193427	
ARK2N		1.5191494	
CHPF2		1.5191244	
ERAP2		1.5189316	
BPIFB1		1.5184543	
SLC30A7		1.5182514	
FEM1B		1.5181713	
CSPP1		1.5180442	
DIAPH2		1.5179834	
ZCCHC24		1.5178087	
CEP55		1.51746	
TPPP		1.5169269	
CFAP91		1.5150926	
XYLT2		1.5145466	
PARD3B		1.5135528	
WDR91		1.513465	
CFAP77		1.5128212	
UGDH		1.5126103	
KIF26A		1.5117936	
HERC2		1.5115219	
MITF		1.5111306	
LIX1L		1.5110555	
STMND1		1.5103447	
KRT8		1.510083	
DDX24		1.5100108	
KIFAP3		1.5090921	
EPHB6		1.5087236	
POC1B		1.5082291	
CPSF7		1.5075275	
NFKBIZ		1.5064777	
NCBP3		1.5059123	
ZMYND10		1.5048618	
GADD45G		1.5035108	
CXCL1		1.5034732	
AGPS		1.5032171	
CCDC50		1.502958	
TNNT3		1.5023487	
NBPF26		1.5011969	
RSPH10B		1.5000019	
HNRNPH3		1.4998305	
CWH43		1.4991931	
GET1		1.498919	
RASAL3		1.49835	
SLC22A23		1.4983368	
ACBD7		1.4983078	
PDIA4		1.4952887	
TNFRSF10A		1.4941903	
DEGS2		1.4934368	
IPP		1.492868	
DNAH3		1.4926745	
ATP6AP2		1.4922237	
LRFN4		1.4922031	
TRIT1		1.4914194	
HIPK3		1.490713	
C6orf163		1.4895875	
SPATA33		1.4894983	
DNAJC18		1.4890572	
PRELID3A		1.4888061	
SLITRK4		1.4879799	
ABHD2		1.4875233	
MARCHF7		1.4856132	
MYOM2		1.4851651	
RHPN2		1.4839185	
ZNF567		1.483345	
EXOC6B		1.4827018	
TCIM		1.4825989	
ZNF569		1.4820117	
ZNF570		1.4815915	
CFAP157		1.4814011	
CCDC57		1.4811339	
MDM4		1.480912	
SLAMF6		1.4808028	
PIERCE2		1.480645	
DNAI2		1.4794255	
WDR93		1.4784881	
CD99L2		1.477844	
ERCC6		1.4771571	
SUFU		1.4765702	
RPRM		1.4763784	
CYP2D6		1.475962	
LRRC37A3		1.4757606	
PNLDC1		1.4742608	
CHD5		1.4733125	
TNPO1		1.4727383	
CATIP		1.4716476	
IQGAP2		1.4713259	
RAB40B		1.4690835	
TCP11L2		1.4690309	
MDM1		1.4688842	
PDPR		1.4677588	
TUBG2		1.4672204	
PPP1R42		1.46671	
TTC21B		1.4665691	
ARSI		1.4654505	
BLTP3B		1.4654076	
NUP62CL		1.4648044	
KEL		1.464075	
PPIL6		1.4633025	
MORN5		1.4630941	
UBE3A		1.4628069	
FER		1.4609041	
TRMT12		1.4591506	
CCS		1.4586548	
ZNF789		1.4586263	
H3-3A		1.4578568	
HMMR		1.4577651	
TRIO		1.4568828	
FAF1		1.4563671	
GPX2		1.4563233	
GZMH		1.4562061	
CFAP119		1.4561144	
PSCA		1.4554719	
LAMB1		1.455466	
PC		1.454491	
SCGB3A1		1.4534762	
PSPC1		1.451695	
TUBGCP5		1.4512386	
MYLK3		1.4510778	
TRAF3IP1		1.4505289	
RABGAP1		1.4488077	
DNAAF6		1.4486537	
TRPV1		1.4476999	
CDCA2		1.4469025	
RSRC1		1.4468156	
CDK5R1		1.4462172	
ZNF512B		1.4458783	
ODAD2		1.4455364	
KAT2A		1.4448429	
ADH6		1.4430314	
ZNF573		1.4425073	
BICDL1		1.4415557	
RAB3GAP1		1.4412632	
MUC4		1.4411097	
PCM1		1.4410225	
NID1		1.4410214	
JUN		1.4408892	
SLFN12		1.4402771	
ANKHD1-EIF4EBP3		1.4398488	
NUCKS1		1.4393544	
LEO1		1.4385736	
TMEM161B		1.4379029	
CSRNP1		1.4377881	
PPP2R2A		1.435896	
SOX17		1.435459	
KDM1A		1.4347157	
C2orf49		1.4346324	
TTLL10		1.4341133	
SLC12A8		1.4339505	
ERN1		1.4329385	
MTDH		1.4325653	
PTGER4		1.4322028	
CDH26		1.4319177	
DNAH12		1.4317982	
ARL15		1.4317828	
CHST10		1.4316314	
ZSCAN30		1.4314283	
PGRMC2		1.4297768	
MTMR2		1.4286464	
GPALPP1		1.4278741	
TTC5		1.4273876	
KPNA6		1.4270259	
HNRNPA1		1.4266058	
KLK12		1.425614	
TRIM62		1.4255855	
ZNF630		1.4254271	
MAN1B1		1.4250556	
MFAP3		1.4249196	
TNK2		1.4238716	
PHIP		1.4225304	
ARHGAP21		1.4204628	
SYBU		1.4190779	
SCARB2		1.4184238	
PTGES		1.4182826	
LRRC51		1.4181725	
LIMS1		1.4177742	
KCTD11		1.4177115	
TPX2		1.4176929	
TMCO3		1.4174788	
ZFR		1.4166795	
KIF14		1.4156096	
MRGPRF		1.41519	
PCGF6		1.414005	
ADA2		1.4139035	
CDK6		1.4136468	
PDZD8		1.4128805	
SAMD15		1.4128119	
TBC1D16		1.4119812	
CFAP52		1.4118037	
MCUB		1.4104787	
RAPGEF3		1.4103928	
ZC2HC1A		1.4103588	
ANKK1		1.4097575	
PRKAR2B		1.4093931	
CLDN8		1.4086728	
CEP170B		1.408591	
TMEM242		1.4060373	
PDE9A		1.4041746	
DCLK3		1.403966	
MMRN1		1.403204	
EPOP		1.4029746	
CARMIL2		1.401101	
PAK1		1.4008232	
LMBR1		1.4002109	
TMEM212		1.3996629	
HNRNPC		1.3994805	
CADM3		1.3983778	
DHX40		1.3982825	
ARHGAP22		1.397289	
SUSD4		1.3966329	
SLC25A25		1.3960596	
PPP3CB		1.3957391	
LDAF1		1.3952512	
ZFYVE21		1.3947932	
ZNF781		1.3943348	
B9D1		1.3934182	
DERL1		1.3928326	
SPEF1		1.3927565	
DNAJB11		1.3920859	
NDUFAF5		1.3920422	
SRGAP1		1.3900924	
PLK4		1.3895886	
NPR2		1.389405	
PEX6		1.3887699	
SNW1		1.3879429	
KHDC4		1.3873497	
ATP2B1		1.3870171	
GPR171		1.3862377	
GTF2E2		1.3857499	
PDZD11		1.3857425	
HOXD9		1.3853472	
RBM25		1.3852074	
HSF2		1.3846967	
SP140		1.3841188	
SRPRA		1.3831445	
DNM1L		1.3828899	
IQGAP3		1.3816323	
FCER2		1.3811182	
IQCA1		1.3808093	
RAB3IL1		1.3806746	
ZNF512		1.3802639	
CDNF		1.3801848	
ENSG00000241489		1.3794085	
TNFAIP8L1		1.3778243	
EIF4B		1.3770735	
ADAM32		1.3755928	
LCOR		1.3746958	
SLC41A3		1.3746204	
CIMIP2B		1.3734603	
ZFP37		1.3734554	
YPEL4		1.3734183	
WDR43		1.3727617	
ZNF445		1.3722718	
HELZ		1.3720202	
MRAP		1.3718746	
DBF4B		1.3718069	
STOML3		1.3717924	
RTTN		1.3715738	
MLLT3		1.3711689	
SLC5A4		1.3710495	
DHRS11		1.3705661	
PRR18		1.3694509	
CATSPERD		1.3691678	
EDC4		1.3690568	
GALNT6		1.3686392	
LRRC71		1.3677174	
BIRC6		1.3675638	
MAP3K19		1.3675567	
VWA5A		1.3661873	
TRIB1		1.3660061	
ADNP2		1.3644809	
RSPH1		1.3642458	
TXNIP		1.3639742	
WDR31		1.3627334	
CFAP126		1.3619795	
SLC9B1		1.3605545	
DYNLT2B		1.3583739	
HMGCLL1		1.3577093	
PIERCE1		1.3575758	
CCL17		1.3568168	
WDR26		1.3567183	
TPBGL		1.3549654	
CCNI2		1.3549513	
CPLX1		1.3549179	
LILRB5		1.3541172	
CAPRIN1		1.3539301	
MTCL2		1.3538134	
SPMIP6		1.353569	
HASPIN		1.353531	
STK33		1.3534818	
FAM193A		1.3529084	
CDH8		1.3505766	
CDK5RAP3		1.3492333	
GLRB		1.3491932	
TTLL6		1.3491762	
FZD6		1.3490239	
SPAG6		1.3483173	
LIPE		1.3478942	
CLEC9A		1.3471742	
PLEKHA6		1.3469505	
TAS2R20		1.3466974	
WDR7		1.3463876	
CSPG4		1.3446586	
ARL17A		1.3440988	
SLF1		1.3440204	
APBB2		1.3432093	
POPDC2		1.341707	
CIMIP1		1.3414696	
RPS6KA5		1.34131	
BAIAP3		1.3402568	
FABP6		1.3393419	
CACHD1		1.339073	
RSPO3		1.3390185	
FAM174A		1.3385005	
CEP152		1.33837	
PEX13		1.3376552	
CORO2B		1.3375639	
TPSG1		1.3374518	
NTS		1.3370641	
TMEM120B		1.3370395	
PTGDR2		1.3366787	
PROSER3		1.3354954	
BMPR1A		1.3350931	
CLIC4		1.3349308	
SCGB1A1		1.3347602	
ERICH3		1.3347174	
RHPN1		1.3346468	
IFT20		1.3345191	
GRID1		1.3340777	
CBFB		1.334066	
SCD5		1.3340241	
CFAP100		1.3334546	
CAPSL		1.3331462	
RBBP6		1.3328885	
PCDHGB7		1.3328512	
MSH5		1.332274	
NAXD		1.3320504	
CXXC4		1.3319321	
DYNC1I2		1.3317176	
PTCH1		1.3313195	
LUC7L		1.3306271	
KLHL32		1.329817	
OPA1		1.3297576	
PLA2G7		1.329753	
RPS3A		1.3293171	
XCR1		1.3292444	
PCMTD2		1.3292403	
WNT11		1.3290659	
TECTA		1.3279529	
GFRA2		1.3274492	
HSPA13		1.3271624	
LMO4		1.3268021	
ABCC10		1.3259948	
RAD9A		1.325452	
JAZF1		1.325019	
CBR3		1.3244497	
HEATR1		1.3244232	
MSMB		1.3230149	
APOBEC3G		1.3225923	
H1-4		1.3218354	
LRRC46		1.3214964	
MIA2		1.3205838	
DRC1		1.320466	
CRACR2B		1.319782	
RFX5		1.3193156	
ARSK		1.3191183	
MBTPS2		1.3180184	
KLHL20		1.3152713	
TMEM190		1.3151636	
RCCD1		1.314504	
CD164L2		1.3143529	
ASPHD1		1.3142458	
CFAP36		1.3140764	
PNPLA8		1.3133614	
MCM10		1.3132515	
B4GALNT1		1.3130475	
CASP9		1.3124776	
CYP2S1		1.3122826	
SMIM8		1.3118261	
HSD3B7		1.3115118	
HSPH1		1.311028	
LRCH1		1.3109409	
SELENOF		1.3108245	
SLC51A		1.3106234	
HMG20A		1.3104129	
MT1G		1.3103876	
NAA40		1.3100098	
PMS2		1.3093848	
COG7		1.3089203	
SLC13A3		1.3084371	
HS3ST3B1		1.3083911	
FILIP1		1.3073866	
DISC1		1.30723	
SERPINH1		1.3069452	
WWTR1		1.3066335	
QSOX2		1.3052682	
RTN4RL2		1.3052281	
ATF6B		1.3050613	
GSKIP		1.304706	
RPL3		1.3044947	
SLC4A8		1.3041652	
TAF1		1.3041317	
TENT4A		1.3035787	
FOXJ1		1.3023793	
TM9SF3		1.3018495	
LITAF		1.3016737	
NDFIP2		1.3007476	
ZNF584		1.2999419	
CFAP141		1.2996697	
LRRFIP2		1.2986076	
DRC7		1.2982769	
TTYH3		1.2968434	
MYB		1.2968143	
VWA5B2		1.2962354	
RBM41		1.2952418	
CENPK		1.2948148	
FBXO3		1.2947675	
PPP1CB		1.2946422	
CDH4		1.2942613	
CKAP5		1.2936963	
CIPC		1.2935829	
UBASH3A		1.293465	
PAOX		1.2911775	
RPS6KL1		1.2909074	
KCNH3		1.2907729	
CUL7		1.2905464	
PRKAB2		1.2884594	
PRSS35		1.2884558	
NUP88		1.2879565	
SCAF11		1.2870576	
ENSG00000280571		1.2861779	
HECTD1		1.2852317	
GJB7		1.2845229	
TRAF4		1.2840154	
CD72		1.2834698	
DIO1		1.2828398	
ITGA6		1.2823282	
ANXA7		1.2813693	
GATM		1.2812028	
CDC25A		1.2811466	
BPTF		1.2808748	
ELK4		1.2790899	
RABGEF1		1.2788115	
PYGB		1.2787598	
RASGEF1B		1.2786008	
LDB1		1.2785391	
RAB8B		1.2783438	
STEAP4		1.2779623	
SLC12A5		1.2768868	
NAT14		1.2764362	
CEP43		1.2762784	
CFAP107		1.2757709	
KIF23		1.2754132	
ZNF326		1.2750734	
STIL		1.2746265	
ASS1		1.2739456	
DCBLD1		1.2733934	
COPB2		1.2733741	
MEOX2		1.2730062	
CENPE		1.2726336	
MTHFD2		1.2721246	
EED		1.2720863	
DNAJC2		1.2718347	
RBM28		1.2702298	
SNPH		1.2697067	
KLHDC1		1.2694675	
RNF103		1.2688493	
RAD54L		1.2688236	
CCDC144A		1.2684466	
DHX35		1.2683556	
MS4A4E		1.2680514	
ADAMDEC1		1.2676319	
PIWIL2		1.2667522	
ALG11		1.2652417	
CFB		1.2650987	
GALNT15		1.2644753	
CENPU		1.2640918	
GINS4		1.2632973	
SCGB2A1		1.2628225	
TEKT1		1.2624353	
RANBP2		1.2621832	
CLCF1		1.261909	
CIMAP3		1.2617396	
DLG1		1.2610893	
PLPP3		1.2608728	
SUMF1		1.2597765	
NHLRC3		1.2591046	
ZNF346		1.259089	
SLC9A7		1.25883	
BSCL2		1.2577878	
PHOSPHO1		1.2570815	
NCR3LG1		1.2549858	
DNAI1		1.254608	
EID2B		1.2542921	
EZH2		1.2538567	
RPL10A		1.2538545	
ERGIC2		1.2530589	
ZNF34		1.2523048	
STAP1		1.2519851	
CAMLG		1.251573	
RAB3A		1.2512931	
C15orf48		1.251124	
TLN2		1.2510378	
ACADVL		1.2507755	
ACSL6		1.2495635	
LIAT1		1.2487196	
DZANK1		1.248168	
WDR38		1.2476039	
STAT4		1.2465905	
ANKRD17		1.2456286	
ARVCF		1.2455759	
HOATZ		1.2451564	
SDK1		1.2423853	
CELSR3		1.241823	
AKAP14		1.2410626	
OSBPL5		1.2410318	
KMT2A		1.240881	
SLX4IP		1.2402387	
TRIM59		1.2394358	
TPR		1.2386407	
CCDC186		1.2383041	
ATF2		1.237863	
TMEM184A		1.237819	
RPS6KB1		1.2376179	
ALG1L1P		1.2371225	
BORCS7		1.23693	
MUC5AC		1.2367612	
ALKAL2		1.2366865	
TBL1X		1.2357811	
MS4A8		1.2355793	
C11orf96		1.235254	
CMTM6		1.2348394	
PKNOX1		1.234676	
PLEKHG3		1.2343893	
CATSPER2		1.2341633	
FBXW9		1.2339426	
CAMSAP2		1.2338285	
CRISP2		1.2335585	
ANKRD34A		1.2326199	
VWDE		1.2320602	
MORC4		1.2316862	
BMF		1.2314519	
LPCAT4		1.2311629	
RBM15		1.2310944	
ELOVL7		1.2302445	
ZXDA		1.2290987	
SNAPC4		1.2290962	
DAW1		1.2288494	
DYNLT4		1.2284572	
LVRN		1.2278827	
GOLGA8A		1.2272091	
MEGF6		1.2270448	
MYO19		1.2247163	
TMED2		1.22456	
EDIL3		1.2238375	
ACKR2		1.2236023	
XNDC1N		1.2228118	
TDG		1.2223021	
RPS6KC1		1.2221434	
STK11		1.2220529	
DCDC2B		1.2216359	
BZW2		1.2201083	
SEZ6L2		1.2196879	
KCNQ4		1.218425	
LRRC23		1.2180135	
RP1		1.2179862	
CSAD		1.2178642	
CCNB2		1.2178224	
MYBL2		1.2171732	
DLGAP4		1.2164191	
BCL2L15		1.2163374	
H2BC4		1.2162791	
HPGDS		1.2158902	
C11orf16		1.2150995	
METTL15		1.2148542	
CNTLN		1.2135677	
CKAP2L		1.2130542	
MED13		1.211457	
CCDC178		1.2111561	
RFLNA		1.210679	
NIP7		1.2100214	
CCDC102B		1.2092315	
EHD4		1.2089623	
ZNF70		1.2084153	
CYP2U1		1.2081734	
GATA6		1.2070034	
N4BP2L2		1.2068561	
TNFRSF10D		1.2063242	
LBHD1		1.2061113	
IK		1.2059225	
DYNLT5		1.2057844	
SH2B1		1.2054938	
DENND6B		1.2054065	
AQP5		1.2047069	
XRRA1		1.2042322	
YAP1		1.204066	
SNTN		1.2038897	
PHLDA2		1.2031953	
OCRL		1.2027119	
ARHGEF19		1.2026567	
WASL		1.2026232	
PINLYP		1.2017176	
CD96		1.2003145	
MKLN1		1.1997297	
ZNF805		1.199179	
IL6		1.197379	
ARHGAP32		1.1971419	
RHOQ		1.1957197	
HNRNPA3		1.1954402	
ZBTB37		1.1944326	
PRKG1		1.1934617	
NPM2		1.193145	
DSCAML1		1.192999	
B4GALT5		1.192943	
CDC42BPA		1.1925852	
TNKS2		1.1922808	
NNAT		1.1921923	
GEMIN8		1.1913078	
SMAD5		1.1902107	
CCDC187		1.1899245	
TEKT4		1.1897681	
CCDC122		1.1893752	
ELF3		1.1872789	
BPIFB2		1.1871479	
KIF25		1.1870285	
GSDMB		1.1867431	
MTBP		1.1842893	
HPRT1		1.184187	
RAB37		1.1835896	
CEP162		1.1833854	
EPB41L1		1.1823643	
FIGN		1.1820164	
CPVL		1.1817873	
USP37		1.1815321	
LARS1		1.1815047	
NTM		1.1807797	
USP9X		1.1804872	
GTF2I		1.1799324	
SUDS3		1.1797751	
STK11IP		1.1790928	
SRCIN1		1.1789047	
WFDC1		1.1779226	
MGARP		1.1767579	
LRIG1		1.1757724	
TEFM		1.1752031	
IL1RAP		1.1751537	
ASH1L		1.175088	
GTDC1		1.1749861	
FBXO41		1.1740537	
RAB44		1.1739686	
CFAP65		1.1737272	
GABPB1		1.1735076	
DPM1		1.1726172	
CPS1		1.17252	
IL20RB		1.1722864	
ILDR2		1.17227	
MIPEP		1.1714889	
FAN1		1.1713786	
TRRAP		1.1702274	
SCP2		1.16985	
INAVA		1.1697996	
GULP1		1.1682974	
USP20		1.1677136	
HBP1		1.1676345	
MKS1		1.1672233	
DTX2		1.1666065	
ZNF140		1.1662912	
ZBTB16		1.1662441	
NEPRO		1.1654794	
FAM161B		1.1651688	
LEKR1		1.1649623	
KIFBP		1.1647902	
CYBRD1		1.161414	
GIPC2		1.1612573	
GOLGA8B		1.1611223	
SYPL2		1.1608486	
MYBPC2		1.1606592	
PNP		1.1604531	
REC8		1.1594774	
SPHK1		1.1594244	
TENM2		1.1588646	
DAPP1		1.1585097	
MZF1		1.1584016	
ZNF548		1.1577983	
TIGD7		1.1564053	
ITLN1		1.1558415	
CSNK1G3		1.1558096	
BUB1B		1.1555023	
PTPRS		1.1538488	
MYBBP1A		1.1535741	
MMS22L		1.1535114	
HOXB4		1.1531061	
LPCAT2		1.1527561	
ZCCHC17		1.1524847	
CDC45		1.1523249	
TLE3		1.1519239	
AP4M1		1.1513569	
CSNK1D		1.1507363	
DIRC3		1.1500804	
UNC5CL		1.1500224	
RFWD3		1.1498358	
VSTM4		1.1496606	
OXNAD1		1.1496285	
USH1C		1.1496131	
CRYBG1		1.1494416	
ACD		1.1493971	
TNFRSF4		1.148851	
UCK2		1.1464462	
FZD10		1.1459366	
EEF2		1.1452665	
FIRRM		1.1450514	
PAN3		1.1435292	
PIP		1.1427234	
U2SURP		1.142616	
WNT4		1.1423415	
SKIC8		1.1417358	
RBP7		1.141618	
FREM3		1.1409801	
ACTR3B		1.1407593	
PRMT3		1.1391324	
AK9		1.1389868	
SLC24A1		1.1379418	
C1R		1.1369126	
FARS2		1.1366841	
UCHL1		1.1357098	
TTI1		1.1352464	
SMPD3		1.1347823	
PJVK		1.1340847	
STAM2		1.1325406	
PCDHGA11		1.1311033	
SLC39A10		1.1291773	
RTKN		1.1291152	
ZNF221		1.1267699	
BCORL1		1.1264526	
CFAP276		1.1247141	
MBNL1		1.1245122	
PCNP		1.1241242	
CFAP73		1.1240655	
PAGR1		1.123736	
SLC44A4		1.1233035	
GPR107		1.1223072	
ACAP3		1.1222979	
SLC9A9		1.1218755	
LRRC1		1.1213359	
SRSF10		1.1212531	
PLCE1		1.1207113	
PRPF4		1.1200445	
CNTFR		1.1194721	
GJA1		1.1193515	
ERAP1		1.1189032	
PTPDC1		1.1185763	
MPRIP		1.117886	
NEIL3		1.1174651	
LMF1		1.1174425	
UQCRC2		1.1168559	
TRAPPC9		1.116106	
RASA1		1.1159178	
KRBOX5		1.112298	
KIF20A		1.1122013	
MAGT1		1.1111835	
HMGB2		1.1106141	
CES4A		1.1103306	
TBX19		1.1102825	
TGFB1I1		1.1096534	
TBL1XR1		1.1081724	
IL11RA		1.1068926	
DPH6		1.1065125	
LRRC4		1.1060289	
DDX11		1.1054834	
KRBOX4		1.1050451	
ZNF774		1.1046879	
STOX2		1.1045038	
TRIM22		1.1026547	
FGF17		1.1018903	
LRWD1		1.1018721	
SPTB		1.1016212	
WDR75		1.1001235	
C9orf72		1.0999815	
MMP9		1.0998263	
PSMD10		1.0997374	
MALT1		1.0984685	
DPH7		1.0981598	
CIB2		1.0972337	
HMCES		1.0968363	
COPA		1.0964426	
CMTM1		1.095693	
ENKD1		1.0950462	
CCT2		1.0934137	
TRPM4		1.092018	
SLC45A3		1.0916624	
GAS1		1.0913396	
ENSG00000260007		1.0908388	
RANBP10		1.0905523	
MBD1		1.0895388	
PTPN7		1.0887076	
CPLANE2		1.0885699	
GDF9		1.0869789	
PRKAA1		1.0857487	
ENGASE		1.0857213	
ZNF852		1.0849102	
PLCG1		1.0845302	
FANCG		1.0833704	
CBY1		1.0822206	
CAB39L		1.0818254	
GBF1		1.0816654	
AMMECR1L		1.0805165	
CYP2C8		1.0803397	
ZNF12		1.0797981	
CFAP144		1.079053	
RRAGB		1.0782906	
ANGPT2		1.0769447	
HNRNPA2B1		1.0767903	
REV1		1.0764027	
ARL3		1.0757467	
ZFP1		1.0746653	
AOC1		1.07457	
EPHX1		1.0744817	
EHBP1L1		1.0744442	
DPAGT1		1.0723505	
SPAG5		1.0723068	
CD6		1.0714006	
GSTA2		1.0706719	
ERFE		1.0704061	
C12orf60		1.0702968	
CLN5		1.0696131	
UBE3D		1.0694904	
LYNX1		1.0692135	
SHCBP1		1.0690793	
MCAM		1.0690128	
EXD3		1.0689272	
LDLRAD1		1.068602	
VRK2		1.0682094	
HOMER2		1.067761	
CREBZF		1.0669022	
SPATA6		1.0664407	
BLOC1S6		1.0663778	
FBXO24		1.066051	
ENSG00000213865		1.0660244	
RNASEK		1.0648447	
CLDN15		1.0645673	
UBE2E2		1.0640713	
PPIP5K2		1.0629027	
MAT1A		1.0627456	
TRMT44		1.0616714	
C1orf87		1.0608913	
PCDHGB3		1.0607466	
CALHM2		1.0603877	
TFG		1.0581235	
BATF		1.0577915	
CLGN		1.0577362	
SCFD2		1.0576504	
TRIP6		1.0571179	
PCYT1B		1.056809	
C3orf18		1.0557983	
RTL8C		1.0545298	
CLK1		1.053969	
PIGN		1.0537415	
SPIDR		1.0537299	
THSD7A		1.0536246	
PKIG		1.0534433	
COLEC12		1.0524848	
GTF2H3		1.051557	
CCHCR1		1.0513614	
ERV3-1		1.0509694	
EFCAB2		1.0509297	
CMBL		1.0504984	
FAM110D		1.0504838	
DHRS9		1.0496738	
NPAS2		1.0469241	
UACA		1.0454094	
SEPTIN1		1.0452409	
CD8B		1.0448065	
MYH7B		1.0443935	
KIAA1586		1.044228	
ATXN7L2		1.041496	
TMEM254		1.0409515	
CLCN2		1.0403091	
AMOT		1.0391397	
STBD1		1.0390953	
REPS1		1.0384488	
ADGRL3		1.0382651	
SLC7A6		1.0381348	
PPP5C		1.0380713	
PRPF38B		1.0377895	
PCDHA4		1.037711	
MAP4K5		1.0373391	
IL13RA1		1.0369859	
ZNF605		1.0368712	
GTF2B		1.0359446	
TMEM168		1.035392	
DYNLL1		1.0333519	
RPL7		1.033213	
EMCN		1.0321131	
ZFHX3		1.0319937	
LARP1B		1.0310273	
CD164		1.0308241	
ASPRV1		1.0302604	
DAB1		1.0295364	
EFNA4		1.0287198	
EEF1AKMT3		1.0281575	
RNGTT		1.0281326	
MTX1		1.027447	
SGIP1		1.0263792	
SPINK1		1.0262492	
ZNF665		1.0261365	
SORL1		1.0257999	
PNO1		1.0255042	
OLA1		1.0252328	
TXLNA		1.0248927	
TPT1		1.0244528	
PCDHGA6		1.0222706	
ASAP1		1.022179	
CLBA1		1.0219436	
UBE2G1		1.0215374	
PERP		1.0214753	
MRE11		1.021444	
GLDC		1.0206461	
CAPN13		1.0205735	
THNSL2		1.0196329	
CREB3		1.0194939	
STIMATE-MUSTN1		1.0189548	
TRA2A		1.0184383	
SLA2		1.0183227	
HOXB7		1.0182886	
C1QTNF12		1.0180916	
AK7		1.0174035	
FNBP1		1.0171831	
CD3E		1.0170908	
KIF2C		1.0169882	
CTSE		1.0167174	
HSD11B1L		1.0160012	
HAUS3		1.0153424	
PTN		1.0145452	
AGK		1.0143614	
C1orf74		1.0143396	
TACR2		1.0141549	
ZNG1E		1.0141324	
RASGRP1		1.0139611	
TNFSF14		1.0137947	
ERC1		1.0127386	
ANKLE2		1.011898	
ZBTB38		1.0118351	
ANXA6		1.0114526	
GJC1		1.0104393	
OSBPL8		1.010324	
DVL3		1.009983	
KPNA5		1.0091394	
SCAMP1		1.0086074	
RPS4X		1.0079714	
FBXO44		1.007041	
CTTN		1.00423	
ATG14		1.0034279	
SNX21		1.0032127	
RNF169		1.0026042	
ZNF217		1.0024649	
AGAP4		1.0014307	
MIDN		1.0014081	
TXNRD3		1.000953	
CNNM1		0.9999393	
CEP57		0.9994488	
ADORA1		0.99926627	
MAN2A1		0.99874926	
ZNF706		0.9983326	
CYP19A1		0.99804384	
ADAM8		0.99784666	
OCIAD2		0.99757266	
PHPT1		0.99617434	
KPNA2		0.99614954	
SRPX		0.9960809	
ENSG00000276256		0.9959126	
GFM2		0.9958646	
IL12RB2		0.995645	
GMPS		0.9955315	
MANEA		0.9951492	
PRRC2C		0.9947717	
SPESP1		0.99472547	
TMED9		0.9945408	
ABCC3		0.993527	
ROPN1L		0.99298126	
FAM8A1		0.9920416	
NLRP6		0.9919661	
C1orf50		0.9914947	
TSLP		0.9907964	
ATP6V1C2		0.99006927	
ZNG1F		0.9896101	
PTOV1		0.98959076	
BTBD8		0.9893924	
CDCP1		0.9886281	
SOCS1		0.9884196	
PLIN1		0.9881299	
SARM1		0.9853779	
LILRB4		0.9838068	
CCL16		0.9833397	
GPR3		0.9828308	
LATS1		0.98228717	
ZNF25		0.98172194	
VCF2		0.9808657	
TRIM66		0.98075795	
SCRN2		0.9806583	
TCERG1		0.9798036	
SRSF2		0.9796881	
SOWAHB		0.97796726	
HAUS5		0.9774474	
ISG20L2		0.97595507	
CHD2		0.97502804	
ETS1		0.9744857	
LRRC8C		0.9738117	
THPO		0.9734372	
LTN1		0.9731295	
DNAH10OS		0.9719478	
DDHD2		0.9717138	
KCNC4		0.97131085	
ADAMTSL5		0.9711422	
METTL9		0.96977127	
ZFAND3		0.96924615	
RLIM		0.96896183	
TMTC1		0.96887493	
DEFB1		0.96820617	
POU2AF3		0.96812665	
PROX1		0.96803904	
TMEM61		0.9677876	
ELOVL5		0.9676289	
NUP210		0.96650076	
SPG11		0.9664567	
MARCHF6		0.9661775	
CFAP298		0.96548605	
CPEB4		0.9654679	
HNRNPA0		0.9647683	
PRKD3		0.96401393	
FAM162A		0.96375793	
SLC38A2		0.9635947	
WWOX		0.96322995	
MAFF		0.9629907	
NAA80		0.9628451	
PACRGL		0.962385	
OSCP1		0.9623824	
BLM		0.9615557	
MTA3		0.9613579	
KANK1		0.9605526	
ZNF418		0.959906	
ZNF486		0.95943123	
SLC26A6		0.95836717	
CSTF2T		0.9569293	
DNAAF9		0.9561515	
SEMA4B		0.9547903	
XPO1		0.95448416	
TESC		0.9535873	
PIDD1		0.9534961	
SFMBT2		0.9534346	
KLHL28		0.9533494	
MS4A6A		0.9525493	
LAMB2		0.95206374	
KCNAB1		0.95178425	
ZNF599		0.95159584	
RPS17		0.9514737	
TM4SF19		0.9507225	
MAP3K8		0.95024955	
HOXC6		0.95007175	
SPIN2B		0.94899243	
MTHFSD		0.94899064	
C19orf44		0.9482346	
CPSF6		0.94756716	
TPH1		0.9474033	
GNA13		0.94682276	
IFRD1		0.9456105	
PAICS		0.945591	
PNMA2		0.9443938	
LRRC42		0.9443739	
ENSG00000243696		0.9435852	
SCX		0.94259816	
SNX6		0.9415374	
IFNG		0.9408806	
NDST2		0.9407181	
VCPKMT		0.9406215	
ENSG00000221995		0.9397604	
FGFR1OP2		0.9396777	
TSEN54		0.939427	
SLC7A4		0.9389118	
NBR1		0.9383623	
NEIL1		0.93771076	
FAM91A1		0.93724316	
GOPC		0.93703175	
CKMT1A		0.93668133	
ZNF606		0.936326	
ACKR1		0.93559915	
SLC39A7		0.9348728	
CHRNB1		0.9343659	
ZMPSTE24		0.93361175	
SPATA25		0.9331151	
NPIPB5		0.93278515	
SCUBE2		0.93266046	
RSPRY1		0.9319917	
MKI67		0.93192357	
MYH2		0.9315121	
DENR		0.9311395	
DEPDC1		0.9308373	
RPP40		0.9306081	
OSBP2		0.9305816	
KMT2B		0.93053603	
GAS2		0.92915195	
TMEM138		0.9283594	
ZNF17		0.92821974	
RPS23		0.9276881	
ARSB		0.9266182	
CAPZB		0.92639935	
ARMCX3		0.92572796	
NTAQ1		0.9246201	
RB1CC1		0.92266816	
ERLIN2		0.9224906	
ZNF850		0.92187035	
SETD1B		0.92153513	
CYS1		0.92130905	
ANGEL1		0.9189802	
SELENOS		0.918634	
TNFSF13B		0.91786575	
MAML2		0.91742796	
CABIN1		0.91735625	
PRRT4		0.917343	
TMEM135		0.91733193	
SPDEF		0.91691786	
WDHD1		0.9169075	
DGKG		0.9151657	
UBAC1		0.9151021	
OGFOD2		0.91467184	
PGBD5		0.913919	
CD180		0.9136931	
DDX21		0.9134095	
STK17A		0.9131528	
APOE		0.9120393	
APBB3		0.91128975	
CD209		0.910369	
F8		0.910368	
CEMIP		0.91015434	
RC3H2		0.9099426	
TAF7		0.90950173	
MTCP1		0.9088078	
NECTIN4		0.9087804	
DSE		0.90868604	
C5AR1		0.90856946	
TTC32		0.9074138	
SETD2		0.90734214	
PRPF40B		0.9070979	
LRRC37B		0.9064314	
MYNN		0.9063982	
KICS2		0.9053043	
LRRC56		0.90456957	
SNHG32		0.9045106	
AASDH		0.90423	
KIF20B		0.90402246	
RBM33		0.9032984	
NPIPB4		0.9031791	
EGR2		0.9026108	
MTUS1		0.9022776	
SYNPO		0.9022584	
SLC2A3		0.9016858	
TTLL1		0.90096664	
CDADC1		0.9007396	
RBAK		0.90039915	
LRRC14		0.8999359	
FAM210A		0.89940906	
STK39		0.89815784	
SLC25A29		0.8979657	
AHR		0.89662206	
MED12		0.89649844	
CARD14		0.8963602	
TTK		0.89609104	
C2CD4A		0.895874	
FANCD2		0.8958465	
PPP1R3F		0.8948834	
ME3		0.8944547	
XRN1		0.8944229	
ZNF506		0.89411485	
FAM185A		0.89409006	
CARNMT1		0.8930288	
DCUN1D1		0.892677	
ZRANB2		0.8912028	
SH3TC2		0.890793	
FBRS		0.8900458	
PIK3R1		0.88965726	
SAMSN1		0.8895439	
KAZALD1		0.88931173	
ICE2		0.8892953	
LOXL3		0.88916373	
TGFB2		0.88867253	
B4GALNT2		0.8880277	
ANKRD39		0.8878697	
CHRNA5		0.88713056	
BLMH		0.88663024	
SFXN5		0.8865235	
ABCA5		0.88542545	
KREMEN1		0.8842694	
CEP250		0.8837974	
B9D2		0.8834892	
C11orf58		0.8833967	
NDUFAF7		0.88290983	
MAP4		0.88243705	
ZNF226		0.88188976	
ADA		0.88170654	
FBXO28		0.88126516	
ACOT11		0.8811998	
TXNDC12		0.88015866	
TRAT1		0.880149	
FOXA3		0.87996626	
RPL5		0.87983847	
ZAP70		0.87976635	
GAS2L1		0.87957644	
OTUD4		0.87940353	
FAM151B		0.87897384	
KLHL33		0.8788624	
ARLN		0.87774014	
PCSK7		0.87762904	
KCTD17		0.8756737	
PBRM1		0.8754102	
WDR11		0.87537557	
TIGD4		0.8744109	
ZBTB1		0.8743498	
TMEM40		0.8741058	
PARP8		0.87378675	
JUND		0.87370855	
MS4A6E		0.8731495	
TTC34		0.8727355	
SLC16A4		0.8722347	
PCMTD1		0.87213516	
KCNIP1		0.8715709	
CHURC1		0.8715497	
DCAF12		0.8713248	
TNNI2		0.8708653	
SLC26A7		0.87038505	
MBD4		0.8694904	
LENG8		0.8690912	
STYXL1		0.86897844	
DNAJA1		0.86806023	
GLP1R		0.86796886	
AP2A1		0.86789185	
TMCC2		0.8675279	
MFSD12		0.867426	
ITCH		0.8669805	
APOB		0.86692375	
NOP58		0.86566836	
RUSC1		0.86520755	
FAM98A		0.8651932	
TCAF1		0.8637656	
TSPAN33		0.8636338	
MAML1		0.86326325	
DNAH5		0.861304	
HYKK		0.8610812	
ZBTB7C		0.8606438	
MKRN2		0.8606434	
KRT13		0.8605815	
TCN1		0.86026543	
ZNF141		0.86025465	
C17orf58		0.8599632	
RSKR		0.8593083	
UTP25		0.8586468	
CCDC14		0.8582865	
DALRD3		0.8582299	
FUT10		0.858181	
ADM5		0.8579869	
GGT7		0.8576929	
NEIL2		0.85765505	
DDOST		0.85736686	
AVPR2		0.857358	
MIGA2		0.85731816	
IKZF3		0.8571096	
LSM11		0.85706645	
FAM199X		0.8570095	
MTREX		0.85688657	
COMMD10		0.85648465	
SYT7		0.8562642	
PDIA3		0.8559577	
ANKRD65		0.855242	
IL1RN		0.8548768	
MRPL42		0.8539899	
ZNF320		0.85386467	
SMIM5		0.8537761	
MDN1		0.85356617	
HELB		0.8532589	
CYP26B1		0.8529285	
PDIA6		0.85281634	
KCNJ8		0.8520044	
HOXA3		0.8519767	
TPSB2		0.8519627	
ALG10B		0.85064113	
EPHX2		0.85022724	
CDC6		0.8494683	
SF3A1		0.84916973	
ZRANB1		0.8483041	
IFT88		0.8477796	
ADM		0.8474014	
MCTP2		0.84686226	
ZNF607		0.8461625	
ERGIC3		0.84574896	
ORC6		0.8449111	
RASA2		0.84462905	
KLRK1		0.84440523	
WDR45B		0.8433949	
ZNF674		0.8431058	
LATS2		0.8424187	
SRP72		0.842327	
RBMS1		0.84226114	
SSH1		0.84158236	
CD3D		0.8407186	
RIN1		0.8403463	
CEP44		0.8397469	
APPBP2		0.8391098	
TCEAL1		0.83888245	
ICE1		0.8385586	
KCNMB3		0.8385538	
SEL1L		0.83711755	
KCTD13		0.8368434	
ARIH2		0.8367515	
EPS8L1		0.8367304	
LRBA		0.83506435	
COA1		0.8344357	
ARHGEF39		0.8341889	
CYP2J2		0.8340117	
IFT70B		0.83365935	
CACNA1H		0.833164	
SMARCAD1		0.83289576	
DUSP15		0.83250636	
ARGLU1		0.83225197	
ESCO2		0.831213	
MPZL2		0.8310623	
UBA5		0.8309221	
COL28A1		0.8298212	
ZFP2		0.82921904	
ZNF562		0.8289781	
GPRC5B		0.82849467	
GOLT1B		0.82841	
NKTR		0.8279812	
HFE		0.8276781	
F13A1		0.8266301	
KRT23		0.82513756	
GNAI3		0.8249683	
DYNLT1		0.82448405	
TMEM71		0.823814	
MYO16		0.8229743	
ATP6V1E2		0.82109547	
RAVER1		0.820599	
ASNS		0.82030296	
YAF2		0.8202721	
DDX42		0.8200982	
SARDH		0.81996846	
CEP295		0.819333	
BCL2		0.81900716	
BAHCC1		0.8184909	
TYW5		0.8182306	
UBE2S		0.81796885	
ID4		0.8162927	
EEA1		0.815839	
CX3CL1		0.81493264	
DIPK2A		0.814409	
MAPK1IP1L		0.81414187	
ENSG00000130489		0.8140147	
ZMAT1		0.81394565	
TNPO2		0.8132235	
SOCS6		0.81276447	
ACOX3		0.81236607	
TMEM233		0.8119321	
ZFAND4		0.81106484	
MED14		0.8102576	
CD40LG		0.80937034	
PABPC1L		0.80821985	
RIPK2		0.80808645	
KATNBL1		0.80769974	
ABCE1		0.80661255	
MECP2		0.8063087	
BIRC5		0.80570924	
GBE1		0.8054114	
TRNP1		0.80503184	
TBC1D31		0.80475885	
ST3GAL3		0.80395246	
SNCG		0.80374265	
PCDHA3		0.80331683	
C16orf87		0.8031847	
RPS6KA6		0.8031357	
ABCC1		0.80298704	
TARS3		0.80272067	
ECI2		0.8023583	
SNRPA1		0.80229354	
FSBP		0.8008328	
OTUD7A		0.8007766	
DCAF13		0.80074364	
PLEKHH2		0.7996034	
CHTF18		0.79953086	
UFL1		0.799439	
GOLGA6L9		0.7985723	
HPD		0.7985491	
VPS45		0.79822725	
SPATC1L		0.79756176	
RPA2		0.7974847	
ZNF510		0.79718393	
ARL17B		0.7953735	
ZNF544		0.79497874	
FLYWCH1		0.7942574	
ETV6		0.79398584	
SAMD4A		0.7935115	
FAM124B		0.7926324	
EEF1B2		0.79131216	
ADAT1		0.7912363	
WDR20		0.7911675	
MEX3D		0.7911364	
MSH2		0.7909311	
CMTM3		0.7893375	
TAGLN2		0.7889755	
NUFIP1		0.78863883	
ALG14		0.78679633	
HOMER3		0.7862104	
NAAA		0.7854727	
METTL21A		0.7853516	
MYBL1		0.7850901	
HOXC8		0.78505343	
KLHL22		0.78440654	
NAA50		0.7830042	
APP		0.782481	
THAP2		0.7822964	
JPT2		0.7817161	
PDE7A		0.7814316	
PLEKHG4B		0.781141	
H3-3B		0.7809063	
HTRA2		0.7805431	
TRIM31		0.78035176	
NUP153		0.779818	
ZNF609		0.7793734	
TMT1A		0.7792229	
CCNE2		0.77919304	
SLFN11		0.7789663	
C9orf43		0.77861834	
ZNF654		0.777549	
KATNB1		0.77689296	
NOP53		0.77611446	
TAF1D		0.77566445	
PCDHB9		0.77550787	
SLC25A18		0.7729561	
NEGR1		0.77290154	
ECT2		0.772506	
ROCK2		0.77233136	
GTSE1		0.7719102	
LGI4		0.7716857	
PHF8		0.7713188	
SNX15		0.7707707	
SYNCRIP		0.77076596	
BMPR1B		0.7706801	
SPATA24		0.7703173	
PRDM6		0.7696458	
CXCL5		0.76856667	
INSR		0.76836723	
CENPM		0.76714987	
FAM13B		0.7660086	
PEX26		0.7656076	
SNX29		0.76406324	
PMEL		0.7632824	
TANGO6		0.7629657	
OLFML1		0.7620917	
NXN		0.7618542	
RPL22L1		0.76167864	
UHRF1		0.7607602	
ZNF550		0.76032764	
SETX		0.75849104	
SLC30A4		0.75787574	
ASAP3		0.75756216	
PTS		0.7572626	
TRAM2		0.75694007	
ZNF354C		0.75672984	
BLZF1		0.7562893	
ZNF785		0.75541	
FZD1		0.7540368	
SLC35B2		0.7537041	
CCT3		0.7534589	
STRAP		0.7525755	
KLHDC9		0.7521832	
MTA1		0.75142586	
LINS1		0.750748	
BCL2L14		0.7502076	
IL16		0.7500815	
RHEX		0.7499779	
RAVER2		0.7496046	
SAMD3		0.7491977	
HSPA5		0.7488965	
CTDSPL2		0.74881095	
CKAP4		0.7483775	
CCL3L3		0.747476	
NIPBL		0.74730766	
KMT5B		0.74665505	
CRAT		0.7451008	
APOBEC3F		0.74469537	
KPNA7		0.7444497	
UPP1		0.7438245	
CDIP1		0.74377775	
SRRM2		0.74311936	
LIPN		0.7429212	
TTC12		0.7427576	
CCDC71L		0.7426926	
SRGAP2B		0.74136984	
LYPD6B		0.7411847	
MS4A2		0.74009556	
SEC31B		0.7400886	
FAM149B1		0.74007	
RBM43		0.73931664	
FAAP100		0.7384287	
USO1		0.7383594	
ZNF345		0.73816705	
ZNF266		0.7373935	
AKAP8L		0.7373696	
RASA4		0.73723495	
PCSK4		0.736459	
ZEB1		0.73621064	
DNAAF10		0.7348331	
ARHGEF35		0.73471075	
SPAST		0.73449904	
PRORP		0.7341397	
H2BC11		0.734022	
ZNF585A		0.73293215	
CLEC4G		0.7326494	
HS3ST6		0.7323365	
POFUT1		0.73212063	
WDR46		0.7310281	
USP10		0.7306559	
CHST4		0.7304698	
ERCC3		0.72876203	
ANAPC4		0.7284941	
PPME1		0.7282123	
FAM221A		0.7280859	
PTBP3		0.7280771	
NUP54		0.7278895	
PAN2		0.7276462	
LY6H		0.7271326	
DDIT4L		0.72693944	
ARMH1		0.7268591	
ARMC12		0.7264574	
G2E3		0.72591513	
TTC17		0.7257071	
LAMA4		0.7257037	
KCNIP2		0.7248709	
SUSD6		0.72479945	
CALCA		0.7242073	
FCER1A		0.7240796	
FTSJ1		0.7233702	
CXXC5		0.7229437	
CCNE1		0.72220474	
ANKRA2		0.7220045	
ZBTB25		0.72175217	
ZNF528		0.72155917	
TESPA1		0.7213276	
PABPC5		0.721186	
PCDHGC3		0.72116137	
RNASE6		0.7198254	
RBM4B		0.7197936	
DEXI		0.7183086	
GNPNAT1		0.7179379	
SENP6		0.7178072	
ZNF821		0.7175134	
ABHD13		0.7171834	
PRCD		0.71707	
MIS18BP1		0.7165035	
CEP78		0.7162509	
EFEMP1		0.7160394	
ATP8B3		0.7160097	
ANO6		0.7138039	
USP21		0.71364707	
OTUD6B		0.7134441	
LEFTY2		0.71288896	
KCNE1		0.7125106	
ANKRD12		0.7116636	
ZNF337		0.7114918	
KCNRG		0.71101177	
PPP2R2D		0.7102436	
ZNF66		0.7100268	
POLQ		0.7098757	
GPT2		0.70969886	
CCL4		0.7072364	
C8orf34		0.70698464	
PIGU		0.7069689	
PASK		0.70637596	
CENPT		0.70585614	
SLC20A2		0.70528287	
ZNF23		0.705276	
SBNO2		0.70516837	
SPIN3		0.7047465	
SKI		0.70470464	
SRPRB		0.7045709	
PPRC1		0.7035539	
PCCA		0.7031849	
ZNF260		0.70207214	
BCAS2		0.7017075	
SSB		0.70168614	
LRRC8A		0.70143205	
ASAP2		0.701304	
TM4SF1		0.70122385	
BASP1		0.7009264	
NAP1L1		0.7006038	
GALNT7		0.7005481	
RPL22		0.70051444	
CADM4		0.6987543	
SLC22A5		0.6979814	
PRRG1		0.69743425	
WARS2		0.69722074	
BORCS5		0.69665223	
STRBP		0.6964838	
CCDC86		0.6953934	
C6orf52		0.6951578	
RPRD2		0.69475764	
SPAG1		0.69431335	
AGL		0.69404393	
MICAL2		0.69349855	
NUDCD1		0.69315434	
HEMK2		0.6927425	
ZNF33A		0.6923057	
PURB		0.69225234	
TMED3		0.6918667	
EMC10		0.69182956	
IRF6		0.69165605	
GPR180		0.6911577	
RRM2		0.69113946	
ARHGAP24		0.69113666	
MAP3K10		0.6905627	
PLIN3		0.6893453	
KCTD3		0.68915033	
AGBL5		0.6889675	
SPOCD1		0.68877244	
FEM1C		0.68637085	
TRADD		0.6852383	
PLK2		0.6839019	
SEMA6B		0.6830865	
BCL7A		0.6827589	
MCM9		0.68241847	
ACIN1		0.6821934	
EIF3C		0.6816253	
FOXM1		0.6811505	
NAP1L2		0.6804188	
NEXMIF		0.68023694	
ZNF610		0.67940724	
NOTUM		0.6781736	
ACTR6		0.6781006	
CHST14		0.6777849	
HOXA7		0.6772066	
FOCAD		0.67695826	
S1PR2		0.676521	
BICRAL		0.67647296	
HACD3		0.6764573	
FIP1L1		0.67496574	
COX11		0.6749253	
TSR1		0.67465514	
AGPAT1		0.6741516	
PLEKHA7		0.67414516	
LGMN		0.67384017	
SNRPN		0.6734043	
TRMT13		0.67325985	
PORCN		0.6730488	
LPAR3		0.671727	
ULK4		0.6712146	
FRMD4B		0.6703136	
NAA15		0.67015564	
EXOG		0.669143	
PLEKHG6		0.668343	
TMTC4		0.6675621	
SPCS1		0.66737103	
CA11		0.6672806	
YTHDC2		0.6670818	
ZNF286B		0.66700274	
KIF18B		0.66599476	
TMEM86B		0.66553247	
LRCH2		0.6649685	
SIMC1		0.66450626	
ATXN2		0.66445464	
ATG12		0.6642072	
ACAD10		0.6634726	
KLHL31		0.66316015	
ARHGEF10L		0.6631264	
IFT70A		0.6626422	
CSNK1G1		0.6623824	
AKAP10		0.66120213	
PSME4		0.6611144	
TMOD1		0.66037834	
FOLH1		0.6583113	
CCNA2		0.65811086	
TPSD1		0.6578765	
CHAF1B		0.6577046	
DYNLT3		0.65758884	
PJA2		0.65645945	
ZNF484		0.6564158	
CCNB1		0.65640724	
FBXO34		0.65596646	
BBLN		0.6559166	
SIK1		0.65533435	
RPL10		0.6552168	
MIER3		0.6550944	
HSP90AB1		0.65454704	
DDX10		0.65423584	
LPIN3		0.6535849	
TEKTIP1		0.65241975	
PGAM1		0.65223306	
ZNF169		0.6516853	
CDCA4		0.65109086	
GALNT14		0.65049994	
TBC1D8		0.6503611	
RAI1		0.65026146	
NARF		0.6502165	
GJA4		0.6498457	
EVI5		0.64947706	
CALHM6		0.64912456	
DRAM2		0.64887816	
BICRA		0.64792657	
TRAIP		0.6466026	
PSTK		0.64597535	
PHLPP2		0.64546144	
NCAPG2		0.6449576	
NME4		0.6449516	
EDEM3		0.6449351	
MOSPD1		0.6448456	
TXLNG		0.64471245	
ZNF692		0.6447067	
PPP1R14C		0.6442566	
TESMIN		0.64424074	
ENPP5		0.64344114	
PLXNA2		0.6426445	
AGAP2		0.6425061	
FRAS1		0.6424351	
RNF11		0.6419217	
KRBA1		0.64161795	
BCAR1		0.64161783	
ANKAR		0.6415684	
GLP2R		0.6398727	
PLEKHA3		0.63965553	
H1-10		0.6389874	
SIN3B		0.63883203	
NELFCD		0.6383354	
WDR19		0.63792133	
TTPAL		0.6377636	
ISG20		0.63725996	
SLC27A1		0.637232	
BSDC1		0.6349009	
TMEM154		0.63354385	
CYP4F12		0.6325991	
HACD4		0.63226724	
HERPUD2		0.6319953	
C2CD6		0.63134557	
ATRN		0.6313454	
ATG2B		0.6309903	
SKA3		0.63052285	
AMER1		0.6304891	
CENPH		0.6300812	
PPP2CA		0.62984204	
FUNDC2		0.6291454	
SSR3		0.629057	
SNRNP200		0.6288565	
NCKIPSD		0.62876976	
RAB18		0.62867606	
PLAUR		0.62839776	
PPP1R15A		0.6283901	
CPEB2		0.62647426	
SMPD2		0.6264667	
ARHGAP17		0.62610084	
ADGRG4		0.6260632	
MCU		0.6254945	
FRMD4A		0.6252825	
ZSWIM6		0.6251836	
ANGPT1		0.6250507	
SKIC3		0.62464154	
DNAJC17		0.62411255	
PITRM1		0.6231567	
KLHL42		0.6221643	
PRR16		0.62198955	
SLC4A4		0.6210945	
IRAK1BP1		0.62090814	
TLK1		0.62089103	
CTU2		0.6201373	
ZNF136		0.61978585	
PPP2R3A		0.6189901	
RNF138		0.6183388	
GABPA		0.6179684	
LRFN3		0.61592305	
EGFR		0.6156513	
CLK4		0.61428386	
SIT1		0.61408156	
PIGG		0.61395115	
MESP1		0.61391467	
HNRNPDL		0.61367846	
AP3B2		0.6127154	
KRR1		0.612238	
ZNF426		0.6121817	
FGF2		0.6118296	
ZNF142		0.6116704	
BTBD10		0.6114249	
SRPX2		0.61124736	
ZG16B		0.6110389	
THEMIS		0.6106643	
ETS2		0.6075605	
TNRC6A		0.6074616	
YOD1		0.60742724	
ZNF558		0.60737115	
WIZ		0.6073242	
EHD3		0.6069795	
ASXL1		0.60652125	
UBE2A		0.60618895	
ADAM15		0.60562164	
BARD1		0.60459775	
KRT80		0.60441685	
TMED4		0.6036774	
ITGA1		0.6034096	
RPL6		0.60322756	
CNRIP1		0.6032013	
RMI2		0.60234535	
LANCL2		0.6022892	
DHH		0.60162205	
PSIP1		0.60153633	
NUF2		0.60142225	
ILF2		0.60111266	
SOCS4		0.6005449	
PPM1H		0.6004987	
TXNDC16		0.598149	
CRPPA		0.5981327	
MND1		0.5981176	
TBC1D9		0.5980697	
AKAP9		0.59773934	
TIMP1		0.59644014	
BRIP1		0.5950366	
ERCC5		0.59450364	
ZNF500		0.5939309	
CTSL		0.5923489	
GLB1L2		0.5922673	
FAM111B		0.59225905	
RSPH3		0.59192765	
ZSWIM4		0.59153867	
TOR1AIP1		0.59146285	
LRRC27		0.5908953	
TEN1-CDK3		0.5907696	
CGRRF1		0.590455	
SON		0.59040946	
VANGL2		0.5901932	
TSPAN10		0.5900391	
ENSG00000276289		0.5897845	
HLA-DQA1		0.58957267	
HAMP		0.5882897	
MYH1		0.58772045	
HBS1L		0.5869546	
MFF		0.5862136	
ZNF134		0.5854892	
CDK1		0.58519614	
PTPN20		0.5850908	
ZNF565		0.5849797	
SFT2D2		0.5846124	
PIK3CA		0.5842209	
MRPL50		0.5841152	
ECHDC2		0.5839282	
AHCYL1		0.58381885	
GVQW3		0.58339953	
SOS2		0.5828855	
PEG3		0.5827775	
ZCWPW1		0.5826986	
CDC42EP3		0.58176535	
SLC35F5		0.58161014	
SKAP1		0.58143234	
TBC1D5		0.5809697	
LRAT		0.5809407	
SYCP2		0.58005166	
PPP1R13L		0.57983226	
PFAS		0.5796861	
RWDD4		0.5795123	
DDO		0.5788255	
IPMK		0.5786922	
ZNF627		0.5779317	
WDR48		0.57790476	
BYSL		0.57755387	
ZDHHC23		0.577342	
UBA2		0.5769049	
CDC25C		0.5768193	
TM9SF2		0.575896	
INHBA		0.5752877	
GINM1		0.57524943	
PIK3C3		0.57504475	
NDUFA13		0.5742189	
POLE2		0.5741743	
AGO2		0.57413995	
LTBP4		0.57403237	
GINS2		0.5736041	
MAMLD1		0.57349116	
RCAN3		0.57333696	
UBE2J1		0.57317793	
PLA2G12A		0.572329	
ARHGEF37		0.57225364	
CYTL1		0.5719831	
FANCA		0.5706916	
RUVBL2		0.5701088	
IWS1		0.5699278	
PPP1R16A		0.56958735	
VTA1		0.56906796	
GGT6		0.5686479	
CIB1		0.5685932	
RGS10		0.56834024	
RBPJ		0.5677534	
PABPC1		0.56730884	
SMAD1		0.56717545	
TRAF3IP3		0.5669218	
CHADL		0.56616706	
SPOCK1		0.5659635	
RBM18		0.56524867	
SCML1		0.56523186	
SETD9		0.56486917	
FAM228B		0.5647936	
ENSG00000258311		0.56464463	
CCDC167		0.5643761	
PDXDC1		0.56378955	
NAA30		0.56347585	
RESF1		0.56342626	
CDT1		0.5630167	
GALNT17		0.5627699	
APOO		0.5624966	
ELAPOR1		0.56247556	
SYCE1L		0.5622351	
CDC20		0.5619168	
KLF16		0.5616856	
EZR		0.5613248	
MED13L		0.56115526	
JARID2		0.5609307	
RAP1B		0.56075424	
PRIM2		0.5589648	
MYCBP		0.55886483	
PARP4		0.55837095	
KDM1B		0.55733526	
TFR2		0.5572402	
ZNF814		0.5570544	
DPY19L3		0.55651355	
KIF15		0.5553568	
CELSR1		0.5550157	
PANK4		0.55441654	
CARM1		0.5532144	
TCF7		0.55286944	
SCML4		0.5527164	
SDHC		0.55241257	
SMIM14		0.5522335	
ATAD3B		0.5521136	
HSD17B13		0.55165106	
ZNF618		0.5514567	
THOC7		0.55097497	
AMFR		0.5504193	
MDC1		0.5498758	
LYPLA1		0.54978514	
EDN1		0.5496144	
ZNF117		0.549347	
GPR34		0.5491322	
LCK		0.5487849	
TGM2		0.54769975	
SIGLEC15		0.5475225	
NPIPB2		0.54747003	
CALM1		0.54646367	
DDR1		0.5463043	
SFXN4		0.5458273	
GPRIN1		0.54522127	
NAA25		0.5439543	
DEPDC1B		0.542823	
DCAF6		0.5419549	
PSMC6		0.54187864	
CXCL9		0.54179674	
DSTYK		0.54179513	
CALHM5		0.5414988	
HOXB2		0.54141825	
PEX3		0.54130524	
UCP3		0.5411313	
DDX46		0.54089886	
PPP2R5D		0.5400702	
RFC5		0.5395338	
GNL1		0.5390414	
ADAD2		0.53885937	
SCLY		0.5387694	
SNAP47		0.5386866	
SUPT16H		0.5384338	
NAV3		0.53751	
XRCC3		0.5364504	
YPEL1		0.5360379	
KLHL26		0.5357815	
PPP4R1		0.5354572	
PIKFYVE		0.535375	
CLASRP		0.5353394	
USP34		0.5350392	
ZNF800		0.53497183	
GINS1		0.53370273	
PABIR3		0.5333674	
HCN3		0.53301936	
GNL3L		0.53273636	
GANAB		0.53250074	
IL17D		0.532448	
EIF2D		0.53182244	
STAT2		0.53181636	
CPT1A		0.53115636	
SLC12A2		0.5307575	
CRY2		0.53045505	
TCP1		0.53013235	
RXRB		0.52973664	
MDGA1		0.5282092	
BCOR		0.5280939	
GLIS2		0.5277824	
RPS10		0.5270401	
TMA16		0.52703947	
ATL2		0.5269462	
SLC37A2		0.5266762	
SCUBE1		0.52432996	
SLC29A3		0.5242035	
IQCE		0.5225551	
PSMC3IP		0.5223559	
THRB		0.52207375	
TGFBR1		0.5212413	
MCF2L		0.5212024	
LEPROT		0.52062684	
TCF20		0.52008903	
KDM4C		0.52008635	
D2HGDH		0.51980746	
ETNK1		0.51848024	
RANBP3L		0.51763445	
CCND1		0.5175018	
TNR		0.5174102	
SRPK2		0.5167894	
SRPK1		0.5157588	
CSF3		0.51575273	
SEC11C		0.51539403	
RPL15		0.51505756	
ZBTB49		0.5147416	
PRR5L		0.5141983	
DMXL1		0.5137342	
TEP1		0.513602	
FUT4		0.5124376	
TTLL7		0.51231885	
XRCC2		0.51210207	
ARMC8		0.5117661	
TRIM52		0.5109329	
SGCA		0.5109142	
PYCR1		0.51086783	
CCN5		0.5107595	
TMEM123		0.5106113	
SMURF1		0.50961095	
MAPRE1		0.50960547	
TEAD1		0.50905496	
CACNA1I		0.50843513	
UVRAG		0.5081065	
GLA		0.5073714	
MED1		0.50717497	
SPCS2		0.50715333	
MANF		0.5068515	
FASTKD2		0.5061868	
TNIP3		0.50579005	
ANAPC2		0.5056463	
AMZ1		0.5054695	
HMGN3		0.50476664	
BTF3		0.50447243	
VIT		0.50427985	
GOLGA8N		0.5042555	
LGR5		0.50406253	
PAK1IP1		0.50391287	
NAE1		0.50389206	
ABCG2		0.50363004	
LYRM4		0.503304	
ACSL3		0.50323665	
TRAF3		0.50314116	
AUTS2		0.5030689	
FBXL5		0.5030536	
NOM1		0.5030021	
CEP19		0.50297236	
KLF7		0.50260365	
SLFN12L		0.5022019	
F10		0.50210416	
SRSF11		0.50174385	
POMK		0.50166553	
FBH1		0.50136817	
SIRT5		0.50101703	
FN3KRP		0.50015974	
ACAP1		0.49989063	
CRACDL		0.49937466	
MRI1		0.49928597	
METTL1		0.49842384	
PLEKHH1		0.49814135	
PIPOX		0.4977203	
MEGF11		0.49748653	
FAT3		0.49740013	
TAS2R5		0.4970854	
TMEM178A		0.49668393	
C5orf34		0.49629444	
NCAPG		0.49562994	
ZKSCAN7		0.49502954	
TNNI3		0.49429166	
MAPDA		0.49392796	
KCTD12		0.4937215	
SKA1		0.49369588	
TCFL5		0.49352363	
ANKHD1		0.49299648	
CCNL2		0.49280623	
PARP3		0.4925769	
GTPBP4		0.49201348	
ZNF841		0.49151218	
DDHD1		0.49081334	
BLTP1		0.49066705	
METTL25		0.48991996	
GORASP2		0.4898501	
IMPA1		0.4889017	
CCNG1		0.4886287	
PTK2		0.4876243	
TRAM1L1		0.48732212	
ZNF776		0.4870359	
SPNS1		0.48694196	
STX16-NPEPL1		0.48677707	
MAPRE3		0.48662618	
DENND5A		0.48630634	
MED23		0.485767	
PDE12		0.48562923	
SLC25A17		0.48381957	
ADNP		0.4837239	
RIF1		0.4817647	
BSN		0.48170438	
ZDHHC20		0.4816563	
DNPH1		0.48165578	
CCL4L2		0.4813989	
SESN2		0.48127505	
TLCD3A		0.4807372	
TGDS		0.47949126	
CRYZL1		0.47948974	
KDM2B		0.47945067	
PDZD7		0.47924462	
LYPD6		0.4791914	
URB2		0.4789954	
SIRT1		0.47814375	
WDR59		0.47806892	
FAM76B		0.47793892	
NOA1		0.4777986	
RBL1		0.47767007	
PCDHGB6		0.47750983	
XRCC4		0.47707644	
GSTM3		0.47696033	
RGL2		0.47647315	
DYRK1A		0.47630423	
TASOR		0.4759798	
TSTD2		0.4751904	
NBPF14		0.47451827	
ZNF638		0.47423974	
ZNF658		0.47413984	
FANCI		0.47411376	
CXCR3		0.47400117	
DUSP18		0.47367975	
SLC23A2		0.4730031	
ENPEP		0.47261402	
ZNF3		0.4723517	
FBXW8		0.4723426	
CCNG2		0.47184086	
TRPC6		0.47152895	
TAS2R4		0.47147146	
DNHD1		0.4703378	
CDCA3		0.4701415	
ENPP2		0.46965763	
VWC2		0.46957454	
ITM2A		0.4695157	
TMEM201		0.46847576	
IL4I1		0.46740705	
EPS15L1		0.46667182	
GABRE		0.46653986	
CCDC150		0.46605423	
HERC4		0.46533027	
ZNF783		0.46530855	
ACVR2A		0.46509886	
MPHOSPH6		0.46488437	
ZNF451		0.4643274	
PHF1		0.46399668	
UBR7		0.46383208	
PWWP3B		0.4636296	
RAD51C		0.46359283	
HMG20B		0.46317536	
CASTOR1		0.46231097	
FKBP3		0.462183	
ITGB3BP		0.461825	
CSNK2A1		0.4611726	
L3MBTL3		0.45968047	
VEZT		0.4588357	
HSPD1		0.45847696	
DNAJC3		0.45831972	
CD8A		0.45691743	
CHI3L1		0.4569013	
BBS1		0.45634633	
NR2F1		0.4551177	
PWWP3A		0.45493197	
UTP14A		0.45487088	
KIT		0.45466092	
THOC1		0.4546274	
RPA1		0.4541452	
SYNE1		0.4538534	
C9orf85		0.45357472	
DNAJA2		0.45338175	
EIF3A		0.45227742	
USP43		0.4520033	
PDCD6		0.45193386	
AADAC		0.4517394	
MAF		0.4515027	
DNMT1		0.45106253	
RBPMS		0.45060748	
ENSG00000263264		0.4501631	
RASGRP3		0.44979492	
ZNF518A		0.4495879	
DDX56		0.44861236	
NXT1		0.44804698	
TEDC1		0.4479479	
MORC3		0.44765767	
AKAP8		0.44752702	
TCF25		0.44742438	
ARHGAP8		0.4472579	
UBE2T		0.4470989	
PHF20L1		0.44708806	
YY1AP1		0.44668677	
GNB4		0.44624802	
CDK17		0.4461522	
H2AC6		0.44595638	
NFKB2		0.4459551	
PAQR4		0.4447229	
DDX6		0.44411793	
PSPH		0.44406706	
LARGE2		0.44355807	
ANPEP		0.44307685	
CDC40		0.4429712	
TLR10		0.44279113	
BUB3		0.4427052	
KLHL11		0.44252723	
ST13		0.44167617	
RELB		0.44160405	
ABRAXAS1		0.44152474	
GALK2		0.44135207	
DCAF10		0.44127607	
PDE8B		0.4408569	
TOP1MT		0.44065803	
RPL30		0.44007802	
PHF6		0.43961334	
QPCT		0.43942806	
SLC22A16		0.4393734	
TMTC2		0.43822992	
TDRP		0.4378044	
EPPK1		0.43772906	
NEDD1		0.43751535	
ST3GAL1		0.4372588	
TNKS1BP1		0.43708217	
YARS2		0.43682808	
TRPM7		0.4367047	
ENSG00000273748		0.43661386	
TRAPPC2B		0.4358508	
FOXF2		0.4354167	
PRMT2		0.43439582	
RUFY3		0.43283293	
NUP160		0.43222886	
MED20		0.43113276	
ZFX		0.43077806	
MAGI2		0.43058962	
KIDINS220		0.4305726	
PLPPR2		0.43001738	
CFAP20		0.4298829	
CFAP410		0.42923847	
RAD52		0.42914733	
YWHAG		0.428513	
UNG		0.4278571	
TNFRSF11A		0.4276027	
TGIF2		0.42758286	
PCDH18		0.42720664	
ADCY4		0.4271187	
TP53I13		0.42672792	
CYCS		0.4267015	
PTGES3		0.42615142	
PTGFR		0.42517963	
P2RY6		0.42502412	
RALGPS1		0.42486516	
NICOL1		0.42452416	
REEP3		0.42448953	
CBLC		0.4243042	
NBPF11		0.42422658	
KDM7A		0.42395967	
SLC29A1		0.4236497	
NFKB1		0.42327723	
RING1		0.42324784	
NCBP2		0.4227794	
ATXN2L		0.42253804	
UBE3C		0.42236757	
TMEM30A		0.42232785	
NSF		0.4215749	
TM9SF4		0.42100435	
RBM6		0.42077115	
PRPF39		0.41967148	
TRMT6		0.419443	
CDC42SE2		0.41942182	
ZNF575		0.41930723	
FBXO11		0.41900834	
CRYM		0.41886637	
PSENEN		0.41702157	
STRN3		0.41601542	
SLC36A1		0.41581824	
ZBTB41		0.41565818	
IL34		0.41561505	
RAD51		0.41530302	
BAIAP2L1		0.41506785	
LRRC18		0.41490385	
LBH		0.41476807	
E2F3		0.41475746	
HOMER1		0.4142633	
APOD		0.41393003	
EMC1		0.4137668	
EXOC2		0.41363624	
GSTA3		0.4132201	
ZNF214		0.41317874	
CHMP4A		0.41274762	
CLEC2D		0.41258302	
PARP2		0.4125387	
CCDC159		0.41217005	
SMARCAL1		0.41184956	
PXDC1		0.4116877	
ARG2		0.4107263	
NUMA1		0.4105057	
NOL4L		0.40996006	
DNTTIP2		0.40941995	
NOMO2		0.40906426	
C9orf40		0.40887105	
METTL22		0.40823963	
PDP1		0.40798038	
TMCO4		0.40774795	
TLDC2		0.4072644	
TRAPPC6B		0.40673605	
WRAP53		0.40584847	
NPIPB11		0.40549976	
TMEM79		0.40524366	
REXO2		0.4046451	
PPP4R3B		0.4044402	
NCBP1		0.40434727	
MLLT10		0.40397787	
IGSF10		0.40382847	
MESD		0.40342322	
PTCHD1		0.40264964	
DHX33		0.4024103	
ARFGEF2		0.40222523	
TNRC6C		0.40165898	
RSU1		0.40158388	
PGRMC1		0.40138462	
JMJD6		0.40086877	
CNOT9		0.4003059	
CDA		0.39974484	
MSANTD3		0.3990325	
RPS6		0.39822927	
AMPD3		0.39793023	
ZNF497		0.39734456	
USP53		0.3967982	
SNX13		0.3967312	
ZBTB5		0.39668566	
AP4E1		0.39658606	
DNASE1		0.3963917	
RACGAP1		0.3960199	
SLC25A26		0.39590648	
MRPL35		0.39575353	
CDC73		0.39565593	
MAPK7		0.39533624	
KCNK1		0.3951649	
CTSB		0.3947869	
IGBP1		0.39445	
ABCA6		0.39438426	
FUT6		0.39384547	
MFSD1		0.3936733	
BPNT2		0.3931306	
KAT6B		0.39294168	
LNPK		0.39286256	
CDYL		0.3928593	
ZXDB		0.39282674	
CKS1B		0.39222327	
ZNF677		0.39179507	
NUDT2		0.3916106	
CAST		0.39103034	
FAM135A		0.39034337	
FAM98B		0.39017344	
PIAS2		0.3896191	
ZNF254		0.38935885	
TDRD3		0.38922948	
ATN1		0.38921234	
VOPP1		0.38918135	
SMG6		0.38898817	
ZBTB48		0.388608	
MTF2		0.3878361	
HMGXB4		0.38760948	
COQ8B		0.38745737	
LGALS12		0.3872516	
LDHA		0.38703057	
UBB		0.38585368	
MGA		0.3858288	
PCBP4		0.38581842	
ZNF276		0.38572985	
CCZ1B		0.38559276	
SPEN		0.38487834	
FCGBP		0.38473243	
MTAP		0.38417715	
KDM6A		0.38367778	
TRUB1		0.3832802	
CDC42EP4		0.38316852	
OSM		0.38287726	
LY75		0.3827868	
EIF2S1		0.38236418	
UQCC1		0.38225487	
RXYLT1		0.38208544	
HEY2		0.3820807	
UNC5B		0.38077202	
RARA		0.38033435	
RRP12		0.3799606	
DCAF4		0.37965408	
KLHDC2		0.37958628	
CRIM1		0.37948677	
SSBP3		0.37859	
HELQ		0.37854016	
SH3GLB2		0.37735724	
IFT80		0.3768668	
PARP15		0.3765288	
FRMD3		0.37635761	
RIPK4		0.37630525	
CEBPZ		0.37623096	
ZNF639		0.3761719	
CD9		0.3761448	
TLE2		0.3759709	
COQ4		0.37586895	
FAAH2		0.37560016	
CIC		0.3755346	
GTSF1		0.3749839	
PIWIL4		0.37444654	
USF3		0.37443706	
ERI2		0.37292638	
NOS1AP		0.3726164	
IRAG2		0.372327	
SLK		0.37204048	
ESPL1		0.3714805	
DENND1A		0.37063465	
OTUD5		0.37057397	
PGGT1B		0.3698461	
NPHP3		0.36957723	
JAM3		0.3690116	
TESK2		0.3688318	
RARG		0.36874005	
FAF2		0.36818147	
LSP1		0.36788884	
PRKAR2A		0.3673349	
NDEL1		0.36688396	
LYRM7		0.36684984	
SNAPC3		0.3667709	
ANKS3		0.3666871	
NXPE3		0.36605105	
DYRK1B		0.36533156	
OCIAD1		0.36528146	
BAIAP2L2		0.36478296	
SAA2		0.36424813	
RNASEH1		0.3638073	
KDELR2		0.363759	
ENPP6		0.36357793	
FCF1		0.36357334	
TLL1		0.36332625	
NHERF1		0.3626554	
RSRP1		0.362539	
CSNK1G2		0.3622365	
IYD		0.36176535	
EIF5		0.36119455	
CSTF3		0.3609647	
SYVN1		0.3605676	
FCRL1		0.36040765	
TIMM17A		0.36035633	
HID1		0.36022446	
TMEM218		0.35996792	
STAG1		0.35914105	
CWC27		0.35902885	
DCP1B		0.35857958	
LAMC1		0.35856056	
ANKRD52		0.35839185	
GPR85		0.35824797	
HIP1R		0.35727257	
POLI		0.35704646	
FEZ2		0.35698602	
LUZP1		0.3569294	
MUSK		0.35655835	
MTOR		0.35639727	
NELFA		0.35588318	
MFHAS1		0.35584885	
PPP4R2		0.35572466	
EXO1		0.3556865	
PRRG3		0.35531637	
SH2D1A		0.35511512	
HARS1		0.35505825	
JAM2		0.35499838	
DHX29		0.3549386	
SLITRK5		0.35438722	
ZNF862		0.35409415	
AHSA1		0.35357395	
MYEF2		0.35348123	
TICAM1		0.3532715	
SWI5		0.35310578	
FLVCR1		0.35304993	
P2RY12		0.3530463	
DOP1B		0.35280925	
GCFC2		0.35173932	
DNAJB1		0.3516249	
PRPF40A		0.35097995	
INTS13		0.3504425	
SLC36A4		0.35005134	
ZNF367		0.34999695	
GZMA		0.349502	
ZHX1		0.34939164	
SAMD10		0.34937266	
DOP1A		0.34918803	
UBQLN2		0.3490618	
MIGA1		0.3487904	
AKT3		0.34844247	
CRHBP		0.34773174	
LEPR		0.34772405	
BDP1		0.34767225	
MLLT6		0.34726366	
HDAC2		0.34704494	
ACTR3		0.3465762	
GRIN2D		0.34647325	
TONSL		0.34559593	
TROAP		0.3454431	
PFKFB3		0.34526134	
LRRC8E		0.34525603	
BNIP3L		0.34518933	
PPP6R1		0.34406766	
BCS1L		0.34405005	
SH3GLB1		0.34404486	
BOD1L1		0.3436321	
ARMCX5		0.34320387	
EIF3J		0.34312117	
TRAPPC10		0.3428046	
AP3B1		0.3422586	
LNX1		0.3399277	
PRMT7		0.33986226	
ZNF546		0.33945662	
SLC6A3		0.33931866	
CBR4		0.3392479	
MAN2B2		0.3391071	
TBC1D12		0.33893317	
MLH1		0.33882195	
SELENON		0.33805752	
NT5DC1		0.3378174	
FAM110B		0.33765972	
TAF13		0.33760515	
CCSER2		0.33752534	
XYLB		0.3371047	
ITM2B		0.33588043	
RBM12B		0.33511806	
ZCRB1		0.33510438	
ARL13B		0.33443105	
YIPF5		0.33432278	
FAM229A		0.33432072	
SERINC2		0.33351222	
PIP4K2A		0.33316416	
MX2		0.33284786	
SMAD4		0.3309364	
SMARCB1		0.3306291	
SLC35A3		0.33016405	
PHETA2		0.33012992	
MTFR1		0.32961974	
BPIFA1		0.32856935	
PWP1		0.32853904	
VRK1		0.32819852	
CD200R1		0.3276835	
HJURP		0.32766646	
KDM8		0.32725006	
RAB3GAP2		0.3269283	
B3GALT1		0.32651624	
RIOK3		0.32651353	
PAPOLA		0.3256365	
ADPRM		0.32517168	
TMEM132D		0.32497025	
EGLN3		0.32468507	
EXOSC2		0.3243917	
INTS2		0.3241772	
UNC45B		0.32373336	
HEXIM1		0.32329604	
UPF1		0.3231602	
CLEC5A		0.3230254	
ARHGEF10		0.32193896	
TEPSIN		0.32146418	
HRH1		0.3211061	
RRN3		0.32089525	
PRXL2A		0.32022762	
SLC2A13		0.31998488	
IQCN		0.3197374	
ZNF85		0.31927475	
ZC3H6		0.319227	
WDR1		0.31801438	
KIAA0232		0.31794006	
ANKRD54		0.3178242	
SEPTIN4		0.31715488	
FLT3		0.31672496	
UBR3		0.31662205	
CANT1		0.31633246	
SLC30A9		0.3161782	
WNK1		0.31595132	
ATP1B3		0.31525406	
PLOD1		0.31441253	
RADX		0.31395742	
ANKZF1		0.31392166	
TWNK		0.31361276	
AGAP1		0.3135819	
FTSJ3		0.31161174	
MAEA		0.31110626	
CREBBP		0.3110144	
KLC2		0.3105972	
ZNF233		0.31047982	
TMEM63C		0.30956084	
GLUD2		0.3094748	
STAU1		0.30853614	
TOX3		0.3081592	
SHISA4		0.3079639	
TRAPPC11		0.3072559	
GMPPA		0.3070812	
PDE6D		0.30699718	
METRNL		0.30681124	
NEURL2		0.30676976	
BCR		0.3066106	
MIER1		0.30660167	
RNF31		0.30642173	
SERINC1		0.30593538	
NUDT17		0.30559182	
SP4		0.30541492	
DTWD2		0.305101	
STYX		0.30487865	
FGD6		0.30399534	
NRCAM		0.30394295	
ROR1		0.30384886	
TCEAL3		0.30356967	
COLGALT2		0.30302933	
TIAM1		0.30268374	
PLK1		0.30224505	
TYRP1		0.30189705	
ZC2HC1C		0.30147156	
CATSPERB		0.30146223	
FPR3		0.30141512	
THEM4		0.30001503	
FGF10		0.29968396	
G0S2		0.29949564	
ADAMTS7		0.29941905	
UBE2N		0.29935274	
LIPA		0.29934305	
VHL		0.2989349	
MYL4		0.2983367	
PPP1R3B		0.29825255	
SUCLG2		0.29825085	
CHMP2B		0.29775223	
ABI1		0.29746565	
SMPD4		0.2974329	
WDR12		0.29690382	
LMBRD1		0.29646793	
SYNRG		0.29611802	
CD2		0.29565844	
MLC1		0.29559404	
ANO5		0.29500422	
SPRY2		0.29495668	
AUH		0.29492658	
C18orf54		0.29490417	
ZNF283		0.29474476	
C20orf202		0.29461625	
CYB5D2		0.29425958	
MEMO1		0.2937496	
GGACT		0.29360056	
AKAP11		0.29359838	
NEK4		0.2934158	
METAP1		0.29284105	
FAM153A		0.29275876	
TRIP12		0.2926843	
EPB41L2		0.2926147	
LMOD3		0.29172435	
USP7		0.29166317	
IL6ST		0.29164922	
ZNF264		0.29126063	
KCTD10		0.29125908	
GART		0.29064286	
RDH10		0.2903347	
RABEP2		0.2901511	
SUPT5H		0.28981122	
BLOC1S5		0.28943095	
DDX19A		0.28832382	
NSUN7		0.28816736	
GPR63		0.28814226	
LCN2		0.28802657	
TEAD2		0.28801033	
SLC38A6		0.28787613	
CLUL1		0.2875487	
ZNF45		0.2871542	
LY6G5C		0.2870715	
KBTBD8		0.28688237	
MYO1H		0.28669405	
PRDM5		0.28667787	
TMEM65		0.2865378	
TRIM16		0.28644088	
MCEE		0.28597033	
SNTA1		0.28534597	
GTPBP8		0.2852328	
CD86		0.28495955	
METTL6		0.2849364	
CCDC82		0.28433353	
TMEM143		0.28416368	
CISD1		0.28311133	
ARHGAP28		0.28300282	
COQ10B		0.2828489	
ARSA		0.28276426	
DGKE		0.28221834	
ZNF571		0.28170505	
GOLPH3		0.28034332	
RPS18		0.28030097	
CDC27		0.28006876	
CSTPP1		0.27994698	
C6orf120		0.2797226	
UTP4		0.2786573	
STK3		0.278135	
S100A13		0.2780414	
TBC1D23		0.27722993	
TBC1D4		0.27649388	
KANSL1		0.27615675	
MTA2		0.27534983	
ALDH3B2		0.2749651	
ZNF726		0.27459282	
TRIM3		0.27380094	
KIF21B		0.27349862	
LARS2		0.27349815	
LUC7L3		0.27333727	
TNK1		0.27294996	
RPL35A		0.27213618	
GPR137C		0.27199888	
HNRNPM		0.27168208	
DGKQ		0.27084476	
PAXBP1		0.27071524	
TRNT1		0.27065358	
TKFC		0.27032793	
TSPAN31		0.26997152	
DNAH14		0.26995328	
CCDC6		0.26963517	
OPTN		0.26960358	
SPCS3		0.26921716	
MBOAT2		0.2691809	
CCL8		0.26840785	
SEMA5B		0.26836258	
FA2H		0.26779875	
VN1R1		0.26754048	
TTC6		0.2667967	
FOXD2		0.26668924	
EIF4H		0.2663523	
NDUFS5		0.2661576	
RNF39		0.2660505	
ELL		0.26472655	
C17orf67		0.26470608	
HSCB		0.2644234	
SIL1		0.26389465	
DNMT3B		0.26382503	
ARHGEF17		0.2636644	
ELMOD3		0.26327094	
ATL3		0.26324937	
XPNPEP3		0.26251954	
GLUL		0.26236016	
ZNF614		0.2620228	
KRI1		0.26167408	
AKAP7		0.261608	
RO60		0.26128784	
EDRF1		0.2611664	
HSBP1		0.2609889	
PALM		0.26075184	
CD7		0.2602937	
NPM1		0.25959244	
GATAD1		0.25936702	
CD226		0.25928873	
ZNF287		0.25915986	
FBXO30		0.25904125	
HSPBP1		0.2587468	
ARMCX6		0.25855178	
EMILIN3		0.25827464	
ZWINT		0.25824568	
DHX37		0.25791243	
ATXN3		0.2576753	
IKBKB		0.25751743	
GNL2		0.2574709	
HMGB1		0.25705665	
TRMT5		0.2567574	
ABCB10		0.2565653	
PMPCA		0.2557995	
GK5		0.2556953	
PUS7		0.25562146	
ERMN		0.25532803	
EXOC3L4		0.2551908	
EOMES		0.25420398	
LAS1L		0.25403535	
TRIM37		0.25342438	
KPNA1		0.2534229	
CFDP1		0.2533062	
CES1		0.25316522	
TIPRL		0.25280404	
BMP2K		0.25229478	
ERBIN		0.25226602	
OMA1		0.25213358	
SLC1A2		0.2518267	
ZNF471		0.25080705	
DPH5		0.25072512	
GRB10		0.25067696	
NME1		0.2506101	
ACYP1		0.25009343	
C1orf216		0.24994342	
ABLIM1		0.2495103	
EPHX3		0.24937443	
INCENP		0.24913324	
ATG4B		0.24807093	
TSPAN9		0.24781998	
NRDE2		0.24774626	
DR1		0.2474662	
TMEM9		0.24740514	
PRSS22		0.24722092	
MRRF		0.24718432	
KLHDC7B		0.24694325	
HLA-DOA		0.24628145	
FAM168B		0.24611239	
LNPEP		0.2457279	
TICRR		0.24534194	
NCAPD3		0.2451907	
RUSC2		0.2447061	
CDK2		0.24456012	
DCAF8		0.24370779	
CCT6B		0.24362364	
VPS26B		0.24345413	
RPL34		0.24334356	
LRRC45		0.24330473	
FRMD8		0.24303186	
ARFIP2		0.24286272	
CSF1R		0.24280298	
IPPK		0.2428026	
KLHL29		0.24271083	
CEP135		0.24208425	
POLR1C		0.24168663	
ELMOD1		0.24143839	
ASPHD2		0.24129431	
PPP1R10		0.24120708	
IL10RA		0.2407887	
SPTLC1		0.24059032	
RGS14		0.2404617	
GPR137		0.24015397	
PHF14		0.2396374	
LINC01619		0.23937306	
EPM2AIP1		0.23785865	
CYP1B1		0.23764107	
MR1		0.23724945	
UBXN11		0.23717734	
SLC25A45		0.23687693	
STT3A		0.23639247	
TIE1		0.23618986	
ZNF75D		0.23573898	
CRYBG3		0.23470707	
ZNF736		0.23430343	
MATCAP2		0.23409855	
CEP112		0.23402368	
CRELD1		0.23401697	
THTPA		0.23384799	
GALC		0.23323931	
SPOPL		0.23320428	
CDR2L		0.23315689	
F3		0.23314798	
GTF3C3		0.23302263	
NAMPT		0.23289266	
CASD1		0.23271003	
RPS8		0.23223732	
LARP7		0.23212132	
FUCA1		0.23178852	
MAPKAPK2		0.23093179	
DNAAF4		0.23047893	
DHRS1		0.23041645	
HNRNPAB		0.23040956	
KIAA1191		0.23025474	
ZNF91		0.2301792	
UBA3		0.22937897	
MEIS1		0.22927293	
IQCC		0.22885437	
ZNF649		0.22858381	
ZNF446		0.22848676	
ZNF223		0.22847885	
DPY30		0.22838941	
RSBN1		0.22778448	
WASF3		0.22773242	
EPS15		0.22768989	
NMNAT3		0.22739832	
TBL2		0.22734284	
RBM14		0.22619453	
VAV3		0.22583106	
SLC9A5		0.22473091	
AWAT2		0.22462448	
SLC35A5		0.22453088	
TEDC2		0.22444968	
EML2		0.22435951	
DCUN1D5		0.22435614	
PRICKLE2		0.2242759	
DMC1		0.22397663	
RPS6KA3		0.22357395	
CYTH1		0.22337006	
PLIN4		0.22315925	
TYMP		0.2227298	
ZNF615		0.22269462	
AZI2		0.22265062	
LIME1		0.22218922	
SLC16A6		0.22160071	
ZNF727		0.2209249	
DHPS		0.22085257	
PCNT		0.22049081	
TRIP11		0.22035138	
PCDHGA4		0.22000083	
PI4KB		0.219875	
KHDRBS1		0.21944323	
COPS7B		0.21925217	
SAMM50		0.21871516	
FBXO4		0.2183159	
NR2C2		0.2182172	
ZNF331		0.21765597	
PREX2		0.21724233	
ZBED4		0.21713378	
SULT1C2		0.21699192	
NKX3-1		0.21692102	
ZNG1B		0.2168478	
RGN		0.21673582	
WDR44		0.21656328	
MOB3C		0.21647117	
MYH9		0.21646692	
RASSF9		0.21625298	
IQGAP1		0.21603128	
DENND4A		0.21595962	
ANAPC1		0.21460404	
HLA-DQB1		0.21450181	
SLC35A2		0.21431838	
TOMM20		0.2142697	
IVNS1ABP		0.2141575	
RTL6		0.21393968	
NDUFA5		0.21353401	
WFDC2		0.21336447	
ST8SIA4		0.21296799	
MATK		0.21275568	
NCKAP1		0.21263397	
RPS27A		0.21225667	
PNKP		0.21198718	
B4GALT6		0.21197401	
SYTL4		0.21172178	
TUBGCP2		0.21170053	
MAGEE1		0.21084058	
FGFR3		0.2108142	
SERPINB9		0.21076486	
SGCE		0.21013424	
KMT5A		0.20993483	
UBE2C		0.20987931	
SLAIN2		0.20955917	
HROB		0.20914568	
KLHL21		0.20858335	
ZFPM1		0.2082218	
ZMIZ2		0.2080123	
KCNK15		0.20788532	
PRDX2		0.20780806	
CHERP		0.20767705	
ASIC4		0.20753804	
WTAP		0.20719957	
MTX2		0.20688988	
AMN1		0.20606972	
SPATA2L		0.20582265	
ST8SIA1		0.20489822	
FRMPD4		0.20453236	
C1orf122		0.20428759	
ILF3		0.20337352	
GABRR2		0.20332411	
PLCD3		0.20329706	
RPS15A		0.2027852	
PRKAG2		0.20236336	
RIOX2		0.20214371	
TRMT1		0.20211095	
SLC38A1		0.2016204	
ZBTB12		0.20158362	
CENPA		0.20109303	
COPS4		0.20037961	
APH1B		0.20032336	
ATG9A		0.20030253	
COMMD6		0.20010412	
TFCP2		0.19996126	
NOP16		0.19974579	
BATF3		0.1992832	
MRPS14		0.19906011	
CAPN10		0.19901162	
SMIM13		0.19853024	
TGFB1		0.19765499	
BPGM		0.19735044	
DNAL4		0.19714554	
ANXA8L1		0.1968756	
DYNC1H1		0.1967023	
SMYD4		0.19599521	
CYP4F3		0.19573861	
JRKL		0.19539553	
ZNF737		0.19511662	
KLHDC8B		0.19503942	
HNRNPD		0.19501556	
THG1L		0.19479227	
KHDC1		0.19381845	
TELO2		0.19341463	
NINJ1		0.19340082	
PLBD2		0.1930165	
ZNF764		0.19287947	
DNAJC9		0.19247083	
NEO1		0.19234309	
PRKAR1A		0.19222435	
ZNF227		0.19219746	
MCM2		0.19208848	
NMNAT1		0.19165766	
CAAP1		0.19159456	
SHOC2		0.19159399	
TSC2		0.19141525	
ARCN1		0.19098623	
PRDM10		0.19085316	
SPC25		0.1908393	
RANBP6		0.19076592	
MED26		0.18956664	
LRRC40		0.18944183	
DYNLT2		0.1890049	
WDR77		0.18879218	
FBXL4		0.188753	
SATB1		0.18866949	
ZNF678		0.18792175	
NONO		0.1872854	
ERI1		0.1866486	
PLCL2		0.18660413	
FBXL17		0.18604624	
ALDOA		0.18592449	
CUL5		0.18587402	
HMGN5		0.1856896	
SIKE1		0.18507107	
MOB3B		0.18455566	
KIFC1		0.18449447	
ZNF598		0.18445496	
VAV2		0.18429191	
VASN		0.1842253	
EIF4E		0.18422349	
HOXA9		0.18416534	
C2orf69		0.18393609	
COL5A3		0.18377411	
NENF		0.18328027	
FRY		0.18327206	
HNMT		0.18307853	
CCNJ		0.18303163	
ANKRD11		0.18260124	
PRKX		0.18226285	
C4orf46		0.18169555	
GLCE		0.18161976	
ETV3		0.18158856	
ARHGAP20		0.1813379	
NAA16		0.1809657	
NOL6		0.1806818	
SDF4		0.18056661	
PDE8A		0.18031332	
NAPG		0.17909232	
TAX1BP1		0.17904148	
LYRM9		0.17866696	
ZMYM4		0.17852087	
SHPK		0.17828071	
SRA1		0.17821161	
CCDC134		0.17819491	
ITGAD		0.17797339	
CHST11		0.17790942	
ZBTB44		0.17769496	
HTATSF1		0.17766804	
KNDC1		0.17765994	
LMBRD2		0.17763032	
VCF1		0.17747547	
NSMCE1		0.17738704	
THOP1		0.17725481	
CAD		0.17717637	
INAFM1		0.17712013	
UFD1		0.17711666	
ZNF222		0.17705455	
BMI1		0.17677556	
ST6GALNAC2		0.1766028	
BIVM		0.17650747	
TAF1B		0.17588072	
STX2		0.17550084	
EVL		0.17542446	
GRAMD1B		0.17467186	
APBA3		0.17432268	
SHB		0.17408122	
SEC22B		0.17406018	
GZMB		0.17358385	
FAR1		0.17321987	
HYOU1		0.17313556	
DUS4L		0.17285989	
TAMM41		0.17281324	
FIGNL1		0.17266537	
ANO9		0.17262682	
TAGAP		0.1725532	
TLCD5		0.17243898	
ZCCHC10		0.1719195	
TMEM17		0.17189316	
HLF		0.17141959	
FAM98C		0.17139727	
HPCAL4		0.17132029	
VPS36		0.17129894	
PELI2		0.1708031	
NEURL4		0.17045145	
ZHX3		0.17000742	
HAUS6		0.16984364	
SAPCD2		0.16931054	
SARS2		0.16927177	
ZNF148		0.16924678	
PIM1		0.16915025	
FAM114A2		0.16878054	
ACTR8		0.16871265	
WNT7B		0.16868493	
RPAIN		0.16749981	
CIAO1		0.16702309	
NLGN4Y		0.16695954	
SKIC2		0.16689971	
SLC41A2		0.16679132	
PPM1A		0.16663092	
TMEM19		0.16657576	
KANSL1L		0.1665585	
TMEM181		0.16606095	
ZNF543		0.16602667	
METTL16		0.16599318	
AURKB		0.16597031	
ASB1		0.16590673	
MSTO1		0.16529308	
SLC38A5		0.16517143	
PCDHGB1		0.16484182	
MED24		0.16470198	
DFFB		0.16423854	
ZNF540		0.1642299	
FAXC		0.16419786	
ZNF18		0.16383281	
ANKRD13C		0.16373427	
ZNF138		0.16180138	
SGO2		0.16158442	
GPAT4		0.16136342	
CCPG1		0.16133906	
IDH2		0.16112326	
DET1		0.160705	
CD48		0.16041106	
RAPGEFL1		0.16003898	
SNRK		0.15980849	
SNRNP48		0.15904327	
TBC1D9B		0.15847299	
SLC30A5		0.15843546	
BRAF		0.15776952	
TMC4		0.15771252	
VPS35		0.15769741	
E4F1		0.15723884	
ACADM		0.15722342	
SLC2A9		0.15683024	
CMSS1		0.1565812	
HES1		0.15646298	
GRAMD1C		0.1563704	
LTB		0.15635058	
PCDHGB5		0.15571171	
IMMP1L		0.15549055	
SAR1B		0.15491498	
ARHGAP23		0.15462148	
PLD6		0.1544575	
SLC16A3		0.1542901	
NADK2		0.15420218	
RPL31		0.15416148	
KIAA0319		0.15406983	
MTF1		0.15398856	
NUP98		0.15300073	
FAM117A		0.15248333	
ARHGEF4		0.15196389	
DEF6		0.1516369	
LRRC75A		0.15074544	
STOM		0.15070601	
ZFYVE19		0.150445	
TMED7		0.14948162	
RHOC		0.14922382	
RDH14		0.14898823	
KLC1		0.14892492	
HLA-DPA1		0.14847386	
RFXAP		0.14842896	
GLRX3		0.14759502	
ATG2A		0.14751726	
LMF2		0.14707893	
TTC33		0.14681634	
OSBPL9		0.14675142	
PRDX3		0.14647707	
NFE2L1		0.14611663	
NKD2		0.14524616	
CTBP2		0.14519943	
DSCC1		0.14507705	
DENND6A		0.14501324	
PLXNC1		0.14472844	
MMD		0.14464267	
PRXL2C		0.14458634	
ANKRD13C-DT		0.14455667	
RALGAPB		0.14417452	
ALDH1A2		0.14412405	
MED25		0.14408186	
ARMC10		0.14333361	
ZFP91		0.1430529	
ZNF281		0.14291644	
CXCL3		0.14282216	
ANXA2		0.14264534	
UTP6		0.14247514	
PEA15		0.14204535	
EXD2		0.14196932	
CCDC120		0.14195144	
TMEM134		0.14160983	
NIFK		0.14160132	
WNT9A		0.14157492	
TMEM52		0.14140514	
CCT6A		0.14093569	
NRSN2		0.14088494	
LRRC37A2		0.14073326	
ABCB6		0.14033885	
CLSPN		0.14011998	
MPZL3		0.1397787	
NCL		0.13969378	
TMEM87B		0.13927725	
INTS3		0.13913412	
ROM1		0.13910492	
KCNJ12		0.13899064	
MTO1		0.1388196	
IQSEC3		0.13867535	
TMEM68		0.1386514	
LAMC2		0.1386235	
FER1L5		0.13796262	
DNAJC16		0.13786334	
ZNF664		0.13732709	
TM9SF1		0.13729784	
SRSF1		0.13706495	
DAG1		0.13674377	
KPTN		0.1363338	
MANSC1		0.13581331	
MRTO4		0.13573077	
CYB561A3		0.13569233	
UGT2B4		0.1356264	
TIAL1		0.13533923	
RB1		0.13525984	
ATG16L1		0.13499285	
DFFA		0.13409635	
SETD6		0.13406222	
NAB2		0.13402876	
TCEA1		0.13332501	
TBPL1		0.13314955	
NOB1		0.13305186	
UTP11		0.13270284	
PACC1		0.13265893	
BBS10		0.131714	
DYNC1LI1		0.13146143	
BAZ2B		0.13123249	
HAPLN2		0.13112561	
GOLGA3		0.13109474	
NDUFS4		0.13088979	
KRT19		0.13040608	
SKAP2		0.13012603	
TMIGD3		0.13009663	
ZNF644		0.12966937	
CARD19		0.12942588	
REST		0.12880689	
ATP13A1		0.12825091	
ENSG00000280649		0.12781264	
LMCD1		0.12752119	
TMEM130		0.12738077	
RP2		0.12713723	
CLDN3		0.12710361	
TVP23B		0.12708431	
ART4		0.1269731	
LRRC8B		0.12675892	
CLDND1		0.12665077	
LIN9		0.12623292	
ARFGAP1		0.12614636	
TSPYL1		0.12606755	
FGFBP1		0.12585291	
ZUP1		0.12516032	
ARFIP1		0.12504247	
TANC1		0.12456376	
ZBTB8A		0.12411455	
SENP5		0.1240834	
GPR174		0.12388809	
NEDD9		0.12359774	
BLNK		0.1235149	
ZNF491		0.123358525	
DPY19L4		0.123356715	
PLAAT5		0.12311335	
CNKSR2		0.122753255	
NLRC5		0.12265574	
NAALADL1		0.12246642	
PLCXD2		0.12244351	
RBM27		0.12240056	
TUBB6		0.12225301	
ZMYND11		0.12187973	
ZNF92		0.12177301	
UEVLD		0.12173611	
CXCL2		0.12143528	
LTC4S		0.12122607	
MCM8		0.121023096	
CD3G		0.12030233	
PRR36		0.12013098	
TBXA2R		0.120068416	
MSL3		0.12001879	
ZNF786		0.11992124	
NR2F2		0.11960913	
ADGRG6		0.119593345	
ANKRD22		0.11824597	
ZNF829		0.11802356	
HUWE1		0.1179692	
F2RL1		0.11793725	
ZNF365		0.11780763	
DSTN		0.11775919	
USP14		0.117028855	
QRICH1		0.11661025	
SPIRE2		0.11652727	
SRF		0.1164791	
TPRKB		0.11644394	
ZNF100		0.116357274	
CRISP3		0.116267614	
GOLIM4		0.11615447	
ODC1		0.11586626	
NPDC1		0.11565354	
EIF1AX		0.1155685	
TERF2		0.11532723	
USP27X		0.11506374	
SSH3		0.11460612	
DDX18		0.11455585	
EIF4G1		0.11437113	
RAB11FIP4		0.114339486	
WDFY2		0.11428368	
ZNF461		0.11421397	
CD247		0.11367611	
AGR3		0.113359675	
GPCPD1		0.113357954	
BRD1		0.11303021	
NKAPD1		0.11300421	
FSAF1		0.112643994	
UBAP1		0.112338424	
C2CD5		0.11225319	
WDR6		0.11204472	
DENND4C		0.11184651	
C1orf159		0.111564234	
ZNF782		0.1115566	
UPF3B		0.11153116	
CUL4B		0.1111121	
TTC9		0.11096535	
HAVCR2		0.11088951	
DUSP6		0.110588335	
MED29		0.11006606	
MYOC		0.109831125	
GABARAPL1		0.10939995	
HIKESHI		0.10907228	
ELMO1		0.10856573	
DNAJB14		0.10854544	
ADAM17		0.108370416	
FGFRL1		0.1078406	
ZNF234		0.107774265	
RBMXL1		0.10726797	
LRRC69		0.10705069	
CCNI		0.10692238	
STK24		0.106173046	
SLC49A4		0.10614687	
PLCXD3		0.10600603	
VCP		0.105647154	
SMC2		0.10562289	
SHQ1		0.10560071	
UGP2		0.10558349	
S100P		0.105426036	
YIPF2		0.10515375	
ENSG00000187951		0.1048247	
INPP1		0.10460464	
MYH3		0.104376845	
TBC1D22B		0.10398481	
PHYKPL		0.10363893	
DKK1		0.10326625	
VGLL1		0.10317106	
USP22		0.10316493	
HSPA1B		0.103056274	
INO80E		0.10288987	
TOMM5		0.1025989	
BTF3L4		0.102541015	
PALS2		0.10250224	
CCDC126		0.10248343	
PPWD1		0.10207346	
ID2		0.101831526	
UTP20		0.10180668	
RAD9B		0.10164991	
GNAI1		0.101200454	
MET		0.10073616	
RECQL4		0.10053402	
ZSCAN5A		0.10045055	
SLC16A7		0.099956304	
ANKRD6		0.09978552	
BRCA1		0.09966313	
MINDY2		0.09934768	
ISCU		0.09928721	
TUSC1		0.09926926	
PNPT1		0.099077135	
MINPP1		0.09860634	
CDC123		0.09828313	
KIF3B		0.09809612	
PDE6G		0.0979432	
SPATA20		0.097809136	
PUS1		0.09769753	
TOP3B		0.09724564	
MECR		0.0969585	
XRN2		0.09607292	
DIPK2B		0.09584503	
OLFM2		0.095512025	
ATPAF1		0.09533129	
SEC61A1		0.095286064	
PKMYT1		0.0952177	
MTMR6		0.09519515	
SELENOI		0.09516761	
AASDHPPT		0.09500784	
ZNF184		0.09468041	
PRKRA		0.09436237	
ESCO1		0.09410395	
RAB1A		0.09371235	
ZNF229		0.093124576	
ZIK1		0.09274786	
FAM86B1		0.09246124	
DBF4		0.09235705	
GAS8		0.09224157	
NEU3		0.09196107	
SCAF4		0.09191091	
IER5		0.09145975	
XRCC1		0.09139261	
WDR62		0.09136889	
GUCY1A2		0.09135407	
GOLPH3L		0.091069795	
DIS3		0.09078325	
MFSD6		0.09016805	
PCDHGA2		0.0899875	
HGD		0.08977483	
DNMT3A		0.089477405	
CD300LB		0.08947484	
AFG2B		0.08940915	
ITGAE		0.08936624	
CREB5		0.08915761	
PIGB		0.089005254	
HUS1		0.088863514	
URGCP		0.08880835	
USPL1		0.08877162	
SFSWAP		0.08834183	
TYK2		0.088168636	
TRABD		0.08772887	
ELOC		0.087407954	
AQP3		0.08674694	
SLTM		0.08672407	
CENPN		0.08668221	
CCDC61		0.08667579	
NDUFAF6		0.08651382	
FERMT2		0.08640701	
SEC22A		0.08636352	
PPM1D		0.08622866	
ZBED5		0.08549955	
PLCG2		0.085415244	
USP4		0.08500524	
TTC28		0.08491612	
ERLEC1		0.08471758	
PML		0.08369174	
STING1		0.08314301	
MSANTD2		0.08285839	
GSTT2B		0.082694255	
ACTR2		0.082153074	
NEK6		0.0820396	
TCL1A		0.08196848	
SIN3A		0.08176485	
HLA-DRB5		0.081587024	
ATP7A		0.08150386	
TRAF3IP2		0.08148838	
KIF5B		0.08097288	
C16orf86		0.080826625	
ABCB8		0.07990873	
ZNF860		0.07912478	
DPP8		0.07886065	
PRMT1		0.078748435	
NUAK1		0.078558534	
KCNIP3		0.07851645	
PPP1R16B		0.078026384	
SZT2		0.07799418	
RRP1B		0.07771966	
GRAMD4		0.07752904	
SLC26A2		0.07736917	
WNT2		0.07701698	
PHF7		0.07698238	
RIMS1		0.07682316	
LGALS1		0.076776296	
SSPOP		0.07675062	
ARHGEF28		0.07672478	
PTX3		0.076571904	
ICOS		0.07646186	
DNAJC13		0.0762221	
ING4		0.07597571	
PSTPIP2		0.07588336	
TOR1B		0.07564361	
PSMA6		0.07559303	
G3BP1		0.0750306	
TMPPE		0.074999124	
PHRF1		0.074560955	
NTAN1		0.07412187	
CLIP2		0.07347348	
PPP2R5E		0.073217854	
PMP22		0.0731088	
B4GALT7		0.07296153	
LIG4		0.07269653	
VPS37B		0.07260029	
YTHDF2		0.07250005	
SCGB3A2		0.072401114	
MTMR9		0.07236336	
MFSD10		0.07215209	
ZNF324		0.07161359	
IFT122		0.07087793	
H2AX		0.07070679	
ZNF394		0.07053516	
ETV4		0.070380054	
RHOT2		0.070269175	
COL13A1		0.07018493	
WDR17		0.0699786	
UBE2D3		0.0699258	
VEZF1		0.06982876	
CYP27B1		0.06963093	
SBNO1		0.06924048	
LIMD2		0.0690643	
TMEM88		0.06876947	
ZNF19		0.06856991	
SENP1		0.068124704	
SLC35E2A		0.06665888	
ENSG00000250644		0.066058785	
LRRC4B		0.06597459	
IRAK3		0.06581252	
KRAS		0.06577011	
RNF2		0.06501129	
CPNE1		0.06494063	
PRKD2		0.06467691	
NOL12		0.06459416	
MB21D2		0.06437178	
BRWD3		0.06376189	
TCEANC2		0.0634297	
JKAMP		0.06308833	
CRTAP		0.06295687	
ZNF90		0.06284727	
H6PD		0.06281953	
GNG11		0.06278923	
CHST2		0.06252792	
GLUD1		0.06238258	
LZTS2		0.062345177	
CDCA5		0.06217409	
E2F6		0.062153943	
VWA2		0.061976872	
BCL3		0.061929658	
MZT2A		0.061871074	
POLR1F		0.061428264	
AGBL3		0.06123819	
CEP170		0.061006833	
MROH8		0.060998358	
STRIP1		0.060922563	
ARF6		0.060849503	
H4C5		0.060504045	
TRAPPC8		0.060239274	
FUS		0.059947766	
EFNA3		0.059803497	
POMGNT1		0.059689373	
PIK3C2A		0.059596226	
PYCR3		0.05928471	
SULT1E1		0.059259597	
PSAP		0.058866687	
NSD1		0.058553834	
NDC1		0.058394704	
MOV10		0.058237378	
SDE2		0.058041506	
NCAM2		0.057378005	
NEURL3		0.056963798	
ASPH		0.056112066	
PTPRG		0.055651773	
CCDC163		0.055577237	
COL26A1		0.055439986	
ZNF263		0.054295145	
SLC25A34		0.05413864	
THAP6		0.054004516	
NKRF		0.053859998	
PJA1		0.05327286	
SDSL		0.053165033	
STAT5B		0.052988227	
BLOC1S4		0.0528942	
SRBD1		0.05278518	
WDFY3		0.052712735	
FRA10AC1		0.052646257	
FAM241A		0.05248331	
PHF12		0.052036438	
CARD10		0.051926967	
NUSAP1		0.05171661	
GPI		0.051552046	
RECQL5		0.05152818	
NBPF10		0.051360086	
TMCC1		0.05121367	
C21orf91		0.051004592	
EHF		0.050519917	
SMAD9		0.050514225	
ARMC5		0.050427794	
ZSWIM5		0.05019689	
TSEN2		0.050098736	
EME1		0.049858496	
MOB1B		0.04963569	
TRMU		0.049583398	
PANK3		0.049359106	
PRIM1		0.049045358	
CPSF1		0.04853391	
C2CD4B		0.048447177	
LCAT		0.04830828	
MDH1		0.047852453	
SLC25A53		0.047743637	
LMNB1		0.047505014	
CCDC18		0.047465023	
MAPK12		0.047428884	
ATP6V1D		0.04739449	
CHD8		0.046845403	
NNT		0.046772737	
FGD4		0.045996174	
SVBP		0.045752645	
PRKRIP1		0.045598418	
ZNF530		0.04554822	
RSL1D1		0.045389872	
NAPEPLD		0.045359995	
TNFRSF1A		0.045129593	
CAMK2A		0.04463108	
SMN1		0.04457076	
GHR		0.04444899	
ZNF335		0.044154968	
RELL1		0.044136167	
ZNF611		0.043823916	
ORC3		0.04328833	
PTTG1		0.042895883	
AXIN2		0.042539503	
GPS2		0.042527836	
STAT3		0.04212292	
AMACR		0.0420426	
MAU2		0.041945595	
HPS4		0.041942324	
CLINT1		0.0418872	
MAK16		0.04172058	
GPR89B		0.041698366	
LTB4R		0.04160572	
RSPO4		0.041304864	
LRRCC1		0.041182235	
ENSG00000112096		0.0405875	
CHM		0.04046937	
ZBTB43		0.040384185	
NDUFA4L2		0.040276848	
RNF6		0.03961609	
IARS2		0.039255194	
POLR2I		0.039055455	
SLC38A9		0.038814355	
ZNF628		0.038757052	
THYN1		0.03863325	
TMEM108		0.03861251	
PPIE		0.03842814	
ZFP64		0.038276352	
ZNF420		0.038075227	
CMPK1		0.037960187	
RAB35		0.03788696	
CDK11A		0.037683666	
RPL13A		0.037602466	
OGFOD1		0.037341326	
PCDHGA3		0.037273016	
PPP3CA		0.03714747	
GBP5		0.037123803	
DCP2		0.03704599	
LIPG		0.036631696	
POLR3C		0.036558446	
ZNF71		0.036388475	
MOB1A		0.03626598	
MOB4		0.036000118	
PKN2		0.035837855	
ARID1A		0.035782225	
CD300LG		0.03558928	
SURF4		0.03548744	
VKORC1		0.035170756	
KIN		0.03516053	
PTTG1IP		0.035102915	
NCALD		0.034839284	
PUS10		0.034632277	
IER2		0.03426853	
RPS14		0.034186635	
TOMM70		0.03379877	
ZNF385C		0.03373393	
BRF1		0.03331702	
DLEU1		0.033171628	
CCDC28A		0.033107203	
SMIM10		0.03291066	
PSTPIP1		0.032523487	
UNK		0.032125935	
DDX55		0.032082804	
GNG7		0.031708267	
MICOS10		0.031606525	
VPS13D		0.03104134	
UTRN		0.030791422	
ALKBH2		0.03074957	
CDKL1		0.03066767	
LRRC75B		0.030602742	
EIF3I		0.030256275	
RAB28		0.030145995	
RPA3		0.030035542	
PDCD11		0.02997945	
SART3		0.029291622	
NDUFAF8		0.029154576	
C1orf56		0.028973602	
POLG		0.02863506	
FHIP2A		0.028611856	
MTNAP1		0.028338205	
LY96		0.02820167	
PHLDB2		0.027608478	
MPZ		0.02752925	
LSM7		0.027115623	
DSG2		0.026542438	
GTF2IRD2		0.026448166	
NRP1		0.026204817	
C6orf132		0.026052989	
SF1		0.025695862	
ATG4A		0.02559686	
GOLGA7B		0.0255363	
FABP3		0.025464501	
BTN3A3		0.02531132	
GSTK1		0.025160287	
AP4B1		0.024867421	
SNX16		0.024690328	
MSRB2		0.024571134	
ZNF267		0.024478503	
MNT		0.024474312	
METTL3		0.0242825	
ZBTB17		0.023899648	
PARM1		0.023362592	
TARDBP		0.023275683	
SOD3		0.022410858	
HSF1		0.022345044	
TATDN3		0.022257114	
SFMBT1		0.022121439	
RTL8B		0.022086542	
ACSF3		0.022075474	
SLC38A10		0.021572774	
MAP2K4		0.02134546	
SF3A3		0.021156713	
ERLIN1		0.021065215	
RCC1		0.020480549	
B2M		0.02044368	
RBM34		0.020404676	
WNT9B		0.020386687	
HDAC5		0.020220526	
LRP4		0.019835373	
B3GLCT		0.019696457	
LYSMD3		0.01963914	
SIGLEC6		0.019429656	
MTPAP		0.018890876	
GPR137B		0.01862626	
NOL11		0.01859637	
LTF		0.017973362	
DEK		0.01786546	
ARFGEF1		0.017857898	
SLC39A1		0.017822042	
NOL8		0.01780215	
PPP6R3		0.017717924	
NRARP		0.017678522	
USP31		0.017431041	
U2AF2		0.016909981	
GON7		0.016857583	
ZNF701		0.016583567	
YJU2B		0.016233355	
SLC39A11		0.01587202	
ITPKB		0.0152848335	
ZNF780B		0.015026843	
WDR3		0.014949946	
ZNF449		0.014879376	
NME8		0.014605739	
UNC119B		0.014560121	
CCT4		0.01452345	
AXL		0.013670216	
CCDC47		0.013599018	
BOP1		0.013397951	
TPP2		0.013280974	
PTCD3		0.013232107	
NRG1		0.012790465	
NTMT1		0.012450974	
EXOC5		0.0121717015	
CADPS2		0.012015171	
TNRC18		0.011888278	
ZSCAN12		0.011154704	
CDCA8		0.0111282915	
SMNDC1		0.010941735	
EP300		0.010817189	
MSS51		0.010371763	
SLC30A6		0.010298911	
HMGN2		0.0102557605	
SCN7A		0.010254444	
NFKBID		0.00989252	
SRSF3		0.009268627	
KLHDC7A		0.008931383	
ERCC6L		0.008808552	
RNF44		0.008444994	
PURA		0.008417599	
COG4		0.008409272	
USP16		0.008400876	
ARL16		0.008255447	
ZNF318		0.007894796	
ADGRB1		0.007891774	
RAB21		0.007852477	
KLK11		0.0074915974	
SOD1		0.0073777745	
ZNF551		0.006834754	
BRPF3		0.006705825	
BCKDHB		0.006677379	
ICAM3		0.0066478993	
AP1S2		0.0066222115	
NFKBIA		0.0060319495	
TMOD2		0.005604956	
NUDT6		0.0055992696	
ST3GAL2		0.0055902516	
USP15		0.005465707	
ZDHHC14		0.005207326	
ZC3H13		0.0051800213	
CCT7		0.0046970095	
RFNG		0.004635187	
TBX2		0.0045791334	
RNF32		0.0044297045	
ZYG11B		0.0037243336	
CDAN1		0.0036816224	
IPO4		0.0036625797	
TBCD		0.0036412512	
ATG4C		0.0031638995	
SERAC1		0.0031127399	
TAF1A		0.0030499268	
BTN2A2		0.0029256956	
CZIB		0.0028912495	
TBC1D25		0.0027836203	
ATP2A1		0.0027127631	
PRKCH		0.0023386932	
SGSM3		0.0022895925	
ENSG00000277117		0.0021271696	
ZFYVE1		0.001836421	
EOLA1		0.0016464373	
IFT140		0.0015821336	
ERLN		0.001558145	
STX17		0.0014215554	
PPP2R3C		0.0010404509	
RAD51D		9.360065E-4	
PLB1		7.7676104E-4	
JAK2		5.268696E-4	
TRIM44		3.3354902E-4	
SEMA4D		2.8569487E-4	
SZRD1		2.1849215E-4	
UBE2D1		4.3765616E-5	
CLTC		-1.4968833E-4	
METTL27		-1.8576079E-4	
CREBRF		-2.1957E-4	
BRIX1		-3.2268732E-4	
DLST		-4.68241E-4	
UQCRB		-5.212302E-4	
RUSF1		-5.584082E-4	
FAM53A		-6.298753E-4	
ART5		-0.0010791507	
ZNF721		-0.0011198733	
HEBP2		-0.0011617561	
ZNF507		-0.0018987757	
KCNA3		-0.0019165507	
DOK6		-0.0019830733	
ZNF76		-0.0019911143	
RAB38		-0.0021849356	
ADORA2B		-0.0022794402	
KBTBD2		-0.0024518012	
APBB1		-0.0024562394	
FOXK1		-0.0026746856	
NLRC3		-0.0028267547	
MOCS2		-0.0033549385	
FAM3D		-0.0035362726	
BBS12		-0.0039957636	
TPD52L2		-0.0040329993	
LAMB3		-0.0041183387	
RPL26		-0.004516115	
WDR45		-0.00511932	
ICAM4		-0.0052382397	
RPS26		-0.005707404	
TATDN1		-0.006494969	
UGGT1		-0.0065141786	
SEC14L1		-0.00662982	
USP6NL		-0.0075562284	
CCR5		-0.008002678	
TBK1		-0.008178773	
TRMT10C		-0.008822401	
DHFR2		-0.008929868	
NEB		-0.009463452	
ARL4D		-0.009719878	
IGSF22		-0.009896406	
STMP1		-0.009904898	
CES2		-0.010310547	
RGS6		-0.010495339	
IL2RG		-0.010710373	
MPHOSPH8		-0.01079423	
SRGAP2C		-0.010893641	
UNKL		-0.01096693	
CRMP1		-0.011026981	
HSPA1A		-0.011508585	
BOD1		-0.011560829	
ST14		-0.0116327265	
DARS1		-0.012028081	
ABCA1		-0.0121550495	
LRRC58		-0.012269073	
COMMD1		-0.01237657	
RPN2		-0.012907334	
RINT1		-0.012963181	
SPINK5		-0.013119889	
GPR20		-0.013190132	
TMX1		-0.013329446	
TRIM68		-0.013469964	
SP140L		-0.013485477	
ABI3BP		-0.01358152	
TRAPPC2		-0.013769822	
KTN1		-0.013784387	
IRGQ		-0.014350771	
TMC8		-0.014400557	
POLR3G		-0.014666118	
NCOA3		-0.014688198	
LRIG2		-0.015214907	
C19orf18		-0.015242616	
PLEKHF1		-0.015433491	
WDR97		-0.015489668	
NBPF9		-0.0155442925	
ZNF333		-0.015627557	
FBL		-0.015639342	
USP38		-0.015676143	
ESYT1		-0.015704904	
CXXC1		-0.015731312	
TECPR2		-0.015958449	
BAZ1A		-0.01615043	
MSX1		-0.016212074	
RERE		-0.016224656	
TMX3		-0.01631036	
NUP205		-0.016441183	
C5orf24		-0.016631417	
STAG3		-0.016687555	
OSBPL2		-0.016871525	
GNRH1		-0.017113566	
U2AF1L4		-0.017457886	
FGF12		-0.017756883	
MTRF1		-0.01783205	
CCL20		-0.017885048	
FOXP1		-0.018022528	
TMEM241		-0.018359434	
NVL		-0.018541712	
ZNF232		-0.019129131	
PRR3		-0.019508606	
MBTD1		-0.019606851	
CNOT4		-0.019707581	
RUNX1T1		-0.019748302	
TFAP2C		-0.01983681	
VTI1A		-0.020318406	
RPL41		-0.020503582	
TRMT2B		-0.02085254	
TRIAP1		-0.021312239	
COQ2		-0.021430256	
SGMS2		-0.021795409	
ZNF250		-0.021887481	
HPR		-0.021912333	
GEMIN2		-0.022620521	
DYNC1LI2		-0.022726722	
HDAC10		-0.022731448	
CORO1C		-0.023383155	
SLC25A28		-0.023535963	
SOX12		-0.024336604	
ZMYM3		-0.024574706	
POLD3		-0.024729572	
LIMK2		-0.025371764	
KCNAB3		-0.02540842	
ZNF296		-0.025827138	
PRAF2		-0.02583142	
AJAP1		-0.02584846	
LYSMD1		-0.02621995	
RHBDF2		-0.02625168	
ACTL6A		-0.026584242	
RAP2A		-0.02673805	
FERRY3		-0.02685611	
CBX3		-0.026933448	
CHML		-0.02704407	
PRPF18		-0.027542293	
NHSL3		-0.027646435	
TK2		-0.027737377	
PKP4		-0.027887274	
VDAC3		-0.028116249	
RCE1		-0.028119557	
DACT2		-0.028504701	
ZZEF1		-0.028752945	
UFM1		-0.02889201	
MRPL1		-0.029474061	
MIDEAS		-0.02964774	
PELO		-0.029815007	
CEP76		-0.030055325	
UBXN8		-0.030286975	
HEMK1		-0.030504823	
SNX19		-0.030522292	
ASAH2		-0.030864852	
LRCH4		-0.031008355	
CRYZ		-0.031408165	
CTSZ		-0.031467922	
SHROOM3		-0.03166178	
ZNF684		-0.03224094	
SDF2		-0.032242507	
FYB2		-0.032329656	
ESF1		-0.03259614	
NUP35		-0.032750156	
ERMP1		-0.032778434	
SEC14L5		-0.033048812	
MRPS27		-0.033197757	
HTR7		-0.033213515	
ADAMTSL3		-0.0341375	
DCP1A		-0.034178626	
LBP		-0.03424469	
YEATS4		-0.034287963	
RRP1		-0.034492396	
TYRO3		-0.034615245	
UST		-0.034861714	
MCFD2		-0.035246175	
SUMO1		-0.03542432	
NDFIP1		-0.035831556	
VPS35L		-0.035863396	
RWDD2B		-0.03596813	
RUFY4		-0.036095805	
CCDC15		-0.03615088	
SLC46A3		-0.036184836	
SLC10A7		-0.03660145	
THUMPD1		-0.036746204	
CDK10		-0.036847096	
ZDHHC5		-0.03694999	
ARMC1		-0.03707495	
FAM20B		-0.037105862	
IPO7		-0.03717207	
MARCHF8		-0.03758402	
RNF19B		-0.03759772	
TMEM267		-0.037664596	
TAF6		-0.03778661	
WDFY4		-0.037909288	
SUCO		-0.038118634	
TCEA2		-0.038168415	
SLC41A1		-0.038785785	
COG3		-0.039015565	
VPS16		-0.03917702	
PRMT5		-0.03921114	
ARL6IP1		-0.03927205	
FAM120AOS		-0.039571013	
GJD3		-0.040122695	
CCNK		-0.040365797	
MS4A4A		-0.040454928	
FOXA1		-0.040524952	
KANK2		-0.04057053	
COQ6		-0.040582236	
HEXA		-0.04064916	
TREM2		-0.040734757	
MIOS		-0.041421767	
BTN3A1		-0.04144426	
FCRL6		-0.041649204	
APOOL		-0.04165026	
SS18L1		-0.04165795	
GZMM		-0.04169215	
SLC7A1		-0.041734777	
STK38		-0.04210142	
RNF38		-0.042518422	
LBX2		-0.042590845	
KDM3B		-0.042593554	
CCDC32		-0.042721763	
MRPL46		-0.04273564	
PAPSS1		-0.043068036	
RRM1		-0.043096602	
GCN1		-0.043273613	
CENPV		-0.04373382	
ANKS6		-0.04395557	
ZSCAN9		-0.04397679	
CLDN11		-0.04416838	
UIMC1		-0.044366617	
DENND1B		-0.044526868	
SUZ12		-0.045074113	
ZC3H18		-0.045848116	
NUDT21		-0.04607284	
B4GALNT3		-0.04608836	
NR1H3		-0.046233185	
SHROOM4		-0.046262987	
CLIP1		-0.046440713	
ZNF322		-0.046657678	
ULK2		-0.046699043	
GABRB2		-0.04678338	
OGG1		-0.04691553	
DPH2		-0.04727424	
ACCS		-0.047337275	
WASHC4		-0.047411643	
SBF2		-0.047417004	
NSA2		-0.047493037	
KPNA4		-0.047687307	
CDK16		-0.0483107	
MAGI1		-0.048732854	
TMEM167A		-0.048875153	
PPP5D1P		-0.048915777	
FBXL3		-0.04910602	
HELZ2		-0.049474705	
FANCL		-0.04982485	
OSBPL1A		-0.049909733	
NLN		-0.050235797	
ZC3H7A		-0.050414205	
UBE2V2		-0.05161124	
NTPCR		-0.05183219	
GPN1		-0.051984083	
NGF		-0.052546974	
FAM24B		-0.05257267	
TRIM5		-0.052664693	
CALCOCO1		-0.052718572	
CNOT2		-0.05340156	
S100A16		-0.053631373	
MTSS2		-0.05381934	
CLOCK		-0.05413758	
CCZ1		-0.054320328	
RPS9		-0.05437187	
ATG13		-0.054516837	
MASTL		-0.055004776	
TRMT10A		-0.05501643	
IBTK		-0.055045664	
RFPL3S		-0.055121895	
DMAC1		-0.055812463	
NUDC		-0.05649801	
WDR81		-0.057137553	
BTD		-0.05783064	
SLC5A3		-0.058344938	
NFKBIE		-0.05836914	
REEP6		-0.058491167	
HAUS1		-0.058496255	
CCDC59		-0.058822196	
C5AR2		-0.058847096	
ZNF37A		-0.05887592	
EWSR1		-0.058890194	
BRD9		-0.058969207	
SERTAD1		-0.058983766	
NACA		-0.05921666	
FMNL3		-0.059268262	
CD58		-0.059345845	
RAB10		-0.059430823	
KBTBD12		-0.059474222	
POLR2H		-0.0595334	
QPRT		-0.059923656	
ZCCHC8		-0.06039225	
SEC13		-0.06063787	
KLF11		-0.060847398	
ACSM1		-0.061011516	
EIF3D		-0.061043203	
UPF3A		-0.06122695	
ELP4		-0.061802056	
GUCY1B1		-0.062112648	
CLK3		-0.06218942	
EXOC7		-0.06233617	
COL6A6		-0.062342856	
IPO5		-0.062366914	
NIPSNAP3A		-0.062577255	
JAK3		-0.06295187	
NANS		-0.063174985	
RPTOR		-0.063318595	
NFXL1		-0.063454896	
STON2		-0.06352222	
CNOT3		-0.063546374	
KIF18A		-0.063570134	
CYB5RL		-0.063674554	
MMGT1		-0.06424997	
ARL6IP4		-0.06434645	
DCTD		-0.06459768	
ALDH8A1		-0.06513571	
SIAH2		-0.06529492	
TOPBP1		-0.065564655	
QRSL1		-0.06579927	
GSE1		-0.06581079	
PIK3R4		-0.06633592	
MXI1		-0.06659395	
IPO8		-0.067692816	
KIAA1328		-0.06795803	
SMPDL3A		-0.06839811	
HDHD3		-0.06842777	
DBH		-0.06880808	
PTGDR		-0.069159165	
GRWD1		-0.069357365	
IKZF5		-0.06938046	
FLYWCH2		-0.06964052	
POLR3A		-0.070000894	
MFSD6L		-0.07010497	
ZBTB4		-0.070124716	
ENDOD1		-0.07069886	
KDM3A		-0.07075762	
IL2RB		-0.07079317	
PHAX		-0.07083531	
FUNDC1		-0.071764596	
GNAS		-0.072934955	
B3GNT2		-0.0729808	
PRPF38A		-0.07304703	
NRF1		-0.073194385	
CUL3		-0.07325487	
SSR1		-0.073467925	
HSD17B1		-0.0737808	
SDF2L1		-0.074165344	
PAIP2B		-0.0742448	
FCRLB		-0.074542314	
GPAT2		-0.074691825	
RMI1		-0.074880384	
NSMCE4A		-0.075821795	
NSUN2		-0.075860254	
MAPRE2		-0.07595017	
WDR74		-0.07595793	
TMEM131L		-0.076384075	
ARL6IP6		-0.07642037	
EVI2A		-0.07642889	
FSCN1		-0.07657495	
TTLL4		-0.07765766	
TCF19		-0.077964954	
TMEM273		-0.07848723	
PCDHGB4		-0.079062514	
ZBED3		-0.07912797	
SEPHS1		-0.07914404	
CETN3		-0.0792485	
RCBTB1		-0.07966896	
CACTIN		-0.080174446	
STRIP2		-0.08023276	
HOXA1		-0.080335245	
SYNE3		-0.080577895	
XKR6		-0.08064312	
SYDE1		-0.08133878	
NCOA2		-0.08134618	
GBP2		-0.08192049	
LEMD3		-0.081922784	
SLC39A9		-0.08212667	
PIN4		-0.08225354	
MYL3		-0.08245548	
UBE4A		-0.08291587	
TUBB4B		-0.08327406	
ZNRF2		-0.083867244	
PEAK1		-0.083997846	
KIAA0930		-0.08415534	
PI4KA		-0.084230036	
TFB1M		-0.0842332	
YJEFN3		-0.08426342	
TMEM161A		-0.08454585	
CRAMP1		-0.08461389	
MXD3		-0.0847678	
RFC3		-0.0850549	
AURKC		-0.08525718	
IST1		-0.08641617	
RAI2		-0.08659004	
SLC26A5		-0.086741045	
GUF1		-0.08687984	
RELT		-0.086988255	
PCF11		-0.0880803	
C15orf62		-0.088279895	
PTPN2		-0.08835624	
MARCHF3		-0.08847177	
SAFB		-0.08871117	
SPC24		-0.089407764	
ARHGEF3		-0.08963255	
ITGB1BP1		-0.089838475	
CYB5R3		-0.089967765	
VSIG10L		-0.09000016	
MAP1LC3A		-0.09011263	
RC3H1		-0.0904919	
SLC6A16		-0.09057098	
ZNF280B		-0.09065711	
FBXL20		-0.090756774	
AURKA		-0.090771474	
ACP6		-0.09091651	
PPIB		-0.090920635	
UBE2O		-0.09148683	
ZNF430		-0.091624066	
CORO7		-0.09186742	
SKIDA1		-0.091968015	
DUSP28		-0.091993585	
DNAJC4		-0.0923293	
OPRL1		-0.092406474	
CDK11B		-0.09243799	
CNR1		-0.09262451	
ZBTB11		-0.09271051	
ZNF700		-0.09277812	
PCDH15		-0.09305439	
BCCIP		-0.09317247	
RPL32		-0.09335963	
FXYD2		-0.0937429	
BRD2		-0.094101615	
RSL24D1		-0.094173744	
RASSF10		-0.094216496	
LYRM1		-0.09456338	
ERICH1		-0.094655015	
YIPF4		-0.0949341	
FOXS1		-0.09493991	
OIP5		-0.09504105	
SLC8B1		-0.096155204	
KDM4D		-0.0964638	
KLK10		-0.09649617	
ALS2		-0.09751171	
TMEM248		-0.09753867	
ATF1		-0.09763028	
ENSG00000275765		-0.09768351	
NUP37		-0.09779221	
PILRB		-0.09824054	
CREB1		-0.09840274	
TBX5		-0.09849159	
THOC5		-0.098638356	
FOXQ1		-0.0988397	
KIAA1549		-0.098880395	
NME3		-0.09891124	
RPL9		-0.0991055	
ANKRD24		-0.09910853	
IFT57		-0.099152	
ATE1		-0.099783875	
TCF15		-0.09993181	
ARHGEF12		-0.10010213	
ZNF552		-0.10024846	
SNRNP27		-0.100259006	
RABEPK		-0.100367405	
FBXL9P		-0.100934364	
CUEDC2		-0.10098099	
PDCL3		-0.10102397	
AKIP1		-0.10115558	
SALL2		-0.10202403	
RFTN1		-0.10240525	
WASH9P		-0.10245848	
THAP10		-0.10253448	
HOOK1		-0.10281345	
ATAD5		-0.10288768	
TAF8		-0.103184216	
EPB41L4A		-0.10331766	
RAD51AP1		-0.10338204	
GSTM5		-0.103693955	
LRRFIP1		-0.103862315	
FCAR		-0.104092464	
ZNRD2		-0.10425909	
DSN1		-0.10440256	
AMH		-0.10473394	
DICER1		-0.10475553	
FAM43A		-0.104973756	
ZNF594		-0.10530178	
LARP4		-0.105316035	
CUEDC1		-0.10539232	
RPS25		-0.10544416	
RPL7A		-0.10559807	
TSSC4		-0.10561788	
POT1		-0.10569235	
ERBB2		-0.10593026	
SPRYD4		-0.10675396	
RHOBTB1		-0.10676125	
HECA		-0.10682803	
RPL7L1		-0.106938265	
SEPSECS		-0.10706912	
CACNA1E		-0.10708694	
PLEKHO2		-0.10739779	
STXBP3		-0.10770061	
NPY1R		-0.10781654	
CCNT2		-0.107938536	
CKB		-0.10808163	
CDC14A		-0.10809525	
UBE2W		-0.1082588	
RBL2		-0.10861107	
RFX1		-0.108713135	
MCM5		-0.10886962	
SMARCC2		-0.10889215	
RPS11		-0.10913946	
CHKB		-0.10972854	
FAM219B		-0.109740734	
ITPA		-0.10982292	
ARNT2		-0.10987592	
CAB39		-0.10992845	
PHKA2		-0.11005034	
AAAS		-0.11010055	
NPIPA1		-0.11014197	
CCDC9		-0.110571936	
EIF2B3		-0.11069932	
SPTAN1		-0.110871606	
TAF9		-0.11098506	
TPCN2		-0.11173249	
MICU2		-0.11202371	
PABIR2		-0.11267809	
ALG6		-0.11354144	
SGSM1		-0.113699496	
HLA-DPB1		-0.11370972	
ERCC2		-0.11428729	
FPGT		-0.114773825	
NDRG1		-0.114895366	
DCLRE1C		-0.1151785	
SLC25A33		-0.115485035	
MFSD14A		-0.11553983	
CMC1		-0.116201855	
GJA5		-0.11631548	
GALNT10		-0.11641967	
H4C8		-0.117020264	
COQ10A		-0.11710296	
ZNF704		-0.117156446	
JPH4		-0.11731111	
MCTS1		-0.11754844	
USP8		-0.11783305	
ZNF585B		-0.118338525	
HSPA2		-0.11877276	
MPHOSPH10		-0.118893296	
AQR		-0.11909202	
KLK1		-0.11934739	
RNF170		-0.119374864	
SLC8A3		-0.11979065	
PHF3		-0.12021705	
PTPRU		-0.120226525	
SMYD2		-0.12058439	
DUSP23		-0.120744966	
MIB2		-0.12111877	
EMD		-0.12161406	
ZNHIT2		-0.12184981	
ZNF202		-0.122119546	
DEGS1		-0.122256435	
RBM19		-0.12242247	
SPAG9		-0.12242559	
PAIP2		-0.12277632	
MAP3K5		-0.12298637	
MOB2		-0.1230029	
OBSL1		-0.12328302	
RGL1		-0.12342747	
CCNC		-0.12351007	
WWP1		-0.123676345	
HERC1		-0.123831116	
DRICH1		-0.12384583	
CFAP221		-0.12422676	
TRMT10B		-0.12433823	
ZNF396		-0.1244412	
RCC2		-0.12447913	
UQCRHL		-0.12452841	
PHLPP1		-0.124623775	
THAP9		-0.1255087	
MRPL32		-0.12551242	
OVOL1		-0.12568769	
ABHD11		-0.12597077	
LCP2		-0.12602839	
TAB3		-0.12608252	
SLC16A12		-0.1261293	
ENTPD6		-0.12638731	
HLA-DRA		-0.12647541	
TIMP3		-0.12655583	
HDGFL2		-0.12693398	
EIF3H		-0.12715606	
TRAM1		-0.12721969	
TAF1C		-0.12793714	
HADH		-0.1279853	
C3orf52		-0.12832387	
PMPCB		-0.12864524	
TBC1D7		-0.12868266	
ZNF790		-0.12872373	
VASH1		-0.12875466	
ZBTB33		-0.12924021	
CCDC154		-0.12938824	
PXN		-0.12959695	
CBX7		-0.12983258	
DOCK11		-0.1298439	
DXO		-0.1301428	
NUDT7		-0.13027577	
C1RL		-0.13035406	
ATXN1L		-0.13058968	
RNF111		-0.1307312	
MAN2C1		-0.13107856	
NFRKB		-0.13111477	
HINFP		-0.1314765	
NUDT1		-0.13161065	
ZDHHC21		-0.13210858	
KBTBD4		-0.13243504	
SPART		-0.13245992	
PGAP3		-0.13268568	
SIGLEC12		-0.13288853	
ZMYM1		-0.13335119	
LRRC20		-0.13348672	
RHNO1		-0.13354519	
ERCC4		-0.13443658	
PAK6		-0.13459043	
GAR1		-0.13491414	
RABEP1		-0.13514651	
PGBD1		-0.13540703	
ZNF670		-0.13569058	
ARL5A		-0.13570116	
STX18		-0.13629483	
LCN12		-0.13646382	
EMP3		-0.13698652	
NQO1		-0.13795264	
TBX6		-0.1382565	
AGR2		-0.13848154	
CD163		-0.13868906	
ANKRD9		-0.138998	
TCEAL2		-0.1390087	
DEPDC5		-0.13924298	
LYST		-0.13930365	
MLEC		-0.13942216	
EMC7		-0.13964765	
ORC1		-0.13976495	
HACE1		-0.14044313	
SYCE1		-0.14064004	
UGT8		-0.14087816	
KYNU		-0.14108756	
ENTR1		-0.14135692	
ZSCAN2		-0.14139555	
SGPP2		-0.14177904	
GPRIN3		-0.14184318	
FBXL14		-0.14187777	
ZNF688		-0.14233232	
DIO3		-0.14242685	
FANCF		-0.142502	
NIPSNAP2		-0.1425495	
LRRC59		-0.14277692	
UCP2		-0.1438001	
MTFMT		-0.14380415	
RNF123		-0.14411397	
ZNF268		-0.14542565	
DMXL2		-0.1454912	
HNRNPA1L2		-0.14567055	
CIAO3		-0.14642139	
KANSL2		-0.14684531	
SFR1		-0.14714812	
ZEB2		-0.1471669	
SOAT1		-0.14722279	
TMEM255A		-0.14787257	
IFNGR2		-0.14848788	
STIMATE		-0.14858763	
NOP56		-0.14884533	
ZNF236		-0.14910643	
OSGEP		-0.14913511	
ZNF404		-0.14937428	
CTBS		-0.14939687	
SRP19		-0.14990145	
AGA		-0.1499668	
ZNF717		-0.1502593	
ACOT9		-0.1505581	
MRPL55		-0.15101308	
TRDMT1		-0.15135239	
CUTC		-0.15151998	
C3AR1		-0.15164654	
GNA15		-0.1516695	
POM121		-0.15173407	
PHEX		-0.15185189	
CDK7		-0.15219782	
ME2		-0.15268475	
ERBB4		-0.15275231	
RABGAP1L		-0.1528805	
BMP2		-0.15289737	
MAGOHB		-0.15291698	
GAREM1		-0.15343651	
COQ9		-0.15346	
STAP2		-0.15394749	
ZFP57		-0.15398319	
ADD1		-0.1547955	
BTBD7		-0.15488604	
NLE1		-0.15494	
NECTIN2		-0.15495923	
RGS3		-0.15500058	
PIGO		-0.15517688	
CLASP2		-0.15541165	
PHOSPHO2		-0.15562132	
PTPN22		-0.15570883	
TMEM44		-0.15572964	
SYPL1		-0.15591028	
PIK3CG		-0.15602	
POLR2M		-0.15646796	
ZBTB46		-0.15648231	
GTF2H2C		-0.15696906	
RFC4		-0.15713836	
B4GALT3		-0.1572131	
SRM		-0.15781784	
FMNL1		-0.1578431	
EPN2		-0.15851237	
SDC1		-0.15874678	
FEZ1		-0.15880144	
FAM120C		-0.15889661	
CEBPZOS		-0.15915237	
NKIRAS1		-0.1597807	
ZDHHC9		-0.16025496	
REM2		-0.16030724	
RNF166		-0.16032372	
SMIM22		-0.16084278	
H2AC20		-0.16116577	
BCL6B		-0.16172247	
SLC25A36		-0.16195782	
RPS27		-0.16228615	
ZNF277		-0.16235296	
RBM26		-0.16263588	
THAP12		-0.16275725	
PELP1		-0.16276464	
TLR5		-0.16279373	
KCTD18		-0.16307138	
ALPK3		-0.16321996	
DCAF15		-0.16377476	
TMPO		-0.16402566	
KAT7		-0.164327	
FCHSD2		-0.1648747	
RIC3		-0.16497074	
AGTR1		-0.1656887	
BANF1		-0.16572486	
TRAPPC13		-0.16588362	
ZNF683		-0.1661037	
RIOK1		-0.166741	
ZNF443		-0.16801436	
BLCAP		-0.16808887	
SLC26A4		-0.16852246	
LAPTM4B		-0.1687119	
RABL3		-0.16873418	
C1orf226		-0.1687351	
GLMN		-0.16897283	
CUL1		-0.16903983	
TENT2		-0.16921997	
FMN1		-0.16965209	
STRN		-0.16969761	
ATRAID		-0.16982804	
WASHC5		-0.16990723	
POM121C		-0.17019825	
TRAF6		-0.17023656	
ADAM10		-0.17051652	
MTMR1		-0.17086789	
KTI12		-0.17107408	
PEX2		-0.17137864	
LSM12		-0.17145467	
CERK		-0.1720148	
CTNNAL1		-0.1722356	
AHNAK		-0.17235313	
SCN3B		-0.17238426	
CCT8		-0.17257802	
TIMM8A		-0.17259192	
TGS1		-0.17366904	
TMEM74B		-0.17387478	
PKM		-0.1739424	
SDHAF3		-0.17399874	
AIRIM		-0.17414999	
SRGAP2		-0.17502226	
CARS1		-0.17522453	
ZSCAN21		-0.17522548	
NUTF2		-0.17528865	
MLKL		-0.1761404	
DDX51		-0.17629927	
PPIL1		-0.17662175	
PRAG1		-0.17695303	
TCHH		-0.17702782	
E2F5		-0.17726383	
DVL2		-0.17750928	
ALG9		-0.17783797	
SLC5A6		-0.17824928	
STAB1		-0.17838281	
RBM15B		-0.17843933	
RBBP9		-0.17854737	
TMEM230		-0.17892917	
IKZF4		-0.17893241	
PDPN		-0.17916924	
IER5L		-0.17935006	
MTFR1L		-0.18011358	
SPINDOC		-0.18015137	
PSMD9		-0.18046193	
GPC4		-0.18113191	
HM13		-0.18123434	
SMU1		-0.18134795	
NOC2L		-0.18194751	
PPP1R37		-0.18233138	
SKOR1		-0.18234514	
ANKEF1		-0.18295333	
SH3D19		-0.18330327	
TOX4		-0.18371424	
P2RY2		-0.18374084	
STAG2		-0.18380015	
STX4		-0.18470874	
PPP2CB		-0.18495895	
RTF1		-0.18517202	
ASAH2B		-0.18530339	
PPAN		-0.18531246	
C1D		-0.18532462	
BICDL2		-0.1857957	
CEACAM5		-0.18621753	
SLF2		-0.18688041	
CDK19		-0.18706888	
TGFA		-0.18754631	
ACBD4		-0.18757313	
TMEM14C		-0.18759681	
MRPS30		-0.18852465	
MAFK		-0.1886114	
ZFP14		-0.1888971	
HLA-DRB1		-0.18899943	
ASB13		-0.18915838	
SEMA4G		-0.19020861	
TMEM214		-0.19037059	
FOXRED1		-0.19068676	
ERG		-0.1908338	
TFAM		-0.19196652	
MACC1		-0.19203752	
DUS3L		-0.1925694	
TBKBP1		-0.19277301	
ABCA7		-0.19305359	
XAGE2		-0.19364572	
MALRD1		-0.1942406	
RASEF		-0.19431148	
MEF2A		-0.19454683	
BACH1		-0.19457081	
ZNF391		-0.19472438	
RUNDC1		-0.19488288	
FBXL12		-0.19510819	
STMN1		-0.1956411	
MRAS		-0.1957656	
PRELID3B		-0.19589947	
MAPK11		-0.19631618	
ZSCAN26		-0.1966212	
RRS1		-0.19671725	
NFATC2IP		-0.19701287	
BCKDK		-0.19732268	
IRAK4		-0.19740707	
CHST12		-0.19766046	
MED27		-0.1979572	
NRAS		-0.19828656	
R3HDM4		-0.1991443	
IL17RC		-0.1993381	
IL21R		-0.19945018	
WDR55		-0.19950569	
ZNF653		-0.19955474	
NT5C3A		-0.19962858	
CAMKMT		-0.19976762	
TUT1		-0.19993173	
MISP		-0.20006679	
PCLAF		-0.20013413	
CCDC88A		-0.20039935	
RAB5A		-0.20049673	
COMMD3		-0.20096032	
EARS2		-0.20111664	
FAHD2A		-0.20115903	
ZFP3		-0.20119093	
ABCA9		-0.20127428	
INPPL1		-0.20150942	
SMC1A		-0.20182733	
MED21		-0.20185715	
YBEY		-0.20217524	
C1QBP		-0.20220356	
SPTBN5		-0.20224696	
PLEKHG4		-0.2025145	
AIDA		-0.20262623	
DAGLA		-0.20308064	
SLC35B3		-0.20375223	
TGOLN2		-0.20391352	
CD44		-0.20414989	
TRIM8		-0.20462053	
AXIN1		-0.20486625	
HNRNPF		-0.20519446	
APC		-0.20668441	
NOG		-0.20701468	
C3orf80		-0.20720412	
CAVIN3		-0.20722091	
YTHDC1		-0.2072587	
P2RY14		-0.20735098	
FBXL8		-0.20750068	
PAAF1		-0.20813723	
MOV10L1		-0.20841046	
LMAN2		-0.20897968	
TIMM9		-0.20936441	
NOMO1		-0.20996778	
ERI3		-0.20999266	
IL22RA1		-0.21091317	
RPF2		-0.21122994	
RIPOR2		-0.2112976	
TFEB		-0.21171969	
IMPDH2		-0.21179003	
SUPT4H1		-0.21187301	
MTPN		-0.21225254	
ZNF816		-0.21241876	
KXD1		-0.21298733	
AKR1E2		-0.21301854	
NOMO3		-0.21304165	
TOP1		-0.2132163	
LIMK1		-0.21372388	
CWF19L2		-0.2138632	
SIGLEC8		-0.21437283	
COQ7		-0.21486172	
GRTP1		-0.21497908	
RBM3		-0.21520366	
UBR2		-0.21536544	
RAB4B		-0.21541876	
GIMAP5		-0.21562845	
ZNF671		-0.2156435	
ZNF777		-0.21572843	
PTPRC		-0.21585582	
VIRMA		-0.21625665	
LRRC8D		-0.21630405	
MSL2		-0.21706976	
TTYH2		-0.21716346	
CD59		-0.21722281	
FGFR2		-0.21832632	
P2RX6		-0.21835901	
PLS3		-0.21843643	
HSPA4		-0.2184452	
NIT2		-0.2185658	
COL6A5		-0.21866836	
ISOC2		-0.21876171	
ZNF502		-0.2188618	
PPIF		-0.2195493	
ASTE1		-0.21991368	
ECPAS		-0.21992941	
TRIM33		-0.22033964	
DHX8		-0.22105315	
KLHL18		-0.22137485	
DDAH2		-0.22138467	
EIPR1		-0.2218184	
IRF2BPL		-0.22192033	
TGM1		-0.22207291	
RFESD		-0.2224767	
PARP16		-0.22329402	
SLC5A1		-0.22379108	
CNBP		-0.22405541	
ADCK5		-0.22438629	
CHMP7		-0.22451882	
SF3B3		-0.22456561	
RELA		-0.22458732	
NDNF		-0.22524254	
MGME1		-0.22531363	
INTS11		-0.22562921	
TTC4		-0.22571543	
VARS1		-0.22576441	
SUPT3H		-0.22578591	
NEMP1		-0.22597973	
GFOD1		-0.22651845	
PSMD6		-0.22665302	
ZNF668		-0.22678581	
EEF1AKMT2		-0.22689183	
EML1		-0.2271633	
CD81		-0.22754547	
TMEM185B		-0.2281041	
CXCL10		-0.22815378	
KIF16B		-0.22817443	
ZNF577		-0.22825025	
SDCBP		-0.22852798	
USP47		-0.22856782	
NOP14		-0.22867784	
PPBP		-0.22877596	
ZNF43		-0.2288437	
VPS25		-0.22888583	
THNSL1		-0.22936553	
PLEKHD1		-0.22941786	
AOC2		-0.22968291	
RNFT1		-0.23002775	
GSR		-0.23048404	
UBP1		-0.23081535	
TMEM51		-0.23092268	
MMRN2		-0.23117477	
MFSD8		-0.23191479	
ZNF687		-0.23207149	
MRPL24		-0.23214243	
RAB2A		-0.23245613	
RAPGEF2		-0.23250398	
TMEM184B		-0.23260714	
FBXO10		-0.23286979	
H1-2		-0.23299001	
DHX34		-0.23366418	
PPP2R5B		-0.23380308	
MED10		-0.23391697	
PDS5A		-0.23402168	
TSNAX		-0.23408447	
MGST2		-0.23429018	
AMBRA1		-0.23463714	
TENT5A		-0.23482558	
FOXN2		-0.23527668	
PRR11		-0.2352904	
SUMO2		-0.23563471	
ARHGAP11A		-0.23583461	
CCDC121		-0.23645175	
SLFN5		-0.23673499	
CIITA		-0.23699921	
CMTR1		-0.23826084	
EIF3F		-0.23862334	
TRIM11		-0.23897329	
MAP4K3		-0.2390466	
CIRBP		-0.23946683	
DOCK8-AS1		-0.23955941	
VPS41		-0.24004686	
ZC3HAV1		-0.24024707	
ARF5		-0.24027508	
KDM5D		-0.24038847	
SCOC		-0.24058335	
STC1		-0.24064788	
ENSG00000262621		-0.24080524	
ELANE		-0.2409005	
ZFP30		-0.24152175	
MARCKS		-0.24193758	
RPLP0		-0.24223673	
PUM1		-0.24232538	
CRYAB		-0.2444701	
RAD23B		-0.24485266	
CMTM7		-0.24506609	
SMN2		-0.24522476	
PLAAT2		-0.24578415	
MRPL3		-0.24633674	
PRSS27		-0.24655406	
NADSYN1		-0.2474822	
PFDN5		-0.24770382	
MRFAP1		-0.24773918	
HNRNPH2		-0.24786593	
SETD4		-0.24821998	
PSMC1		-0.24850817	
TIFA		-0.2491399	
UPRT		-0.24960074	
LMNB2		-0.2501389	
TARS2		-0.25114715	
TMPRSS3		-0.25132257	
DNAJC1		-0.25181416	
RYR1		-0.25182274	
MARS2		-0.25184757	
PFKL		-0.25186774	
TRIM16L		-0.25191948	
WTIP		-0.25199005	
TTC19		-0.25203738	
ZNF613		-0.25204086	
HBEGF		-0.25239116	
PIK3R5		-0.25239986	
SEPTIN10		-0.25259116	
CNP		-0.25261214	
WAC		-0.25317326	
PPP1R3C		-0.2534631	
DDTL		-0.2536887	
SRP9		-0.25386313	
UTY		-0.25422713	
AP1G2		-0.25441056	
PRELP		-0.2546848	
THRAP3		-0.2551858	
NCOA1		-0.25562337	
AP3S2		-0.25582772	
NRBP2		-0.25644842	
RGS12		-0.25655648	
SH2B3		-0.2567684	
ALG1		-0.25755492	
BRAT1		-0.2577734	
SNAI3		-0.25793183	
MORN4		-0.2583749	
PTBP1		-0.25844145	
TXNL4B		-0.25865406	
C2CD4C		-0.25897226	
RBM44		-0.25940233	
MACO1		-0.26102427	
EEF1D		-0.26112574	
EIF2S3B		-0.26267058	
CCDC25		-0.2632926	
C2orf42		-0.2635773	
ARRDC2		-0.2636492	
ZNF106		-0.26402298	
MYOZ1		-0.26430476	
HLA-DQB2		-0.2649143	
VPS8		-0.2651386	
UQCC2		-0.26519942	
SSC4D		-0.2653521	
CD93		-0.26541394	
GZF1		-0.26544097	
MAGOH		-0.26554018	
RPS4Y1		-0.26565456	
MAN2B1		-0.26706526	
FLAD1		-0.26838186	
PEAR1		-0.26852885	
DKC1		-0.2687642	
SELL		-0.26922795	
UCHL3		-0.2694972	
CMC2		-0.2696278	
GNB1L		-0.26967725	
RAN		-0.26983133	
STEAP1B		-0.2703261	
CCNY		-0.2706444	
RBMX2		-0.27068642	
TBX4		-0.2712928	
CYYR1		-0.2720263	
MUC3A		-0.27210706	
RUBCN		-0.27244338	
TCEAL4		-0.2728269	
KCNH6		-0.2728843	
PSMG3		-0.27322835	
GTF2F2		-0.27325377	
OPHN1		-0.27345416	
BACH2		-0.273561	
RPL24		-0.27404225	
POPDC1		-0.27407715	
PPP1R14B		-0.27423337	
CLDN9		-0.27496988	
NR5A2		-0.27508345	
CLEC10A		-0.27567497	
PIGF		-0.27641582	
SCYL2		-0.27651608	
HPS3		-0.27678323	
TIMM23		-0.2769001	
CST3		-0.27784768	
ADAT2		-0.27822205	
ACTG1		-0.27837053	
LDAH		-0.27837247	
CSE1L		-0.27848557	
DGLUCY		-0.27870777	
CELF2		-0.2789822	
ILK		-0.279034	
PRPSAP1		-0.27909976	
TBC1D2B		-0.27910626	
ZNF714		-0.27930257	
SLC25A10		-0.2794486	
DDX52		-0.28029004	
SGTB		-0.28045464	
TP53		-0.28053007	
MEAF6		-0.28071764	
LYZ		-0.28091648	
SDHD		-0.28105593	
RABGGTB		-0.28154087	
TNFAIP8		-0.28158012	
KRT4		-0.28165966	
DDX3Y		-0.28168213	
AARS2		-0.28197056	
GPR82		-0.28210542	
ANO10		-0.28212798	
BTBD3		-0.28227973	
IRF8		-0.2825626	
WDTC1		-0.28281012	
TBC1D15		-0.283043	
PHACTR4		-0.28332442	
BIN1		-0.28384045	
LAP3		-0.2845726	
ADARB1		-0.28476337	
TRPC4AP		-0.28556997	
VCPIP1		-0.28591886	
RAF1		-0.2860894	
RGPD8		-0.28632188	
ACO2		-0.2863245	
KHSRP		-0.2863518	
TMEM258		-0.28656927	
FAM76A		-0.28699258	
CENPI		-0.2876615	
MAP3K1		-0.28802377	
ROGDI		-0.28805065	
KCNJ5		-0.28822866	
IGIP		-0.28854015	
PPM1L		-0.2888334	
ETFRF1		-0.2891118	
TMEM63A		-0.29221445	
ENTPD3		-0.29268372	
LUC7L2		-0.29302853	
ZNF587B		-0.29398635	
ZNF708		-0.2939939	
CLYBL		-0.29399848	
RECK		-0.29412347	
TESK1		-0.29418913	
RPL12		-0.29422766	
UBAP2		-0.2942354	
GPC3		-0.29433444	
FBRSL1		-0.29446808	
RPRD1B		-0.2946276	
PGK1		-0.29477295	
AKR1C2		-0.29494673	
LRRC31		-0.29516652	
PRMT6		-0.29549497	
SLA		-0.2965001	
OXSR1		-0.29667267	
ANGEL2		-0.29717812	
ZNF133		-0.29740208	
PHKB		-0.29766232	
NT5C3B		-0.29784715	
HOXA2		-0.29804283	
SHLD3		-0.29892448	
ALKBH6		-0.29901087	
ZRSR2		-0.299109	
SCRN3		-0.29926398	
ZNF655		-0.29969758	
BCL10		-0.30015	
UBN1		-0.30030164	
SELENOP		-0.30070537	
CASP8AP2		-0.30190146	
RPS7		-0.30231366	
ANKLE1		-0.3026747	
FAM89B		-0.30275112	
RBBP8NL		-0.30293688	
ARHGEF16		-0.3032974	
CBX8		-0.30330265	
PDE4A		-0.3035249	
FAM200C		-0.30371213	
POU6F1		-0.3039495	
WASHC2A		-0.30497798	
ZPR1		-0.30501953	
LIG3		-0.30555168	
ZNF791		-0.3055593	
ABCF2		-0.30595672	
DGKZ		-0.30635953	
NPTX1		-0.30638555	
GLB1		-0.30641857	
OVOL2		-0.30663994	
APPL1		-0.3080216	
RPL26L1		-0.3080561	
PAQR6		-0.30955762	
TAF11		-0.31014216	
CAMKK2		-0.3102139	
SCNN1G		-0.31032604	
FOXP2		-0.31049064	
GDF5		-0.31061462	
SLC14A1		-0.31075907	
SULT1C4		-0.3109357	
BAG4		-0.31136382	
EMC9		-0.31281877	
FMO2		-0.31446406	
TIPIN		-0.3148346	
SRRT		-0.31533086	
TMUB2		-0.31560287	
SLC25A46		-0.31577146	
LIFR		-0.3164133	
AP1S3		-0.31674874	
ZNF324B		-0.31761783	
RPS3		-0.3179563	
NAT10		-0.31798196	
LGALS3BP		-0.31804407	
ZNF566		-0.31808174	
SASH1		-0.31899676	
CD46		-0.31977463	
CTPS1		-0.31985033	
KCNA4		-0.31993538	
ZNF697		-0.32012168	
TMED5		-0.3202808	
TRAP1		-0.32028234	
ZNF549		-0.32029015	
CCT5		-0.3208514	
PARP6		-0.32089418	
STX5		-0.32119274	
TNFRSF8		-0.3212172	
EXOSC5		-0.32124847	
RPL21		-0.32127562	
IDUA		-0.3213931	
CIR1		-0.3215394	
BSG		-0.3216115	
ABHD15		-0.32164025	
BAK1		-0.32184318	
CASP7		-0.32188222	
GREB1L		-0.3220811	
FNTB		-0.3227882	
SOX7		-0.32288173	
ITGA10		-0.32310548	
DHRS3		-0.32376474	
TBX21		-0.32387543	
NPIPB15		-0.32439175	
ZNF750		-0.3244035	
SPRED2		-0.32499784	
BAX		-0.32514462	
SEM1		-0.3255566	
C5orf22		-0.32601812	
CBX6		-0.32646644	
TUBE1		-0.32650968	
RARRES2		-0.32682455	
TMEM167B		-0.32713974	
PRICKLE3		-0.32793584	
RPL13		-0.32809538	
BAZ1B		-0.32819927	
HEATR5A		-0.3282301	
RAP2C		-0.3284889	
PCSK2		-0.32882282	
MRPL33		-0.32920292	
GDI2		-0.32933182	
YRDC		-0.32938114	
NIT1		-0.32944548	
TRIM7		-0.32977387	
HARBI1		-0.32983544	
ZFP92		-0.33037245	
PARG		-0.33042705	
UBE2I		-0.33043274	
TCEAL9		-0.33056456	
CRBN		-0.33104813	
DOCK2		-0.33105904	
SLC7A8		-0.33137974	
SYT1		-0.33311296	
DENND11		-0.33335346	
EXO5		-0.33410633	
PNPLA4		-0.33448	
MINDY3		-0.3345208	
RINL		-0.33461183	
NUP155		-0.3346181	
TGFBR2		-0.33574867	
TRAF2		-0.33593807	
FXYD1		-0.3360072	
LAMA5		-0.33625168	
PACSIN2		-0.33641893	
PROCA1		-0.33671132	
PDCD6IP		-0.33716956	
ALKBH1		-0.33736053	
DNAJC24		-0.33819583	
KLHL9		-0.3382404	
CHD4		-0.33830154	
ZP3		-0.33875433	
MED6		-0.33880794	
PRKD1		-0.3388476	
KIAA1217		-0.33936673	
EMILIN2		-0.33989823	
PTPN3		-0.3402538	
ATG101		-0.34104797	
CHMP3		-0.34150788	
MXD4		-0.34153947	
CFAP68		-0.3419777	
TYSND1		-0.342238	
BTN2A1		-0.34258217	
SGPP1		-0.3431743	
MVB12A		-0.34332907	
SNRPD1		-0.34344903	
ZNF224		-0.34368047	
HDAC4		-0.34421614	
SYNPO2L		-0.344493	
ZNF197		-0.34501594	
SLC10A3		-0.3450478	
IRF9		-0.34517133	
PEX11G		-0.3452677	
SIPA1L3		-0.34570062	
MBNL3		-0.3458998	
ZNF771		-0.34613448	
MUS81		-0.346606	
FAM228A		-0.3466613	
ANKRD50		-0.3466905	
USP9Y		-0.34688607	
XRCC6		-0.34724033	
TNFAIP1		-0.34724125	
PSMD7		-0.34770975	
NFYB		-0.34775826	
DHRS7B		-0.34778145	
LEPROTL1		-0.3478632	
PTPRF		-0.34810475	
C16orf54		-0.34847125	
PRLR		-0.34872445	
GMPR2		-0.34890774	
LBR		-0.3489186	
MAST3		-0.3489191	
PIGX		-0.34908536	
SELENOK		-0.34934705	
DDX41		-0.34939966	
TNFRSF10C		-0.349708	
TIMP4		-0.35037583	
BRD8		-0.35046732	
ARID2		-0.35058743	
GGNBP2		-0.35080105	
MBLAC2		-0.35104325	
PODXL		-0.35132155	
TFCP2L1		-0.35136917	
ARL6		-0.3515738	
PPARD		-0.3518088	
TSKS		-0.35195944	
MUC21		-0.35219735	
HSPA14		-0.35255262	
CRTC2		-0.35256168	
FBLN5		-0.35293087	
TCF21		-0.3529562	
TP53BP2		-0.35424402	
DCTPP1		-0.35457984	
GAPVD1		-0.35630807	
TAB2		-0.3565972	
CA13		-0.357085	
HESX1		-0.35716388	
RBM45		-0.3579151	
VAMP4		-0.3582058	
ZNF112		-0.35866037	
GPR27		-0.3586628	
MTHFD2L		-0.3588585	
L2HGDH		-0.35930753	
L3MBTL2		-0.3602056	
ATP6V0A2		-0.36036855	
KRT18		-0.3607565	
SPRYD3		-0.361107	
ZNF334		-0.36135334	
PPFIA3		-0.361568	
COPS6		-0.36189738	
PSMG1		-0.36229777	
ITIH4		-0.36296803	
SHFL		-0.36353204	
CES3		-0.36430913	
CPNE3		-0.36472994	
NDUFAF1		-0.36499637	
PBX2		-0.36545342	
SUGT1		-0.36555335	
NHLRC2		-0.36570013	
ZNF74		-0.36603162	
XAF1		-0.36702737	
EGLN2		-0.36804146	
GLOD4		-0.36814794	
CYP3A7		-0.36848116	
HYLS1		-0.3697866	
STX6		-0.3699904	
SEC23IP		-0.37000987	
ACTR5		-0.37047222	
TRPT1		-0.3708934	
HDGF		-0.37135154	
QPCTL		-0.3724662	
FAAP20		-0.37265387	
CLIC1		-0.37274554	
DCTN2		-0.37283176	
ARHGEF6		-0.37286353	
ZNF285		-0.37361285	
CENPS		-0.37416524	
METAP2		-0.374174	
ZNF619		-0.3750093	
MIS18A		-0.3753212	
SH3D21		-0.37542975	
SLC35G1		-0.37569097	
RYBP		-0.3758239	
NRXN1		-0.37602693	
NR3C2		-0.37660632	
PARVB		-0.3768689	
PARD3		-0.37699243	
GORASP1		-0.37700045	
WDR83		-0.3776201	
NDUFAF2		-0.37779528	
GMCL1		-0.37790143	
MRPS25		-0.3779371	
MT-ND3		-0.37906536	
CPOX		-0.3790934	
RICTOR		-0.3792229	
GLS2		-0.37929526	
PABPN1		-0.3794923	
PDK2		-0.3795997	
TCHP		-0.3796266	
FAM193B		-0.37976223	
MT-CO3		-0.38000175	
CAPN15		-0.38021258	
DDX60		-0.38068786	
KLHL36		-0.38127074	
GPATCH4		-0.3817498	
RAB22A		-0.38183618	
GOLGA5		-0.38238123	
RND1		-0.38247213	
GATAD2B		-0.38250107	
FBXO8		-0.38314116	
MANBAL		-0.38334307	
SLC67A1		-0.38338906	
EMC2		-0.3835555	
TMC5		-0.3836303	
SLC25A44		-0.3838823	
MILR1		-0.38394946	
CERS4		-0.3841746	
PDK3		-0.3844064	
TEX30		-0.38441283	
INTS1		-0.38450655	
MOGS		-0.38455647	
ORC5		-0.38461503	
ASF1B		-0.38465086	
DMAP1		-0.38490042	
MDFIC		-0.38561213	
RCN1		-0.38622254	
SVIP		-0.3867311	
AP1B1		-0.38730794	
FHIT		-0.38731208	
CHCHD2		-0.38752827	
HYAL2		-0.3877297	
ZNF28		-0.38792548	
AP2A2		-0.38793585	
GFUS		-0.38803184	
RNPS1		-0.38806334	
ZNF274		-0.38829687	
ATP6AP1L		-0.3887053	
LSM8		-0.38892055	
ARFRP1		-0.38926482	
DKK2		-0.38941953	
BRD3		-0.38944054	
KDM4B		-0.3894561	
RAB43		-0.3901276	
ACSL4		-0.3901656	
ZNF407		-0.39105526	
CNOT1		-0.39174542	
MPI		-0.39203435	
IMPACT		-0.39215377	
MXD1		-0.39222324	
SMIM15		-0.39262623	
FAM181A		-0.39296383	
SLC44A3		-0.39324552	
PDGFRA		-0.39333698	
UCKL1		-0.39512098	
DCK		-0.39518055	
CRIPT		-0.39559585	
LZTR1		-0.3956493	
DCUN1D2		-0.39585036	
CDC16		-0.39595273	
RWDD3		-0.39606726	
VPS9D1		-0.39640105	
GBP3		-0.3965206	
PDGFB		-0.39660195	
ENSG00000273259		-0.3966852	
AMY2B		-0.39676997	
MAPK1		-0.39678365	
COPS3		-0.39681575	
GTPBP10		-0.39710093	
ZNF772		-0.39758798	
ZGLP1		-0.3979278	
CTSS		-0.39880282	
SCGB2B2		-0.398838	
RAB33B		-0.39899975	
SCRIB		-0.3999808	
TRIM39		-0.40101886	
VSTM1		-0.40130705	
LIAS		-0.40132973	
CYB561		-0.40165755	
HSPA9		-0.40167204	
GIGYF2		-0.40173358	
ZFP28		-0.40188223	
HSF4		-0.40351704	
CXCR6		-0.40353647	
COIL		-0.40420654	
ZNF608		-0.40480182	
BUB1		-0.40501016	
ACAP2		-0.40539175	
ENSG00000258472		-0.40608403	
TMEM42		-0.40616715	
SET		-0.40621015	
CCM2		-0.40639704	
CD53		-0.4067423	
WASHC1		-0.40674385	
CENPQ		-0.4068012	
POLL		-0.40694833	
OSBP		-0.4070718	
FAR2		-0.4071323	
ACBD6		-0.40732357	
DELE1		-0.40822908	
R3HCC1		-0.40829757	
UBTF		-0.4084595	
MRPL40		-0.40854427	
XPA		-0.40864235	
IL20RA		-0.40898848	
PLAGL1		-0.40913564	
TNFRSF12A		-0.40915832	
NDOR1		-0.4092575	
PLEKHA1		-0.40938953	
GTPBP2		-0.4094272	
TRIQK		-0.40982562	
SERPING1		-0.40995634	
IL12A		-0.41111547	
RPL29		-0.41126367	
SBK1		-0.41131264	
PRSS36		-0.41155535	
PRR12		-0.4116282	
RNF144A		-0.41197813	
ADGRF1		-0.41240576	
RIPK3		-0.4127202	
RIT1		-0.4129322	
ARHGDIB		-0.41416514	
MTURN		-0.41476232	
EPG5		-0.4150711	
ZNF554		-0.415202	
IFI30		-0.41535303	
ZNF383		-0.41558483	
MT-CO1		-0.41593617	
DUT		-0.41606706	
GNA14		-0.4165529	
UQCRH		-0.41692293	
SEMA3G		-0.41707414	
ZFY		-0.4181162	
NSL1		-0.41824427	
MYCL		-0.41860098	
TSPAN32		-0.4186109	
HEATR6		-0.41904423	
AVPI1		-0.41966912	
FAM149A		-0.4204285	
EIF1AY		-0.4205539	
GRP		-0.42080748	
ANXA5		-0.42091364	
CARMIL3		-0.42104408	
S1PR5		-0.42106754	
DHX38		-0.4212111	
TPCN1		-0.4213243	
NCOA4		-0.4214783	
POLA1		-0.42149904	
CSDE1		-0.42158517	
TMPRSS5		-0.42162907	
CHRNA10		-0.42198914	
FEN1		-0.4221213	
ZC3H7B		-0.42244285	
RPUSD4		-0.42271328	
ATP10A		-0.42326233	
TMEM165		-0.4236467	
SSR2		-0.4237155	
CHST13		-0.42460522	
CCDC137		-0.42485046	
RPS5		-0.4250438	
FANCB		-0.425354	
SUPT20H		-0.42559004	
BANP		-0.4269283	
SNUPN		-0.42700967	
ZNF384		-0.42703933	
ATP6V0D2		-0.42742884	
SPG7		-0.42750454	
ENDOG		-0.4278106	
GJC2		-0.42781693	
VEGFA		-0.42831266	
UQCC4		-0.42838356	
SLC52A2		-0.42940766	
NFKBIL1		-0.4297913	
EIF2B2		-0.43022683	
ANKRD33B		-0.43055627	
OTUB2		-0.4305862	
KMT2C		-0.4305884	
GTPBP3		-0.4313455	
MAP3K13		-0.43153015	
RAB15		-0.4320778	
ADM2		-0.43240696	
CTC1		-0.43265912	
WDR36		-0.43329576	
NT5C2		-0.43332154	
GPA33		-0.43370274	
STK16		-0.4339842	
CWC22		-0.4340295	
PRCC		-0.43533483	
FXN		-0.43548912	
MRPL21		-0.43598676	
TTC13		-0.4361244	
FABP4		-0.4364837	
DDX59		-0.43678778	
POC1A		-0.4368351	
CACNA1D		-0.43688148	
KIF22		-0.43688416	
RAB11FIP2		-0.4371981	
CCDC88B		-0.4382919	
FCGR2A		-0.4383115	
ALDH4A1		-0.43839645	
TMEM175		-0.43893582	
SMURF2		-0.43896237	
SUCNR1		-0.43911678	
ATP5PB		-0.44030008	
ZNF837		-0.44063663	
MMADHC		-0.44083226	
ABITRAM		-0.4421662	
FTCDNL1		-0.44253576	
RPF1		-0.44261	
SLC35G2		-0.44293836	
UBAP2L		-0.44295105	
ENO3		-0.44328022	
USP40		-0.44357994	
SHLD1		-0.44381887	
APAF1		-0.4438694	
UBE2E1		-0.44416943	
DRG2		-0.44423288	
C5orf63		-0.444262	
PPIL2		-0.44429594	
ZNF473		-0.44542643	
TMCO6		-0.4462057	
STIP1		-0.44758955	
RASL10B		-0.44794512	
EFR3A		-0.44795474	
MYO9A		-0.4481298	
NEFH		-0.44862476	
TET3		-0.44914305	
ATXN7L3B		-0.44957808	
TJP3		-0.44972476	
FXYD3		-0.4503853	
ALG5		-0.45076302	
IARS1		-0.45076373	
IKBKE		-0.45083845	
TCN2		-0.45225188	
CA12		-0.45248777	
TRIM23		-0.45432758	
XPO5		-0.454428	
PAF1		-0.45444006	
GAPDH		-0.45482847	
CAMK2G		-0.45488033	
ACP2		-0.4551223	
TPGS2		-0.45522386	
EBI3		-0.4555768	
GNLY		-0.45602393	
VDAC2		-0.457553	
GTF2IRD1		-0.4579011	
RPS29		-0.4581631	
BUD31		-0.45887113	
NTF4		-0.45976898	
DPY19L1		-0.46000695	
ANO2		-0.46013442	
MIEF2		-0.460502	
EPSTI1		-0.46077675	
LIN7C		-0.46090877	
ADGRL1		-0.46138084	
TUBD1		-0.46167168	
SIGMAR1		-0.46178177	
DGCR8		-0.46222576	
FAHD2B		-0.46344885	
FAM120A		-0.46364516	
DHFR		-0.46564436	
NLGN4X		-0.46609664	
RTCB		-0.46680894	
VPS39		-0.46685556	
XPO4		-0.4674121	
KCNC3		-0.46771625	
ALAD		-0.46776742	
TFAP2E		-0.46815363	
KCTD6		-0.46847975	
USP12		-0.46932894	
C17orf75		-0.4694562	
HMGN4		-0.46976283	
SNRNP25		-0.47021896	
ERMARD		-0.47036958	
BRME1		-0.47048995	
TTF1		-0.4710508	
FUBP3		-0.4712772	
GFPT1		-0.47241104	
MAP3K4		-0.47378075	
VIPAS39		-0.47433674	
RASSF4		-0.47445586	
CEBPB		-0.47480902	
TM2D1		-0.4750318	
BCAM		-0.47562394	
NABP1		-0.47615328	
SOWAHC		-0.47667408	
CYRIA		-0.47689864	
TBC1D3L		-0.47704393	
ZMYND8		-0.4776386	
CHMP4B		-0.47808397	
RRP8		-0.4781862	
IGHMBP2		-0.47822142	
NDUFA10		-0.47844514	
ECE1		-0.47849062	
WBP2NL		-0.47863388	
ZNRF1		-0.4787628	
TMEM213		-0.47914934	
ZNF770		-0.47918716	
VDAC1		-0.47956955	
AKAP5		-0.47977433	
CYP4F11		-0.47997794	
POLR1B		-0.48080274	
DECR2		-0.48109013	
DIS3L		-0.48145258	
HCAR2		-0.48181972	
ALG8		-0.4819627	
BAG5		-0.48237237	
NUP93		-0.48280278	
PCDH10		-0.48292273	
PINK1		-0.4840862	
SEC62		-0.4856778	
THEMIS2		-0.486066	
FOXJ2		-0.48651624	
PFDN4		-0.48657498	
MYDGF		-0.48702624	
FYB1		-0.48720837	
DAPK3		-0.4875888	
NES		-0.48764336	
FSTL3		-0.4877706	
MED31		-0.48785487	
ZFP69		-0.48849848	
ENSG00000261884		-0.48937374	
RSPO2		-0.4895062	
PHKG2		-0.49035752	
UBA7		-0.49097478	
ENSG00000275895		-0.49123168	
ADGRE5		-0.491598	
ATP5IF1		-0.49177042	
SERP2		-0.49181664	
LYG1		-0.4919318	
UCHL5		-0.4919932	
RCSD1		-0.49216154	
RAPGEF6		-0.49227855	
GSTCD		-0.49247202	
HDAC3		-0.49423194	
AOAH		-0.49459824	
NUS1		-0.49555385	
WFDC3		-0.4957571	
RHBDF1		-0.49718392	
ASB7		-0.49722725	
RPL18A		-0.4977891	
SDHAF4		-0.49809542	
GTF2A1		-0.49835345	
ZER1		-0.49840716	
RAB2B		-0.49856433	
CDV3		-0.49886808	
LIN37		-0.49954966	
PARN		-0.49955133	
PUM3		-0.49961653	
EPM2A		-0.49968064	
LAMP2		-0.50024325	
ATXN10		-0.50122935	
ZNF35		-0.5023123	
ZNF253		-0.50268227	
GDPD3		-0.50280225	
CDK8		-0.5035737	
EVA1B		-0.50438356	
CTIF		-0.50439703	
WASHC3		-0.50450015	
MAPKAP1		-0.50499195	
PITPNA		-0.5052297	
IRAK2		-0.5052442	
GPHN		-0.50539285	
HMGA1		-0.50540614	
SLC44A1		-0.5054356	
ZBTB2		-0.5055785	
POLR3GL		-0.50583726	
PHF21A		-0.5059044	
CIT		-0.50597006	
ZZZ3		-0.5062791	
MITD1		-0.506369	
CITED4		-0.5064595	
MOCOS		-0.5076508	
IL15		-0.5081736	
MPLKIP		-0.5086265	
CC2D1A		-0.5086369	
SPPL2A		-0.5087315	
UHMK1		-0.5088356	
WAPL		-0.50896734	
FNBP1L		-0.50960726	
APLN		-0.5096276	
NAV2		-0.5096365	
APMAP		-0.5098048	
ABCB7		-0.50987154	
NAT9		-0.5098852	
EEPD1		-0.5102884	
C10orf88		-0.5105614	
ATP1B1		-0.51061493	
RPS24		-0.5106176	
NCOA6		-0.5108618	
DPF2		-0.51093286	
CNPY2		-0.51121926	
GNS		-0.51131636	
USP19		-0.5113548	
BECN1		-0.5123346	
PAFAH1B1		-0.5124141	
CAPZA2		-0.5129469	
EIF2A		-0.51295614	
MAP2		-0.5140431	
FXYD5		-0.5141673	
ARHGAP18		-0.51573247	
ZNF341		-0.5157665	
VRK3		-0.515987	
HSD17B8		-0.51629245	
PLRG1		-0.5164876	
RNF43		-0.516492	
POLE3		-0.51681733	
CDC42		-0.5168997	
SLC43A2		-0.51742166	
HERC3		-0.51785517	
TRAPPC12		-0.518049	
GDPD5		-0.518269	
GBP1		-0.5198759	
GTF2H5		-0.5199893	
SMYD5		-0.5204015	
FKRP		-0.52044296	
MAP2K3		-0.52124345	
HP		-0.5215574	
WIF1		-0.5221434	
TMEM177		-0.5230597	
METTL2A		-0.5231262	
CERT1		-0.52337384	
TJAP1		-0.5239554	
NEDD4		-0.5245944	
NUP188		-0.5246071	
PTP4A3		-0.52505475	
KLF3		-0.52628946	
ERMAP		-0.52632993	
SNCA		-0.52643776	
TMEM50B		-0.52778417	
TAMALIN		-0.52812284	
TULP4		-0.52826315	
RIPK1		-0.52833015	
GPKOW		-0.52847415	
UBE2R2		-0.5285212	
CDS1		-0.5285562	
HYCC2		-0.52879256	
CLN8		-0.5289256	
CREBL2		-0.52902126	
SMIM19		-0.52918273	
IL32		-0.52980894	
NSUN4		-0.5304864	
RPL39		-0.53090805	
FLT1		-0.5311722	
SLC9A8		-0.5314734	
PTGR3		-0.5321367	
SIRT3		-0.53306013	
ZNF304		-0.5334593	
ICAM1		-0.5335456	
DTL		-0.5335745	
COLEC10		-0.5339866	
CDO1		-0.53420943	
SNX18		-0.5343232	
DUSP12		-0.5345747	
GTF3C4		-0.5347282	
LRP5		-0.53483325	
CARD8		-0.5350536	
ILDR1		-0.5353284	
TMEM30B		-0.5354942	
RAD18		-0.5359657	
H2AZ2		-0.53617185	
NCAPD2		-0.53637755	
TLR6		-0.53706306	
RELL2		-0.53719664	
ZNF773		-0.5374316	
DAD1		-0.5376419	
TAF10		-0.53851986	
RPS16		-0.53875804	
NUP85		-0.5387635	
TIFAB		-0.5393115	
H3C6		-0.5393147	
XKRX		-0.54005027	
LRRC61		-0.5401555	
PUSL1		-0.5408014	
KIFC2		-0.5411107	
LY6K		-0.5423306	
ZCCHC9		-0.54249644	
MOCS1		-0.54270047	
PYURF		-0.5427575	
NPNT		-0.5434262	
MYO5C		-0.5436129	
ETHE1		-0.5439182	
CORO2A		-0.54405487	
ATP6V0A4		-0.5444554	
TRIM38		-0.544545	
PCGF5		-0.5447044	
SLC5A7		-0.5448382	
GPR35		-0.5449668	
FES		-0.545672	
C4BPB		-0.5464199	
EIF2B4		-0.54646087	
NOL10		-0.5466604	
SNRPE		-0.54667544	
UBL3		-0.54676235	
NUDT13		-0.5475459	
AGO1		-0.54819655	
TMEM216		-0.5486674	
HIGD1A		-0.549222	
LSG1		-0.5495556	
CXCL11		-0.54985565	
CANX		-0.5502897	
SMARCD1		-0.55045766	
MICAL1		-0.5506583	
GPN2		-0.5514829	
PDE6A		-0.5517602	
PHC2		-0.5517907	
IL1R2		-0.5518193	
BMS1		-0.5524195	
PXK		-0.5526684	
IKZF1		-0.5528453	
DPP6		-0.5528529	
USB1		-0.55342805	
MCOLN3		-0.5535753	
GMPPB		-0.5540752	
RNF212		-0.5542972	
DYNC2I2		-0.5558338	
TM6SF1		-0.5558562	
TNFAIP2		-0.5564905	
TPK1		-0.5568335	
NT5DC2		-0.5568705	
IDH3A		-0.5572918	
MYCT1		-0.55810905	
ATRIP		-0.558615	
COX18		-0.55914956	
DOCK9		-0.55958825	
HACL1		-0.560357	
CCL28		-0.560848	
ENPP1		-0.5610507	
RPL19		-0.56178355	
MYO9B		-0.5619348	
BNIP2		-0.56194234	
MFSD3		-0.5625675	
MTERF2		-0.56339514	
ATP5F1B		-0.56382126	
SND1		-0.563836	
COX10		-0.5639538	
GLI4		-0.5642639	
YIPF6		-0.56470835	
RAD50		-0.56483984	
MAGEH1		-0.56523985	
PICK1		-0.5653594	
PIH1D1		-0.5659101	
ARID4A		-0.56605756	
SLC26A11		-0.5672335	
TRIM41		-0.56839955	
CABLES2		-0.56921935	
MECOM		-0.5694609	
CBX4		-0.5696991	
PLGRKT		-0.56983036	
MAP10		-0.57008815	
SLBP		-0.5706778	
RNF126		-0.57091427	
ALDH9A1		-0.5712336	
PRPF31		-0.5714366	
EEF1AKMT1		-0.57164824	
CCDC112		-0.57272285	
APEX1		-0.573482	
PPP3R1		-0.5742537	
ELAVL1		-0.5749223	
PKHD1L1		-0.5754673	
ITGAM		-0.57553285	
GMFB		-0.57685244	
TRAPPC14		-0.57801634	
GUCA1B		-0.57914704	
STK25		-0.57970446	
MAP3K6		-0.5798953	
RAB13		-0.58036005	
PPID		-0.58042485	
OSTM1		-0.5810659	
SUPV3L1		-0.5813732	
LZIC		-0.58181715	
MACROH2A1		-0.5823907	
CRYL1		-0.5824005	
SRR		-0.58255357	
ZNF7		-0.5828688	
HIC2		-0.5829051	
USP24		-0.5835099	
CPPED1		-0.58362013	
FOXP4		-0.583854	
RBM7		-0.5839172	
POLM		-0.58471537	
DND1		-0.58478254	
BABAM2		-0.58574575	
SP100		-0.5857588	
TC2N		-0.586313	
EXOC6		-0.5865516	
DTNB		-0.5869234	
IFFO1		-0.5869903	
TMEM64		-0.5876716	
CD80		-0.58811826	
LGALS8		-0.5887719	
PTGR2		-0.5890396	
STKLD1		-0.5890884	
CDKN2AIP		-0.58927834	
PDCD1LG2		-0.58936214	
MIF		-0.5904283	
CGGBP1		-0.59069383	
HLA-DMB		-0.59108824	
ZNF101		-0.59169745	
NGLY1		-0.59206545	
CASP6		-0.5922542	
PIEZO1		-0.59450614	
KBTBD11		-0.5950419	
RWDD1		-0.5954689	
ZNF93		-0.5955375	
LETMD1		-0.5957697	
VARS2		-0.59605753	
ZNF16		-0.5963441	
SEMA6D		-0.5972601	
EHMT2		-0.5973298	
PEX39		-0.5974853	
TSPYL5		-0.59766006	
ACAD8		-0.59874713	
PCNA		-0.59888905	
DENND1C		-0.59893006	
LCORL		-0.59907454	
FOXJ3		-0.60014355	
ASB6		-0.6003526	
GAA		-0.60050154	
ETFDH		-0.6007023	
RGS16		-0.6008939	
PRADC1		-0.60104424	
SEMA5A		-0.60156924	
HPF1		-0.6019118	
CLDN12		-0.6023609	
SPTLC3		-0.6033056	
APOBEC3A		-0.6033605	
PSMG4		-0.6036075	
RPLP1		-0.60381734	
SETDB2		-0.60392374	
NCR3		-0.6042292	
BRD4		-0.604295	
DAP3		-0.60537404	
FAU		-0.6058699	
EIF2AK2		-0.6060821	
MED30		-0.60620296	
EML4		-0.606874	
POMT1		-0.6073541	
RAMAC		-0.60767084	
ENY2		-0.60769606	
TMEM129		-0.608308	
CRCP		-0.60831696	
PTPN11		-0.608642	
MYO15A		-0.6097161	
TIMM21		-0.61066675	
MTMR12		-0.6106709	
RAPGEF1		-0.61140317	
ZW10		-0.611432	
DHX30		-0.6114635	
DMRT2		-0.61148	
MYG1		-0.61208856	
TDRD6		-0.6121189	
PCDHGA1		-0.6122448	
RPP38		-0.61258876	
SBDS		-0.61277	
FBXL6		-0.6129086	
CAPN1		-0.61338335	
CTSW		-0.6134087	
CDC26		-0.613505	
ZNF225		-0.6135229	
GPR182		-0.61431515	
KLHDC4		-0.6146188	
SOCS7		-0.6150131	
API5		-0.6150477	
PTPA		-0.61600846	
PSPN		-0.61615413	
GPR15		-0.6164879	
TMED1		-0.6165789	
HSPB8		-0.61702317	
TXNDC17		-0.6172991	
CIART		-0.61770916	
ZNF160		-0.6177689	
ETF1		-0.6183311	
ERP44		-0.61840606	
SKA2		-0.6189576	
PTGES2		-0.619487	
CAPN3		-0.619986	
B3GAT3		-0.62009335	
RNASEL		-0.6203736	
DHDDS		-0.62074393	
SIAH1		-0.62131804	
NTNG2		-0.62263566	
ASB9		-0.62292296	
GABRB3		-0.62341714	
SLC39A13		-0.6236047	
COPG2		-0.62432015	
SLCO2B1		-0.6250047	
MTERF4		-0.62590635	
TMEM81		-0.6265354	
MCAT		-0.62663	
LFNG		-0.62699884	
PUM2		-0.6271772	
PTGIR		-0.62724406	
SMIM20		-0.6278012	
ECSCR		-0.62792253	
IDO2		-0.62943214	
ZNF681		-0.6294847	
MYO1G		-0.6304592	
AADAT		-0.6304605	
ZFAND1		-0.6312497	
ATF5		-0.631502	
FAM234A		-0.6318664	
GRAP2		-0.63197976	
DUOX2		-0.6324355	
XK		-0.633412	
NABP2		-0.63352877	
MACF1		-0.63366294	
GORAB		-0.63406384	
CCNF		-0.63411665	
MAPKAPK5		-0.6343388	
AP3M2		-0.63688433	
CD2BP2		-0.63707584	
COX7A1		-0.6371199	
C10orf67		-0.6379658	
PAXIP1		-0.63943803	
TTC7B		-0.63969094	
ZFTRAF1		-0.63988227	
NIPA2		-0.6404333	
RPL27A		-0.64072126	
CYFIP2		-0.6408031	
PTK2B		-0.6408625	
FAAP24		-0.64099234	
ARHGEF18		-0.6415713	
ZNF419		-0.64176434	
KHNYN		-0.6419991	
SRSF4		-0.642509	
F2RL3		-0.6433359	
GATB		-0.64369905	
NEMP2		-0.64403015	
CDK9		-0.64417326	
TXN		-0.64427364	
PLCH1		-0.6444174	
NDUFA8		-0.64481276	
RPL23A		-0.6455364	
RANBP1		-0.64611423	
SAMD9		-0.6464478	
SLC25A13		-0.6466942	
PET117		-0.64754593	
CLPX		-0.6481598	
SLITRK2		-0.6482674	
LTK		-0.6488642	
PNPLA7		-0.64886963	
MEST		-0.6489473	
SMARCA4		-0.64945763	
CLCN3		-0.65053684	
ANAPC7		-0.65100116	
HCLS1		-0.65100145	
RHEB		-0.6514116	
CD22		-0.65144175	
UXT		-0.6526392	
FRS3		-0.65288275	
TSEN34		-0.653046	
ELP3		-0.6530906	
SNAPIN		-0.65312403	
KRT10		-0.6539604	
ORC4		-0.6546897	
ALDH1L1		-0.65517867	
RASGRP2		-0.6556711	
POLE4		-0.6557066	
WDCP		-0.6569207	
MANEAL		-0.6572293	
VAPA		-0.6572376	
CEPT1		-0.65739393	
RBSN		-0.6583879	
C8orf76		-0.6586392	
IL12RB1		-0.6588697	
MMACHC		-0.6593734	
CNOT7		-0.6596272	
ARHGEF5		-0.66032404	
ENSG00000278817		-0.6603835	
AFTPH		-0.66072005	
PGBD4		-0.6609649	
MRPL36		-0.6614167	
SNX3		-0.6615395	
UBE2F		-0.66177785	
ATF7-NPFF		-0.6617922	
REX1BD		-0.6618465	
DEDD		-0.66204315	
RSPO1		-0.6622388	
ACHE		-0.6633979	
FAM184A		-0.66418433	
PCNX3		-0.66441333	
TOMM7		-0.66464543	
KITLG		-0.66510093	
CTDP1		-0.66541827	
KPNA3		-0.66585636	
RPP14		-0.6663483	
SLC12A6		-0.66735005	
KLF15		-0.6677355	
EPB41L4B		-0.66792	
GMEB2		-0.6690062	
DHRS12		-0.6697523	
RAE1		-0.6697834	
SNIP1		-0.6699328	
CGAS		-0.6710211	
PIGA		-0.6712283	
HSPA1L		-0.67173415	
PRPF3		-0.67183053	
FARSB		-0.67192155	
DLX3		-0.67208976	
IL10RB		-0.6739309	
NFIC		-0.6747193	
PTRH2		-0.6750621	
PRICKLE1		-0.6762352	
RIOK2		-0.6762928	
DAB2		-0.6763418	
CPSF2		-0.67678005	
ZNF784		-0.67682093	
FGFBP3		-0.6769431	
KLF5		-0.6770685	
CNOT6		-0.6780233	
CATSPERG		-0.6792482	
MRPS28		-0.67930275	
OAZ3		-0.67942274	
DRAXIN		-0.67963076	
ZNF235		-0.6797152	
ZMAT2		-0.6802565	
HAP1		-0.68082803	
HAUS2		-0.6814819	
ZNF525		-0.6820092	
USP33		-0.6824083	
SMARCD3		-0.6832467	
PPP1R21		-0.6835056	
SCO1		-0.68457496	
MFSD9		-0.6856452	
PTPRR		-0.6862896	
BID		-0.6863459	
TMOD3		-0.6867537	
ARHGAP5		-0.686808	
RBIS		-0.6868603	
DOCK6		-0.6869129	
PPP1R18		-0.6872267	
C22orf39		-0.6873835	
CCDC97		-0.6884517	
INTS12		-0.6885463	
WDR5B		-0.68893147	
NELFE		-0.6894105	
SLC7A6OS		-0.6902831	
LYVE1		-0.6905466	
CD74		-0.6908786	
HDAC1		-0.6909033	
ANXA2R		-0.6917144	
TMED8		-0.6927215	
PARK7		-0.69280195	
WDR53		-0.69362986	
TNFSF9		-0.6946792	
BNIPL		-0.6954782	
ATMIN		-0.69558716	
TOP3A		-0.69575256	
INTS5		-0.69609624	
PLEK		-0.69617665	
SLC27A5		-0.697204	
KRTCAP2		-0.6979784	
GCLM		-0.6982783	
SLC37A1		-0.6994057	
LYAR		-0.6998092	
ABHD17A		-0.70004547	
ATP1A1		-0.700066	
METTL14		-0.701662	
ITPR2		-0.7018163	
IREB2		-0.70215344	
TRUB2		-0.7022682	
AKAP3		-0.70237726	
NIPSNAP1		-0.70277774	
MSL1		-0.70279264	
CDKN1C		-0.7029175	
NUDT3		-0.70296174	
CAPZA1		-0.7032688	
COBL		-0.70371044	
DISP2		-0.70371866	
MTMR3		-0.7040043	
SPRED1		-0.7045719	
FBXO33		-0.70467967	
SIPA1L2		-0.70488644	
ALYREF		-0.7059177	
ZNF775		-0.70669377	
ZNF347		-0.7069012	
EZH1		-0.70720375	
KATNA1		-0.707293	
TNFRSF11B		-0.7077029	
PAQR8		-0.70780486	
MBOAT7		-0.70869637	
UBQLN1		-0.70882666	
SARNP		-0.70918965	
P2RY11		-0.7093175	
AP5M1		-0.7098933	
SNRPA		-0.71014374	
TMEM198		-0.71034473	
SYMPK		-0.7105555	
SLAMF8		-0.71133965	
CCDC142		-0.71177405	
PLOD3		-0.71193165	
SERINC3		-0.7124456	
NSRP1		-0.7127606	
SH2B2		-0.71324044	
RTN4IP1		-0.7140976	
INTS14		-0.7145564	
NR3C1		-0.71482533	
RCOR3		-0.7164188	
DIPK1B		-0.7165379	
PPP1R12C		-0.7177054	
OST4		-0.71833915	
GRAMD1A		-0.71845275	
NSUN3		-0.7186096	
TAB1		-0.71862423	
EXOSC1		-0.71912014	
TP53RK		-0.719283	
C9orf78		-0.7193426	
ZBTB47		-0.7201791	
PSMD2		-0.7202786	
GAS2L3		-0.7204308	
ACTRT3		-0.7205451	
SLC11A2		-0.7209452	
SAP30BP		-0.7222448	
TEX2		-0.72249264	
PRR14L		-0.72264344	
ERVFRD-1		-0.72282654	
ZFAND6		-0.7228328	
CD302		-0.72299355	
PPIH		-0.7232534	
PDS5B		-0.723638	
RAB11B		-0.72404164	
MTG1		-0.72460544	
ENSG00000182584		-0.7247403	
STAT1		-0.72585785	
YDJC		-0.7260395	
RORB		-0.72650206	
GTF3C5		-0.72678834	
ZDHHC8		-0.7269545	
HEG1		-0.727108	
PIANP		-0.7278635	
COPRS		-0.72834367	
POLRMT		-0.72915035	
HIVEP3		-0.7297851	
EBNA1BP2		-0.73026174	
LSM5		-0.73087204	
ITFG2		-0.7318211	
ZNF132		-0.7324329	
MIX23		-0.7339654	
PLSCR1		-0.7341999	
RBM48		-0.7345691	
KIF13A		-0.73469555	
SLC25A37		-0.73534936	
HOXA4		-0.7354964	
THAP5		-0.7357434	
RHBDD3		-0.7358889	
CAP1		-0.73631215	
ACVR2B		-0.73635155	
SRP54		-0.7365214	
DDX60L		-0.7365786	
FAM3B		-0.7374378	
THUMPD3		-0.73797864	
DORIP1		-0.7385223	
FAM153CP		-0.73899126	
VMA21		-0.73955756	
NAGA		-0.7401831	
GM2A		-0.7402683	
POLR2D		-0.7416707	
IFNLR1		-0.74197567	
FKBP4		-0.7421165	
SLC25A20		-0.7427611	
LRSAM1		-0.74282205	
ZNF480		-0.7430638	
RNF130		-0.74397165	
ZNRF3		-0.7442174	
ZBTB40		-0.74482304	
GSTM4		-0.7460427	
LPIN1		-0.7461326	
CCDC106		-0.74627656	
ZNF155		-0.7464201	
GRIPAP1		-0.7468884	
EHBP1		-0.7470013	
GCNA		-0.7470725	
RPL11		-0.74777377	
JOSD2		-0.74802893	
GCSAML		-0.74806154	
UBE2B		-0.7482745	
IPO13		-0.74828994	
CFL2		-0.74864465	
KCMF1		-0.7488962	
CD83		-0.7501193	
ANXA4		-0.7507795	
TLE4		-0.75131917	
MANBA		-0.75150496	
UTP3		-0.7522758	
CDKN1B		-0.75245994	
ADPRS		-0.75278896	
AKAP13		-0.75316626	
SS18L2		-0.75337803	
NDUFB5		-0.7539609	
PHF11		-0.7543578	
RACK1		-0.7548226	
HGS		-0.75502115	
ATP23		-0.7552584	
SLC25A43		-0.7553266	
NEK3		-0.75627	
HCFC1R1		-0.75627965	
AK6		-0.75729406	
TLN1		-0.7574841	
VBP1		-0.7608291	
FAM107B		-0.76141286	
EFCAB14		-0.7621634	
C2CD2L		-0.7630748	
ZNF180		-0.7631361	
CDC42BPB		-0.76348925	
LSM1		-0.7639216	
SLC1A7		-0.7642123	
TIGD1		-0.764235	
ZNF24		-0.76460546	
METTL5		-0.7647067	
TRMT1L		-0.7683546	
ZNF343		-0.7694387	
CTDSPL		-0.7695801	
NUP107		-0.76974005	
RSBN1L		-0.7702665	
C8orf48		-0.77074885	
FAM200A		-0.77181476	
MLH3		-0.7720233	
ANAPC16		-0.7722805	
ABCF3		-0.7725707	
TRIM69		-0.7729695	
ZNF284		-0.77302504	
FBXW5		-0.7744483	
TYW3		-0.774613	
CORO1A		-0.77487826	
TMEM184C		-0.7750952	
GPR68		-0.77518123	
C1orf52		-0.7753865	
VPS37A		-0.7760606	
AP2B1		-0.7774628	
KLC4		-0.7774802	
DIAPH1		-0.7781366	
ZNF493		-0.778418	
ALG12		-0.7787334	
ALKBH5		-0.7800329	
RELCH		-0.78041935	
CDK5		-0.7807222	
FAM107A		-0.78101605	
LIMCH1		-0.78191507	
CDPF1		-0.7820143	
LANCL3		-0.7823389	
GLCCI1		-0.78234273	
MAX		-0.78300875	
RNF24		-0.7830955	
VGLL3		-0.78359216	
BAHD1		-0.78365976	
TMEM106A		-0.784121	
CAPN2		-0.7842232	
ROMO1		-0.78456235	
PINX1		-0.78507733	
ZNF195		-0.7851999	
GKAP1		-0.78544885	
CYFIP1		-0.7857442	
PKN3		-0.7858706	
CEP85		-0.7861792	
GPR55		-0.7864462	
HMOX2		-0.7867744	
PTMS		-0.7868578	
RTN4		-0.7872068	
MST1R		-0.7872124	
TAP1		-0.7880093	
HEXD		-0.7880524	
SMUG1		-0.78812677	
GUSB		-0.7881447	
MRC1		-0.7884368	
GTF2IRD2B		-0.78926414	
TAX1BP3		-0.7899425	
CEP72		-0.7903004	
GPR84		-0.7903242	
RITA1		-0.79047805	
EPHA1		-0.7913366	
DNA2		-0.79142386	
CST7		-0.79143447	
TMEM25		-0.791577	
PECAM1		-0.79417306	
ATXN7L3		-0.79430145	
TASL		-0.7945512	
EIF3B		-0.79462343	
VWF		-0.79502684	
SMARCA5		-0.7964299	
TRIP4		-0.7973846	
RPS19		-0.79851323	
RPRD1A		-0.7991092	
ZBTB14		-0.80003077	
HSPE1		-0.801023	
BCLAF3		-0.8015652	
MCM3		-0.80215585	
ELP5		-0.8028557	
MCM7		-0.80303496	
ARRDC4		-0.803423	
ZNF792		-0.80370486	
MAD1L1		-0.80418813	
RPL37		-0.80436915	
CPSF4		-0.80438465	
CDH1		-0.80444324	
YTHDF1		-0.80454344	
RPL18		-0.8049653	
MOSPD3		-0.8069239	
HDAC6		-0.8070511	
WBP4		-0.808832	
ICAM5		-0.80900663	
SUGP1		-0.8095169	
CAVIN2		-0.809792	
PPFIBP1		-0.8101493	
ZNF33B		-0.8106665	
UBE2K		-0.81102365	
ZSWIM9		-0.8114377	
XYLT1		-0.81162435	
PLAA		-0.81239164	
RTRAF		-0.8128765	
PIGW		-0.81309307	
ZNF597		-0.8133289	
POLR3F		-0.81333965	
TIGAR		-0.813702	
CLIP4		-0.8141016	
CHKA		-0.8147014	
ADH1A		-0.8152136	
USP13		-0.81525546	
ADCK2		-0.81540906	
SOX18		-0.8158287	
GRHPR		-0.8158818	
ZSCAN20		-0.8170133	
TMEM259		-0.8176642	
CITED2		-0.81900024	
NLRX1		-0.81942075	
ADGRG3		-0.81945646	
GATA1		-0.82006896	
MEA1		-0.822086	
NLK		-0.82389945	
HLA-A		-0.8240131	
SMAD7		-0.82428324	
HDHD2		-0.824948	
NFU1		-0.8270337	
RRAGA		-0.82709503	
ZNF257		-0.827544	
TMEM187		-0.82859135	
CBL		-0.8294643	
MT-CYB		-0.8297185	
FBXW11		-0.8306791	
RNF208		-0.831239	
ALCAM		-0.83144873	
TREML2		-0.8326154	
GIPC3		-0.8330498	
HACD2		-0.83414274	
PDSS1		-0.8345033	
BAMBI		-0.8345685	
TCEAL8		-0.8347711	
STEEP1		-0.83506	
RGMB		-0.83552456	
MRPL47		-0.83564645	
LIN54		-0.8359957	
PPM1B		-0.83617187	
CHMP1A		-0.8363095	
UROS		-0.8368174	
UBA1		-0.83717215	
CAVIN1		-0.83838415	
GOLGA1		-0.8385269	
GUK1		-0.8385765	
GLS		-0.83894616	
FBXO46		-0.839419	
PPP1R8		-0.84018373	
PHF2		-0.8402092	
ATG7		-0.8412456	
CTNNA1		-0.84130055	
GEMIN5		-0.8424983	
RPS13		-0.8425997	
ZNF239		-0.84386855	
PSAT1		-0.8439415	
GFM1		-0.8440348	
CRYBG2		-0.84416544	
TIGD5		-0.8447109	
ARMCX1		-0.8447598	
KIAA1143		-0.8456153	
PCDH17		-0.84576905	
BEND4		-0.84637594	
PDSS2		-0.8465037	
PLA2G10		-0.847461	
YEATS2		-0.84794503	
KCTD15		-0.8484014	
PPP2R1A		-0.848713	
SERTAD3		-0.8491064	
HLA-F		-0.8503356	
STARD9		-0.85064125	
PRKCSH		-0.85072863	
SHLD2		-0.8512916	
CD320		-0.8514954	
XIAP		-0.85244864	
GALNT3		-0.8527988	
BDH1		-0.8531149	
IFI27L2		-0.8532095	
ZNF576		-0.85330933	
SEC61B		-0.85335404	
FASTK		-0.8536623	
HARS2		-0.85410196	
KLRD1		-0.8544675	
SMG8		-0.8553747	
RPL36		-0.8574419	
METTL2B		-0.8581075	
REXO1		-0.85897696	
PCDH1		-0.8592805	
CNBD2		-0.85948056	
ZSCAN31		-0.85987544	
GCH1		-0.8603553	
JADE2		-0.8603944	
ENSG00000148362		-0.86059237	
CLDN4		-0.8606321	
LCMT1		-0.8616688	
CASP8		-0.86204505	
SCARB1		-0.8625103	
ANO7		-0.8627964	
LSM14A		-0.8635557	
PRKCB		-0.863601	
ITGB6		-0.8637274	
SCAP		-0.8640075	
FAM204A		-0.86412936	
FAM90A1		-0.8645194	
CUTA		-0.8646553	
CYBA		-0.8648695	
CYP20A1		-0.8651983	
PLEKHM2		-0.86750555	
C3orf33		-0.8685817	
TK1		-0.86919403	
ENTREP1		-0.86922604	
ERO1A		-0.8698529	
CASP10		-0.8701885	
CNNM4		-0.8703235	
KDELR1		-0.8705108	
STAMBP		-0.8716994	
CRTAM		-0.87228954	
ITGAX		-0.87323767	
MOCS3		-0.873777	
RNF214		-0.87389565	
HDAC7		-0.87415135	
FBXO45		-0.87439424	
FASTKD1		-0.87539285	
XPO6		-0.87553066	
NAGK		-0.8756317	
PSMC4		-0.87597835	
C8orf33		-0.87714386	
TOMM40L		-0.87730885	
ADGRG2		-0.87777877	
SMARCD2		-0.87805647	
KAT6A		-0.8780579	
TRNAU1AP		-0.8785396	
MYPOP		-0.8795556	
SLC2A4RG		-0.87966394	
RNF25		-0.87979776	
SNX2		-0.88036364	
RPL28		-0.88056564	
DAP		-0.88138527	
FGGY		-0.881482	
PFDN2		-0.88148326	
CALCRL		-0.88154346	
GNPTAB		-0.8816365	
KMT2D		-0.8820764	
ACYP2		-0.88233036	
SH3KBP1		-0.88416314	
MRPL48		-0.8841859	
SEC16A		-0.88585645	
PLIN2		-0.8861219	
TANK		-0.8862864	
TACSTD2		-0.8873762	
MAP2K1		-0.8878375	
ASIC3		-0.888117	
GTF3A		-0.8881629	
PACS2		-0.88945466	
RFT1		-0.88996893	
LAT		-0.8907106	
CRNKL1		-0.8913792	
ZNF143		-0.8914297	
NDUFA1		-0.8915889	
GOLGA7		-0.8918627	
POU2F2		-0.89223975	
ZKSCAN3		-0.8924755	
PIN1		-0.8951131	
MRPS33		-0.89597946	
CARINH		-0.8967837	
CD2AP		-0.8969566	
UTP15		-0.8981504	
NUP214		-0.89818734	
AP1S1		-0.8990115	
DMBT1		-0.8990663	
SASS6		-0.8993401	
VENTX		-0.8993781	
SLC31A2		-0.8996041	
CCDC117		-0.8998718	
PWP2		-0.90009165	
PRKCI		-0.9016807	
GTF3C2		-0.90330404	
MINDY1		-0.90351075	
WASHC2C		-0.90359867	
HEATR5B		-0.90397143	
SDR42E1		-0.90458274	
EME2		-0.9046118	
UTP23		-0.90471834	
FZD4		-0.905799	
NDUFB8		-0.90584075	
ZNF425		-0.90588033	
LRRC28		-0.90622896	
SRRD		-0.90650755	
EML3		-0.9067067	
TRHDE		-0.9075443	
TMBIM6		-0.9075474	
ZNHIT1		-0.91070855	
GDPD1		-0.9116568	
OSER1		-0.91197157	
ZFP62		-0.9121137	
RNF14		-0.9122035	
RTN1		-0.9128383	
C3orf38		-0.9137137	
PLEKHO1		-0.9139345	
SRSF9		-0.91412026	
TRAF7		-0.9152271	
COTL1		-0.9166378	
MRPS21		-0.91733253	
GRHL2		-0.91739815	
MUTYH		-0.9174263	
BRCC3		-0.9189816	
TBRG1		-0.91921216	
BAP1		-0.9195985	
LSR		-0.9202656	
TACC3		-0.9207565	
SSBP1		-0.9208673	
C14orf93		-0.92195165	
ALDH3A2		-0.92246974	
ASH2L		-0.92252713	
AKAP1		-0.92406106	
PGAP4		-0.92425555	
TUBGCP4		-0.9243117	
RBM8A		-0.92474747	
IFI44		-0.9258109	
SERP1		-0.92637944	
CTSC		-0.9266087	
UCN		-0.92733175	
UNC93B1		-0.9282786	
SLC25A35		-0.92932945	
COPS9		-0.9293991	
CLDND2		-0.9296174	
MRFAP1L1		-0.929805	
INPP5A		-0.9298771	
ANKRD13D		-0.9308354	
RCHY1		-0.9309051	
NMUR2		-0.9311242	
CWC25		-0.93157274	
TBCB		-0.93253756	
KIF1B		-0.93281424	
TMEM69		-0.9333064	
ZNF302		-0.93429005	
CHFR		-0.93445593	
RPS21		-0.9348069	
SIRT2		-0.93547595	
RIN3		-0.9355915	
POLR2F		-0.93569094	
JDP2		-0.9361735	
SNRPD2		-0.93674743	
SCYL3		-0.9391478	
SHANK2		-0.93946606	
SREK1IP1		-0.93953973	
NR1D2		-0.93995655	
TPGS1		-0.94080967	
GTF2A2		-0.9408837	
ABHD18		-0.94097114	
TNFRSF1B		-0.94182485	
JAK1		-0.9420855	
ELP6		-0.94227356	
DDI2		-0.9425363	
CLEC2B		-0.94405514	
PDE6B		-0.9447351	
GPT		-0.94485486	
ENPP4		-0.94488907	
TRIM61		-0.9462872	
PPP2R5C		-0.9470519	
PRPSAP2		-0.9472915	
UBLCP1		-0.9476725	
WRAP73		-0.94767684	
ZDHHC24		-0.9478319	
ZSCAN25		-0.9485872	
NXT2		-0.94918996	
ACSF2		-0.9492031	
PDE1C		-0.94968575	
ARHGAP9		-0.9497648	
NGDN		-0.9498869	
GIT2		-0.95003724	
CDK5RAP2		-0.9508729	
RTL5		-0.9547472	
KIF17		-0.9561279	
MAP3K3		-0.9595707	
BAD		-0.96001035	
EEF1E1		-0.96095985	
PLXND1		-0.961513	
OTUD1		-0.96169984	
BACC1		-0.96321034	
PLEKHF2		-0.96408176	
IFI27L1		-0.96487945	
GPRC5C		-0.9650652	
SLC49A3		-0.96508795	
LRP6		-0.96520865	
NPEPL1		-0.96573097	
EFTUD2		-0.96608037	
AGGF1		-0.96621853	
KCNK13		-0.96732485	
KYAT3		-0.96794635	
JPT1		-0.9681162	
ETAA1		-0.96862656	
LARP1		-0.9688633	
ZNF555		-0.9692402	
SDCBP2		-0.97072506	
DOCK8		-0.9709982	
GATD1		-0.97174454	
ZNHIT3		-0.97198886	
PARP1		-0.9725101	
ZNF669		-0.9738119	
LPAR2		-0.97419083	
ARSD		-0.9746167	
SLC25A40		-0.9757733	
EXOSC9		-0.97605133	
C16orf89		-0.9773374	
TGFBRAP1		-0.97762865	
RAC3		-0.97782516	
ZNF563		-0.97831076	
SH2D3A		-0.97891545	
S100A3		-0.97932833	
INTS9		-0.9807319	
FMR1		-0.98103184	
ZFYVE9		-0.9811383	
CHMP5		-0.982024	
SPRY4		-0.98290277	
SEC11A		-0.9830121	
AMOTL1		-0.9834561	
RRP15		-0.9837356	
KCNN2		-0.9840728	
RBM10		-0.98474693	
SF3B6		-0.9850258	
EIF5A		-0.9853239	
EIF3M		-0.9854197	
NECTIN3		-0.985429	
ZNF844		-0.98557675	
ZNF839		-0.98704785	
PSMD14		-0.9873767	
FZD2		-0.9878529	
CYTH4		-0.9881998	
GTF2F1		-0.98820025	
BMAL1		-0.9887196	
CAMK2N1		-0.98886186	
TMEM18		-0.9895708	
CALCOCO2		-0.9896407	
SETD1A		-0.9898661	
LRRC2		-0.99025697	
INPP5J		-0.9922126	
ACTR1B		-0.9923527	
S1PR1		-0.99380386	
PSMA1		-0.9942768	
ZNF766		-0.9947567	
WBP11		-0.99504054	
ANAPC13		-0.99539965	
PAFAH1B3		-0.9961705	
NOC4L		-0.9966519	
TRIM27		-0.9973451	
EMC8		-0.9983617	
FBXO5		-0.9995604	
DCPS		-0.999669	
KLRC1		-0.9999179	
DUSP26		-1.0010278	
CHTF8		-1.0012351	
ABHD3		-1.0017865	
UPF2		-1.0026762	
TNIP2		-1.002764	
SMC3		-1.0031103	
SH3RF1		-1.0039269	
HCFC1		-1.0045948	
NDUFB2		-1.0051893	
ANAPC10		-1.0053599	
MRPS10		-1.0056959	
EIF6		-1.0076668	
SYNJ1		-1.011632	
PI4K2B		-1.0116346	
FAM117B		-1.0126692	
CYBC1		-1.0135432	
SP110		-1.0138894	
COMMD8		-1.014216	
AP2M1		-1.015968	
C12orf57		-1.0159714	
TMBIM4		-1.0161912	
AMMECR1		-1.0168879	
EIF2S3		-1.0169543	
ULBP2		-1.0172585	
PLEKHB1		-1.0173098	
TXK		-1.0175925	
CA8		-1.0180659	
FHIP1A		-1.0206298	
KLHL17		-1.0216484	
DDX39A		-1.0218993	
XCL1		-1.0221783	
EHHADH		-1.0222609	
CCNDBP1		-1.023032	
N4BP2L1		-1.023899	
TNS1		-1.0247432	
RPL23		-1.0248178	
HSD11B1		-1.0255443	
PSMB5		-1.0257004	
POLE		-1.0258697	
ACTN4		-1.0290695	
SYF2		-1.0290984	
EPRS1		-1.0295434	
SPOP		-1.029606	
IRF1		-1.030036	
CBX2		-1.0317997	
MT-ATP8		-1.0324827	
TBC1D20		-1.0327226	
GALT		-1.0330933	
DDX31		-1.0339594	
RORC		-1.0340208	
POU2F1		-1.034694	
SF3B2		-1.0347282	
TMEM127		-1.0349607	
RPL36AL		-1.0352957	
MPP1		-1.037442	
PLXNA1		-1.0375934	
PATZ1		-1.0381849	
TMC7		-1.0387119	
MRPL13		-1.0388578	
CSTF2		-1.0402973	
GOT2		-1.040465	
LRP8		-1.0410639	
PRUNE1		-1.0411572	
UBE2D2		-1.0416064	
BTBD2		-1.0419283	
CDC37		-1.0426286	
RETSAT		-1.0427871	
RPL27		-1.0432619	
ZNF354A		-1.0433758	
DOCK4		-1.0444797	
TADA2B		-1.044483	
CALR		-1.0447361	
TBC1D30		-1.0448583	
TMEM183A		-1.0450244	
LYPLA2		-1.0450852	
CEBPD		-1.0450971	
PIP4P2		-1.0453131	
GPR18		-1.045523	
POLR2J3		-1.0465913	
DLD		-1.0473014	
FGFBP2		-1.0474302	
SLC66A2		-1.0476786	
SPATC1		-1.0479114	
UVSSA		-1.0482955	
HEXB		-1.0488627	
HNRNPUL1		-1.049228	
PDE1B		-1.0497394	
CASS4		-1.0500488	
GLMP		-1.050477	
IFI44L		-1.0527318	
KLHDC10		-1.0531912	
TIMELESS		-1.0543711	
SFN		-1.054998	
GLIPR2		-1.0551022	
RNF149		-1.0554068	
DOCK5		-1.0554785	
ZYX		-1.0561681	
PSMA2		-1.0562422	
ZCCHC4		-1.0566562	
TUFM		-1.0576053	
EIF2B5		-1.0583671	
INO80C		-1.0597783	
PRKAG1		-1.0600152	
PLPP6		-1.060773	
ZBTB22		-1.0612973	
PAG1		-1.0621203	
STK32C		-1.0623785	
SOX13		-1.0626081	
RAPH1		-1.0629404	
TOR1A		-1.0636111	
USP54		-1.0667313	
SPAG7		-1.0686932	
MINK1		-1.0687642	
MAML3		-1.0691316	
CSF2RB		-1.0691344	
ZNF230		-1.0691903	
PEX19		-1.0695215	
MAD2L2		-1.0697953	
WDR18		-1.0709682	
PIAS1		-1.0711625	
ENTPD5		-1.071903	
CMAS		-1.0726076	
ESS2		-1.0726291	
TRMO		-1.0730288	
RRAS2		-1.0732	
COA4		-1.0738082	
PDHB		-1.0741929	
STK26		-1.0755273	
RAP2B		-1.0755714	
MYL5		-1.0763506	
GSPT1		-1.0769765	
ATP13A5		-1.0793481	
EIF1B		-1.0800698	
NOL3		-1.0814537	
MEPCE		-1.0815569	
PRDX5		-1.0819916	
ALDH1A1		-1.0821211	
M6PR		-1.0848409	
RLIG1		-1.0856051	
MMP8		-1.0862797	
HES6		-1.0862974	
RPAP1		-1.086922	
SLC31A1		-1.0875165	
ZNF165		-1.0901375	
FKBP1A		-1.0922285	
DMKN		-1.0927678	
RPL8		-1.0929637	
TCOF1		-1.0930802	
C2orf88		-1.093355	
SEC61G		-1.0934514	
CRYGS		-1.0945312	
OTC		-1.094583	
ZNF362		-1.0946536	
RBBP4		-1.095126	
PPP1R14A		-1.0967894	
SHC2		-1.0975161	
PDCD5		-1.0976088	
YAE1		-1.0978043	
SAA1		-1.0988417	
NUDCD2		-1.0992336	
POC5		-1.0992583	
ERP27		-1.099782	
FAM218A		-1.0999076	
FUT11		-1.0999317	
ZNFX1		-1.1002337	
SCIN		-1.1019921	
TUBA1C		-1.1029128	
IGF2BP2		-1.10458	
COQ5		-1.1050645	
COBLL1		-1.1052375	
ACO1		-1.1062009	
FOXK2		-1.1065099	
SLC25A51		-1.1086206	
BCL7C		-1.1091304	
C11orf71		-1.1100776	
PEMT		-1.110162	
CLPTM1		-1.1106085	
POMT2		-1.1108005	
SAP30L		-1.1117936	
DNM3		-1.1119715	
PNMT		-1.1120126	
NUP43		-1.1123686	
SGSH		-1.1151366	
RAG1		-1.1156312	
AFAP1L1		-1.1156356	
GPATCH1		-1.1157557	
BHLHE41		-1.1179392	
SRD5A3		-1.1189613	
PRKAB1		-1.1192086	
MUC15		-1.11942	
SDHA		-1.1200961	
L1TD1		-1.1201719	
FAM83G		-1.1207622	
PARD6A		-1.1209025	
SMIM12		-1.1219646	
PTH1R		-1.1225518	
B3GALT2		-1.1236675	
RNASET2		-1.1237096	
SPDL1		-1.1238103	
SVEP1		-1.1242819	
PPT1		-1.1250099	
EPB41L3		-1.1252191	
DCTN6		-1.1254565	
TCIRG1		-1.1259851	
PRDM11		-1.1275197	
CCAR2		-1.1282383	
UBALD2		-1.1306193	
LOXHD1		-1.1314775	
TRIP10		-1.1317014	
ZNF718		-1.1317288	
UQCC6		-1.132195	
TPI1		-1.1325468	
PREB		-1.1345496	
ADSL		-1.1345842	
GID4		-1.1351354	
DPP3		-1.1352785	
COX19		-1.1361946	
FYN		-1.1364568	
ABCF1		-1.1371742	
MRPS2		-1.1381032	
MBD6		-1.1383495	
BST1		-1.1383809	
RASSF1		-1.1386456	
TLR2		-1.1393466	
RDX		-1.1398836	
STC2		-1.1401145	
EPHX4		-1.140722	
PTPRM		-1.1408985	
PYROXD1		-1.1415397	
UQCRFS1		-1.1417365	
GOT1		-1.1430671	
DERL2		-1.1438985	
LGALS3		-1.1440517	
QTRT2		-1.1442739	
ID3		-1.1444998	
BET1L		-1.1451075	
AACS		-1.1453043	
SLC40A1		-1.1453495	
NFAM1		-1.14622	
DLX4		-1.1485727	
ATG4D		-1.1501696	
CHAF1A		-1.1501831	
GTF2E1		-1.1509888	
PLP2		-1.1513907	
DCSTAMP		-1.151775	
NHP2		-1.1522347	
CHCHD6		-1.1526448	
SLC5A8		-1.1527135	
GDI1		-1.1543139	
CPM		-1.154893	
SMAP1		-1.1551001	
SLC25A39		-1.1558369	
MCOLN2		-1.1560141	
ABHD14A		-1.1560757	
LRG1		-1.1569515	
FBXO2		-1.1571037	
KLF17		-1.1582416	
TUBA4A		-1.1591269	
IGF2BP3		-1.1595153	
SLIT2		-1.1605245	
UBQLN4		-1.160553	
ATP5MC1		-1.161285	
FOLR1		-1.1625332	
RNASEH2C		-1.1640697	
ELAC2		-1.1643525	
FASLG		-1.165061	
NEK7		-1.16529	
GSTZ1		-1.1653596	
NETO2		-1.1666842	
ZNF501		-1.1677407	
ATG16L2		-1.1677644	
ETFBKMT		-1.1678455	
GAB1		-1.1687936	
BLTP2		-1.1690114	
HLA-C		-1.1694015	
NUDCD3		-1.1704654	
CACNA2D4		-1.170566	
GNB1		-1.1707141	
C3orf62		-1.1717153	
FRYL		-1.1717304	
ARHGAP26		-1.1721746	
MED19		-1.172492	
CCSAP		-1.172735	
RPP21		-1.173117	
AAGAB		-1.1732987	
NDUFAB1		-1.1739742	
RTF2		-1.1741205	
AQP9		-1.174582	
ZNF675		-1.1749685	
ENOPH1		-1.176949	
CACUL1		-1.1770016	
TSNARE1		-1.1771562	
PHB2		-1.1774813	
DNAJC28		-1.1776651	
IL4R		-1.1777343	
CAPN8		-1.1778563	
IER3IP1		-1.1782417	
BRI3BP		-1.1786611	
CNOT10		-1.1788839	
PEX11A		-1.1788926	
DTYMK		-1.1804997	
ATOSB		-1.1805019	
TMEM256		-1.1809199	
ADAT3		-1.1811937	
MED16		-1.1813924	
PARP10		-1.1822234	
SUSD3		-1.1826295	
USP3		-1.1832654	
COLGALT1		-1.1833605	
ZSCAN32		-1.1840334	
TSN		-1.1853772	
PDIA5		-1.1853913	
PER3		-1.1856964	
PRDX6		-1.1867944	
SERPINF2		-1.186906	
LSM2		-1.1874288	
SHC3		-1.1885468	
SUPT6H		-1.1888129	
APOL4		-1.191602	
C15orf40		-1.1918951	
WDR76		-1.1927927	
MISP3		-1.1931531	
RAB42		-1.1934876	
CDC42EP1		-1.1940507	
SMPDL3B		-1.1950636	
ANKRD49		-1.1951566	
CDC23		-1.1974764	
MRPL30		-1.1986486	
VPS54		-1.1998725	
NANP		-1.2001444	
DCTN5		-1.2004083	
TMSB10		-1.200689	
IRF2		-1.2007519	
VPS33B		-1.2014551	
GYG1		-1.2017252	
ZNF582		-1.2017956	
LAPTM5		-1.2021852	
ZNF485		-1.204398	
CHD7		-1.2046051	
H2BC21		-1.2047724	
NUP133		-1.2048645	
GGPS1		-1.2051718	
SNAP29		-1.2064872	
SERGEF		-1.2065932	
MRPL19		-1.2077626	
GEMIN6		-1.2077727	
EAF1		-1.2101132	
KAT8		-1.2104915	
PSMD12		-1.210751	
IFNAR2		-1.2118278	
CLEC3B		-1.2118974	
C1GALT1		-1.2119513	
XCL2		-1.2137827	
FAM83E		-1.2157122	
SH3YL1		-1.2157959	
ELF4		-1.218664	
LIPT1		-1.218709	
ZNF600		-1.21948	
IDH3G		-1.2198477	
RPS15		-1.220685	
KIAA0040		-1.221361	
PES1		-1.2216873	
PPM1N		-1.2228426	
MRS2		-1.2229719	
CLTRN		-1.2231725	
ZNF439		-1.223303	
PTPN1		-1.2234107	
MFSD4A		-1.2258127	
ATP6V0E2		-1.2260067	
TM2D2		-1.226165	
LETM1		-1.2269279	
GBA1		-1.2272073	
IRF7		-1.2272074	
AP4S1		-1.2291784	
GOSR1		-1.2295301	
TBRG4		-1.230084	
DRAP1		-1.230131	
ACSL5		-1.2324525	
ICAM2		-1.232887	
IPO9		-1.2338428	
ALDH16A1		-1.2354681	
RPGRIP1		-1.2358427	
NOL7		-1.236084	
ULBP3		-1.2363132	
RBBP8		-1.2364073	
GINS3		-1.2367114	
SLC2A12		-1.2384728	
NDUFA4		-1.2390455	
MRPL15		-1.2391475	
SCAPER		-1.239331	
ZMIZ1		-1.2395837	
CMKLR1		-1.2403522	
ABCD3		-1.2404416	
SERPINB1		-1.2405096	
PRR22		-1.2426637	
TNS2		-1.2433307	
TAPBP		-1.2434402	
VPS26A		-1.2437094	
POP5		-1.2437847	
PDE4DIP		-1.2447456	
CXCL17		-1.2450007	
EID2		-1.2466424	
PCP4L1		-1.2469592	
SLC11A1		-1.2470075	
DHX16		-1.2474129	
USP5		-1.2497774	
BAIAP2		-1.2503526	
RMDN2		-1.2504488	
MED4		-1.251211	
EIF5AL1		-1.2516481	
XKR8		-1.251973	
OVCH1		-1.254389	
PRR34		-1.2543964	
SELENOT		-1.2545964	
NUB1		-1.2547041	
MT-ATP6		-1.2554559	
FPR2		-1.2561572	
ZMYM6		-1.25774	
UBE4B		-1.2579844	
PTDSS2		-1.258085	
BTG3		-1.2582067	
MARVELD3		-1.2583736	
ZNF433		-1.2590795	
ARPC5L		-1.2596148	
BORA		-1.2605386	
ARIH2OS		-1.2611723	
PABIR1		-1.2620687	
GRPEL1		-1.2642457	
TMEM102		-1.2646604	
TOE1		-1.2659146	
DUSP8		-1.2663909	
ALPK1		-1.267299	
ANP32E		-1.2677406	
HTRA4		-1.2680877	
CFLAR		-1.2688477	
NRTN		-1.2689363	
AAMP		-1.269186	
ZNF317		-1.2693115	
CAMKK1		-1.2697767	
MOSPD2		-1.270232	
TMEM11		-1.2702609	
ACTR3C		-1.2713385	
TRIM35		-1.2729031	
NAA10		-1.2743458	
ZDHHC2		-1.2752084	
RASSF5		-1.2753092	
FECH		-1.2765015	
GPR39		-1.2765975	
FSTL4		-1.2766129	
TOM1L2		-1.2770349	
NCOR2		-1.2773944	
ADGRB3		-1.2782186	
ATAD3A		-1.2785023	
UBASH3B		-1.2788182	
SCNN1B		-1.2788254	
POLR1H		-1.2792424	
VDR		-1.2797965	
ABCC2		-1.28047	
EIF1		-1.2805843	
CYP4Z1		-1.2816387	
IFNAR1		-1.2818279	
AP1AR		-1.2824662	
RAD54L2		-1.2831523	
ZNF14		-1.2836462	
ACVR1C		-1.2843213	
OCEL1		-1.2865127	
ZSCAN29		-1.2869742	
EDF1		-1.287057	
CARMIL1		-1.2871348	
SIVA1		-1.2875128	
SLC45A4		-1.2875495	
PTPN13		-1.2884821	
NCEH1		-1.2904966	
ROBO4		-1.2906897	
MRM3		-1.2912205	
ZKSCAN5		-1.2914789	
OLR1		-1.2923142	
MCM3AP		-1.2927734	
NOSTRIN		-1.2927772	
GPM6B		-1.2933108	
UFSP1		-1.29494	
TMSB4X		-1.2952102	
CMTM4		-1.2962884	
TRMT2A		-1.296799	
PNRC2		-1.2974119	
RCL1		-1.2991388	
ZNF398		-1.2992173	
TXNL1		-1.3006333	
DDX43		-1.3008629	
SYTL5		-1.3021121	
PIM3		-1.3031749	
TMEM169		-1.3036945	
LMAN2L		-1.3042206	
NPEPPS		-1.3043654	
MRPL17		-1.305845	
IGF1R		-1.3063208	
LCP1		-1.3073697	
MRPL52		-1.3079293	
BMPR2		-1.3084896	
HRCT1		-1.3094305	
ZNF174		-1.3097879	
ZNF182		-1.3101621	
RPS2		-1.3107651	
EMC4		-1.3107809	
TBC1D10C		-1.3110446	
FLT4		-1.3112317	
RNLS		-1.3113738	
FOXD1		-1.3114042	
TCEA3		-1.3122251	
E2F2		-1.3125817	
TAL1		-1.312635	
YIPF3		-1.3138984	
LRR1		-1.3148577	
GMIP		-1.3148798	
SEC22C		-1.3158996	
SLC9A1		-1.3166766	
NOXA1		-1.3169794	
NACC2		-1.3178966	
ORC2		-1.3181751	
GID8		-1.318896	
MSN		-1.3209043	
SAP130		-1.321951	
EFNB1		-1.3225243	
ZNF468		-1.3239232	
VNN1		-1.3243328	
MYO1B		-1.3250183	
EXPH5		-1.3274403	
PUF60		-1.3282282	
SULT1B1		-1.3282671	
TEX264		-1.3301344	
NAGPA		-1.3301874	
KRIT1		-1.3308706	
DNAJC8		-1.3310823	
CCDC77		-1.331195	
TMEM255B		-1.3312627	
TMEM204		-1.3312687	
PKIA		-1.3315301	
QSOX1		-1.3320198	
PSMD5		-1.3328971	
ZNF572		-1.3329533	
BET1		-1.3333901	
PIGP		-1.3340492	
EIF3K		-1.3345698	
STOML2		-1.334991	
FRG1BP		-1.3360289	
RNF34		-1.3362828	
RTN2		-1.3373538	
EIF3G		-1.3383089	
CEP15		-1.3390738	
PSMB10		-1.3406204	
PATJ		-1.3409837	
ENSG00000188897		-1.3417678	
LIN7B		-1.3428499	
QNG1		-1.3431685	
AUP1		-1.3432621	
IRAK1		-1.3454	
CYP2R1		-1.3459059	
TPM3		-1.3466195	
LRATD1		-1.3470702	
CCDC71		-1.3470913	
ZGRF1		-1.3488693	
ZXDC		-1.3495045	
ENSG00000280433		-1.349644	
CTCF		-1.350583	
SNRPD3		-1.3505864	
NIPAL3		-1.351322	
C19orf48P		-1.3519146	
SLC35E3		-1.3525461	
SYDE2		-1.3534992	
HOXB5		-1.3544097	
CSNK2B		-1.354456	
PEAK3		-1.3544753	
ZNF69		-1.3548154	
UBOX5		-1.3558414	
PRPF8		-1.3559275	
ZNF48		-1.3560998	
YES1		-1.3563709	
CEP104		-1.3583152	
GGCT		-1.3583156	
ARL2BP		-1.3609918	
EML5		-1.3614061	
ZC3H12C		-1.3615658	
NBN		-1.3616138	
CYP4B1		-1.3629944	
COPS5		-1.3632772	
FBXW2		-1.3634768	
ATP5F1C		-1.3637252	
TRAFD1		-1.3643191	
TRAPPC6A		-1.3653948	
SPINT1		-1.3663884	
TCF7L1		-1.3682238	
MAGIX		-1.3691761	
INTS4		-1.3711619	
TFIP11		-1.3730669	
SMG9		-1.3732919	
AK2		-1.3743961	
C1orf21		-1.3750081	
LRRC32		-1.3753148	
PCOLCE2		-1.375712	
SERF2		-1.3771062	
HK1		-1.3772764	
EDEM2		-1.3772769	
MBD2		-1.3782606	
TIMM50		-1.3803049	
MCMBP		-1.3803471	
MZT2B		-1.3810594	
DNASE1L3		-1.3816653	
MKNK1		-1.3820137	
DGKD		-1.3836862	
VPS52		-1.3836888	
ICA1		-1.3837397	
UTP18		-1.3838197	
SH3BP5		-1.3840101	
FBXO25		-1.3840727	
SMAD2		-1.3851117	
IKBKG		-1.385322	
C8B		-1.385684	
ZNF593		-1.3857394	
CLEC16A		-1.3858017	
CARS2		-1.3858129	
LRRC39		-1.3858514	
GGCX		-1.3882837	
PPM1G		-1.3883061	
NUP62		-1.3904519	
CCDC85B		-1.3906955	
CRK		-1.3909929	
TP53I3		-1.3913436	
NAPRT		-1.3923444	
RBM22		-1.3929096	
NOS2		-1.3936664	
CLEC1A		-1.3948438	
FAM111A		-1.394979	
TTC22		-1.3950257	
PTRH1		-1.3952732	
KAT2B		-1.3954476	
SERPINB8		-1.3973017	
ELOF1		-1.399405	
NRN1		-1.3996193	
SMCO3		-1.3998526	
ELAPOR2		-1.4002157	
NAA20		-1.4002496	
BTN3A2		-1.4029125	
HPGD		-1.4038099	
ADH5		-1.4045074	
TTC7A		-1.4047585	
CEACAM6		-1.4058818	
MIS12		-1.4065456	
REEP4		-1.4066072	
CEP70		-1.4069064	
MRPS6		-1.407028	
PAK2		-1.4071372	
FCSK		-1.4079419	
ASCC2		-1.4084446	
CD63		-1.408494	
ERH		-1.4089559	
PDCD7		-1.4090811	
ISOC1		-1.409447	
COQ8A		-1.4103153	
ZNF408		-1.4104449	
KAT14		-1.41163	
AFG3L2		-1.4134839	
RIGI		-1.4139658	
BMP8B		-1.4149977	
BCL2L12		-1.4151646	
KBTBD6		-1.4157004	
TREM1		-1.4157209	
OAS2		-1.4163795	
BEND7		-1.4166782	
FRG1		-1.4171916	
ZNF646		-1.418033	
TWIST2		-1.4183156	
NSMAF		-1.4185523	
DACH1		-1.4187728	
LDHB		-1.4195659	
UBE2J2		-1.4198543	
RDH13		-1.4228076	
SPATA13		-1.424215	
EXOSC3		-1.4247459	
BCL2L1		-1.4265382	
THAP4		-1.427881	
CYRIB		-1.4278842	
H2BC12		-1.4279064	
SETDB1		-1.4283726	
PGGHG		-1.4285226	
DUSP16		-1.4289159	
TTC31		-1.4301317	
DAZAP1		-1.430387	
PA2G4		-1.43062	
AKR1A1		-1.430703	
AGFG1		-1.4325176	
GGA1		-1.4338967	
TMEM229B		-1.4339155	
MRPL43		-1.4344726	
POLD4		-1.4346092	
TMEM208		-1.435269	
GNAI2		-1.4369016	
NSMCE3		-1.4385324	
ZCCHC2		-1.4392064	
HLCS		-1.4393575	
AOC3		-1.4394495	
RPL37A		-1.4398996	
NKIRAS2		-1.441767	
MTFR2		-1.4421047	
DNAJC7		-1.4439285	
SAE1		-1.4460682	
NDUFC2		-1.4480454	
CDK5RAP1		-1.4491615	
HADHB		-1.4494908	
MCRIP1		-1.4504055	
KCNK5		-1.45091	
SLCO2A1		-1.4510057	
WFIKKN1		-1.4516331	
TXNDC11		-1.4525328	
FLCN		-1.4528608	
NPRL2		-1.4536394	
AVIL		-1.4537624	
EXOSC7		-1.4540578	
TIMM29		-1.4551513	
ATG5		-1.4567535	
RGS9		-1.4578127	
FSCN2		-1.4594059	
KLRB1		-1.4597399	
TADA1		-1.4607521	
TLR7		-1.4609776	
ETFB		-1.4618548	
BAZ2A		-1.4622972	
DAB2IP		-1.463675	
BROX		-1.463716	
IGF2R		-1.4638461	
UMPS		-1.4639193	
SWT1		-1.4644631	
INMT		-1.4656183	
ACR		-1.465973	
CLEC4M		-1.466448	
LDLR		-1.4675633	
TBP		-1.4676845	
UBA52		-1.4715434	
FPR1		-1.4721977	
MARF1		-1.4726965	
AIFM1		-1.4763255	
GTF3C6		-1.4778769	
DUS1L		-1.4780371	
SLX4		-1.4797096	
PHACTR3		-1.4800978	
LRRTM2		-1.4812084	
NDUFS1		-1.481291	
LDLRAP1		-1.4816707	
MRPL51		-1.4818566	
CUX1		-1.4818825	
BAG1		-1.4824269	
TRIM14		-1.4824743	
MARK3		-1.4841866	
THAP7		-1.4848037	
HINT1		-1.4851617	
LRP10		-1.4852861	
POMP		-1.4875197	
BST2		-1.4886749	
DDX1		-1.4895883	
ZNF41		-1.4896221	
TOMM40		-1.4910042	
TDRD7		-1.4912318	
DCTN3		-1.491559	
LYPLAL1		-1.4920094	
BRPF1		-1.4921634	
CCDC107		-1.4936426	
RBBP5		-1.4937888	
SLC4A1AP		-1.4938557	
PSD4		-1.4950382	
DCLRE1B		-1.4957235	
POLR2G		-1.4968864	
DPP7		-1.4970005	
NDUFS2		-1.497642	
GSTO2		-1.4980571	
ARHGAP12		-1.4994256	
ADO		-1.5009149	
HMBS		-1.501601	
ASB3		-1.5019958	
YWHAH		-1.5021024	
CD177		-1.5025573	
RNF40		-1.5031259	
CDC7		-1.5039765	
STX12		-1.504625	
POLD2		-1.5047786	
PDCD10		-1.5054433	
UNC119		-1.5063531	
ZNF547		-1.5069717	
MTERF1		-1.5079863	
GRSF1		-1.5091944	
UQCRC1		-1.5096662	
ARAP3		-1.5099009	
ZKSCAN2		-1.5107139	
RPS6KB2		-1.5111156	
NBPF12		-1.5114385	
SIGIRR		-1.5116345	
WDR13		-1.5126922	
MTM1		-1.5131397	
POLR1A		-1.5133098	
HSD17B11		-1.5142239	
MZT1		-1.5149604	
C1orf53		-1.5166893	
FCGRT		-1.5176166	
PCYOX1		-1.5182548	
HCG27		-1.5188762	
P4HB		-1.5194733	
ALDH3B1		-1.5196036	
MT-ND4L		-1.5201657	
ZNF691		-1.5211086	
RAB29		-1.5220929	
CIDEB		-1.5221723	
VEGFB		-1.5229114	
PLA1A		-1.5237001	
TMEM54		-1.5237597	
CDH5		-1.5246366	
BCAT1		-1.5253638	
MSANTD4		-1.5253778	
DPYSL2		-1.5260779	
UBIAD1		-1.5274448	
MYL6		-1.5274466	
COX4I2		-1.5281514	
PTCD1		-1.5291656	
CPNE8		-1.5299909	
HOXB6		-1.5307894	
VPS4B		-1.5310277	
CCNB3		-1.5313799	
AKT1S1		-1.535843	
ZNF641		-1.5371686	
TBCA		-1.5372058	
NSD2		-1.5372275	
ZNF707		-1.5372282	
LEMD2		-1.5377821	
HS1BP3		-1.5379083	
PAIP1		-1.5379243	
NANOS1		-1.5380697	
TGFBR3		-1.5383033	
NCK1		-1.5383048	
GAB3		-1.5385258	
COX7B		-1.53924	
PITPNM3		-1.5393579	
COPG1		-1.5393782	
ENG		-1.5393895	
PPARGC1B		-1.5410215	
ILKAP		-1.5430202	
OXLD1		-1.5437024	
APEX2		-1.5437462	
NTNG1		-1.5476248	
UBXN2B		-1.5484878	
THAP11		-1.5527889	
MED22		-1.5528775	
TBC1D22A		-1.5530909	
RAB14		-1.5543722	
DESI2		-1.5546361	
MAZ		-1.5599378	
BNIP1		-1.5620067	
JCAD		-1.5626339	
MKKS		-1.5626675	
PSMD1		-1.5633038	
NFS1		-1.5656526	
SLC2A8		-1.5656842	
PAM16		-1.5657983	
SELENOO		-1.5664417	
SIRT6		-1.5667759	
YWHAE		-1.5673217	
PEX16		-1.5676358	
SLC33A1		-1.5689917	
ACP1		-1.5704352	
VAMP2		-1.5721328	
GSS		-1.5727606	
DPEP2		-1.574465	
TLR1		-1.5749255	
ZNF181		-1.5755148	
HCAR3		-1.5779507	
CALM3		-1.5788597	
ZNF578		-1.5790136	
NOS1		-1.5799562	
FOXO4		-1.5800477	
RFC2		-1.5805335	
MAP1LC3C		-1.5817839	
NUTM2D		-1.5903972	
AHCY		-1.5919042	
REEP5		-1.5927534	
SLPI		-1.5941038	
ARHGEF15		-1.5955918	
TMEM209		-1.5964212	
RALBP1		-1.5973837	
FIBP		-1.5988414	
UQCRQ		-1.5991192	
PARL		-1.6006492	
CLDN5		-1.6006662	
MTHFD1		-1.6013942	
SGK3		-1.6015576	
SUMF2		-1.6027824	
GIN1		-1.6029154	
MARS1		-1.6040139	
SKP2		-1.6046087	
MAP7		-1.6046536	
ZDHHC18		-1.6064879	
ZNF282		-1.6067547	
ATPAF2		-1.6070623	
CREG1		-1.6076962	
SLC16A5		-1.6082127	
CENPO		-1.6092374	
APTX		-1.6104183	
TXNDC9		-1.6114731	
FGD2		-1.6122196	
RNF146		-1.6143909	
AMD1		-1.6164237	
KRT10-AS1		-1.618027	
RNF114		-1.619424	
SLC2A6		-1.620249	
PLD3		-1.6205821	
ZNF623		-1.6221259	
MED28		-1.6232425	
PRR14		-1.6248125	
NCKAP1L		-1.6249697	
GRB7		-1.6260865	
UQCC3		-1.6261158	
ZNF397		-1.6272328	
TIMMDC1		-1.6275947	
NDRG2		-1.6298525	
RETREG3		-1.6302584	
PBDC1		-1.6312419	
LRPAP1		-1.6314027	
PGAP2		-1.6352932	
CNNM3		-1.6358255	
PTPN4		-1.6360439	
NR2C1		-1.6360794	
ZFAND2A		-1.6361222	
COA5		-1.6363091	
GATAD2A		-1.6368185	
C1orf174		-1.6373136	
ZC3H14		-1.6375196	
PCBD2		-1.6382068	
NMRAL1		-1.6388487	
PSEN1		-1.639191	
PCLO		-1.6418601	
FAM136A		-1.6425095	
CTSA		-1.642834	
ARHGAP4		-1.6438653	
MAT2B		-1.6444361	
DDX49		-1.6452626	
SEMA4F		-1.6460428	
NSMCE2		-1.6464517	
CSTF1		-1.6470066	
FNIP2		-1.6484078	
CD300C		-1.6502143	
MORC2		-1.6508394	
NUDT15		-1.651075	
ZNF787		-1.6513617	
EIF2B1		-1.654972	
CLK2		-1.6550639	
KRT79		-1.6552043	
GLDN		-1.6560256	
TCF7L2		-1.6561207	
SLC25A4		-1.6572874	
KANK4		-1.6585	
AFDN		-1.6590699	
SIRT7		-1.6593431	
CD82		-1.6595663	
STARD8		-1.6611761	
INTS7		-1.6628332	
CRLS1		-1.6629093	
OS9		-1.6642636	
FAXDC2		-1.664773	
DBP		-1.6658212	
EFL1		-1.6666923	
AVL9		-1.6678745	
ADAP2		-1.6700025	
RNF213		-1.6702414	
GLYCTK		-1.6707491	
TMEM205		-1.6726965	
FAM200B		-1.6728904	
FUCA2		-1.6729693	
TMEM39B		-1.6737715	
MAN2A2		-1.6743351	
PPP1R35		-1.6747388	
ANGPTL7		-1.6784445	
RGS18		-1.6788304	
ATP5PO		-1.679956	
CLN3		-1.6809894	
VAV1		-1.6818775	
EYA3		-1.6820135	
BANK1		-1.6847016	
NUDT22		-1.6856375	
ANKS1A		-1.6864125	
TAFAZZIN		-1.6867957	
CYB5R4		-1.6877548	
FCGR3A		-1.6879336	
ABRACL		-1.688304	
ADPGK		-1.6886652	
ZNF366		-1.6888883	
CASP4		-1.6892215	
RNASE1		-1.6892847	
CAV1		-1.6906376	
FNTA		-1.691313	
SRSF8		-1.6946642	
NDUFC1		-1.6948102	
KNOP1		-1.698128	
ORMDL1		-1.6983391	
SLIRP		-1.699122	
HRAS		-1.6993115	
EPHB4		-1.6994027	
ALG2		-1.7003963	
PIP4K2C		-1.7003967	
SLCO4A1		-1.7011371	
CASP2		-1.7028232	
SCAMP4		-1.703175	
PRDM4		-1.7039809	
DHX32		-1.7064003	
NPL		-1.7083956	
CNKSR1		-1.7086505	
HIGD2A		-1.7089143	
CD300E		-1.7092108	
TBC1D17		-1.7092351	
OXA1L		-1.7092937	
ATP5F1D		-1.7113997	
NKG7		-1.7116297	
FDX1		-1.711648	
NTHL1		-1.7139014	
BCAP29		-1.7140555	
RBM23		-1.7141926	
METTL17		-1.7143087	
KRTCAP3		-1.7162224	
FBXO48		-1.716239	
CLTB		-1.7187362	
EXOC3		-1.719057	
HIGD1B		-1.7193046	
ULBP1		-1.7194974	
ILVBL		-1.7211794	
TMEM144		-1.7216637	
HOXA5		-1.7218628	
TIGD2		-1.7223716	
ETFA		-1.7225009	
PHYHD1		-1.7237651	
MT-ND4		-1.7245207	
KCNAB2		-1.7274691	
PREX1		-1.7298825	
STX8		-1.7305433	
NLRP2		-1.7314249	
RASIP1		-1.7315925	
ADGRL2		-1.7321619	
AMIGO2		-1.7339548	
MTIF3		-1.7344608	
TOMM22		-1.735338	
ENOSF1		-1.7353922	
CEACAM8		-1.7361586	
SPSB3		-1.7365223	
PRKACA		-1.7409549	
PARVG		-1.7434999	
LZTS3		-1.7435114	
RASSF8		-1.7435601	
PCED1B		-1.743789	
SLC35C2		-1.7441568	
TAPBPL		-1.7445835	
PLS1		-1.7456962	
CEACAM3		-1.7459906	
LDB2		-1.7462733	
HAUS8		-1.7468429	
CELF1		-1.7477518	
PECR		-1.7478056	
ORMDL3		-1.747906	
COL4A4		-1.7482735	
HERC6		-1.7482868	
ABO		-1.7496029	
AATF		-1.7517856	
HLA-B		-1.7524718	
PELI3		-1.752532	
IDNK		-1.7540058	
ARNT		-1.7552173	
SGMS1		-1.7561557	
ELFN2		-1.7567718	
KARS1		-1.7575914	
SFRP5		-1.7577695	
EDC3		-1.7581885	
HCST		-1.7591208	
JMJD4		-1.759435	
CHCHD3		-1.7602723	
PDCD2L		-1.7605413	
MICALL1		-1.7609328	
OGDH		-1.7611512	
PRXL2B		-1.761294	
DDX23		-1.7632174	
PALB2		-1.7638984	
CORO6		-1.7639664	
SUSD1		-1.7646571	
LACC1		-1.764719	
CABP4		-1.7654356	
ZNF581		-1.7659479	
HSD17B12		-1.7660778	
WASF2		-1.7660943	
WRNIP1		-1.7662623	
PIAS4		-1.7667024	
RANGAP1		-1.7668084	
HTR3C		-1.7675563	
DNASE2B		-1.7681803	
TCAF2		-1.7697235	
IL7R		-1.7702284	
TAOK2		-1.7710178	
RPSA		-1.7712073	
NUDT12		-1.7718596	
ARC		-1.772015	
TIMM8B		-1.7724322	
MTG2		-1.7729586	
MTSS1		-1.7734752	
DRG1		-1.774521	
GET3		-1.7758306	
HEXIM2		-1.7759473	
MAP7D1		-1.7763157	
SIRPB2		-1.7765827	
RPL35		-1.7772175	
LSMEM1		-1.7776192	
MAP3K9		-1.7792425	
NECAP1		-1.7792456	
RPS28		-1.7794644	
SCFD1		-1.78044	
DIAPH3		-1.7818279	
MATN3		-1.7834924	
RARS1		-1.7839173	
SLC23A3		-1.7841536	
HIP1		-1.7859017	
NOTCH4		-1.785972	
ING5		-1.7860847	
WDR37		-1.7864332	
CISD2		-1.7895333	
CAT		-1.7901096	
TWF2		-1.7904192	
PCCB		-1.7928969	
DGCR6L		-1.7941968	
SEH1L		-1.7949661	
SLC6A20		-1.7959014	
ARFGEF3		-1.7975433	
SAYSD1		-1.799632	
RAB11A		-1.8002104	
HDAC11		-1.8016291	
ATIC		-1.8020389	
TLNRD1		-1.8030105	
CNEP1R1		-1.8057158	
NQO2		-1.8078032	
MIEF1		-1.8091981	
MAP1S		-1.8102804	
SLC6A13		-1.8124338	
PLAGL2		-1.8129845	
GPSM1		-1.813469	
DEDD2		-1.8135835	
HIF1AN		-1.8153933	
HENMT1		-1.8157388	
MREG		-1.8157523	
P2RX7		-1.8164723	
PHF23		-1.8164941	
SPNS2		-1.8171809	
C6orf89		-1.8173307	
NUBP2		-1.8191568	
COG2		-1.8194947	
ME1		-1.8195088	
SPTBN1		-1.8202953	
USP51		-1.8203033	
SPECC1L		-1.820622	
POP1		-1.8216496	
CD1D		-1.8221273	
ITSN2		-1.8223705	
ZNF626		-1.8232052	
ZBTB7A		-1.824816	
ZMYND19		-1.8251709	
FBXO21		-1.8255533	
ZNF583		-1.8269901	
NCSTN		-1.8272872	
CD151		-1.828871	
DLAT		-1.8315408	
MOGAT1		-1.8333578	
GOLGA4		-1.8334466	
MRPS11		-1.8338087	
SULT2B1		-1.8349968	
COX6C		-1.8356842	
HLA-DQA2		-1.8381087	
ATOH8		-1.8392178	
C2orf72		-1.841747	
ZNF22		-1.8422405	
CIZ1		-1.8433012	
NPC2		-1.8453166	
APOL1		-1.8466538	
C1orf35		-1.8490568	
EPS8L2		-1.8494588	
ZNF799		-1.849718	
ENDOV		-1.850755	
NIF3L1		-1.8514656	
GALNT12		-1.8519363	
POLDIP3		-1.8519927	
ZSCAN22		-1.8530413	
IP6K3		-1.853484	
ARPIN		-1.8537037	
TFRC		-1.8543751	
PLCB3		-1.8555033	
KBTBD3		-1.8568407	
RIN2		-1.8578973	
CLEC7A		-1.860046	
RAPGEF5		-1.8619176	
OAS3		-1.8619646	
ZNF804A		-1.8622309	
IFRD2		-1.8629429	
CHTOP		-1.8650479	
CEP63		-1.8675207	
TMEM50A		-1.8696895	
EIF4ENIF1		-1.8704553	
ATG10		-1.8713788	
ING3		-1.8713925	
AKR1C3		-1.8715945	
ATP5F1A		-1.8719575	
ZNF830		-1.8720367	
SCYL1		-1.8722687	
STARD4		-1.8725019	
TAF3		-1.8763396	
AGFG2		-1.8795531	
WDR4		-1.8798537	
ZKSCAN4		-1.879923	
RAB6A		-1.8840994	
P2RX1		-1.8843007	
STX7		-1.8845167	
COX7A2		-1.8846346	
RFFL		-1.8846946	
GIGYF1		-1.8857026	
ZNF624		-1.886257	
TRPM2		-1.8878049	
IFIH1		-1.888068	
NATD1		-1.8885354	
IZUMO4		-1.889947	
AP3M1		-1.8924628	
LAGE3		-1.8928164	
IDO1		-1.8929478	
TSSK6		-1.8937632	
MAP2K5		-1.8946154	
TRIB2		-1.8950337	
NKAP		-1.8950621	
RNFT2		-1.895168	
ZNF490		-1.8963109	
NDUFV1		-1.8974406	
QARS1		-1.8979268	
SENP2		-1.8981588	
ZBTB45		-1.8990186	
GPLD1		-1.8992636	
BOLA3		-1.8992811	
CPSF3		-1.8992815	
FAM222B		-1.8997288	
ZFAT		-1.9019022	
COX4I1		-1.9031874	
ENTREP3		-1.9042902	
SPSB4		-1.9043939	
RPL38		-1.90451	
MRPL39		-1.9049155	
FAM174C		-1.9057298	
RNF8		-1.9062414	
PDHA1		-1.9081589	
CXorf38		-1.9114014	
MRPL45		-1.9115143	
KIAA1958		-1.9117996	
RPS20		-1.9141134	
ASNSD1		-1.9144816	
SLC25A24		-1.9160055	
CLEC12B		-1.9178662	
LIN7A		-1.9187351	
NR1D1		-1.9190651	
DIP2B		-1.9193909	
SYNJ2BP		-1.9202881	
NTN4		-1.9204205	
ZNF652		-1.9224578	
ASB4		-1.9230207	
NUP50		-1.9234229	
BCDIN3D		-1.9237194	
MGRN1		-1.9237218	
MADD		-1.9261215	
ITPRIPL2		-1.9264929	
IGFLR1		-1.9285496	
ZNF431		-1.931769	
FAM118B		-1.9338502	
THAP3		-1.9350847	
PKD2L1		-1.9350954	
GNA11		-1.9359455	
CFL1		-1.9363861	
COPE		-1.9366146	
PHACTR2		-1.9370985	
FBXO38		-1.9374706	
YWHAB		-1.9375005	
MED15		-1.9386185	
GATC		-1.9389113	
PHYH		-1.9412988	
PRPF19		-1.9416469	
TSPAN3		-1.9423594	
MUL1		-1.944115	
APOM		-1.9466877	
ALDH5A1		-1.9480187	
MAPK4		-1.9509751	
INPP5B		-1.9533399	
RMDN1		-1.953481	
MSLN		-1.9543693	
CMTM5		-1.9563808	
C2orf15		-1.9565066	
ATOX1		-1.9577185	
COQ3		-1.9580697	
SPTSSA		-1.9584885	
EVI5L		-1.9605812	
S100A10		-1.961322	
MRPL2		-1.9634646	
TSPAN7		-1.96427	
CDC42BPG		-1.9657334	
PUDP		-1.966758	
ZNF580		-1.967858	
EEF2KMT		-1.9680268	
KLHL8		-1.9684943	
AAMDC		-1.9693314	
CD300A		-1.9697304	
IGSF3		-1.970195	
SMS		-1.9749705	
LTO1		-1.9761889	
GPATCH11		-1.9774033	
PPP1R7		-1.9775069	
C11orf21		-1.9798957	
BORCS8		-1.9799955	
NDUFB6		-1.9823713	
COX16		-1.9829425	
HDDC3		-1.9841906	
PSME3		-1.9846281	
PSMB8		-1.9854432	
DOK7		-1.9867215	
PNPLA2		-1.9870111	
PIGV		-1.9890802	
SORT1		-1.9896837	
MALL		-1.9902488	
TEC		-1.9905277	
OTOA		-1.9910622	
RNF168		-1.9935482	
LLPH		-1.9943045	
CXADR		-1.9949424	
THOC6		-1.9956853	
YY1		-1.9971228	
SPATA2		-1.9972938	
ABHD10		-1.9974294	
RIMOC1		-1.9975802	
ARPP19		-1.9982282	
REPIN1		-1.9982809	
MYO6		-1.9988885	
RGL3		-2.0004292	
BEX5		-2.0029082	
PRPF6		-2.0037215	
RNF10		-2.004043	
FURIN		-2.0045137	
R3HDM2		-2.0050912	
YIPF1		-2.006434	
CKS2		-2.008118	
CLEC4D		-2.0105438	
DTNBP1		-2.0119364	
EIF4E3		-2.0123305	
TMEM236		-2.0131335	
NDUFA11		-2.0133276	
NDUFAF4		-2.0176802	
GGT2P		-2.0182881	
DYSF		-2.0186245	
ZNF79		-2.0209892	
DGUOK		-2.021017	
KDM4A		-2.0216215	
UBE3B		-2.0223002	
RHBDD2		-2.0225396	
RPLP2		-2.0237443	
TBC1D10B		-2.024779	
NUDT14		-2.0256636	
CEMIP2		-2.0261974	
QKI		-2.0263035	
HLA-DMA		-2.0267308	
BCAR3		-2.0267527	
HOOK2		-2.0285451	
GPR143		-2.0286722	
CHUK		-2.029409	
HSD17B10		-2.0294132	
LRRTM4		-2.0294712	
TIRAP		-2.0319452	
CBLL1		-2.032694	
ZNF212		-2.0333254	
GXYLT1		-2.0337222	
TMBIM1		-2.0358038	
AKIRIN2		-2.0358295	
DNAJC6		-2.0362709	
CNOT11		-2.0371485	
ACSM5		-2.0382473	
FCHO2		-2.0389502	
TDP2		-2.0389662	
DTD1		-2.0393612	
PPARA		-2.0404012	
PSME2		-2.0405817	
CCDC174		-2.0412118	
VPS28		-2.0414214	
MRPL12		-2.0460286	
ANKRD46		-2.0461388	
SDR39U1		-2.0496657	
ORAI3		-2.0517247	
LTV1		-2.0522242	
ESD		-2.0527718	
CHRAC1		-2.053831	
POMZP3		-2.054591	
SDCCAG8		-2.0580912	
CYB5R2		-2.0592053	
ATP5ME		-2.0616734	
TMEM94		-2.0631433	
SH3BP5L		-2.0646584	
R3HCC1L		-2.0649657	
USF1		-2.065357	
BTK		-2.0662599	
MROH6		-2.0677156	
ALG3		-2.0741963	
NMB		-2.0744994	
MTERF3		-2.075733	
LTBR		-2.0762687	
ZNF629		-2.0775447	
SLC9A6		-2.077609	
TMEM109		-2.0777233	
LRMDA		-2.0784116	
OBSCN		-2.079286	
SNRPB2		-2.0804217	
UBALD1		-2.080533	
LRFN1		-2.0806491	
BOLA1		-2.082158	
FAM20A		-2.0822964	
ADCYAP1R1		-2.084051	
KLHL24		-2.0844197	
PFDN1		-2.0880358	
SH3BP2		-2.088189	
ZNF442		-2.0882237	
GFER		-2.0884025	
DHRS7		-2.088485	
EXOC8		-2.090794	
GADD45GIP1		-2.0911465	
MPEG1		-2.0922358	
GATD3		-2.0925786	
KRCC1		-2.0953913	
GPR141		-2.096097	
SNRNP40		-2.0973947	
SELENOH		-2.098237	
CAMK1		-2.099734	
TMEM14B		-2.102743	
TRIOBP		-2.1033435	
COX5B		-2.10458	
TAF4		-2.1047	
CHCHD10		-2.105009	
MARCHF9		-2.1052327	
FLI1		-2.108396	
PLCD1		-2.1085365	
RAMP3		-2.1097765	
PRKAR1B		-2.111218	
FBN3		-2.1137123	
MGAT1		-2.1142564	
KDSR		-2.1145525	
SP2		-2.1150587	
SNRPG		-2.1153708	
SYN3		-2.1158514	
GNPTG		-2.1159906	
PIGR		-2.1163232	
HNRNPUL2		-2.1177416	
BRINP1		-2.120382	
SNX14		-2.121309	
GRIK4		-2.123544	
MFAP1		-2.1240916	
AZU1		-2.1252034	
PTRHD1		-2.1265657	
PDIK1L		-2.128113	
ITGB2		-2.130758	
MAB21L4		-2.131315	
ALDOC		-2.1320074	
LPXN		-2.1320117	
MFSD11		-2.132016	
PIK3C2B		-2.132049	
SRP68		-2.132983	
RPP30		-2.1336367	
SHROOM1		-2.1336634	
IRS2		-2.1338108	
CLCN7		-2.1339211	
ALS2CL		-2.1340315	
MRPL11		-2.1355472	
EDNRB		-2.136098	
GRK6		-2.1366923	
KLF13		-2.1370552	
C22orf46P		-2.137342	
CTF1		-2.1388168	
ESM1		-2.139004	
ZNF740		-2.1395307	
USF2		-2.1406624	
TSPAN17		-2.14071	
IL18		-2.1417894	
PWWP2A		-2.1428285	
PIGC		-2.144038	
FAM222A		-2.148108	
TECR		-2.1509275	
FKBPL		-2.1511765	
GABARAP		-2.152031	
SIAE		-2.1524887	
KCNK3		-2.1546412	
TMEM170B		-2.1548138	
FIZ1		-2.1549954	
CAMP		-2.155742	
PTP4A2		-2.1588738	
KLKB1		-2.1594417	
ZFP82		-2.1640315	
ABHD5		-2.1647625	
LAMTOR4		-2.164881	
DCAF1		-2.1651075	
ACSL1		-2.1688206	
MRPS18A		-2.1707897	
MED7		-2.1711597	
GPR89A		-2.1734767	
TRMT61A		-2.1734905	
DAXX		-2.175516	
G6PC3		-2.1760092	
TOM1L1		-2.1765702	
ST6GALNAC5		-2.178583	
DTD2		-2.1794937	
TMEM140		-2.1808624	
SAMD9L		-2.180999	
ABHD4		-2.1816454	
LAIR1		-2.1871793	
MRGBP		-2.1890905	
SLC38A7		-2.1942556	
B3GALT4		-2.194407	
VPS72		-2.1958687	
PPP1R1C		-2.2019665	
ULK3		-2.2023153	
CCNYL1		-2.2026198	
SWSAP1		-2.2033052	
CMTR2		-2.2050803	
PSMA5		-2.2056777	
RAB27B		-2.2061272	
RIC8A		-2.2061765	
OSGIN2		-2.2062776	
NDUFS6		-2.206381	
SDHAF2		-2.2068298	
CAPN12		-2.2074444	
DTX4		-2.2076519	
UBL5		-2.208618	
LRPPRC		-2.2101958	
GLE1		-2.2112048	
STK4		-2.2114427	
OTUB1		-2.2119486	
CYBB		-2.213524	
SEMA3F		-2.213794	
SDAD1		-2.2148526	
ZNF470		-2.2176173	
RAC1		-2.217631	
TRIM4		-2.2180662	
REXO4		-2.219334	
FAM86C1P		-2.2198749	
GLRX		-2.2202797	
FGD3		-2.2206542	
ARHGEF1		-2.221378	
TAF12		-2.2217839	
NOL9		-2.2219028	
CUL4A		-2.223216	
KCNJ5-AS1		-2.224189	
TIGD6		-2.2247884	
TSPAN18		-2.224845	
B3GALNT1		-2.2252386	
ZNF319		-2.2253077	
ZNF205		-2.2285414	
C18orf32		-2.228947	
LMNTD2		-2.2304192	
BPNT1		-2.23061	
CDKN2B		-2.2307765	
GLYR1		-2.2313838	
LPL		-2.2314415	
ABRAXAS2		-2.2320082	
ABCD1		-2.2341185	
RAC2		-2.234232	
ARHGAP19		-2.2353182	
DCDC2		-2.2360303	
TMEM80		-2.236337	
TMEM170A		-2.2367918	
NRM		-2.239516	
KNSTRN		-2.2400546	
PCARE		-2.243395	
CRKL		-2.2462811	
PLA2G15		-2.2468066	
APOL6		-2.2487614	
PIGBOS1		-2.2499342	
RABAC1		-2.2502437	
DBR1		-2.2521122	
ABCC8		-2.2529502	
RAPGEF4		-2.2529852	
PSMB1		-2.2542455	
DDX54		-2.2546477	
IFITM3		-2.2546577	
BPI		-2.2551148	
STX19		-2.2559218	
CARD9		-2.2566628	
TRIM13		-2.2567291	
TNF		-2.2569346	
NOP9		-2.2578783	
SESTD1		-2.2582176	
THRA		-2.258307	
LGALS9		-2.2620912	
DSEL		-2.264478	
BRK1		-2.2645414	
LY86		-2.2656803	
SLC16A11		-2.266161	
YPEL3		-2.267461	
ADRA1B		-2.2683792	
MS4A14		-2.2688148	
TMEM245		-2.272122	
PLEKHM3		-2.272417	
DDC		-2.2753253	
ADCY7		-2.2762868	
JRK		-2.2786949	
ANKRD44		-2.2787168	
GPR4		-2.2803638	
CCL23		-2.2816854	
ACTR1A		-2.2817261	
APOC1		-2.2822304	
RNF5		-2.2852795	
GTF2H2		-2.2858787	
COA7		-2.2898195	
SURF2		-2.2902482	
NDUFB4		-2.2904348	
C11orf68		-2.2923253	
RAB9A		-2.2923799	
SLC47A1		-2.2932754	
MS4A7		-2.2936778	
DBNDD1		-2.295485	
ACER3		-2.295775	
UPK3B		-2.296872	
FLII		-2.2968926	
MT-ND1		-2.2979941	
OBI1		-2.298355	
TMSB15A		-2.2985396	
COX7C		-2.299079	
MTCH2		-2.2995653	
TUBGCP3		-2.3027573	
COX20		-2.3030465	
ATP5MG		-2.3031373	
RPUSD2		-2.3035767	
PSMC2		-2.3056366	
NMRK1		-2.305827	
MBLAC1		-2.3065152	
ZFP41		-2.3069918	
ALKBH8		-2.3080916	
CYP4V2		-2.3095138	
NDUFA3		-2.3096857	
SCMH1		-2.3099518	
BBC3		-2.310455	
URM1		-2.313002	
DNAJB2		-2.3153555	
AGAP3		-2.3156722	
STARD13		-2.3168926	
DNAJC15		-2.3190482	
PRRG2		-2.3194752	
PIGQ		-2.3197968	
SLC27A4		-2.3209214	
GPR158		-2.3217058	
PPM1M		-2.325688	
EIF5B		-2.3262563	
UNC50		-2.3285165	
MRM1		-2.3285959	
RNF26		-2.3298452	
HADHA		-2.3319726	
TRAK2		-2.3319814	
TMEM45B		-2.3335857	
MARK2		-2.3349364	
VPS50		-2.3354845	
CHST1		-2.3381848	
MRPS26		-2.338287	
ZNF77		-2.3423307	
TAP2		-2.3426661	
RPS12		-2.3458848	
LYSMD4		-2.3464293	
ALKBH3		-2.347761	
PTPRB		-2.3485217	
FICD		-2.3488135	
ADAMTSL4		-2.3492742	
RALB		-2.350583	
ZNF682		-2.350757	
METTL25B		-2.351555	
RAMP2		-2.3516586	
DBT		-2.3523881	
VPS33A		-2.3525147	
ZNF616		-2.3532524	
RSAD1		-2.3549225	
CD14		-2.3552687	
JADE3		-2.3562963	
CETP		-2.357241	
USP1		-2.3580801	
RNF187		-2.3601754	
SNRPB		-2.3611577	
BABAM1		-2.3612204	
SNAPC2		-2.3612869	
QRICH2		-2.3620505	
MYLIP		-2.3624403	
ENSG00000277203		-2.362635	
XPO7		-2.3641014	
ZNF200		-2.3648365	
DPM3		-2.3653007	
WSCD1		-2.3684661	
ZBTB24		-2.369377	
GPBP1L1		-2.3694496	
RGL4		-2.3695965	
COA8		-2.3697796	
RAB39A		-2.3706858	
PPDPF		-2.3730936	
KIAA0319L		-2.374547	
ZNF747		-2.3760037	
TFEC		-2.3761213	
MICOS13		-2.3765206	
ZNF414		-2.376915	
CHLSN		-2.3771236	
PRF1		-2.3776195	
ACBD5		-2.3799186	
ELMO2		-2.3799305	
ATF4		-2.3817294	
TMEM150A		-2.381743	
ARHGAP31		-2.3826377	
SPINT2		-2.3826766	
GAPT		-2.3834958	
TMC2		-2.3834987	
LASP1		-2.3847718	
ENO1		-2.3858137	
LRRC24		-2.3867779	
CTNND1		-2.3880465	
TNIP1		-2.3908231	
CIAPIN1		-2.3909614	
ADCY9		-2.394088	
GMEB1		-2.3954914	
H2AJ		-2.3999698	
KLC3		-2.4002855	
OVCH2		-2.400906	
TIMM44		-2.402778	
PGM1		-2.402994	
MKNK2		-2.4035041	
RALGAPA2		-2.4055269	
EXOSC6		-2.406734	
IGSF8		-2.407796	
INKA2		-2.4083636	
C19orf53		-2.4100199	
CHCHD5		-2.4101198	
PEX7		-2.4113927	
NUCB1		-2.4114506	
GNG5		-2.4119716	
CDC34		-2.4122136	
ARAP2		-2.4144337	
GEMIN4		-2.4148288	
RANBP17		-2.4159214	
ADIRF		-2.4159584	
YKT6		-2.4160466	
TMEM268		-2.4181821	
CGN		-2.418565	
ST6GALNAC3		-2.4187047	
SMPD1		-2.4190357	
SSRP1		-2.4193628	
NPRL3		-2.4202318	
CLEC4E		-2.420312	
PEX14		-2.420969	
TARS1		-2.421415	
PARS2		-2.4217815	
GRAMD2A		-2.426049	
PLBD1		-2.4266374	
KPNB1		-2.4271576	
RAP1GAP2		-2.428644	
C8orf58		-2.4294913	
AMN		-2.4296293	
ZDHHC6		-2.430793	
OARD1		-2.4323997	
PSKH1		-2.4335415	
CSK		-2.4341245	
SF3A2		-2.4344647	
PCSK6		-2.4356263	
C6orf62		-2.436265	
IDH1		-2.4366863	
C19orf25		-2.4390914	
C6orf136		-2.4407728	
TNNT1		-2.442055	
DNAJC5B		-2.4466546	
TMEM86A		-2.446845	
SELPLG		-2.4496891	
FAM3A		-2.4508188	
HAUS4		-2.4531014	
ACOT1		-2.453301	
CRLF3		-2.4535067	
ZNF416		-2.4537752	
BFSP1		-2.4544065	
MRPS9		-2.4563882	
PUS3		-2.4566498	
WNT3		-2.4569378	
JMJD8		-2.4576092	
TECPR1		-2.4585495	
SLC17A5		-2.4585712	
TSC22D4		-2.461081	
CNPY3		-2.4623861	
ANOS1		-2.4639213	
GDPGP1		-2.4640193	
SP1		-2.4654264	
HECW2		-2.4660263	
ZNF395		-2.4670618	
ZNF311		-2.4693255	
PGBD2		-2.4710386	
SAR1A		-2.4719696	
SAMD14		-2.4741433	
RIMS3		-2.4776168	
FGG		-2.4779105	
PPP6R2		-2.4795973	
MYBPC3		-2.4796584	
LURAP1L		-2.4796922	
GRK5		-2.4808166	
PLAC8		-2.481313	
ACE		-2.4829323	
ARG1		-2.4854906	
NACC1		-2.4856365	
PNPO		-2.4868789	
MGAT5B		-2.4899585	
SDC4		-2.4926624	
HINT3		-2.4934857	
ALKBH4		-2.4937887	
HSPA12B		-2.4943402	
B3GALT6		-2.4950747	
OAS1		-2.49529	
ATP6V1H		-2.4993265	
GPX1		-2.4999518	
SORBS3		-2.5005124	
EVPLL		-2.5029628	
PTK6		-2.503318	
CEACAM4		-2.5038202	
MRPS35		-2.5041034	
PGAM5		-2.5054696	
KLHDC3		-2.5061934	
ARSL		-2.5087104	
WSB1		-2.5088477	
TMEM26		-2.5106404	
MFSD14B		-2.5121834	
USE1		-2.5128927	
CYREN		-2.5132103	
ITPR3		-2.5136728	
NAA60		-2.5138812	
GSPT2		-2.5140254	
ZBTB6		-2.514538	
USP39		-2.5153809	
SLC25A30		-2.515409	
CCR1		-2.515966	
EPCAM		-2.5169363	
PALM3		-2.517497	
POLR2K		-2.518647	
CCDC51		-2.5197139	
DNAJA3		-2.521451	
IL1B		-2.5215492	
PI4K2A		-2.52395	
PEX5		-2.5257027	
GSTM1		-2.5258353	
ACSS1		-2.52648	
MRPL58		-2.5271163	
FN3K		-2.5319107	
SPX		-2.5321004	
DHX58		-2.5329173	
FAM219A		-2.5333567	
DGAT1		-2.5335014	
GNAQ		-2.5341837	
PRRG4		-2.534288	
NDUFB7		-2.5348659	
TPRG1		-2.5362787	
SLC39A3		-2.5378773	
BEND3		-2.5391614	
ZNF358		-2.5402784	
TFE3		-2.5411942	
RAD21		-2.5433362	
SPMIP4		-2.5442302	
ISCA2		-2.5444114	
BEX4		-2.544435	
ZNF316		-2.5456562	
NDUFS3		-2.5467427	
PREP		-2.5474555	
SLC46A1		-2.5480242	
CTR9		-2.5513697	
TMPRSS2		-2.5520205	
NKD1		-2.552437	
PALD1		-2.5544083	
SHISA3		-2.5556722	
MPDU1		-2.5564344	
RNF157		-2.5583618	
NDUFB3		-2.5630248	
TRIR		-2.5637167	
TNFSF13		-2.5646093	
PCDHAC2		-2.5647335	
METTL23		-2.564915	
LEAP2		-2.5652816	
SENP8		-2.5662599	
RMND5A		-2.5671442	
CPAMD8		-2.5674243	
CAPG		-2.5686312	
FCGR3B		-2.5694706	
TNIK		-2.5701404	
BCAP31		-2.5732236	
TIMM17B		-2.5732727	
ELMO3		-2.573493	
AP2S1		-2.5735495	
TPD52		-2.574202	
JUP		-2.5745444	
MYO5B		-2.5750093	
PYGO2		-2.576627	
DUS2		-2.577466	
DUSP22		-2.57777	
FASTKD5		-2.5780344	
ZNF2		-2.5781784	
FMC1		-2.5801225	
TMEM38A		-2.580789	
SMCR8		-2.581869	
ATP5MJ		-2.5828536	
ZNF574		-2.5832593	
DAZAP2		-2.5838823	
IL1RL1		-2.5844927	
WAS		-2.5853872	
EIF2AK1		-2.5856202	
SCAF1		-2.586776	
ACTR10		-2.5877771	
SOSTDC1		-2.5877776	
DDAH1		-2.588069	
DOLPP1		-2.5891187	
PEX10		-2.5909362	
NUDT18		-2.5916405	
CCDC124		-2.5920882	
ETV7		-2.592702	
SEMA3E		-2.5932221	
CIAO2B		-2.595426	
IFNGR1		-2.5955198	
PLCB2		-2.6008272	
INTS15		-2.6013482	
TFPI		-2.6021423	
FAM50B		-2.6044888	
LYPD5		-2.6048696	
SLC15A2		-2.6064017	
TNFRSF14		-2.6084843	
PCBP2		-2.6086545	
SIDT2		-2.6100833	
RRAGC		-2.6106615	
AQP1		-2.6110382	
LCMT2		-2.6142938	
SLC35C1		-2.614629	
ARHGAP29		-2.6146433	
DYRK4		-2.6169655	
SNU13		-2.6196759	
LRCOL1		-2.6209095	
KHDRBS3		-2.622321	
AMIGO1		-2.6254573	
RPL14		-2.6267157	
TMA7		-2.626864	
NFX1		-2.626986	
ARMH3		-2.6272926	
TAF15		-2.6276453	
KIAA2013		-2.6297317	
TMEM126B		-2.629772	
ASCL2		-2.632265	
MLF2		-2.6327991	
RGCC		-2.6329484	
M1AP		-2.632977	
RRP36		-2.6356928	
ABCG1		-2.6364772	
CCBE1		-2.6371791	
RBM17		-2.6376474	
RPN1		-2.6404083	
TPP1		-2.6412132	
CADM2		-2.6418803	
CLDN7		-2.6419847	
NAGS		-2.6426804	
ANXA9		-2.6433737	
MS4A3		-2.643508	
ATP5MF		-2.6439688	
MRPL9		-2.644907	
SF3B4		-2.6469948	
AKR1B1		-2.6476698	
PSORS1C1		-2.6480918	
SHISA5		-2.6496415	
SNF8		-2.649854	
CEP20		-2.6500132	
MROH1		-2.650772	
CLP1		-2.652634	
KRT7		-2.6529691	
TRAPPC5		-2.654838	
GRB14		-2.6558106	
WARS1		-2.6578646	
HAS3		-2.6585402	
SCAND1		-2.6592188	
GMPR		-2.6607342	
PDAP1		-2.6618323	
ETV1		-2.6621823	
IFI27		-2.6626012	
CD55		-2.6630068	
CACYBP		-2.6640875	
ADGRE2		-2.6695707	
ABTB1		-2.672742	
ARL8B		-2.6728017	
ARRDC1		-2.675706	
TEF		-2.677522	
PPM1K		-2.6782682	
TARBP2		-2.6788218	
PGCKA1		-2.679524	
TPRA1		-2.6805985	
APEH		-2.681964	
PDRG1		-2.6842554	
CDK4		-2.6846037	
KDR		-2.685692	
ISG15		-2.6857605	
HAL		-2.6869338	
FXYD6		-2.6894174	
OSGEPL1		-2.6894836	
NOD2		-2.6896527	
IRF5		-2.6903605	
DENND2D		-2.690628	
ATP5PF		-2.693201	
RCC1L		-2.6958241	
APOL2		-2.6961026	
THAP8		-2.6961892	
TEK		-2.6975274	
NUDT5		-2.697668	
TUSC2		-2.6980166	
RNF41		-2.698109	
MTRES1		-2.6995766	
PFDN6		-2.7008843	
RPP25L		-2.706279	
ACP5		-2.7064397	
LYSMD2		-2.7077534	
GCAT		-2.708809	
BCL2L13		-2.7100978	
MARCO		-2.711728	
BAALC		-2.711958	
GPS1		-2.7160404	
PTPRE		-2.7179117	
DDX19B		-2.7180352	
SLC7A11		-2.718816	
ITPRID2		-2.7201145	
GOSR2		-2.720357	
CDKN2AIPNL		-2.7243567	
ANGPT4		-2.7247365	
N4BP3		-2.7254448	
YIF1B		-2.725626	
GHRL		-2.7291648	
MACIR		-2.7301142	
NCR1		-2.7323587	
GAK		-2.7341852	
SEMA6A		-2.734565	
ZNF350		-2.7352145	
RAB12		-2.7374337	
MICA		-2.7386458	
AP5Z1		-2.7399235	
TBX3		-2.7409313	
MEN1		-2.740976	
FASTKD3		-2.7414396	
SPTLC2		-2.7446733	
CD37		-2.7468536	
ZFPL1		-2.7475224	
APRT		-2.749515	
CMTM2		-2.7497618	
MICB		-2.7500215	
ERBB3		-2.7513301	
TTC38		-2.752547	
DARS2		-2.7531815	
CYP51A1		-2.7548115	
TMPRSS13		-2.7550545	
ATP5MC2		-2.757225	
VPS11		-2.7576017	
CASKIN2		-2.7576022	
TUBG1		-2.759817	
FARSA		-2.7598763	
ARHGAP6		-2.7621784	
TMIGD2		-2.7635498	
JTB		-2.7640767	
ZNF517		-2.7664602	
PTPN23		-2.7671416	
EXOSC8		-2.7739542	
MIER2		-2.774036	
NDUFB10		-2.7740998	
RNF113A		-2.776868	
CSNK2A2		-2.7792847	
PPIA		-2.783147	
BEX3		-2.7838652	
VPS51		-2.7838933	
NAPA		-2.7848864	
NRBF2		-2.785314	
FCHO1		-2.7915587	
GUCY2D		-2.7945144	
C5		-2.7967927	
CPTP		-2.7972414	
CD33		-2.7974603	
MT-CO2		-2.7979	
COX14		-2.7983968	
RAD17		-2.7992423	
ATP5F1E		-2.800397	
H2AZ1		-2.800604	
DNAH17		-2.8057916	
CKLF		-2.8060036	
NOSIP		-2.806242	
SH3BGRL3		-2.806923	
STK10		-2.8092084	
ACTB		-2.8099	
CDS2		-2.8107965	
NR2C2AP		-2.8165443	
PSMD13		-2.8179123	
PRKCE		-2.818345	
SLC15A4		-2.8187933	
PTPRO		-2.8206642	
MYH14		-2.8224747	
MIF4GD		-2.8230677	
IFITM2		-2.8234153	
SNRPF		-2.8240082	
TATDN2		-2.825037	
MRPL18		-2.8258567	
PRODH		-2.8267813	
STRN4		-2.826834	
ACLY		-2.830317	
DOT1L		-2.832469	
PPM1F		-2.8333282	
PANK1		-2.8335066	
SLC37A4		-2.833529	
STARD3		-2.8339248	
CFP		-2.8349452	
MPP7		-2.835602	
CHMP4C		-2.8374367	
SCNM1		-2.8401232	
MRPL54		-2.8410382	
PPCDC		-2.8413925	
OTUD7B		-2.8433921	
SYK		-2.8464346	
ST8SIA6		-2.848299	
CLIC2		-2.8497844	
DPP4		-2.849953	
SGTA		-2.8525984	
CYP3A5		-2.853341	
TXNL4A		-2.8534026	
ZNF444		-2.8536098	
CR1		-2.8545325	
AGO4		-2.854614	
ARPC3		-2.8556018	
PKDCC		-2.856379	
AIMP1		-2.8594341	
ENSA		-2.860781	
ZNF441		-2.8650243	
PGS1		-2.866894	
FBXL15		-2.8706698	
ZNF778		-2.8728561	
TREML1		-2.8755965	
RNF20		-2.876505	
FGF9		-2.877978	
KEAP1		-2.8779995	
ZNF689		-2.8781996	
ADH1B		-2.8782876	
RBP4		-2.8794487	
TIMM13		-2.8801394	
DVL1		-2.8803387	
RRP9		-2.8811798	
BMPER		-2.884346	
ARHGAP30		-2.8855312	
MAGEF1		-2.8892326	
ECHS1		-2.8916924	
RPUSD1		-2.8924737	
PITPNM2		-2.8946915	
PRKCA		-2.8956823	
PSMB9		-2.8959742	
AAR2		-2.8989842	
CAV3		-2.899144	
HINT2		-2.9003947	
YBX1		-2.901014	
SLU7		-2.9011414	
C10orf105		-2.9021993	
FADS3		-2.9042125	
HMOX1		-2.9047453	
ZNF32		-2.9056277	
AIF1		-2.905682	
VSIG4		-2.9070234	
DNAJC14		-2.9104865	
DLC1		-2.9112666	
ARPC4		-2.9120963	
FUT7		-2.9131782	
DCC		-2.9147305	
PSMC5		-2.9224489	
GIT1		-2.9259672	
DCAF7		-2.9273295	
RP9		-2.9287834	
ANKRD13A		-2.9299743	
ACAD9		-2.9305217	
ADCK1		-2.9315903	
FIBIN		-2.9324849	
PCDHA12		-2.933567	
WHAMM		-2.9344146	
PGC		-2.9346085	
COA3		-2.9359212	
NDUFA9		-2.93869	
HDDC2		-2.9395673	
FADS2		-2.9413877	
THSD1		-2.941926	
BORCS6		-2.9432092	
ZNF579		-2.9529328	
EXOSC10		-2.9532154	
ZNF768		-2.9550421	
TINF2		-2.9567432	
TMC6		-2.9589357	
MSR1		-2.963937	
PSMD11		-2.9653928	
FNIP1		-2.9679039	
MAP2K2		-2.9696941	
ANG		-2.97032	
BEST1		-2.9744883	
WDR5		-2.974671	
CEACAM1		-2.977159	
POLR1G		-2.9774313	
GPR65		-2.9774418	
HEATR3		-2.9778533	
ENO2		-2.983281	
C1QC		-2.9862866	
PTDSS1		-2.988054	
FAM217B		-2.9888544	
HGH1		-2.990312	
PLAAT4		-2.9908555	
OXSM		-2.991252	
ERVMER34-1		-2.9915738	
IFIT1		-2.9955952	
UQCR11		-2.9980643	
DDIAS		-3.000537	
ANTKMT		-3.0010061	
STAT5A		-3.0013237	
INIP		-3.0021746	
PSMD3		-3.002747	
COMMD7		-3.005768	
SLX9		-3.0058837	
S100A11		-3.0065281	
HPSE		-3.0082111	
MSRA		-3.008562	
NIPA1		-3.0110896	
SLC12A9		-3.0123591	
GHDC		-3.0128627	
KLHL35		-3.0130482	
MCOLN1		-3.0131292	
CUL2		-3.0132294	
UBXN6		-3.0160348	
IMPDH1		-3.01791	
THAP1		-3.0215929	
PSMB3		-3.0232167	
MTHFS		-3.0266633	
TBC1D14		-3.0276525	
NCKAP5		-3.031198	
E2F1		-3.0327017	
PISD		-3.0336509	
IRF2BP1		-3.0337768	
OGFOD3		-3.0349858	
RAB5IF		-3.0350142	
PCDH12		-3.035613	
BIRC7		-3.038547	
PSMD8		-3.0393562	
HDHD5		-3.0394614	
SNN		-3.0403771	
RER1		-3.0409083	
RIPOR3		-3.0428658	
PKNOX2		-3.046625	
RNF167		-3.0474858	
COP1		-3.048641	
NDRG4		-3.04904	
COX15		-3.0490587	
SYN2		-3.0518546	
CTBP1		-3.0524623	
CAV2		-3.053949	
FMNL2		-3.0550005	
NUDT9		-3.0557818	
TLE5		-3.0564008	
ZNF330		-3.0576928	
PET100		-3.0578902	
FAAH		-3.0583086	
SASH3		-3.0595727	
ABT1		-3.0597296	
TMEM62		-3.0614233	
UCK1		-3.0619025	
RNF7		-3.0643482	
ANK3		-3.068435	
NUP58		-3.0696375	
GARIN5A		-3.0704951	
GRPEL2		-3.0709372	
MMEL1		-3.07151	
EFHD2		-3.0724535	
FOXF1		-3.0741231	
POLD1		-3.0759103	
GDAP2		-3.0761833	
ZNF765		-3.0810375	
APBB1IP		-3.0813644	
KCNS3		-3.0843668	
TTLL12		-3.0844424	
ATP5MC3		-3.0847485	
DNAJC30		-3.0855188	
SURF1		-3.0866337	
TNNT2		-3.0872583	
NUBP1		-3.0880365	
ZDHHC3		-3.0881028	
PMF1		-3.0903654	
CIROZ		-3.0913284	
RREB1		-3.094152	
PAK4		-3.0949442	
FGFR4		-3.0959208	
PIGM		-3.096245	
PLEKHB2		-3.0963187	
TLCD4		-3.0974588	
CDH19		-3.098178	
MFAP3L		-3.0996606	
BIN2		-3.1000166	
RANBP3		-3.1002262	
DMAC2L		-3.1007123	
RAB27A		-3.1010528	
LSM3		-3.1024685	
COASY		-3.10417	
UROD		-3.1051934	
SLC66A1LP		-3.1074755	
PQBP1		-3.107921	
SEMA3B		-3.1149049	
PANX2		-3.11677	
ARHGDIA		-3.1183171	
NSFL1C		-3.1212347	
KCTD5		-3.1213772	
PPP4C		-3.1216369	
KLB		-3.1221597	
SLC27A6		-3.1224189	
PKP3		-3.1235712	
EVI2B		-3.1236055	
COPS7A		-3.123807	
LRATD2		-3.1247823	
BCL2A1		-3.1253867	
GDF10		-3.125782	
EHD1		-3.1260762	
EIF1AD		-3.127155	
TSTD1		-3.1273332	
EXOSC4		-3.1278088	
IL27RA		-3.129407	
MED9		-3.1308305	
PSMB4		-3.1310697	
PSMA4		-3.1326895	
DPH3		-3.1334653	
FBXO9		-3.134595	
KCNK6		-3.134819	
COMMD2		-3.1371887	
DCLRE1A		-3.139969	
POMC		-3.1410444	
AREL1		-3.1419916	
ELOB		-3.1437004	
TJP1		-3.146198	
FRAT1		-3.146291	
ARMC9		-3.1470516	
NCF1		-3.1511405	
CIAO2A		-3.1514149	
PLA2G4E		-3.152031	
TCAP		-3.1571496	
ZNF845		-3.1620038	
VNN2		-3.1622937	
TRMT112		-3.1645265	
TIMM22		-3.1676922	
TMEM33		-3.1686513	
MTRF1L		-3.17401	
GBA2		-3.1753917	
CCDC93		-3.1773918	
LMTK3		-3.1780932	
CLEC14A		-3.1784701	
ZNF622		-3.1785235	
UQCC5		-3.180975	
TUBA1B		-3.1829355	
GSDMD		-3.1837728	
PTPN12		-3.1856904	
ARHGEF38		-3.1864398	
TMEM115		-3.188055	
TRPC3		-3.1884751	
AP1M2		-3.189637	
UAP1L1		-3.1912673	
MGAT4A		-3.1919627	
PSMD4		-3.1923192	
CARD16		-3.196094	
SMG7		-3.1968093	
TMX2		-3.1970613	
INF2		-3.1982229	
MRPS22		-3.1999125	
PTPN21		-3.2011008	
DMRTA1		-3.2023165	
CCDC12		-3.2023704	
GYPC		-3.2041605	
GEMIN7		-3.2058883	
PPA2		-3.2064319	
CAMTA1		-3.206819	
WDR25		-3.2080555	
CHAC1		-3.2088063	
VPS53		-3.2089398	
CGNL1		-3.211393	
ESRP1		-3.2114198	
SNAPC5		-3.2161248	
ZMYND15		-3.2178469	
CSTB		-3.2181737	
TSPAN12		-3.2203255	
ZNF175		-3.2205174	
KCTD16		-3.220627	
PRDM16		-3.220952	
ANAPC15		-3.2235339	
CDH15		-3.2240524	
MARCHF1		-3.22747	
OASL		-3.2277815	
ACSS3		-3.2291455	
C2orf68		-3.2298791	
ATP2C2		-3.2315564	
COL4A3		-3.231619	
PSMB7		-3.233186	
MON1A		-3.235531	
YIF1A		-3.2367456	
GPAT3		-3.2373712	
PIR		-3.2382822	
ZNF44		-3.2388875	
ZNF30		-3.2413154	
SH2D4B		-3.2421803	
GPX4		-3.2429326	
RASGEF1A		-3.2447658	
STUB1		-3.24581	
MGST3		-3.2474842	
USP30		-3.2493694	
MTHFR		-3.249563	
ALKBH7		-3.252967	
TBL3		-3.254875	
DDX20		-3.2552872	
TMUB1		-3.2553775	
KIAA0513		-3.2572553	
TTL		-3.2608776	
HSD17B2		-3.26126	
SEC23B		-3.2623818	
CLUH		-3.2665603	
RASSF3		-3.267404	
NCOR1		-3.271202	
IL18R1		-3.2757313	
GPSM3		-3.2767472	
TUBB		-3.2784548	
ABHD12		-3.2795658	
MT-ND2		-3.2800658	
TMEM91		-3.2809715	
MTLN		-3.2815573	
FGD5		-3.282184	
PCGF2		-3.2825358	
AP3D1		-3.2857084	
BOK		-3.2876985	
ATP6V1G1		-3.288737	
VPS29		-3.289744	
CST6		-3.2920916	
RTN3		-3.2927563	
FCN1		-3.293169	
GSTP1		-3.2934897	
C12orf76		-3.295693	
NOD1		-3.2972791	
CD47		-3.297566	
PIP4K2B		-3.298259	
ATP2C1		-3.3023357	
ENSG00000277196		-3.3024948	
MRPL28		-3.3025308	
NPLOC4		-3.304635	
RBM11		-3.3049204	
DEF8		-3.3057165	
UBE2L3		-3.3082814	
DNASE1L1		-3.3082826	
GLRX5		-3.3098242	
ABHD6		-3.3135376	
GPAA1		-3.3162558	
C12orf43		-3.3200421	
TMIE		-3.3211858	
CHAC2		-3.3240674	
SAMD1		-3.3241913	
ENSG00000267385		-3.3246386	
NAA38		-3.3255618	
ACOX1		-3.3269916	
TPRG1L		-3.3271012	
MARCHF2		-3.3281453	
MAL		-3.3300385	
CDKL5		-3.3304138	
GTF2H1		-3.3339174	
SNX12		-3.3354561	
COMMD5		-3.3358405	
ZNF589		-3.3392255	
PADI4		-3.3397126	
TP53I11		-3.340041	
RNF13		-3.3413012	
WDSUB1		-3.341633	
MLXIPL		-3.341779	
WFS1		-3.3426108	
IMP4		-3.343491	
SIRPB1		-3.345673	
TES		-3.3474298	
DLGAP1		-3.3481221	
NELFB		-3.3497572	
PON2		-3.3506315	
VASP		-3.3508472	
DHDH		-3.3526828	
MRPS16		-3.3547165	
SLC35B1		-3.3582408	
ZNF124		-3.3590746	
GARS1		-3.3601692	
FAM78A		-3.360824	
RTP4		-3.3611867	
NUDT8		-3.361429	
OLAH		-3.365503	
POP4		-3.3658078	
WDR24		-3.3660011	
NEK8		-3.3682997	
INCA1		-3.370572	
EDEM1		-3.3730824	
LAMA3		-3.3737557	
ANAPC11		-3.376093	
ZNG1A		-3.3766844	
MACROD1		-3.3783002	
ID1		-3.3838325	
SNRPC		-3.3840797	
AHCYL2		-3.3854122	
STN1		-3.3858976	
GK		-3.3886962	
SPPL3		-3.3926883	
ST6GALNAC4		-3.3928826	
HLA-G		-3.3960958	
SLC43A1		-3.396187	
MYBPHL		-3.3964634	
MX1		-3.3969288	
ATP5MK		-3.397327	
MBD3		-3.3979344	
ZNF780A		-3.4027624	
ZNF672		-3.403135	
DPM2		-3.4048438	
BMP3		-3.4103787	
SAMD12		-3.4145072	
ANXA11		-3.4147143	
FLVCR2		-3.4169302	
NDUFA12		-3.4213758	
CCDC68		-3.4222002	
ATP6V0E1		-3.4226942	
PSMB2		-3.4253373	
HCCS		-3.4255981	
MPP3		-3.425956	
TRIM28		-3.4264715	
CD52		-3.4280381	
RRP7A		-3.4283621	
ADHFE1		-3.4288945	
ADRA1D		-3.4304323	
VPS37C		-3.4325159	
TRAPPC3		-3.4349768	
IZUMO1		-3.4359076	
TLR4		-3.4421985	
BRAP		-3.44401	
ITGAL		-3.4475176	
NRG3		-3.4482985	
MRPS5		-3.450154	
DUSP3		-3.4528756	
GPANK1		-3.4536157	
CLN6		-3.4607458	
KSR2		-3.4628057	
ALOX5		-3.463	
PCIF1		-3.4636736	
CCDC69		-3.4644818	
MRPL37		-3.464835	
ARRB2		-3.4652596	
SLC25A23		-3.4658058	
MT-ND6		-3.4751163	
DECR1		-3.4773493	
ZNF503		-3.4780986	
NR1H2		-3.479058	
PEX11B		-3.483759	
MMP15		-3.4854507	
FLOT1		-3.4856193	
SEC24C		-3.485826	
SLC51B		-3.4861174	
CAMTA2		-3.4869711	
STAC3		-3.4875298	
ATP6V1C1		-3.4896355	
KCNQ3		-3.490228	
LIN52		-3.4908533	
RAP1GDS1		-3.4922185	
CTH		-3.4935827	
SPIN4		-3.4952283	
NDUFV3		-3.496071	
GPM6A		-3.4991846	
TBXAS1		-3.503677	
KLRF1		-3.5083292	
KCNK17		-3.5115743	
METTL26		-3.511775	
ITGA3		-3.5146477	
MAG		-3.5199766	
TXN2		-3.519989	
ZNF592		-3.520637	
MAIP1		-3.5249753	
SH3RF2		-3.5272374	
DDIT3		-3.5272639	
LAMTOR2		-3.528823	
SUV39H1		-3.5310247	
RFXANK		-3.532488	
FAM32A		-3.5324914	
ARPC5		-3.532937	
CYB5R1		-3.5377307	
MRPS12		-3.5387206	
LAD1		-3.53994	
TRPV2		-3.5417302	
POLR3K		-3.5428119	
PHF5A		-3.5446079	
ARMC6		-3.5447705	
CACNG4		-3.5451272	
SAP18		-3.5460944	
GYS1		-3.5474672	
ECSIT		-3.5475028	
SDHAF1		-3.548454	
PYCR2		-3.5489347	
PAFAH1B2		-3.5558717	
TMEM220		-3.5578501	
FAM177A1		-3.5585432	
ELAC1		-3.5593596	
ACOT8		-3.5597615	
TTC9C		-3.5620887	
ACOT2		-3.5627239	
GRN		-3.5660968	
DNAJC21		-3.5666122	
SAMD5		-3.5682123	
ARL2		-3.5699637	
NDUFS7		-3.5703132	
UBE2L6		-3.5706549	
CTDNEP1		-3.5706599	
NCOA5		-3.5722625	
STK31		-3.5724666	
TMEM147		-3.5779037	
FBXO6		-3.5799663	
BTBD9		-3.5812726	
MEIS2		-3.5838964	
NAIP		-3.5856433	
TLE6		-3.5906765	
GP6		-3.5908167	
FLRT3		-3.591467	
IL18RAP		-3.5920873	
TMPRSS6		-3.5922713	
MAP3K11		-3.5948985	
NEURL1		-3.5956414	
MPV17L2		-3.5959752	
MRPL4		-3.5973272	
SLC50A1		-3.5980046	
CTNS		-3.5983772	
GNPAT		-3.6020033	
SCAI		-3.6022131	
GAL3ST1		-3.602266	
WIPI2		-3.603308	
TIMM10		-3.6044974	
USP25		-3.607913	
HRH2		-3.6183138	
KL		-3.6190267	
PHETA1		-3.620103	
SNAP23		-3.6222303	
AP1G1		-3.62423	
NME6		-3.624873	
EMG1		-3.6279936	
FDXACB1		-3.6309159	
FTH1		-3.6340322	
BRICD5		-3.643339	
ZBED10P		-3.6435544	
GPD2		-3.6478052	
LGALS4		-3.6491036	
CWF19L1		-3.6495132	
CLPTM1L		-3.6521418	
GRK2		-3.6529398	
LSM10		-3.6530638	
ZNF518B		-3.6558578	
LYRM2		-3.6558764	
RSAD2		-3.6574485	
PIK3CB		-3.6587217	
RABIF		-3.6643412	
TOM1		-3.6651201	
NUDT16		-3.6656399	
AIP		-3.6660442	
SYCP2L		-3.6672208	
NMUR1		-3.667496	
CACNB4		-3.6690779	
PPP6C		-3.6695507	
CCDC127		-3.6696687	
PPFIA1		-3.6742198	
COX6B1		-3.6747499	
RALA		-3.6748698	
MRPL27		-3.6758146	
IMMT		-3.6759279	
C1orf198		-3.6759915	
GGA3		-3.6792636	
SUCLG1		-3.6806042	
PSMB6		-3.682903	
GNGT2		-3.6829946	
LINC02898		-3.6851437	
EMC3		-3.6856208	
OPA3		-3.6873434	
RTL8A		-3.68893	
AFF2		-3.6930954	
AASS		-3.6946952	
FKBP8		-3.6976924	
DUSP7		-3.6996903	
CSKMT		-3.7002268	
RAB24		-3.7008164	
SPMIP8		-3.7033544	
FBP1		-3.7040477	
CENATAC		-3.70502	
AMOTL2		-3.7054603	
SLC25A19		-3.7055395	
DMTN		-3.7057545	
SIPA1		-3.7081563	
DPYD		-3.7086763	
SLC6A4		-3.7125907	
FERMT3		-3.7131665	
ANKFY1		-3.7170074	
ZNF696		-3.7170453	
ADRM1		-3.7178369	
MRPS17		-3.7182238	
MYO1F		-3.7182305	
ZNF219		-3.719084	
PDCL		-3.7196202	
GSK3B		-3.7230072	
PITHD1		-3.7233078	
FKBP15		-3.7271187	
SCNN1A		-3.7280083	
ARHGEF11		-3.7290773	
HIRA		-3.7322206	
NXF3		-3.7347772	
MYO1C		-3.735141	
PTER		-3.7453587	
CCM2L		-3.7462711	
C1QA		-3.7490745	
TEX14		-3.7514486	
ISY1		-3.7546554	
EEFSEC		-3.7549696	
CEACAM19		-3.7552521	
FGA		-3.7580554	
ATP6V0B		-3.7584844	
CYC1		-3.7588475	
SH3BP1		-3.7609394	
PEX12		-3.7617455	
DNASE2		-3.7657762	
CXCR2		-3.7662804	
USHBP1		-3.7675695	
DHODH		-3.7686477	
RAB20		-3.7732205	
TMEM126A		-3.7733994	
COA6		-3.774626	
ARHGAP45		-3.7822227	
SRC		-3.7827098	
POLR2J		-3.78271	
NAXE		-3.7838013	
NRDC		-3.7860732	
SNX10		-3.788675	
PCMT1		-3.7894683	
PTPRQ		-3.789879	
NDUFA6		-3.7907796	
PCTP		-3.7999158	
PPA1		-3.8011723	
DNTTIP1		-3.801803	
DNAJB12		-3.8046985	
TMEM121B		-3.8050187	
INKA1		-3.80621	
IHH		-3.8078258	
ZNF835		-3.8096538	
PHAF1		-3.812258	
SF3B5		-3.8232157	
CCNB1IP1		-3.8238318	
TNS3		-3.830833	
MLST8		-3.8351195	
SLC6A9		-3.8358018	
HOGA1		-3.8360927	
NEDD4L		-3.8379595	
ZNF57		-3.8379734	
FUT3		-3.842837	
RPS6KA4		-3.8431008	
EHD2		-3.8438356	
PYM1		-3.8462677	
C11orf54		-3.8486092	
CEBPG		-3.8497574	
EMC6		-3.8499951	
IVD		-3.854397	
TMEM106C		-3.857213	
MAFG		-3.8576634	
UBE2M		-3.8587863	
OSBPL11		-3.8608935	
PDPK1		-3.8615067	
SUOX		-3.8615532	
CD36		-3.8624215	
DNAJC19		-3.8658533	
INSIG2		-3.8695388	
ADAR		-3.870229	
GRAP		-3.8749778	
GP1BA		-3.875293	
ZC3HC1		-3.8784924	
STAT6		-3.8799193	
CHCHD1		-3.8840773	
LRRN3		-3.8860912	
HACD1		-3.8864186	
LAMC3		-3.8879058	
SSH2		-3.8887796	
PCDHAC1		-3.8891606	
MGAM		-3.8901799	
DUOXA1		-3.894994	
SIGLEC10		-3.8963087	
ZDHHC4		-3.8972476	
MRPL23		-3.8988957	
PROSER2		-3.900933	
MYO10		-3.901558	
MDH2		-3.9016497	
CYB561D2		-3.901892	
H1-0		-3.906145	
FHOD1		-3.9064221	
SLC25A15		-3.906653	
GIMAP2		-3.9073892	
TDRD10		-3.9085186	
ABAT		-3.9148006	
TANC2		-3.9217257	
MPV17		-3.9234133	
SMIM26		-3.92419	
VPS4A		-3.9245574	
MNDA		-3.9258974	
RIPOR1		-3.926038	
TMEM222		-3.9283369	
HECTD3		-3.9304883	
TMEM160		-3.9306567	
GANC		-3.931821	
INSC		-3.9327776	
TTI2		-3.933502	
ZBTB3		-3.9345818	
CHMP6		-3.9348762	
MAD2L1BP		-3.937432	
RABGGTA		-3.9392316	
NCLN		-3.9461124	
OGFR		-3.9485216	
DHRS4L2		-3.9520957	
BRMS1		-3.9527404	
MAPT		-3.9578135	
COMMD4		-3.958142	
LACTB		-3.9596078	
VMA22		-3.960206	
RNF181		-3.9653893	
VSIR		-3.9680142	
CTDSP2		-3.9699764	
MYH15		-3.9703913	
ATG3		-3.9728882	
SMIM7		-3.9737604	
CWC15		-3.9754057	
HSPA6		-3.9757135	
ARF1		-3.9774904	
EFCC1		-3.9778018	
ZNF879		-3.978876	
FIS1		-3.9789326	
SIGLEC7		-3.9812863	
TSC1		-3.9838274	
ZSCAN16		-3.9859054	
THOC2		-3.9868143	
DLL4		-3.9891815	
SLC43A3		-3.9932182	
LILRB2		-3.9939756	
POLR2E		-3.9966147	
DGCR2		-3.9976146	
BRF2		-4.0016003	
SHROOM2		-4.001684	
AP1M1		-4.00236	
DESI1		-4.0046954	
PILRA		-4.0061455	
SAT2		-4.009722	
SLC25A3		-4.0098457	
CHMP2A		-4.0129943	
CD160		-4.013651	
VIPR1		-4.0142956	
C18orf21		-4.0174546	
CD40		-4.018834	
BAG6		-4.0207424	
TAPT1		-4.0230536	
CASZ1		-4.0301437	
LSM4		-4.0338044	
EPAS1		-4.0345335	
NECAP2		-4.035759	
ADRB1		-4.03677	
FAM50A		-4.038752	
PPCS		-4.0397296	
HPS5		-4.0414767	
LONRF3		-4.0420136	
ARV1		-4.0507135	
ARPC1B		-4.050853	
TSG101		-4.0520225	
ZFYVE26		-4.052907	
NUMB		-4.05376	
NDUFS8		-4.0558887	
VEGFC		-4.0564685	
E2F4		-4.0588036	
GBGT1		-4.059829	
BUD13		-4.0642223	
PGLS		-4.064899	
NDUFB1		-4.065128	
STXBP1		-4.069049	
SHARPIN		-4.071832	
CCDC9B		-4.0738773	
NADK		-4.0767183	
DAPK1		-4.0794005	
WDR89		-4.0812283	
DBNL		-4.0840697	
KCNJ11		-4.086402	
ZNF596		-4.0899253	
ATP6V1A		-4.090315	
SLC25A22		-4.096599	
PFN1		-4.0976057	
UBXN1		-4.1024594	
NSUN5		-4.104459	
ARHGAP35		-4.105833	
NF2		-4.1092715	
SURF6		-4.1103673	
CCDC149		-4.1110682	
IRX5		-4.1119423	
VAC14		-4.1137633	
ABCC4		-4.1164937	
KIR3DL1		-4.117128	
ELOVL6		-4.117615	
PSME3IP1		-4.118091	
TFPT		-4.11855	
ASGR1		-4.122512	
CLTA		-4.131326	
LAMP1		-4.132862	
MRPL41		-4.133173	
MAF1		-4.1349044	
ACRBP		-4.1353827	
GLRX2		-4.1385117	
DSC2		-4.1387157	
RAB7A		-4.139408	
IL18BP		-4.1407757	
MRPL44		-4.141581	
ZNF114		-4.1421824	
GJB1		-4.148286	
C1orf162		-4.1496496	
SMC4		-4.1557612	
MPND		-4.157159	
HSDL1		-4.1595707	
ERAL1		-4.164236	
KANSL3		-4.16637	
DNAJC11		-4.171831	
CINP		-4.1786504	
DUOX1		-4.1793633	
SIGLEC14		-4.1803036	
EBAG9		-4.181069	
MCRS1		-4.1816306	
CAPN9		-4.1820803	
RBM42		-4.185509	
SLC66A1		-4.1879716	
LILRA6		-4.1911564	
GNPDA1		-4.1946177	
PADI2		-4.195276	
FBXO27		-4.1990476	
NMI		-4.199213	
COG8		-4.2008905	
DCTN4		-4.208005	
ZNF511		-4.2086873	
PAFAH2		-4.2091885	
NT5C		-4.2124314	
MYL12B		-4.213591	
ZNF823		-4.213974	
MMP24		-4.215951	
SENP3		-4.2177634	
ALOX15B		-4.2178655	
LY6E		-4.2178693	
TIMM10B		-4.2244334	
COX5A		-4.2255735	
IFI6		-4.226564	
ZNF75A		-4.2269096	
GPC5		-4.227275	
METTL18		-4.2275267	
ADGRV1		-4.231154	
GALNT5		-4.234381	
EXOC1		-4.237935	
RBCK1		-4.2412333	
RABL6		-4.241852	
SCAND3		-4.2437687	
TRAPPC4		-4.248379	
ZNF526		-4.2516356	
BLOC1S2		-4.2578673	
PRELID1		-4.259643	
SMAD6		-4.2617397	
SCTR		-4.26188	
ZSWIM3		-4.2623706	
MVP		-4.2624354	
CTSD		-4.265099	
ZSWIM1		-4.266956	
POR		-4.2676005	
TMEM101		-4.269681	
LAMTOR5		-4.273733	
NOVA2		-4.2770576	
PRX		-4.2804585	
AMDHD1		-4.28156	
TPMT		-4.283473	
MYD88		-4.283609	
AMDHD2		-4.283882	
NDST1		-4.287143	
PATL1		-4.2882795	
RALY		-4.2882905	
CNN2		-4.288338	
HK3		-4.2920322	
PPARG		-4.29351	
MUC1		-4.2971115	
HIF3A		-4.2978115	
POLA2		-4.298759	
BLOC1S1		-4.3022046	
ANKRD40		-4.3072567	
KIF12		-4.3114	
PSEN2		-4.312792	
ZC3H3		-4.314055	
NPR1		-4.316086	
HEY1		-4.3207326	
PYGL		-4.322194	
PMM1		-4.323965	
TMEM104		-4.324298	
SNX20		-4.326626	
ZNF761		-4.327965	
FBXO7		-4.330646	
REP15		-4.330898	
AZGP1		-4.331964	
RTCA		-4.3346453	
ZBTB7B		-4.336142	
SCN9A		-4.341929	
TNFSF10		-4.3461733	
FOXRED2		-4.346268	
TADA3		-4.3485603	
TOX2		-4.356107	
FBXL16		-4.361498	
NEDD8		-4.3616323	
NBEAL2		-4.362993	
MRPS7		-4.367758	
CLEC12A		-4.3683004	
NDUFAF3		-4.36911	
TLCD1		-4.376861	
OPN3		-4.3805213	
TMEM219		-4.3864794	
MTRFR		-4.387574	
CLCN5		-4.393602	
LILRB3		-4.3987083	
DHRS4		-4.401207	
METTL13		-4.4027557	
TACC2		-4.4030952	
NDUFA2		-4.4044666	
HAX1		-4.4093223	
SPR		-4.4102855	
TADA2A		-4.4106536	
PCYT1A		-4.415256	
ZNF557		-4.4176173	
PI3		-4.4238434	
NDUFB11		-4.424436	
HIPK2		-4.4247813	
SIGLEC9		-4.425331	
C1QB		-4.4282875	
FANCC		-4.430521	
ARPC1A		-4.4313936	
TSEN15		-4.4352045	
PTPN18		-4.4355507	
TMEM52B		-4.446863	
RBM47		-4.4502506	
GMFG		-4.451975	
KDF1		-4.4591055	
ZFAND2B		-4.4621716	
SEPTIN3		-4.4654536	
ADGRD1		-4.4676733	
MMAA		-4.475295	
NKX2-1		-4.4801955	
ABR		-4.4815187	
PSMG2		-4.4819727	
VSIG2		-4.4885173	
SNX4		-4.490036	
PGAP6		-4.491543	
AIMP2		-4.498033	
LPIN2		-4.4980845	
BTBD6		-4.5012403	
TMEM128		-4.5100884	
MAL2		-4.5114026	
TRAPPC2L		-4.511667	
FPGS		-4.517238	
PGLYRP1		-4.51787	
TUFT1		-4.522027	
MRPL20		-4.5226717	
MALSU1		-4.5234966	
MMP25		-4.5254736	
LRIF1		-4.5269227	
GPR108		-4.527923	
ZNF429		-4.5349674	
MMS19		-4.5395617	
ACVRL1		-4.540742	
ZNF620		-4.542193	
ADPRH		-4.546544	
MAP2K7		-4.551353	
TSPAN4		-4.551489	
NCF2		-4.5537944	
CNTROB		-4.556509	
RFC1		-4.5582323	
RNF145		-4.5593524	
NR6A1		-4.5653944	
GHITM		-4.567589	
DENND10		-4.568869	
SPN		-4.5694246	
MRPL22		-4.570729	
COX6A1		-4.5732503	
TMEM250		-4.5755377	
ALDH2		-4.5766973	
MRPS34		-4.580567	
ASB8		-4.5826254	
TMEM100		-4.5867524	
GBP4		-4.587935	
ERP29		-4.5908055	
MEFV		-4.5938716	
JAML		-4.594564	
TSPAN15		-4.5989265	
CD101		-4.6035767	
NFYC		-4.6152368	
VAMP5		-4.6168456	
PRDX1		-4.6198697	
SLC24A4		-4.621031	
DOHH		-4.6237493	
STXBP6		-4.623779	
CREB3L1		-4.6316776	
PRSS8		-4.6324053	
CAVIN4		-4.634964	
MBIP		-4.6369524	
MPG		-4.638179	
RPUSD3		-4.6407595	
RAB25		-4.6417603	
FCN3		-4.644375	
TLK2		-4.6480784	
PPP1R3E		-4.6565294	
PDCD2		-4.659243	
TBCC		-4.661187	
ARAP1		-4.665987	
SLC4A2		-4.6670647	
FAM234B		-4.6670775	
ARMC7		-4.668026	
EFNB2		-4.6686335	
LILRB1		-4.669003	
TNFSF12		-4.670852	
TYROBP		-4.6759067	
BSPRY		-4.677101	
MFNG		-4.679396	
PLEKHM1		-4.6801205	
POP7		-4.6821227	
ELF5		-4.6852	
MRPL49		-4.6909046	
P2RX4		-4.6917324	
PEPD		-4.6919737	
ASGR2		-4.695666	
HSPBAP1		-4.6962767	
GPER1		-4.696296	
NAIF1		-4.696634	
ARPC2		-4.6987863	
GPR146		-4.701502	
PSMC3		-4.703338	
ATP6V0D1		-4.705643	
TNFSF15		-4.7067294	
GPR160		-4.7084413	
TM2D3		-4.712135	
KMO		-4.7123227	
SLC22A31		-4.713482	
WDR33		-4.7139287	
FCER1G		-4.723238	
RGP1		-4.729047	
SLC35D2		-4.73381	
DDX28		-4.7362704	
SH2D3C		-4.7389164	
OSTF1		-4.745436	
MEGF9		-4.7513123	
SYNGR2		-4.7630606	
TMEM63B		-4.7633057	
AP5S1		-4.766496	
HERC5		-4.7709475	
PIK3CD		-4.77101	
GLT1D1		-4.7722926	
AURKAIP1		-4.7752643	
KCTD2		-4.7797318	
ECI1		-4.7806396	
DENND4B		-4.7900615	
LIMS2		-4.7937174	
RADIL		-4.795886	
MGST1		-4.7992687	
SFTPC		-4.801518	
RAP1A		-4.8059564	
ABHD14B		-4.809913	
SH3GL3		-4.8134274	
CHCHD4		-4.814868	
MTCH1		-4.8159513	
MYO7B		-4.818052	
MYLK4		-4.8180947	
FIBCD1		-4.819356	
HKDC1		-4.820906	
CATSPER1		-4.8282113	
STOML1		-4.830328	
LRRC36		-4.837461	
TMEM186		-4.8405094	
CXCR1		-4.842174	
RHOA		-4.8433747	
MCCC2		-4.845251	
SIRPA		-4.847844	
PIK3AP1		-4.852062	
ZNF836		-4.855733	
SPOCK2		-4.8559265	
CDIPT		-4.8637037	
LMTK2		-4.864096	
CCNJL		-4.866657	
OLFML2A		-4.8688025	
ALOX5AP		-4.8724732	
ADIPOR2		-4.8764644	
GPD1		-4.880443	
SLC35E1		-4.8818383	
GIMAP4		-4.881953	
NPC1		-4.8840027	
GSTO1		-4.8897967	
RUFY1		-4.890438	
DGAT2		-4.8909864	
TLR8		-4.8929405	
CSTA		-4.8943086	
FEM1A		-4.89772	
NUAK2		-4.90198	
SLC26A9		-4.9060473	
HMBOX1		-4.9152966	
TMEM116		-4.9218707	
ATP11A		-4.922483	
IFI35		-4.9246807	
GPR157		-4.92885	
SLC25A42		-4.9298887	
GRINA		-4.9400816	
MED8		-4.9423065	
C19orf47		-4.9447193	
POLR3H		-4.947073	
ENTREP2		-4.955619	
SYP		-4.9663463	
DCTN1		-4.974088	
SECTM1		-4.9786105	
ATP13A4		-4.98164	
C15orf39		-4.98251	
FAM241B		-4.983373	
SERPINA1		-4.9837527	
TEAD4		-4.985045	
NEBL		-4.9870014	
FXR2		-4.998492	
NEU1		-5.002741	
MAPK8IP2		-5.0030107	
ECH1		-5.0062356	
PANK2		-5.0076	
TMEM120A		-5.010732	
SMCO4		-5.0116873	
IP6K1		-5.014819	
VAT1		-5.015116	
ASRGL1		-5.0221395	
FAM83H		-5.025899	
NHSL1		-5.0273666	
ZC3H10		-5.030167	
SH2D1B		-5.0309887	
CLPB		-5.036333	
CYSTM1		-5.0373235	
SAC3D1		-5.038911	
CCDC141		-5.0424676	
RTN4R		-5.050588	
ABCC6		-5.0524135	
ATP13A2		-5.05824	
EVPL		-5.0738454	
PRR15L		-5.0748916	
LRRC57		-5.0751534	
OAZ1		-5.0806146	
LYN		-5.0837564	
TBC1D2		-5.084227	
GIMAP7		-5.0893846	
GIPC1		-5.0927806	
KHK		-5.095708	
PSME1		-5.0998697	
PCBP1		-5.102265	
ROS1		-5.1024528	
SHMT2		-5.1033025	
MTMR4		-5.1081085	
IDH3B		-5.1097913	
PIP4P1		-5.1147	
LENG9		-5.1203	
CYP27A1		-5.1221128	
CHRM2		-5.1222086	
HCK		-5.128175	
FGR		-5.132325	
PXMP2		-5.1364894	
ARID3B		-5.138175	
ZNF595		-5.1422143	
VAMP3		-5.143724	
CDKN2D		-5.1453266	
MT-ND5		-5.1502304	
GNB2		-5.151297	
XAB2		-5.1555996	
PCP2		-5.1558437	
KBTBD7		-5.1616616	
ADAMTS8		-5.166575	
S100A6		-5.172261	
SFT2D3		-5.1781826	
EXOC3L1		-5.1788497	
ATP6AP1		-5.17913	
SNX5		-5.18739	
SPG21		-5.187497	
ANKRD29		-5.189951	
ATP5PD		-5.1907644	
SIRT4		-5.1943073	
COX8A		-5.201446	
GLTP		-5.203514	
SEPHS2		-5.2045817	
CCR2		-5.2046814	
COPZ1		-5.207602	
MRPS23		-5.2117395	
EI24		-5.219144	
SYNE4		-5.224774	
ZNF865		-5.2254076	
JAKMIP2		-5.228634	
MRPL57		-5.2495174	
LIPT2		-5.2575336	
PVR		-5.2615223	
NAPSA		-5.2636337	
NPFFR1		-5.2724752	
HSD17B7		-5.2736406	
CBFA2T3		-5.2781534	
RMC1		-5.2806616	
IGFALS		-5.2836328	
CASC3		-5.2926755	
LARP4B		-5.297735	
PALS1		-5.2979045	
FIG4		-5.2994027	
PFKFB4		-5.3084927	
STAM		-5.309474	
CLDN18		-5.30959	
POLR2L		-5.310264	
SNRNP35		-5.31107	
TCEANC		-5.3111496	
ZNF813		-5.3124075	
DAGLB		-5.3129973	
PRKCD		-5.3142366	
EDA		-5.316791	
C9orf152		-5.317754	
GPN3		-5.318805	
NCAPH2		-5.318807	
APOL3		-5.3201146	
ESRP2		-5.323614	
ZNF746		-5.3248806	
TRIM65		-5.327904	
BEX1		-5.33291	
CEACAM21		-5.336707	
FARP1		-5.337084	
MAPK9		-5.340833	
SLC22A15		-5.3419003	
ZNF185		-5.347145	
PRSS16		-5.3533497	
SLC6A12		-5.353723	
ZSWIM7		-5.355641	
NOTCH1		-5.358825	
SMDT1		-5.3614783	
TAF6L		-5.362972	
GLO1		-5.3647194	
SFTA3		-5.3731503	
LRRC47		-5.378488	
CABLES1		-5.3800774	
OPLAH		-5.3806767	
TSPAN14		-5.382162	
SNX17		-5.399257	
PPL		-5.401048	
L3MBTL4		-5.4012384	
FTL		-5.410267	
APOA1		-5.4118066	
STX10		-5.4221807	
SLC1A5		-5.4224033	
PARP14		-5.424365	
CLPP		-5.4244046	
HVCN1		-5.426314	
TMEM203		-5.431498	
RBMS2		-5.432141	
LMO7		-5.438345	
C15orf61		-5.438409	
FAM89A		-5.4417353	
MOAP1		-5.4418263	
ATP6V1F		-5.442672	
NARS2		-5.4428277	
RXRG		-5.452085	
PHB1		-5.4543834	
RAB5C		-5.454611	
SHE		-5.4688177	
SLC25A38		-5.4692736	
SFTPB		-5.470244	
CACNA1F		-5.473656	
BDNF		-5.4744115	
PARP9		-5.4784727	
ST20		-5.4851723	
TFAP4		-5.4877973	
NR0B2		-5.4902396	
CCND3		-5.4939275	
ANP32B		-5.494337	
RILPL2		-5.4993033	
ENSG00000215271		-5.502736	
TRIM26		-5.503225	
CFTR		-5.5117035	
MIIP		-5.512098	
STAC		-5.512306	
LYL1		-5.5141115	
MICU1		-5.520905	
LLGL2		-5.53006	
TAF5		-5.5356526	
DOLK		-5.5360165	
LMO3		-5.5368237	
HSDL2		-5.53806	
ADGRE3		-5.538675	
RBX1		-5.5389557	
ADISSP		-5.540457	
TNPO3		-5.545091	
LMO2		-5.5456553	
GALNT18		-5.547279	
AFMID		-5.549299	
PEDS1		-5.5494614	
MRPL16		-5.5500255	
PPP1R9A		-5.5543604	
NRROS		-5.5574746	
RHOT1		-5.5587797	
ANKRD1		-5.563112	
C4BPA		-5.571693	
MPPE1		-5.578531	
EPOR		-5.582846	
TXNRD1		-5.5970564	
MED11		-5.598151	
SPIRE1		-5.5992804	
F11R		-5.60767	
ORMDL2		-5.611415	
NLRC4		-5.614132	
EPDR1		-5.614695	
ATAD3C		-5.620737	
PPP1R3D		-5.621922	
FAM167B		-5.623505	
ATP6V1B2		-5.6259804	
RAB40C		-5.626707	
MTIF2		-5.6303887	
ARHGAP27		-5.63796	
CCNQ		-5.6426334	
MMUT		-5.642672	
ARHGAP44		-5.6456428	
ABHD8		-5.6458845	
PAPSS2		-5.6539793	
CCDC22		-5.6563053	
CYB5B		-5.6620355	
INPP5K		-5.6626563	
KLHL12		-5.6647964	
KIFC3		-5.6743236	
TMEM9B		-5.6749425	
AP5B1		-5.6759186	
GIMAP6		-5.6782317	
AIFM3		-5.6891575	
MAP4K2		-5.7083845	
SLC6A14		-5.7112155	
TRIM25		-5.71401	
ADIPOR1		-5.7150226	
STARD10		-5.7152147	
GRB2		-5.7154245	
PRTN3		-5.7206798	
SART1		-5.7240806	
MMP28		-5.7264056	
SIGLEC1		-5.727469	
TCTA		-5.7440753	
ESAM		-5.7454443	
FH		-5.7494	
WDR72		-5.752112	
PNPLA3		-5.756202	
NCF4		-5.758068	
VAMP8		-5.7627563	
ARHGAP25		-5.7636633	
CD244		-5.7754655	
NUDT16L1		-5.778173	
FNDC10		-5.780237	
PCDH9		-5.7807794	
CD274		-5.785505	
AJUBA		-5.7855105	
LENG1		-5.7910147	
CNDP2		-5.791727	
GDE1		-5.794553	
HMGCL		-5.7994556	
MYO1A		-5.7995906	
PTPMT1		-5.8037167	
FITM2		-5.8178086	
MKRN1		-5.8181043	
MAPKAPK3		-5.8237467	
ZNF438		-5.825267	
RDH11		-5.8320274	
CXCL16		-5.832679	
TTC1		-5.8384	
ACAA2		-5.8391795	
ABI3		-5.841851	
VPS26C		-5.843559	
SYT17		-5.8458834	
SLC44A2		-5.8482337	
APOBR		-5.850731	
ATP6V1E1		-5.856565	
NR2F6		-5.8608904	
ZBTB8OS		-5.8613043	
TRIM56		-5.867857	
IL17RE		-5.8698583	
AQP4		-5.875997	
SLC1A1		-5.877407	
TACO1		-5.880489	
GFI1B		-5.881126	
INSIG1		-5.8832664	
SCARF1		-5.886193	
MRPL34		-5.8950353	
IRX3		-5.8957195	
RMND1		-5.9031115	
FAM174B		-5.910706	
GYPE		-5.911685	
KHDRBS2		-5.911837	
ANXA3		-5.9192123	
SHKBP1		-5.9208255	
GGA2		-5.921949	
ZBTB39		-5.9347734	
LIPH		-5.9364266	
NRL		-5.93693	
DHRS13		-5.9381537	
DOK2		-5.9421473	
MAGI3		-5.9628634	
COMTD1		-5.9684243	
LNX2		-5.9688954	
SCIMP		-5.9708366	
SECISBP2L		-5.9710813	
SERPINB6		-5.9722714	
EGFL7		-5.979028	
UQCR10		-5.9826536	
SNX8		-5.9862905	
RETREG2		-5.9885044	
DENND3		-6.000252	
TENT5B		-6.0004754	
WSB2		-6.0031643	
PLEKHJ1		-6.0060163	
RAP1GAP		-6.017323	
CDH13		-6.0199323	
LONP1		-6.021211	
HLA-E		-6.0231586	
SQLE		-6.036113	
GPRC5A		-6.03677	
AGPAT3		-6.0372477	
AKT1		-6.039134	
ARMT1		-6.0406246	
IL1A		-6.0413995	
DDA1		-6.0422754	
TMEM60		-6.0439477	
EIF2S2		-6.047642	
PPP1R9B		-6.047772	
CTNNBL1		-6.048126	
WWC2		-6.051923	
TMEM92		-6.0527606	
MRPL10		-6.060994	
TMEM87A		-6.063116	
UBE2D4		-6.0668926	
LIMD1		-6.072559	
ELOVL1		-6.075475	
ZMAT5		-6.079859	
SLC7A7		-6.0867457	
MAPK3		-6.0927944	
EIF4EBP1		-6.094742	
HLX		-6.1001916	
BCL7B		-6.1022243	
CADM1		-6.106431	
SULT1A1		-6.1072817	
RAB3IP		-6.1165442	
CHAMP1		-6.1223555	
ADRB2		-6.124602	
PSMA3		-6.1271176	
C1orf116		-6.1278358	
ZNF710		-6.134451	
PIP5KL1		-6.1373434	
VIP		-6.137936	
RETREG1		-6.138109	
APH1A		-6.1403303	
PRSS21		-6.142873	
FCGR1A		-6.1437855	
SLC25A1		-6.1447186	
RAB8A		-6.150468	
RASGRP4		-6.152016	
BTNL9		-6.1533422	
GCA		-6.156917	
BFAR		-6.1622353	
CYB5A		-6.1697793	
GCC1		-6.1707697	
NIBAN2		-6.1773357	
PCBD1		-6.1820083	
SLC25A5		-6.1869235	
SYNDIG1L		-6.195383	
DLEU7		-6.1996207	
CHIA		-6.2002616	
GPAM		-6.203793	
GLOD5		-6.206147	
CCDC85A		-6.218681	
MAPK13		-6.2225738	
FREM2		-6.226171	
CBR1		-6.2279763	
CCDC43		-6.2323737	
SNTB1		-6.232765	
GCDH		-6.2333283	
RIPPLY3		-6.2346044	
TSR2		-6.244651	
NFATC3		-6.248296	
HEBP1		-6.2498927	
TCAIM		-6.2526145	
PEBP1		-6.256387	
PDZK1IP1		-6.2573485	
NARS1		-6.265593	
SNX1		-6.269574	
PAQR5		-6.276612	
SLC26A8		-6.3000703	
PMVK		-6.30118	
COX7A2L		-6.301463	
RNPEP		-6.306654	
ZNF763		-6.30808	
EPB41		-6.317202	
NHERF2		-6.317828	
CDK18		-6.3184013	
RCOR1		-6.32078	
HNF1B		-6.3236914	
SECISBP2		-6.325623	
GATA2		-6.3297358	
DDRGK1		-6.337294	
KAT5		-6.3400044	
EBPL		-6.344189	
IL15RA		-6.344428	
VEGFD		-6.359912	
ADK		-6.3683953	
MAOA		-6.3718696	
LSM14B		-6.3741326	
AIFM2		-6.375028	
IFIT2		-6.3761663	
PWWP2B		-6.3765182	
ASF1A		-6.3779545	
ADARB2		-6.3789363	
MGLL		-6.380989	
TDRKH		-6.3821144	
GPATCH3		-6.384753	
IRX6		-6.389639	
SLC34A2		-6.390576	
ASPSCR1		-6.3965316	
UBL7		-6.406736	
PIGH		-6.408457	
TSR3		-6.4086313	
ARHGEF26		-6.4121637	
SCEL		-6.413096	
CTNND2		-6.413683	
CACFD1		-6.418112	
SGCG		-6.4182153	
OSCAR		-6.4271975	
CHPT1		-6.444828	
MCRIP2		-6.4476304	
HPS1		-6.4515605	
RNF220		-6.458511	
DOK1		-6.463883	
NPR3		-6.467433	
P2RY13		-6.469211	
SMG5		-6.469567	
MPO		-6.4868636	
PGP		-6.497803	
JPH1		-6.498152	
FFAR2		-6.5044017	
MTMR10		-6.520087	
CORO1B		-6.526593	
TMEM150B		-6.5348234	
C6orf47		-6.5352707	
GATA3		-6.5354815	
PRR13		-6.5416093	
GPD1L		-6.5670543	
CCDC92		-6.5755067	
ADGRF5		-6.579364	
CENPB		-6.5810175	
ERGIC1		-6.5916467	
PTAFR		-6.5970135	
TSPAN13		-6.599116	
RIOX1		-6.61266	
CACNB1		-6.6229005	
MTARC2		-6.6265426	
PNPLA6		-6.6334825	
PARD6B		-6.637064	
AARS1		-6.6371503	
POU2F3		-6.641017	
MPIG6B		-6.6454372	
IDI1		-6.645501	
ADTRP		-6.649799	
KANK3		-6.658369	
TMEM37		-6.660607	
TMEM238		-6.6623173	
LRRC3		-6.677847	
SEMA4A		-6.6827574	
ZDHHC7		-6.684799	
MLLT1		-6.696074	
TRAPPC1		-6.7215548	
LST1		-6.721994	
CPNE2		-6.73551	
DYNLL2		-6.739401	
CECR2		-6.7401032	
ZCCHC3		-6.7434964	
CLIC5		-6.744742	
CAPNS1		-6.758225	
S100A14		-6.761486	
PPP1R1B		-6.770159	
PGD		-6.7754345	
ASAH1		-6.779733	
BLOC1S3		-6.783071	
XPOT		-6.788879	
AKTIP		-6.794269	
S100A4		-6.8020616	
MCEMP1		-6.808547	
IFIT3		-6.812891	
ST3GAL5		-6.8167624	
FCGR1BP		-6.822873	
HYI		-6.827057	
GPIHBP1		-6.8288083	
GIMAP8		-6.8311086	
RFLNB		-6.8311996	
REPS2		-6.832724	
RTL10		-6.8342934	
TEX261		-6.838851	
SLAIN1		-6.8457637	
FUT1		-6.849605	
CTU1		-6.851298	
USP32		-6.8535714	
HSBP1L1		-6.856397	
CARD6		-6.858193	
NUDT19		-6.860128	
MARVELD2		-6.8643036	
RIMS4		-6.8679996	
EIF4E2		-6.8733754	
ACADS		-6.876648	
MGAT4B		-6.8825474	
RHOG		-6.8845887	
STK40		-6.892002	
B3GNT7		-6.892011	
CPB2		-6.8925924	
RMDN3		-6.899438	
WWP2		-6.901934	
GSAP		-6.9170537	
ZDHHC16		-6.920743	
PDXK		-6.92191	
GCNT2		-6.925649	
TMT1B		-6.931645	
INO80		-6.951743	
NDUFB9		-6.952894	
ZBTB34		-6.965257	
SLC35F6		-6.966932	
DNPEP		-6.974406	
NHLRC1		-6.975036	
NFKBIB		-6.9754114	
ARF3		-6.9770837	
B4GAT1		-6.9772005	
PPP4R4		-6.982641	
PHGDH		-6.9835286	
PF4		-6.9845543	
RETN		-6.99089	
CASP1		-6.9935503	
RPS19BP1		-6.9959416	
RAB11FIP1		-7.0005445	
UXS1		-7.001678	
RPIA		-7.0153437	
LAT2		-7.019136	
DHCR24		-7.026465	
SH2D4A		-7.0446897	
THEM6		-7.055325	
GSK3A		-7.06035	
LTA4H		-7.0605273	
RNASE4		-7.0619564	
ALPL		-7.0626764	
WWC3		-7.064735	
RRAS		-7.0659404	
DYNLRB1		-7.067995	
CMTM8		-7.072285	
ATP8A2		-7.0791554	
TUBB1		-7.0893445	
TOX		-7.099576	
DHTKD1		-7.103734	
PRKCQ		-7.110162	
GNMT		-7.1157346	
S100A9		-7.1188335	
MBP		-7.127155	
PGPEP1		-7.13486	
IGSF6		-7.136712	
HOPX		-7.1668468	
GPBAR1		-7.1705885	
CAMSAP3		-7.176994	
MOB3A		-7.182489	
POLDIP2		-7.1833224	
CCDC85C		-7.1850834	
CLCN6		-7.18589	
VKORC1L1		-7.1934767	
DNM2		-7.1975303	
NECAB3		-7.198702	
TMEM179B		-7.2004066	
MYZAP		-7.21244	
RNF141		-7.235585	
SC5D		-7.2358327	
ACKR4		-7.239581	
DCAF11		-7.2595534	
ACADSB		-7.2632923	
SPI1		-7.265032	
NOP10		-7.2700443	
SSNA1		-7.271484	
PACSIN3		-7.279322	
PSMA7		-7.2813435	
NCMAP		-7.282893	
SYS1		-7.2881722	
SLC48A1		-7.292109	
RGS19		-7.292484	
RPP25		-7.2927537	
SLC25A11		-7.297781	
PKN1		-7.300303	
OBSCN-AS1		-7.303615	
KCNJ2		-7.304045	
SLC25A16		-7.3056493	
APIP		-7.312122	
TPST2		-7.31567	
SLC27A3		-7.322346	
EPN1		-7.3283005	
CRB3		-7.3300233	
VPS18		-7.33005	
SDHB		-7.339142	
GIMAP1		-7.34277	
TLR3		-7.344113	
LILRA5		-7.3691387	
UNC13B		-7.369155	
ATP6V0A1		-7.370197	
EGF		-7.3761516	
CTDSP1		-7.4181046	
DEFA3		-7.4213314	
AGTRAP		-7.4274864	
PTCRA		-7.4276595	
TSPO		-7.448881	
DEFA4		-7.4559803	
ABHD17C		-7.4580326	
PYCARD		-7.458887	
KLHL2		-7.4595814	
SHMT1		-7.461568	
ZNF213		-7.46494	
CLDN23		-7.4664655	
ACOT13		-7.469717	
CENPX		-7.475873	
RNF144B		-7.4764905	
KCNMB4		-7.504045	
C14orf119		-7.506833	
MAPK14		-7.5180683	
PDLIM2		-7.521766	
C2		-7.5506883	
TMEM223		-7.5561295	
PLPBP		-7.5671124	
SLC15A3		-7.5678935	
TBC1D13		-7.5704465	
POLR1D		-7.585894	
IL6R		-7.591934	
MIEN1		-7.5930023	
BRD7		-7.593513	
SFTPD		-7.5978503	
GCOM1		-7.60541	
IFIT5		-7.605918	
APLP2		-7.6183753	
MED18		-7.6302595	
CC2D1B		-7.6374507	
MON1B		-7.6625485	
GALK1		-7.6672153	
PIP5K1B		-7.6826835	
ARAF		-7.685895	
PPP1R26		-7.693228	
DPP9		-7.6973577	
VAPB		-7.6974144	
ZBTB18		-7.721478	
ADCY8		-7.7289987	
PCGF1		-7.73718	
ASL		-7.7563834	
TANGO2		-7.8030877	
GRIA1		-7.81385	
SUN2		-7.8163795	
FAHD1		-7.8211	
MVK		-7.833006	
SERTM1		-7.843056	
GAB2		-7.858315	
HTT		-7.8616576	
PDHX		-7.871895	
HK2		-7.8788757	
MSRB1		-7.885829	
ITGA2B		-7.8858433	
CISH		-7.895761	
WWC1		-7.898942	
PROSER1		-7.902433	
HIRIP3		-7.908946	
LGALSL		-7.909909	
BNIP3		-7.931235	
MTRR		-7.937685	
EMP2		-7.950678	
ADAP1		-7.9536343	
SETD3		-7.9544663	
MTMR14		-7.95567	
PSMF1		-7.9873867	
SLC35A1		-7.9892673	
SP6		-8.046796	
SSTR1		-8.05115	
PTPN6		-8.055228	
ATP8A1		-8.060893	
NLRP12		-8.085884	
PDZD2		-8.088172	
YJU2		-8.099266	
CENPBD1P		-8.111905	
ARL11		-8.120102	
OLFM4		-8.120336	
ETV5		-8.124944	
JAGN1		-8.135255	
AGER		-8.13639	
BEX2		-8.144884	
TOR2A		-8.145046	
SLC16A13		-8.16431	
G6PD		-8.168265	
BLTP3A		-8.176463	
MFN2		-8.193389	
NIM1K		-8.201269	
AGTR2		-8.204943	
DTX3L		-8.206404	
SUSD2		-8.21148	
CYB561D1		-8.215647	
PPP1CA		-8.220536	
HYAL1		-8.227793	
PROK2		-8.229222	
ACACA		-8.232143	
MRPS18C		-8.236051	
UPB1		-8.27738	
PTPRJ		-8.277547	
CPT2		-8.284224	
KCNQ1		-8.28662	
TTC39A		-8.307048	
C19orf38		-8.310714	
DERA		-8.319399	
MRPS15		-8.334453	
PLAG1		-8.349746	
STRADB		-8.360799	
S100A8		-8.36081	
ZNF524		-8.362121	
CASP5		-8.362569	
PLA2G4F		-8.375186	
HMSD		-8.3801155	
IRX2		-8.392389	
PPP1R13B		-8.393007	
SHISA2		-8.401378	
MME		-8.409314	
RENBP		-8.414838	
LRRK2		-8.421066	
TMEM125		-8.421779	
CTSH		-8.424428	
RASSF7		-8.43246	
VTI1B		-8.457831	
RNF128		-8.466319	
RAB5B		-8.467752	
ST3GAL6		-8.475393	
UBTD1		-8.486353	
DNAJC5		-8.500408	
SYT15		-8.516807	
SPHK2		-8.518625	
TTN		-8.5229025	
APOH		-8.534251	
FUOM		-8.535175	
ELOVL3		-8.548835	
PRKG2		-8.571342	
SULT1A2		-8.575237	
SLC29A2		-8.575373	
SFXN2		-8.576322	
SMIM29		-8.583345	
OTULINL		-8.583775	
DISP1		-8.595076	
CD5L		-8.598011	
SNX27		-8.598312	
RNH1		-8.599442	
TOR1AIP2		-8.602159	
CLIC3		-8.60562	
CLCN4		-8.607891	
SUMO3		-8.618876	
ACAA1		-8.619265	
PARP12		-8.624114	
CHRM1		-8.624492	
ARFGAP2		-8.6572	
WNT3A		-8.6599245	
SQSTM1		-8.663357	
EIF4EBP2		-8.690915	
POLR3B		-8.695095	
AGTPBP1		-8.713123	
S1PR4		-8.71469	
TNFAIP8L2		-8.7155	
NINJ2		-8.719976	
COX17		-8.73633	
LACTB2		-8.748752	
MYL12A		-8.753828	
PRKCZ		-8.755887	
FFAR4		-8.765211	
PLPPR1		-8.765497	
SLC35A4		-8.771325	
YARS1		-8.78694	
RANGRF		-8.798611	
PON3		-8.813544	
ERICH2		-8.818245	
SNX25		-8.821733	
RAD23A		-8.829652	
GCHFR		-8.831327	
NAGLU		-8.833923	
ESYT3		-8.834879	
MVB12B		-8.842183	
MYRF		-8.860834	
PEF1		-8.866015	
SNX11		-8.8749075	
RIDA		-8.885761	
RXRA		-8.905935	
DAPK2		-8.90939	
CX3CR1		-8.912283	
FADD		-8.916679	
BCL2L2		-8.920457	
SHTN1		-8.929385	
PIGS		-8.940984	
SLCO1A2		-8.95614	
PID1		-8.973078	
KLRG2		-8.978964	
SFTPA1		-8.984264	
ASPG		-8.993398	
RPH3AL		-8.995217	
LAMTOR3		-8.999045	
KCNJ15		-9.00765	
AK1		-9.011992	
SCAMP3		-9.020328	
CD300LF		-9.046119	
CNOT8		-9.046137	
NKAPL		-9.0677805	
IMPA2		-9.069962	
PNKD		-9.103219	
RAB1B		-9.134734	
PLAAT3		-9.135101	
IL17RA		-9.135239	
SMIM1		-9.13643	
RXFP1		-9.138837	
SLC39A4		-9.139296	
STX11		-9.139327	
KCTD21		-9.173351	
FDFT1		-9.177732	
UBL4A		-9.1820965	
STXBP2		-9.196765	
NMT1		-9.213651	
GPX3		-9.237721	
C1orf115		-9.238597	
CSF3R		-9.24615	
ADI1		-9.249352	
COMT		-9.265779	
STARD3NL		-9.2792845	
AARD		-9.291977	
RBP2		-9.297031	
SACM1L		-9.304819	
TOR4A		-9.3132925	
TXNRD2		-9.348232	
IBA57		-9.367126	
TMEM243		-9.367372	
HMGCR		-9.421937	
BATF2		-9.426907	
TMEM41A		-9.436885	
SFTPA2		-9.452403	
BLVRA		-9.454803	
CHDH		-9.459067	
DOK3		-9.491858	
RNF182		-9.509691	
TPRN		-9.521892	
EFNA1		-9.527941	
ACOT4		-9.53768	
OCLN		-9.543358	
RNPEPL1		-9.546385	
SREBF1		-9.579039	
HAGH		-9.58138	
HSD17B4		-9.600055	
AGPAT2		-9.609685	
SQOR		-9.623862	
RHOBTB2		-9.638253	
PPP2R5A		-9.6503	
CA4		-9.672368	
SLC22A3		-9.697798	
RHOF		-9.708805	
HOXD1		-9.720443	
PPP1R11		-9.759646	
FOXA2		-9.7979145	
MPC1		-9.818904	
RAB3D		-9.819928	
CMPK2		-9.829729	
MVD		-9.863644	
NSDHL		-9.877304	
COMMD9		-9.91753	
FBXW4		-9.929671	
UBE2Q1		-9.934595	
TM7SF2		-9.948428	
MACROD2		-9.975953	
ALAS1		-9.982282	
MGAT3		-9.991502	
EPB41L5		-10.0016165	
TAOK3		-10.012377	
LRRN4		-10.034676	
MSMO1		-10.039134	
CACNA2D3		-10.041038	
HTATIP2		-10.067811	
FKBP1B		-10.07573	
FBXL18		-10.076159	
MLX		-10.081267	
MLYCD		-10.091609	
ESRRA		-10.115472	
BTNL8		-10.141485	
ARL8A		-10.151882	
ZDHHC12		-10.161981	
CARHSP1		-10.184163	
ARHGEF2		-10.197751	
SLC3A2		-10.210646	
FAH		-10.210666	
SARS1		-10.250019	
PLIN5		-10.280132	
MLPH		-10.285736	
FANCE		-10.303028	
IL17RB		-10.335945	
SSU72		-10.364621	
KCNS1		-10.400162	
SNX30		-10.410849	
TALDO1		-10.417302	
RNF185		-10.428207	
CS		-10.429071	
RAD1		-10.462522	
ALDH6A1		-10.485007	
LPCAT3		-10.488636	
SH3GL2		-10.497696	
SNX24		-10.498759	
FMO5		-10.500561	
C1orf167		-10.502441	
SP5		-10.531822	
ABCA3		-10.563956	
RRAGD		-10.57263	
PRTG		-10.61215	
SELENBP1		-10.6160345	
SLC19A1		-10.633312	
SLFNL1		-10.640598	
PLA2G1B		-10.641439	
EVA1A		-10.642491	
EFR3B		-10.687802	
TRIM24		-10.72028	
TKT		-10.728858	
TMEM53		-10.7466	
TMEM139		-10.759952	
RNF135		-10.772678	
SREBF2		-10.781955	
PFKFB2		-10.8047285	
LILRA2		-10.827611	
KCNE3		-10.863079	
FZD8		-10.864109	
ANKRD27		-10.869345	
CNTN6		-10.879608	
PEG10		-10.884743	
MFSD2A		-10.909142	
FAM110A		-10.915528	
CDCA7L		-10.9346075	
SDR16C5		-10.977013	
ZC3H4		-10.996038	
ANP32A		-11.012015	
SCD		-11.033192	
AFF3		-11.043371	
CDK2AP2		-11.089583	
FLOT2		-11.123625	
CA2		-11.1325	
CSPG5		-11.133012	
CBS		-11.174233	
LRP2		-11.174587	
LSM6		-11.182556	
ZDHHC19		-11.1953335	
SMAGP		-11.212866	
WNT7A		-11.268866	
FADS1		-11.2778	
CISD3		-11.287744	
TMEM141		-11.293961	
CHP1		-11.313053	
SEC14L4		-11.318915	
MMAB		-11.322337	
CCRL2		-11.326981	
S100A12		-11.3318615	
DBI		-11.344873	
TLCD2		-11.360957	
TMEM41B		-11.374489	
P2RY1		-11.4385395	
RAB17		-11.450105	
CACNA2D2		-11.45317	
GKN2		-11.459171	
HSD17B14		-11.473878	
SFT2D1		-11.519798	
LRRC25		-11.519938	
ITPK1		-11.527135	
ORM2		-11.566604	
SLC19A3		-11.577258	
CERS2		-11.604526	
FOLR3		-11.628391	
LGI3		-11.63071	
RPS6KA1		-11.643556	
RNASE2		-11.66984	
KIF1C		-11.698501	
C1orf210		-11.701029	
TDRD9		-11.707907	
MRPL14		-11.71631	
RTKN2		-11.729511	
SYT15B		-11.736761	
SEC14L6		-11.785631	
PLLP		-11.827596	
ZNF467		-11.841844	
LAMP3		-11.843125	
SCAMP2		-11.845611	
FASN		-11.84877	
ARID3A		-11.898659	
CNIH4		-11.90633	
FABP5		-11.948582	
IRX2-DT		-11.951538	
PRAM1		-11.956841	
CHI3L2		-12.021567	
RAB32		-12.023918	
LPCAT1		-12.050386	
POGK		-12.111942	
SLC46A2		-12.121592	
CNPPD1		-12.158837	
TMEM163		-12.163232	
ALPP		-12.220693	
TNNC1		-12.225497	
SFTA2		-12.228735	
CHCHD7		-12.245719	
TMEM192		-12.246316	
SGF29		-12.249535	
ORAI1		-12.252575	
IRX1		-12.275971	
FAM167A		-12.28845	
PCSK9		-12.312683	
SLC5A9		-12.367635	
ECHDC3		-12.490376	
CDKL2		-12.4904785	
MFSD13A		-12.505497	
UNC13D		-12.513291	
SHH		-12.52012	
PLA2G3		-12.536725	
GALE		-12.544925	
LILRA1		-12.559415	
ZBTB42		-12.579471	
SPSB2		-12.579839	
TMEM164		-12.595634	
DHCR7		-12.600273	
TBC1D24		-12.627431	
RMND5B		-12.633207	
KGD4		-12.649931	
DOK4		-12.668628	
NFE2		-12.763643	
ADRA1A		-12.774716	
ST7		-12.793107	
LYSET		-12.810321	
C1orf43		-12.825623	
STARD7		-12.836418	
FRAT2		-12.839145	
RASGRF1		-12.840646	
EBP		-12.9005995	
CTNNBIP1		-12.921882	
GOLT1A		-13.000257	
ORM1		-13.00918	
GALNT13		-13.026097	
DRAM1		-13.080269	
C8orf82		-13.090866	
TOLLIP		-13.125594	
MRPS18B		-13.232693	
ZBED2		-13.303146	
SNX22		-13.329965	
TST		-13.428826	
MUCL3		-13.465054	
ACP3		-13.500508	
MS4A15		-13.622401	
MFSD5		-13.65316	
SIGLEC11		-13.667225	
PCYT2		-13.696027	
ACADL		-13.74789	
HMGCS1		-13.76278	
PXMP4		-13.802681	
DMAC2		-13.832427	
LDHD		-13.875384	
SLCO4C1		-13.934925	
MCUR1		-14.012477	
TRIM21		-14.066158	
P3H2		-14.078839	
GSTA4		-14.103477	
ILRUN		-14.154715	
GPRIN2		-14.173006	
AGRP		-14.19455	
F11		-14.3526945	
QDPR		-14.35388	
ODAM		-14.428904	
ACAT1		-14.444148	
SPRYD7		-14.502593	
OSGIN1		-14.539547	
SOWAHD		-14.561664	
MAVS		-14.607502	
CDC25B		-14.706929	
WIPF2		-14.707475	
HHEX		-14.732621	
GGTLC1		-14.75036	
TRIM58		-14.793872	
RPS6KA2		-14.881666	
ARRB1		-14.900264	
HPS6		-14.911439	
ECHDC1		-14.91173	
ADGRE1		-14.931593	
IMP3		-14.933498	
HPN		-14.988076	
MTARC1		-15.105752	
ACSM3		-15.134445	
PHACTR1		-15.190959	
GUCD1		-15.367479	
VMA12		-15.535712	
LAMTOR1		-15.7641945	
ITLN2		-15.776506	
ACOXL		-15.901065	
SLC39A8		-15.942648	
RS1		-16.090645	
FDPS		-16.130999	
PEBP4		-16.22466	
ERG28		-16.308352	
BLVRB		-16.37323	
SPRING1		-16.525986	
CHRM3		-16.552204	
AATK		-16.584612	
RILP		-16.60671	
DCXR		-16.635862	
MPST		-16.930395	
WBP2		-16.958422	
MCCC1		-16.983952	
VEPH1		-17.026396	
RIMKLA		-17.077545	
PCK2		-17.16922	
BCAT2		-17.201937	
N4BP1		-17.46915	
B3GNT8		-17.51981	
HPCAL1		-17.533989	
STX3		-17.779434	
PDP2		-17.924572	
POLR2C		-18.022783	
FHDC1		-18.028755	
HSD17B6		-18.149744	
USP44		-18.186144	
MID1IP1		-18.210081	
CRTAC1		-18.360792	
ELOA		-18.399042	
ACTMAP		-18.404484	
FZD5		-18.415825	
ZNF385B		-18.440804	
MAP3K21		-18.486267	
KCTD14		-18.737309	
VSIG10		-18.890812	
NUPR1		-18.922474	
LSS		-19.03647	
CSF2		-19.220703	
TRIM71		-19.612984	
LINC03040		-19.807392	
CEBPA		-20.721792	
SCN1A		-21.36983	
BRI3		-22.94862	
ACAT2		-23.03624	
NRGN		-23.995714	
TRIB3		-24.249088	
HHIP		-24.486715	
ACSS2		-24.585981	
TMEM97		-26.194075	
NECAB1		-28.558718	
